id,city,date,time,severity,weather_condition,road_condition,num_vehicles,latitude,longitude,hour,month,year,month_year,period
1,Los Angeles,2021-08-17,02:17,Low,Clear,Wet,5,26.9996,-100.0601,2,8,2021,2021-08,Night
2,Phoenix,2021-03-03,06:14,Low,Clear,Wet,5,34.649,-98.6411,6,3,2021,2021-03,Day
3,San Jose,2022-07-24,19:00,Low,Clear,Dry,2,47.0159,-104.4971,19,7,2022,2022-07,Night
4,Jacksonville,2021-07-09,11:22,Medium,Snow,Wet,5,27.871,-74.0406,11,7,2021,2021-07,Day
5,San Antonio,2021-06-11,15:53,High,Clear,Dry,1,26.054,-110.1493,15,6,2021,2021-06,Day
6,Los Angeles,2022-08-16,23:54,Low,Clear,Wet,3,28.741,-103.5259,23,8,2022,2022-08,Night
7,San Diego,2022-07-01,17:43,Medium,Clear,Wet,2,35.632,-107.9627,17,7,2022,2022-07,Day
8,San Jose,2022-03-26,17:53,Low,Snow,Icy,4,31.158,-111.0289,17,3,2022,2022-03,Day
9,Houston,2022-10-07,08:31,High,Rain,Dry,2,42.1347,-93.9732,8,10,2022,2022-10,Day
10,Chicago,2023-05-28,20:25,High,Clear,Dry,1,44.8054,-114.0523,20,5,2023,2023-05,Night
11,San Antonio,2021-11-24,19:27,Low,Rain,Dry,3,47.3348,-77.2395,19,11,2021,2021-11,Night
12,Dallas,2021-01-24,17:07,Medium,Clear,Wet,1,31.7505,-113.7758,17,1,2021,2021-01,Day
13,Dallas,2021-01-07,22:56,High,Fog,Wet,1,45.0219,-106.4809,22,1,2021,2021-01,Night
14,Chicago,2023-11-06,16:09,Low,Hail,Slippery,1,38.7757,-96.5925,16,11,2023,2023-11,Day
15,Indianapolis,2021-08-18,21:56,High,Clear,Dry,5,46.7798,-117.546,21,8,2021,2021-08,Night
16,Philadelphia,2023-09-23,19:48,Low,Rain,Slippery,2,31.0963,-76.6335,19,9,2023,2023-09,Night
17,Philadelphia,2023-05-17,22:59,Medium,Clear,Dry,3,35.0763,-95.0861,22,5,2023,2023-05,Night
18,Chicago,2021-09-05,09:04,Medium,Clear,Dry,1,41.2803,-118.9386,9,9,2021,2021-09,Day
19,Chicago,2021-05-19,21:55,Medium,Clear,Dry,5,28.0432,-73.3533,21,5,2021,2021-05,Night
20,Austin,2023-08-27,09:30,Low,Clear,Dry,4,34.4554,-77.0805,9,8,2023,2023-08,Day
21,New York,2021-04-21,17:41,Medium,Clear,Slippery,2,29.4066,-94.1131,17,4,2021,2021-04,Day
22,Houston,2021-10-15,12:17,High,Clear,Icy,5,27.2519,-88.0885,12,10,2021,2021-10,Day
23,San Jose,2021-01-31,22:59,Low,Clear,Dry,4,45.7562,-113.4389,22,1,2021,2021-01,Night
24,Charlotte,2021-01-05,23:16,Medium,Clear,Wet,5,40.223,-96.6931,23,1,2021,2021-01,Night
25,Philadelphia,2022-01-24,10:03,Medium,Fog,Dry,5,35.9661,-74.1919,10,1,2022,2022-01,Day
26,New York,2023-12-24,07:32,Low,Rain,Wet,2,34.2868,-73.037,7,12,2023,2023-12,Day
27,San Antonio,2022-05-20,15:02,Medium,Rain,Wet,3,29.698,-84.758,15,5,2022,2022-05,Day
28,San Diego,2022-05-04,09:08,Low,Clear,Icy,1,25.2143,-89.6997,9,5,2022,2022-05,Day
29,Phoenix,2021-07-24,05:13,Low,Clear,Dry,2,33.4991,-113.7972,5,7,2021,2021-07,Night
30,San Diego,2022-09-12,16:51,Low,Snow,Dry,1,46.5954,-115.0169,16,9,2022,2022-09,Day
31,Philadelphia,2021-08-25,20:47,Low,Rain,Wet,2,40.8124,-77.6485,20,8,2021,2021-08,Night
32,Columbus,2023-11-02,13:57,Low,Rain,Icy,1,25.0816,-81.9018,13,11,2023,2023-11,Day
33,Philadelphia,2022-06-21,07:28,Medium,Clear,Dry,2,37.5486,-78.6011,7,6,2022,2022-06,Day
34,Chicago,2021-10-31,12:02,High,Fog,Slippery,3,29.8318,-109.0245,12,10,2021,2021-10,Day
35,Columbus,2021-07-30,11:35,Medium,Rain,Dry,2,44.8859,-71.2373,11,7,2021,2021-07,Day
36,Los Angeles,2021-12-29,20:01,High,Fog,Dry,2,31.1365,-81.0565,20,12,2021,2021-12,Night
37,Jacksonville,2021-08-10,12:02,Low,Snow,Dry,3,43.8723,-76.6912,12,8,2021,2021-08,Day
38,Houston,2022-04-02,02:12,Low,Clear,Icy,3,39.7541,-101.2167,2,4,2022,2022-04,Night
39,Columbus,2022-11-10,21:07,Low,Rain,Under Construction,1,27.4933,-99.4027,21,11,2022,2022-11,Night
40,New York,2022-10-05,12:32,High,Clear,Dry,4,25.0389,-73.8701,12,10,2022,2022-10,Day
41,Charlotte,2022-02-08,11:04,High,Rain,Wet,1,41.5543,-106.3832,11,2,2022,2022-02,Day
42,Houston,2022-09-26,17:20,Low,Clear,Dry,4,40.5783,-75.0541,17,9,2022,2022-09,Day
43,New York,2022-09-09,12:53,Low,Clear,Wet,3,35.6947,-99.0077,12,9,2022,2022-09,Day
44,Columbus,2022-03-14,14:50,Medium,Clear,Dry,5,40.2686,-89.7984,14,3,2022,2022-03,Day
45,Los Angeles,2021-07-11,19:48,Low,Snow,Dry,1,30.6314,-97.2929,19,7,2021,2021-07,Night
46,San Antonio,2021-05-30,13:56,Low,Rain,Dry,2,28.3941,-86.2436,13,5,2021,2021-05,Day
47,Los Angeles,2021-08-07,18:14,High,Rain,Dry,2,46.1018,-115.6894,18,8,2021,2021-08,Night
48,Philadelphia,2021-10-01,19:42,Medium,Clear,Icy,4,39.091,-84.5978,19,10,2021,2021-10,Night
49,Philadelphia,2023-10-31,12:58,High,Fog,Dry,3,42.2909,-78.3271,12,10,2023,2023-10,Day
50,Phoenix,2022-07-22,18:33,Low,Clear,Wet,2,31.2494,-105.3751,18,7,2022,2022-07,Night
51,Chicago,2021-06-15,07:14,Low,Clear,Dry,3,37.4801,-100.3797,7,6,2021,2021-06,Day
52,Columbus,2022-02-28,19:24,Medium,Rain,Slippery,5,33.7488,-121.6934,19,2,2022,2022-02,Night
53,Jacksonville,2022-12-22,10:24,High,Clear,Wet,5,43.397,-75.3138,10,12,2022,2022-12,Day
54,Phoenix,2023-09-27,08:27,Low,Rain,Icy,2,44.3316,-74.1838,8,9,2023,2023-09,Day
55,San Antonio,2023-12-30,02:25,Medium,Clear,Dry,4,29.1798,-108.4719,2,12,2023,2023-12,Night
56,Chicago,2022-11-02,08:20,High,Clear,Under Construction,4,30.8022,-117.7409,8,11,2022,2022-11,Day
57,Indianapolis,2021-02-09,18:03,Low,Rain,Icy,1,42.3474,-72.6202,18,2,2021,2021-02,Night
58,Los Angeles,2022-02-13,19:39,Low,Rain,Wet,2,35.6958,-108.6753,19,2,2022,2022-02,Night
59,Indianapolis,2023-01-26,07:38,Medium,Fog,Dry,3,27.4863,-120.6647,7,1,2023,2023-01,Day
60,Indianapolis,2022-10-01,15:58,Low,Fog,Dry,2,27.3437,-81.831,15,10,2022,2022-10,Day
61,San Jose,2021-09-05,19:36,Low,Clear,Dry,5,39.8935,-121.3421,19,9,2021,2021-09,Night
62,Houston,2023-05-11,19:06,Low,Cloudy,Dry,2,35.0162,-83.8426,19,5,2023,2023-05,Night
63,Philadelphia,2022-07-08,16:58,Medium,Clear,Wet,3,32.413,-109.2343,16,7,2022,2022-07,Day
64,Los Angeles,2021-06-27,09:28,Medium,Rain,Dry,1,36.369,-105.0993,9,6,2021,2021-06,Day
65,Los Angeles,2023-09-26,08:51,Low,Rain,Slippery,5,25.2335,-72.7007,8,9,2023,2023-09,Day
66,Phoenix,2021-06-25,09:26,Medium,Rain,Wet,4,35.308,-121.1034,9,6,2021,2021-06,Day
67,Los Angeles,2022-08-26,08:44,Medium,Clear,Wet,3,34.7866,-83.2114,8,8,2022,2022-08,Day
68,Los Angeles,2022-11-09,11:29,Low,Clear,Dry,1,42.0863,-72.5544,11,11,2022,2022-11,Day
69,Phoenix,2022-01-15,08:47,Medium,Hail,Wet,3,47.5517,-78.7033,8,1,2022,2022-01,Day
70,Chicago,2022-08-30,08:11,Medium,Clear,Dry,1,37.7273,-85.7343,8,8,2022,2022-08,Day
71,Phoenix,2021-09-16,16:48,High,Rain,Dry,4,32.8362,-71.7941,16,9,2021,2021-09,Day
72,New York,2022-06-02,21:30,Low,Rain,Wet,1,28.4897,-79.8206,21,6,2022,2022-06,Night
73,New York,2022-09-15,06:15,Medium,Rain,Icy,2,42.841,-102.2203,6,9,2022,2022-09,Day
74,Indianapolis,2023-06-26,10:37,Low,Rain,Wet,1,46.7946,-111.195,10,6,2023,2023-06,Day
75,Los Angeles,2022-03-09,09:05,Low,Clear,Dry,4,40.8555,-97.5646,9,3,2022,2022-03,Day
76,Los Angeles,2021-03-08,08:45,High,Clear,Dry,3,43.12,-89.497,8,3,2021,2021-03,Day
77,Los Angeles,2022-02-10,12:34,Low,Clear,Dry,1,28.8162,-106.0042,12,2,2022,2022-02,Day
78,Dallas,2022-08-15,12:29,Medium,Cloudy,Wet,4,35.0685,-90.9021,12,8,2022,2022-08,Day
79,Los Angeles,2023-06-04,18:38,Low,Hail,Icy,5,38.5038,-120.9212,18,6,2023,2023-06,Night
80,San Jose,2022-07-06,15:48,Medium,Rain,Slippery,2,47.9297,-99.334,15,7,2022,2022-07,Day
81,Chicago,2023-10-05,22:30,Low,Rain,Slippery,3,34.4678,-96.2356,22,10,2023,2023-10,Night
82,New York,2023-04-01,19:35,Low,Clear,Dry,4,44.8929,-79.1038,19,4,2023,2023-04,Night
83,Houston,2021-01-03,17:34,Low,Rain,Wet,4,39.3844,-82.4805,17,1,2021,2021-01,Day
84,Charlotte,2022-02-21,09:08,Medium,Rain,Dry,5,43.3842,-85.0913,9,2,2022,2022-02,Day
85,Houston,2022-09-29,15:35,Low,Snow,Dry,1,39.8973,-113.9935,15,9,2022,2022-09,Day
86,Houston,2022-08-21,14:17,Medium,Rain,Dry,2,33.8225,-74.0629,14,8,2022,2022-08,Day
87,Jacksonville,2023-11-07,18:08,Low,Fog,Dry,5,31.145,-121.8666,18,11,2023,2023-11,Night
88,Indianapolis,2022-09-04,19:37,Medium,Clear,Wet,3,32.6461,-82.3306,19,9,2022,2022-09,Night
89,Jacksonville,2023-02-12,13:20,High,Clear,Dry,4,26.0039,-83.2753,13,2,2023,2023-02,Day
90,Austin,2023-02-20,12:42,Medium,Clear,Under Construction,2,36.5527,-91.3106,12,2,2023,2023-02,Day
91,New York,2021-07-25,20:28,High,Clear,Dry,2,26.721,-81.3607,20,7,2021,2021-07,Night
92,Houston,2022-06-27,11:44,Low,Clear,Wet,5,33.7402,-105.5336,11,6,2022,2022-06,Day
93,San Antonio,2023-09-27,20:02,Low,Rain,Dry,2,42.1756,-99.4335,20,9,2023,2023-09,Night
94,Columbus,2021-07-21,18:45,Medium,Rain,Slippery,1,32.4606,-119.0818,18,7,2021,2021-07,Night
95,Los Angeles,2023-01-05,11:09,Medium,Rain,Dry,2,26.8163,-76.7163,11,1,2023,2023-01,Day
96,New York,2022-05-09,13:37,Medium,Clear,Dry,1,45.6749,-97.8068,13,5,2022,2022-05,Day
97,New York,2022-08-13,17:10,High,Windy,Dry,4,40.8772,-98.2445,17,8,2022,2022-08,Day
98,Jacksonville,2022-09-11,08:24,Low,Clear,Dry,3,47.8319,-106.648,8,9,2022,2022-09,Day
99,Jacksonville,2023-03-22,09:36,Medium,Hail,Slippery,4,44.1553,-75.0474,9,3,2023,2023-03,Day
100,Los Angeles,2022-04-17,16:22,Low,Clear,Icy,2,39.4497,-75.023,16,4,2022,2022-04,Day
101,New York,2021-03-22,10:28,Low,Clear,Slippery,3,42.1921,-112.8667,10,3,2021,2021-03,Day
102,Indianapolis,2021-09-28,19:56,Medium,Cloudy,Icy,3,46.0231,-72.9022,19,9,2021,2021-09,Night
103,Austin,2022-08-28,18:21,Medium,Clear,Icy,2,44.7832,-84.3407,18,8,2022,2022-08,Night
104,Philadelphia,2023-03-25,22:51,Low,Clear,Dry,1,35.4601,-87.0129,22,3,2023,2023-03,Night
105,San Diego,2022-06-21,15:52,Low,Rain,Dry,5,45.3374,-92.8068,15,6,2022,2022-06,Day
106,Austin,2022-03-30,17:40,High,Clear,Dry,2,26.043,-120.065,17,3,2022,2022-03,Day
107,Columbus,2023-10-06,06:15,Low,Rain,Wet,5,34.6399,-83.402,6,10,2023,2023-10,Day
108,New York,2021-11-13,20:41,Medium,Clear,Under Construction,1,40.8765,-110.702,20,11,2021,2021-11,Night
109,Chicago,2023-06-30,22:54,High,Clear,Slippery,3,26.3927,-107.6542,22,6,2023,2023-06,Night
110,Houston,2021-09-08,22:52,Medium,Rain,Wet,1,26.1633,-104.6575,22,9,2021,2021-09,Night
111,New York,2021-09-15,19:13,Medium,Clear,Dry,2,32.5569,-114.3272,19,9,2021,2021-09,Night
112,Indianapolis,2021-01-06,09:09,Medium,Fog,Dry,1,28.0315,-103.3714,9,1,2021,2021-01,Day
113,Los Angeles,2022-05-03,16:01,Low,Fog,Wet,1,35.9537,-81.5431,16,5,2022,2022-05,Day
114,Phoenix,2023-11-18,16:28,High,Clear,Icy,5,31.9375,-88.5463,16,11,2023,2023-11,Day
115,Jacksonville,2021-03-05,05:30,Medium,Clear,Wet,4,26.6903,-117.7989,5,3,2021,2021-03,Night
116,San Antonio,2021-10-31,05:17,Medium,Fog,Dry,5,37.2028,-98.4068,5,10,2021,2021-10,Night
117,New York,2023-06-01,06:44,Medium,Snow,Wet,2,34.8916,-75.8193,6,6,2023,2023-06,Day
118,Houston,2023-04-28,11:29,Medium,Clear,Dry,3,33.6089,-114.0628,11,4,2023,2023-04,Day
119,New York,2023-08-30,05:53,Medium,Fog,Dry,2,37.7965,-91.5038,5,8,2023,2023-08,Night
120,Chicago,2022-11-07,17:26,Medium,Fog,Slippery,1,47.2732,-90.7787,17,11,2022,2022-11,Day
121,Los Angeles,2022-12-22,06:32,Medium,Clear,Dry,5,33.4539,-82.3445,6,12,2022,2022-12,Day
122,Philadelphia,2022-04-09,19:54,Medium,Rain,Wet,5,25.6038,-73.6876,19,4,2022,2022-04,Night
123,Dallas,2022-07-02,02:17,Low,Clear,Dry,2,38.0254,-101.1592,2,7,2022,2022-07,Night
124,New York,2021-10-18,18:01,Medium,Clear,Dry,2,33.5112,-84.477,18,10,2021,2021-10,Night
125,Los Angeles,2021-06-23,20:09,Medium,Rain,Dry,4,36.1702,-99.0137,20,6,2021,2021-06,Night
126,New York,2022-07-14,08:32,Medium,Clear,Wet,4,37.1195,-105.9622,8,7,2022,2022-07,Day
127,New York,2022-03-28,12:38,Low,Cloudy,Icy,3,31.6573,-115.7608,12,3,2022,2022-03,Day
128,New York,2023-10-16,18:11,Medium,Clear,Wet,3,26.6577,-77.1883,18,10,2023,2023-10,Night
129,Charlotte,2021-03-28,12:29,High,Rain,Wet,4,31.6588,-100.9383,12,3,2021,2021-03,Day
130,Houston,2022-10-28,07:39,Medium,Clear,Dry,1,30.5963,-91.3787,7,10,2022,2022-10,Day
131,Chicago,2023-12-10,06:55,Low,Clear,Dry,5,39.5642,-94.4085,6,12,2023,2023-12,Day
132,Chicago,2022-02-02,21:22,High,Rain,Dry,1,28.3682,-111.7419,21,2,2022,2022-02,Night
133,New York,2021-11-10,18:41,High,Rain,Dry,5,42.4772,-98.6569,18,11,2021,2021-11,Night
134,Chicago,2022-10-24,20:40,Medium,Rain,Wet,3,38.6027,-103.699,20,10,2022,2022-10,Night
135,New York,2021-06-01,10:28,Low,Clear,Wet,1,39.1452,-95.6325,10,6,2021,2021-06,Day
136,Dallas,2023-08-06,15:50,Low,Cloudy,Wet,2,32.3951,-97.2673,15,8,2023,2023-08,Day
137,New York,2021-11-05,22:28,High,Clear,Wet,5,39.8609,-119.9646,22,11,2021,2021-11,Night
138,Phoenix,2023-06-16,23:33,Low,Clear,Dry,4,42.8127,-86.6973,23,6,2023,2023-06,Night
139,Chicago,2021-04-18,19:41,Low,Rain,Dry,3,41.6459,-87.8587,19,4,2021,2021-04,Night
140,San Diego,2021-11-04,11:37,High,Clear,Wet,4,27.9659,-85.1406,11,11,2021,2021-11,Day
141,San Diego,2021-06-23,10:24,Low,Clear,Wet,5,27.1494,-87.1363,10,6,2021,2021-06,Day
142,Chicago,2023-11-08,11:23,High,Clear,Icy,2,30.2105,-114.8466,11,11,2023,2023-11,Day
143,New York,2021-06-08,10:50,Medium,Snow,Slippery,1,40.2244,-76.4276,10,6,2021,2021-06,Day
144,Los Angeles,2021-09-26,16:09,High,Fog,Icy,2,41.5872,-119.728,16,9,2021,2021-09,Day
145,Indianapolis,2023-01-17,17:15,Medium,Fog,Icy,2,37.2823,-105.9077,17,1,2023,2023-01,Day
146,Chicago,2023-08-19,21:12,High,Windy,Dry,3,42.8969,-95.8489,21,8,2023,2023-08,Night
147,Los Angeles,2023-05-08,22:52,Medium,Snow,Dry,4,45.1047,-93.1639,22,5,2023,2023-05,Night
148,Jacksonville,2021-07-30,18:33,Low,Fog,Dry,5,28.389,-99.2514,18,7,2021,2021-07,Night
149,Chicago,2022-03-31,19:56,Low,Clear,Wet,2,33.8818,-117.7565,19,3,2022,2022-03,Night
150,New York,2022-04-05,02:59,Medium,Clear,Dry,1,31.5982,-78.8524,2,4,2022,2022-04,Night
151,Houston,2021-10-12,18:30,Low,Clear,Dry,2,37.6225,-84.1838,18,10,2021,2021-10,Night
152,Los Angeles,2023-12-17,12:49,Low,Clear,Dry,5,35.5136,-116.2354,12,12,2023,2023-12,Day
153,San Diego,2023-10-21,16:01,Medium,Fog,Dry,1,39.1406,-109.4907,16,10,2023,2023-10,Day
154,New York,2023-05-04,08:42,High,Clear,Wet,5,43.0875,-95.6036,8,5,2023,2023-05,Day
155,New York,2021-02-11,12:30,Low,Clear,Wet,3,43.136,-104.0703,12,2,2021,2021-02,Day
156,San Jose,2021-08-01,18:47,Low,Clear,Dry,2,44.0988,-86.3965,18,8,2021,2021-08,Night
157,New York,2023-09-08,16:51,Medium,Cloudy,Dry,2,26.0075,-111.6276,16,9,2023,2023-09,Day
158,Phoenix,2021-03-27,10:19,High,Rain,Dry,2,31.5806,-77.1688,10,3,2021,2021-03,Day
159,Los Angeles,2021-04-08,20:21,Medium,Clear,Dry,4,45.5767,-101.8945,20,4,2021,2021-04,Night
160,Chicago,2022-01-18,13:31,Medium,Clear,Dry,4,26.8153,-90.6724,13,1,2022,2022-01,Day
161,New York,2022-01-05,15:20,Low,Clear,Dry,4,28.8328,-98.9168,15,1,2022,2022-01,Day
162,Charlotte,2023-07-05,03:55,Medium,Clear,Wet,1,26.7259,-88.8493,3,7,2023,2023-07,Night
163,San Diego,2023-01-15,14:47,High,Clear,Wet,4,25.8004,-118.5039,14,1,2023,2023-01,Day
164,New York,2023-01-21,11:36,Low,Clear,Dry,4,42.5509,-92.1561,11,1,2023,2023-01,Day
165,San Diego,2023-12-21,11:20,Low,Clear,Wet,4,36.9081,-74.4958,11,12,2023,2023-12,Day
166,Dallas,2021-08-30,09:16,Low,Rain,Wet,4,29.6041,-114.9421,9,8,2021,2021-08,Day
167,Dallas,2021-06-01,13:57,High,Snow,Under Construction,3,40.3603,-85.1039,13,6,2021,2021-06,Day
168,Los Angeles,2022-08-18,20:54,Medium,Fog,Dry,3,36.7014,-115.6892,20,8,2022,2022-08,Night
169,Austin,2022-02-16,19:15,Low,Rain,Dry,5,27.9847,-76.0192,19,2,2022,2022-02,Night
170,Dallas,2021-05-15,10:45,Medium,Fog,Icy,1,27.8825,-105.5146,10,5,2021,2021-05,Day
171,Phoenix,2021-06-01,13:43,Low,Snow,Wet,5,29.1852,-71.7542,13,6,2021,2021-06,Day
172,New York,2023-06-06,14:55,Low,Clear,Dry,3,46.499,-110.2755,14,6,2023,2023-06,Day
173,New York,2023-11-29,20:54,Low,Hail,Dry,3,39.1319,-117.1417,20,11,2023,2023-11,Night
174,Los Angeles,2021-12-12,16:37,Medium,Fog,Wet,5,25.9475,-77.0834,16,12,2021,2021-12,Day
175,San Jose,2021-06-16,04:41,Low,Clear,Wet,5,39.6968,-96.102,4,6,2021,2021-06,Night
176,Phoenix,2022-08-17,17:19,High,Rain,Dry,1,40.8381,-113.7798,17,8,2022,2022-08,Day
177,Chicago,2023-05-02,13:13,Low,Snow,Dry,3,47.4336,-115.2002,13,5,2023,2023-05,Day
178,Chicago,2023-01-29,14:06,Medium,Clear,Dry,1,26.1639,-72.84,14,1,2023,2023-01,Day
179,Columbus,2023-05-07,09:55,High,Cloudy,Wet,2,42.5518,-96.0902,9,5,2023,2023-05,Day
180,Chicago,2023-11-21,13:56,Low,Cloudy,Wet,2,29.9483,-103.6495,13,11,2023,2023-11,Day
181,Columbus,2021-04-14,09:38,Medium,Rain,Wet,1,34.9113,-76.1123,9,4,2021,2021-04,Day
182,New York,2023-01-20,18:23,Low,Rain,Dry,3,26.6912,-95.7787,18,1,2023,2023-01,Night
183,Dallas,2022-07-27,19:39,Low,Hail,Dry,3,37.8301,-102.9885,19,7,2022,2022-07,Night
184,Houston,2021-10-23,08:32,Low,Clear,Wet,4,36.9447,-114.2551,8,10,2021,2021-10,Day
185,San Antonio,2023-11-22,07:59,Low,Windy,Wet,3,38.6557,-95.6196,7,11,2023,2023-11,Day
186,Philadelphia,2023-11-10,14:45,Medium,Clear,Dry,1,47.5377,-91.6475,14,11,2023,2023-11,Day
187,Indianapolis,2021-02-24,16:16,Medium,Fog,Wet,1,38.421,-113.1334,16,2,2021,2021-02,Day
188,Los Angeles,2023-02-18,07:43,Medium,Fog,Dry,4,32.2149,-114.1256,7,2,2023,2023-02,Day
189,San Antonio,2022-02-22,12:49,Medium,Snow,Wet,2,36.9297,-92.8339,12,2,2022,2022-02,Day
190,Indianapolis,2023-09-07,14:20,Medium,Rain,Wet,3,39.0318,-112.0023,14,9,2023,2023-09,Day
191,Los Angeles,2022-05-20,09:19,High,Clear,Dry,2,40.8755,-96.5718,9,5,2022,2022-05,Day
192,Charlotte,2023-09-10,11:59,Medium,Clear,Wet,5,33.733,-71.0317,11,9,2023,2023-09,Day
193,New York,2022-12-08,22:51,Low,Hail,Dry,4,40.0874,-83.1384,22,12,2022,2022-12,Night
194,Los Angeles,2022-03-15,08:34,Medium,Clear,Dry,5,30.5035,-119.3602,8,3,2022,2022-03,Day
195,New York,2023-12-24,08:14,Medium,Fog,Dry,2,25.1192,-93.3817,8,12,2023,2023-12,Day
196,Columbus,2021-11-20,12:59,Medium,Rain,Icy,3,32.3869,-88.4133,12,11,2021,2021-11,Day
197,Philadelphia,2021-07-03,17:14,Medium,Cloudy,Slippery,2,34.6114,-78.4445,17,7,2021,2021-07,Day
198,San Jose,2021-03-16,23:25,Low,Fog,Slippery,3,45.1651,-121.5181,23,3,2021,2021-03,Night
199,Los Angeles,2021-08-08,21:21,High,Rain,Dry,2,44.5744,-97.6629,21,8,2021,2021-08,Night
200,Los Angeles,2022-01-30,19:21,Medium,Clear,Dry,3,43.1877,-92.4754,19,1,2022,2022-01,Night
201,San Diego,2022-01-31,07:54,Medium,Clear,Dry,4,40.3929,-112.3914,7,1,2022,2022-01,Day
202,Los Angeles,2021-10-15,13:59,Low,Clear,Icy,3,31.9448,-84.4101,13,10,2021,2021-10,Day
203,Dallas,2021-01-24,09:23,Low,Clear,Dry,4,40.7797,-73.9985,9,1,2021,2021-01,Day
204,Charlotte,2022-09-29,17:40,Low,Rain,Dry,2,35.9982,-98.3411,17,9,2022,2022-09,Day
205,Charlotte,2023-02-05,12:35,Medium,Snow,Icy,2,40.6479,-91.0176,12,2,2023,2023-02,Day
206,Dallas,2021-06-17,14:33,Low,Rain,Dry,5,45.7664,-111.4878,14,6,2021,2021-06,Day
207,Phoenix,2021-11-03,07:54,Low,Clear,Wet,1,45.6745,-98.8349,7,11,2021,2021-11,Day
208,Houston,2021-04-24,13:32,Medium,Rain,Wet,3,41.6354,-101.4107,13,4,2021,2021-04,Day
209,New York,2021-01-07,18:37,Medium,Fog,Wet,1,46.4954,-118.411,18,1,2021,2021-01,Night
210,Los Angeles,2023-08-25,02:26,Low,Rain,Wet,4,33.6126,-75.6507,2,8,2023,2023-08,Night
211,Chicago,2023-07-08,20:58,Low,Hail,Slippery,2,40.0313,-103.916,20,7,2023,2023-07,Night
212,Phoenix,2022-01-01,23:25,Medium,Clear,Dry,1,47.5053,-97.9238,23,1,2022,2022-01,Night
213,Los Angeles,2023-05-19,14:52,Medium,Clear,Dry,1,25.741,-87.6697,14,5,2023,2023-05,Day
214,New York,2021-02-02,09:04,Low,Rain,Wet,1,30.6289,-119.6997,9,2,2021,2021-02,Day
215,San Jose,2023-06-18,08:13,Medium,Clear,Under Construction,2,43.7631,-83.9611,8,6,2023,2023-06,Day
216,San Diego,2022-10-16,15:49,Low,Clear,Dry,5,30.084,-106.374,15,10,2022,2022-10,Day
217,Columbus,2021-05-05,15:37,High,Rain,Dry,4,26.0783,-104.0904,15,5,2021,2021-05,Day
218,Dallas,2023-02-20,19:20,Medium,Clear,Dry,5,35.8909,-77.8343,19,2,2023,2023-02,Night
219,Austin,2022-09-08,20:09,High,Rain,Under Construction,5,37.1898,-101.8022,20,9,2022,2022-09,Night
220,New York,2022-06-07,08:41,Medium,Clear,Wet,2,26.1853,-102.3873,8,6,2022,2022-06,Day
221,Austin,2021-03-22,20:12,Medium,Rain,Dry,2,44.9979,-104.6859,20,3,2021,2021-03,Night
222,Indianapolis,2021-02-01,08:12,Low,Windy,Dry,2,40.9994,-85.404,8,2,2021,2021-02,Day
223,Chicago,2023-03-24,21:35,Low,Rain,Wet,3,31.0159,-95.3335,21,3,2023,2023-03,Night
224,Indianapolis,2023-10-16,13:51,Medium,Snow,Slippery,3,32.1972,-119.6228,13,10,2023,2023-10,Day
225,Los Angeles,2022-03-30,18:01,High,Rain,Dry,2,29.5124,-110.039,18,3,2022,2022-03,Night
226,Charlotte,2022-05-19,13:41,Low,Fog,Dry,4,35.5991,-83.8958,13,5,2022,2022-05,Day
227,Philadelphia,2022-12-23,07:46,Low,Cloudy,Under Construction,1,37.0507,-78.3684,7,12,2022,2022-12,Day
228,New York,2021-06-02,21:42,Low,Clear,Wet,1,41.2649,-121.5246,21,6,2021,2021-06,Night
229,San Antonio,2023-11-02,13:03,Medium,Rain,Dry,4,25.3618,-94.325,13,11,2023,2023-11,Day
230,Dallas,2023-04-23,01:33,Medium,Clear,Wet,4,43.5419,-74.6918,1,4,2023,2023-04,Night
231,New York,2021-08-08,21:33,Low,Rain,Icy,3,43.2835,-117.891,21,8,2021,2021-08,Night
232,Indianapolis,2023-04-12,13:15,Low,Rain,Icy,1,27.1505,-102.2783,13,4,2023,2023-04,Day
233,Dallas,2023-09-02,05:00,Low,Snow,Wet,3,38.0147,-77.3861,5,9,2023,2023-09,Night
234,New York,2021-07-15,20:58,Low,Snow,Slippery,4,31.2352,-73.9437,20,7,2021,2021-07,Night
235,San Diego,2022-07-29,20:36,Low,Snow,Dry,2,38.5018,-82.8828,20,7,2022,2022-07,Night
236,Los Angeles,2023-03-27,21:19,Low,Snow,Dry,5,32.6298,-82.7083,21,3,2023,2023-03,Night
237,Dallas,2021-10-14,19:44,Medium,Hail,Dry,4,30.3393,-118.0471,19,10,2021,2021-10,Night
238,New York,2023-03-24,22:20,Low,Windy,Dry,3,37.7199,-102.4778,22,3,2023,2023-03,Night
239,Chicago,2022-01-16,17:42,Medium,Clear,Dry,1,26.8869,-113.9805,17,1,2022,2022-01,Day
240,Chicago,2021-11-12,18:20,Low,Cloudy,Dry,3,27.3513,-117.4605,18,11,2021,2021-11,Night
241,Phoenix,2023-06-02,13:35,Low,Clear,Wet,5,38.755,-105.1296,13,6,2023,2023-06,Day
242,Chicago,2023-02-28,01:26,Low,Cloudy,Slippery,2,38.1551,-113.1817,1,2,2023,2023-02,Night
243,Chicago,2023-02-19,07:17,Medium,Clear,Dry,4,31.8943,-81.3013,7,2,2023,2023-02,Day
244,Dallas,2023-01-10,09:15,Medium,Rain,Dry,2,32.0071,-72.6612,9,1,2023,2023-01,Day
245,Austin,2022-11-12,19:24,Low,Clear,Icy,5,28.1309,-105.3254,19,11,2022,2022-11,Night
246,Indianapolis,2022-02-16,13:11,High,Clear,Wet,4,47.2586,-81.3373,13,2,2022,2022-02,Day
247,San Jose,2022-10-30,11:52,Low,Cloudy,Dry,5,29.1383,-82.0839,11,10,2022,2022-10,Day
248,Charlotte,2021-02-25,22:29,Low,Fog,Icy,1,43.8362,-80.6258,22,2,2021,2021-02,Night
249,San Diego,2023-04-18,17:08,Low,Rain,Wet,4,26.7012,-70.4836,17,4,2023,2023-04,Day
250,Phoenix,2023-09-09,15:34,High,Rain,Wet,3,41.1376,-79.7606,15,9,2023,2023-09,Day
251,San Diego,2021-06-24,06:15,Low,Rain,Dry,4,47.2367,-104.757,6,6,2021,2021-06,Day
252,Los Angeles,2023-06-01,06:06,Medium,Rain,Wet,5,30.0837,-102.5458,6,6,2023,2023-06,Day
253,Dallas,2023-08-07,18:37,Low,Windy,Dry,3,34.5674,-71.9902,18,8,2023,2023-08,Night
254,New York,2021-08-26,19:46,Low,Rain,Dry,4,33.0109,-116.9236,19,8,2021,2021-08,Night
255,New York,2023-07-16,10:19,Medium,Clear,Dry,1,40.5742,-113.4536,10,7,2023,2023-07,Day
256,Los Angeles,2022-05-15,14:35,Medium,Hail,Dry,4,39.4845,-112.3079,14,5,2022,2022-05,Day
257,San Antonio,2023-06-05,12:47,Low,Rain,Dry,2,29.733,-82.8791,12,6,2023,2023-06,Day
258,Columbus,2021-05-09,15:51,Low,Clear,Dry,3,40.4261,-96.5468,15,5,2021,2021-05,Day
259,Houston,2022-10-04,16:39,Low,Clear,Dry,2,43.716,-85.2886,16,10,2022,2022-10,Day
260,New York,2022-09-02,21:37,Low,Clear,Dry,2,33.586,-114.6494,21,9,2022,2022-09,Night
261,Philadelphia,2023-03-07,12:08,Medium,Rain,Wet,2,37.763,-96.5386,12,3,2023,2023-03,Day
262,Houston,2021-10-15,08:53,Low,Clear,Dry,2,29.488,-102.0349,8,10,2021,2021-10,Day
263,Dallas,2023-11-02,17:26,Medium,Snow,Dry,1,38.0041,-80.6142,17,11,2023,2023-11,Day
264,Los Angeles,2022-03-28,10:17,Low,Fog,Wet,4,37.6437,-116.113,10,3,2022,2022-03,Day
265,Austin,2021-08-22,09:34,Low,Snow,Dry,4,37.5661,-70.5317,9,8,2021,2021-08,Day
266,San Jose,2021-07-29,18:41,Low,Windy,Dry,3,44.8306,-117.4769,18,7,2021,2021-07,Night
267,Los Angeles,2021-08-29,18:15,Medium,Rain,Slippery,5,39.5537,-113.369,18,8,2021,2021-08,Night
268,Los Angeles,2021-10-13,19:52,Low,Clear,Dry,5,28.8727,-71.092,19,10,2021,2021-10,Night
269,Indianapolis,2022-08-23,10:17,Medium,Cloudy,Icy,2,47.1438,-81.1441,10,8,2022,2022-08,Day
270,San Diego,2021-05-02,23:55,Medium,Clear,Dry,3,44.0551,-82.4034,23,5,2021,2021-05,Night
271,San Diego,2023-03-16,13:36,Medium,Clear,Dry,1,34.2656,-83.0103,13,3,2023,2023-03,Day
272,Chicago,2023-01-26,13:31,Low,Fog,Wet,4,39.6013,-85.741,13,1,2023,2023-01,Day
273,Los Angeles,2021-05-10,19:25,Medium,Clear,Dry,3,32.7684,-91.9475,19,5,2021,2021-05,Night
274,Dallas,2023-09-21,19:57,Low,Clear,Icy,4,25.3745,-73.6695,19,9,2023,2023-09,Night
275,Indianapolis,2021-11-20,12:00,Medium,Windy,Slippery,3,28.6565,-73.4983,12,11,2021,2021-11,Day
276,Los Angeles,2022-07-16,06:23,Low,Cloudy,Dry,4,39.3889,-84.2486,6,7,2022,2022-07,Day
277,Dallas,2022-04-25,12:05,Low,Rain,Dry,2,36.9472,-98.8565,12,4,2022,2022-04,Day
278,New York,2021-01-17,17:52,High,Rain,Dry,2,33.8106,-84.0003,17,1,2021,2021-01,Day
279,Columbus,2021-07-29,06:23,Low,Fog,Icy,2,39.7563,-86.7889,6,7,2021,2021-07,Day
280,San Antonio,2021-05-21,14:00,Low,Clear,Dry,2,46.1576,-89.964,14,5,2021,2021-05,Day
281,Columbus,2023-06-26,20:05,Low,Clear,Wet,3,47.1547,-105.6458,20,6,2023,2023-06,Night
282,New York,2021-10-14,09:41,Medium,Rain,Wet,1,44.5015,-87.7629,9,10,2021,2021-10,Day
283,Phoenix,2022-09-10,08:38,Medium,Clear,Dry,2,36.3824,-116.1373,8,9,2022,2022-09,Day
284,Phoenix,2023-10-21,16:04,High,Windy,Slippery,2,33.8973,-78.3734,16,10,2023,2023-10,Day
285,Los Angeles,2023-05-12,11:43,Medium,Windy,Dry,5,26.5532,-108.3664,11,5,2023,2023-05,Day
286,Houston,2021-03-23,21:50,Low,Fog,Icy,4,41.1416,-117.7138,21,3,2021,2021-03,Night
287,New York,2021-11-09,09:19,High,Hail,Dry,3,33.9868,-89.0167,9,11,2021,2021-11,Day
288,Dallas,2021-05-16,10:27,High,Clear,Dry,4,27.6677,-90.1606,10,5,2021,2021-05,Day
289,San Diego,2021-04-23,10:47,Low,Clear,Dry,1,28.7682,-72.4432,10,4,2021,2021-04,Day
290,Dallas,2023-12-08,14:52,Low,Clear,Icy,3,41.8575,-115.8611,14,12,2023,2023-12,Day
291,Los Angeles,2021-03-02,11:27,Low,Fog,Wet,1,36.4114,-95.4393,11,3,2021,2021-03,Day
292,Los Angeles,2021-04-24,13:36,Low,Fog,Slippery,1,30.2533,-95.5411,13,4,2021,2021-04,Day
293,Los Angeles,2021-04-01,20:00,Medium,Clear,Dry,1,37.7159,-74.4747,20,4,2021,2021-04,Night
294,Houston,2023-05-09,08:15,Medium,Clear,Dry,3,27.7462,-86.9871,8,5,2023,2023-05,Day
295,Phoenix,2021-04-18,07:51,Low,Clear,Slippery,3,42.7911,-105.8437,7,4,2021,2021-04,Day
296,Chicago,2021-06-26,15:00,Low,Fog,Wet,2,35.6703,-91.2321,15,6,2021,2021-06,Day
297,Los Angeles,2023-10-08,23:49,High,Fog,Dry,1,46.4451,-120.7567,23,10,2023,2023-10,Night
298,Columbus,2022-12-11,16:44,High,Clear,Wet,3,27.3908,-94.4496,16,12,2022,2022-12,Day
299,Indianapolis,2022-05-03,12:03,Low,Clear,Dry,2,45.6376,-94.9725,12,5,2022,2022-05,Day
300,New York,2023-02-02,13:47,Low,Clear,Icy,1,38.6136,-118.7613,13,2,2023,2023-02,Day
301,Jacksonville,2021-09-25,08:16,High,Clear,Icy,3,32.3153,-107.8583,8,9,2021,2021-09,Day
302,San Jose,2021-06-02,21:08,Medium,Clear,Dry,4,32.2228,-115.7217,21,6,2021,2021-06,Night
303,Houston,2023-01-04,22:13,Medium,Snow,Dry,3,44.0069,-85.7623,22,1,2023,2023-01,Night
304,Chicago,2021-03-24,08:54,Low,Clear,Dry,5,26.1259,-106.4603,8,3,2021,2021-03,Day
305,Jacksonville,2021-12-23,02:25,Medium,Rain,Dry,1,43.4896,-114.7308,2,12,2021,2021-12,Night
306,Indianapolis,2021-01-25,05:49,Low,Snow,Dry,1,38.3934,-108.5413,5,1,2021,2021-01,Night
307,Los Angeles,2021-06-03,02:04,Medium,Snow,Dry,3,27.8181,-73.0014,2,6,2021,2021-06,Night
308,Houston,2021-04-14,07:36,Medium,Rain,Dry,4,28.9746,-110.8348,7,4,2021,2021-04,Day
309,Columbus,2022-01-19,09:28,Low,Rain,Dry,3,36.4745,-76.0955,9,1,2022,2022-01,Day
310,Chicago,2023-09-09,05:17,Medium,Rain,Icy,2,39.5074,-80.2873,5,9,2023,2023-09,Night
311,Dallas,2021-02-09,23:50,Medium,Fog,Dry,5,36.555,-101.8042,23,2,2021,2021-02,Night
312,Los Angeles,2022-01-04,02:38,High,Fog,Dry,4,37.1769,-82.1242,2,1,2022,2022-01,Night
313,Los Angeles,2022-04-22,22:06,Low,Rain,Icy,1,42.5731,-72.7143,22,4,2022,2022-04,Night
314,Indianapolis,2023-03-07,11:53,Low,Clear,Dry,3,46.0215,-120.5333,11,3,2023,2023-03,Day
315,New York,2022-12-22,22:36,High,Snow,Icy,4,37.4689,-112.871,22,12,2022,2022-12,Night
316,San Antonio,2021-03-19,06:14,Low,Rain,Dry,5,29.6337,-115.2145,6,3,2021,2021-03,Day
317,Jacksonville,2021-12-30,21:54,Low,Clear,Wet,2,42.8104,-77.983,21,12,2021,2021-12,Night
318,Dallas,2023-01-18,22:23,Medium,Rain,Dry,3,28.1384,-113.8098,22,1,2023,2023-01,Night
319,San Diego,2023-06-14,19:31,Low,Hail,Wet,5,43.1008,-110.3917,19,6,2023,2023-06,Night
320,Dallas,2021-12-26,11:46,Low,Fog,Slippery,5,34.0068,-70.2973,11,12,2021,2021-12,Day
321,Charlotte,2021-03-08,07:20,High,Clear,Wet,4,28.2348,-83.2421,7,3,2021,2021-03,Day
322,Los Angeles,2022-05-03,11:20,High,Clear,Wet,3,35.2725,-108.209,11,5,2022,2022-05,Day
323,Los Angeles,2022-05-27,17:22,Low,Clear,Dry,4,47.2893,-76.0033,17,5,2022,2022-05,Day
324,Philadelphia,2023-10-07,20:22,Low,Rain,Slippery,2,28.7411,-118.1671,20,10,2023,2023-10,Night
325,Los Angeles,2021-03-10,10:20,Low,Clear,Slippery,2,41.8357,-93.5536,10,3,2021,2021-03,Day
326,Columbus,2021-07-10,11:39,Medium,Clear,Wet,5,45.4643,-113.8306,11,7,2021,2021-07,Day
327,Houston,2021-07-27,11:12,Medium,Cloudy,Wet,3,31.8402,-117.0124,11,7,2021,2021-07,Day
328,Phoenix,2023-03-16,15:53,Low,Clear,Dry,5,36.0476,-116.9567,15,3,2023,2023-03,Day
329,Indianapolis,2022-02-28,07:18,Medium,Clear,Icy,4,36.2492,-87.6259,7,2,2022,2022-02,Day
330,Los Angeles,2021-07-06,17:24,High,Clear,Dry,3,35.114,-108.3032,17,7,2021,2021-07,Day
331,San Jose,2022-07-05,15:09,Medium,Clear,Dry,5,34.5217,-82.6642,15,7,2022,2022-07,Day
332,Chicago,2022-04-11,15:53,Medium,Hail,Wet,4,38.1724,-109.7466,15,4,2022,2022-04,Day
333,Jacksonville,2022-09-05,06:57,Low,Rain,Wet,5,40.5833,-89.7458,6,9,2022,2022-09,Day
334,Los Angeles,2021-09-04,22:28,High,Hail,Icy,2,25.9815,-117.9248,22,9,2021,2021-09,Night
335,San Antonio,2023-06-11,08:52,High,Clear,Slippery,1,27.0016,-93.0691,8,6,2023,2023-06,Day
336,Houston,2022-10-30,20:33,High,Fog,Wet,5,42.9788,-116.149,20,10,2022,2022-10,Night
337,San Antonio,2021-11-03,07:37,High,Clear,Dry,1,43.0721,-76.8913,7,11,2021,2021-11,Day
338,Chicago,2022-12-06,20:16,Medium,Rain,Dry,3,34.2684,-89.8513,20,12,2022,2022-12,Night
339,Columbus,2023-04-03,03:56,Medium,Clear,Dry,3,45.6317,-120.9479,3,4,2023,2023-04,Night
340,Phoenix,2022-09-13,10:53,Medium,Clear,Slippery,2,31.9111,-83.3264,10,9,2022,2022-09,Day
341,San Antonio,2022-10-20,09:26,Low,Clear,Slippery,4,42.0417,-82.5063,9,10,2022,2022-10,Day
342,Austin,2023-02-05,19:32,Low,Fog,Dry,5,45.2246,-120.4947,19,2,2023,2023-02,Night
343,Jacksonville,2022-01-30,20:12,Low,Rain,Slippery,2,31.3015,-79.1777,20,1,2022,2022-01,Night
344,New York,2023-11-01,12:59,Low,Clear,Wet,2,47.092,-97.3217,12,11,2023,2023-11,Day
345,Columbus,2022-12-18,11:53,Medium,Rain,Dry,4,26.142,-77.6013,11,12,2022,2022-12,Day
346,Los Angeles,2022-03-15,20:41,Low,Rain,Wet,1,35.9042,-115.1197,20,3,2022,2022-03,Night
347,Los Angeles,2021-12-21,16:00,Medium,Cloudy,Wet,3,34.7476,-102.4233,16,12,2021,2021-12,Day
348,Houston,2022-12-16,13:13,Medium,Snow,Dry,1,25.169,-70.0297,13,12,2022,2022-12,Day
349,San Antonio,2023-02-06,15:38,Low,Clear,Dry,3,39.7337,-77.2024,15,2,2023,2023-02,Day
350,San Diego,2022-06-19,17:57,Low,Rain,Dry,1,43.5249,-80.2771,17,6,2022,2022-06,Day
351,New York,2023-04-08,17:43,Low,Rain,Dry,4,34.3058,-83.6899,17,4,2023,2023-04,Day
352,Los Angeles,2022-01-24,11:45,Medium,Fog,Slippery,3,36.6682,-78.0382,11,1,2022,2022-01,Day
353,New York,2022-01-06,10:30,Low,Snow,Icy,2,46.7792,-75.2213,10,1,2022,2022-01,Day
354,Dallas,2021-07-02,08:14,Low,Fog,Dry,3,38.4681,-97.8844,8,7,2021,2021-07,Day
355,San Diego,2021-08-30,13:55,Medium,Rain,Dry,2,36.511,-76.8901,13,8,2021,2021-08,Day
356,New York,2023-02-21,14:26,High,Clear,Dry,4,47.7054,-75.5721,14,2,2023,2023-02,Day
357,Dallas,2023-07-27,07:55,Medium,Rain,Wet,2,32.2085,-118.9833,7,7,2023,2023-07,Day
358,San Jose,2023-07-15,09:48,Medium,Clear,Icy,1,27.9763,-99.447,9,7,2023,2023-07,Day
359,Chicago,2023-05-30,12:30,Low,Clear,Dry,1,45.5161,-82.6439,12,5,2023,2023-05,Day
360,New York,2023-12-24,08:43,Medium,Clear,Slippery,3,27.9654,-102.0554,8,12,2023,2023-12,Day
361,New York,2022-09-19,07:52,High,Rain,Wet,5,32.7702,-75.8253,7,9,2022,2022-09,Day
362,Phoenix,2021-10-02,11:57,Medium,Clear,Slippery,4,25.4399,-110.3353,11,10,2021,2021-10,Day
363,San Antonio,2021-09-26,08:01,Low,Clear,Wet,1,33.6294,-88.7033,8,9,2021,2021-09,Day
364,San Diego,2021-04-10,16:03,Medium,Clear,Wet,4,35.2192,-115.5731,16,4,2021,2021-04,Day
365,Los Angeles,2022-06-02,13:09,Medium,Clear,Dry,1,40.2371,-107.9612,13,6,2022,2022-06,Day
366,New York,2021-10-08,12:57,Medium,Clear,Dry,1,36.448,-90.3319,12,10,2021,2021-10,Day
367,Chicago,2022-06-23,19:12,Medium,Clear,Wet,2,40.8287,-97.0055,19,6,2022,2022-06,Night
368,New York,2022-04-26,00:42,Low,Rain,Dry,1,42.9291,-118.0975,0,4,2022,2022-04,Night
369,Los Angeles,2021-07-27,21:41,High,Clear,Dry,1,43.7031,-76.5447,21,7,2021,2021-07,Night
370,Chicago,2022-08-19,11:43,Medium,Clear,Icy,1,25.2225,-114.8035,11,8,2022,2022-08,Day
371,Houston,2021-12-16,11:57,Medium,Snow,Dry,3,29.206,-101.1596,11,12,2021,2021-12,Day
372,Dallas,2023-07-24,09:24,Medium,Clear,Slippery,2,27.6003,-85.7992,9,7,2023,2023-07,Day
373,Los Angeles,2021-05-01,23:54,Medium,Rain,Icy,4,29.169,-102.253,23,5,2021,2021-05,Night
374,Dallas,2023-01-05,16:55,High,Hail,Dry,4,27.5976,-100.6132,16,1,2023,2023-01,Day
375,Chicago,2021-04-05,05:41,Medium,Rain,Icy,5,41.6468,-110.3528,5,4,2021,2021-04,Night
376,Dallas,2022-11-24,14:44,Low,Rain,Dry,3,40.2653,-88.647,14,11,2022,2022-11,Day
377,Columbus,2021-11-01,19:35,Medium,Clear,Slippery,5,44.5234,-77.7027,19,11,2021,2021-11,Night
378,Chicago,2021-12-05,05:31,Low,Clear,Wet,5,39.7963,-101.0296,5,12,2021,2021-12,Night
379,Austin,2022-04-27,06:28,Medium,Snow,Dry,1,47.5554,-83.2476,6,4,2022,2022-04,Day
380,New York,2021-02-06,06:26,Medium,Snow,Icy,5,39.6634,-75.7142,6,2,2021,2021-02,Day
381,Indianapolis,2022-02-28,17:29,Low,Clear,Dry,4,32.6354,-82.0943,17,2,2022,2022-02,Day
382,Dallas,2023-08-27,18:23,Low,Fog,Dry,3,33.1682,-89.0496,18,8,2023,2023-08,Night
383,Dallas,2022-08-21,15:23,Low,Clear,Dry,4,27.4601,-90.2357,15,8,2022,2022-08,Day
384,Houston,2022-01-20,07:54,Medium,Fog,Wet,1,42.4144,-119.582,7,1,2022,2022-01,Day
385,Houston,2021-09-10,18:28,Medium,Rain,Under Construction,1,37.1984,-119.4743,18,9,2021,2021-09,Night
386,Charlotte,2023-06-06,19:30,Medium,Cloudy,Wet,2,41.8014,-115.3241,19,6,2023,2023-06,Night
387,Columbus,2023-03-05,17:38,Medium,Clear,Under Construction,2,31.2927,-71.8931,17,3,2023,2023-03,Day
388,New York,2022-08-26,13:08,Medium,Cloudy,Wet,5,44.7963,-84.9825,13,8,2022,2022-08,Day
389,Dallas,2022-03-22,08:39,Medium,Cloudy,Dry,2,36.5895,-85.8958,8,3,2022,2022-03,Day
390,Chicago,2022-10-23,18:48,Medium,Rain,Wet,4,40.5076,-75.519,18,10,2022,2022-10,Night
391,Houston,2023-12-30,10:54,Low,Clear,Dry,1,40.4158,-111.6051,10,12,2023,2023-12,Day
392,Los Angeles,2021-11-26,23:43,High,Rain,Dry,5,25.743,-79.6706,23,11,2021,2021-11,Night
393,Dallas,2021-07-29,16:43,High,Fog,Wet,2,36.7512,-80.5647,16,7,2021,2021-07,Day
394,Charlotte,2022-08-13,17:03,Low,Hail,Under Construction,3,47.2142,-119.2023,17,8,2022,2022-08,Day
395,San Jose,2022-05-30,08:55,High,Snow,Slippery,3,42.3675,-93.576,8,5,2022,2022-05,Day
396,Chicago,2022-02-07,18:12,Low,Rain,Dry,2,41.9068,-115.7936,18,2,2022,2022-02,Night
397,Los Angeles,2021-03-25,12:35,Low,Snow,Dry,4,41.3229,-113.9501,12,3,2021,2021-03,Day
398,New York,2021-11-11,21:38,High,Rain,Wet,4,43.1679,-93.3917,21,11,2021,2021-11,Night
399,Phoenix,2021-05-30,19:20,High,Rain,Icy,2,34.5664,-94.0741,19,5,2021,2021-05,Night
400,Los Angeles,2021-07-08,11:56,Low,Clear,Dry,5,37.2015,-70.1752,11,7,2021,2021-07,Day
401,Houston,2021-01-19,06:22,High,Rain,Wet,1,40.6987,-105.3113,6,1,2021,2021-01,Day
402,Dallas,2021-08-21,12:34,Low,Rain,Icy,5,43.4648,-98.831,12,8,2021,2021-08,Day
403,Los Angeles,2021-03-31,10:41,Medium,Cloudy,Dry,5,37.2637,-89.3995,10,3,2021,2021-03,Day
404,Los Angeles,2022-03-08,17:49,Medium,Snow,Dry,4,39.8709,-73.1329,17,3,2022,2022-03,Day
405,Chicago,2021-11-11,02:45,Low,Clear,Icy,5,26.6202,-79.2758,2,11,2021,2021-11,Night
406,San Diego,2022-06-14,12:28,Medium,Clear,Wet,5,25.1357,-84.5451,12,6,2022,2022-06,Day
407,New York,2021-05-10,18:37,High,Clear,Wet,3,43.0985,-106.3298,18,5,2021,2021-05,Night
408,Houston,2021-06-27,09:59,Low,Rain,Dry,5,30.0569,-83.1688,9,6,2021,2021-06,Day
409,Chicago,2022-08-28,22:09,High,Hail,Slippery,3,47.02,-121.4202,22,8,2022,2022-08,Night
410,Philadelphia,2021-10-17,07:00,Low,Rain,Dry,2,42.2108,-75.0156,7,10,2021,2021-10,Day
411,San Diego,2022-12-06,08:57,Medium,Clear,Dry,3,29.4695,-112.5694,8,12,2022,2022-12,Day
412,Indianapolis,2021-04-22,20:59,Medium,Rain,Dry,1,30.7658,-111.7343,20,4,2021,2021-04,Night
413,New York,2023-09-25,22:22,Medium,Clear,Wet,2,32.3091,-98.5664,22,9,2023,2023-09,Night
414,Philadelphia,2022-09-19,17:09,Low,Clear,Dry,1,32.2039,-81.1457,17,9,2022,2022-09,Day
415,New York,2023-06-13,09:23,Medium,Snow,Dry,3,42.8196,-96.6775,9,6,2023,2023-06,Day
416,New York,2021-08-11,07:38,Low,Snow,Slippery,2,31.0544,-75.9105,7,8,2021,2021-08,Day
417,New York,2021-06-06,18:57,Medium,Clear,Wet,4,42.6916,-110.9364,18,6,2021,2021-06,Night
418,Columbus,2021-03-17,15:34,Medium,Rain,Dry,4,30.1361,-81.8485,15,3,2021,2021-03,Day
419,Phoenix,2022-08-19,07:32,Low,Rain,Wet,5,40.7357,-82.6253,7,8,2022,2022-08,Day
420,Philadelphia,2021-10-15,13:11,Medium,Snow,Dry,4,46.601,-119.8982,13,10,2021,2021-10,Day
421,Chicago,2023-09-26,08:16,Low,Clear,Slippery,3,33.9261,-74.2691,8,9,2023,2023-09,Day
422,Chicago,2021-04-06,03:41,Medium,Rain,Icy,3,38.3085,-92.3517,3,4,2021,2021-04,Night
423,San Antonio,2023-02-11,17:23,High,Clear,Dry,2,36.8766,-103.6493,17,2,2023,2023-02,Day
424,Columbus,2022-12-08,13:30,Low,Cloudy,Dry,2,26.773,-88.5392,13,12,2022,2022-12,Day
425,Chicago,2022-03-10,07:10,Medium,Clear,Dry,3,41.5659,-96.9611,7,3,2022,2022-03,Day
426,Los Angeles,2023-09-08,13:37,High,Clear,Dry,5,38.624,-114.9943,13,9,2023,2023-09,Day
427,New York,2023-11-16,03:36,Low,Cloudy,Wet,4,38.7852,-92.6926,3,11,2023,2023-11,Night
428,San Diego,2021-02-08,20:46,Low,Clear,Dry,4,44.948,-113.1305,20,2,2021,2021-02,Night
429,San Antonio,2023-04-22,16:50,Medium,Rain,Wet,2,41.6563,-104.1811,16,4,2023,2023-04,Day
430,Los Angeles,2023-07-18,16:04,Low,Clear,Dry,5,40.7405,-79.0213,16,7,2023,2023-07,Day
431,San Antonio,2021-07-17,07:57,Low,Fog,Wet,1,27.1434,-87.7116,7,7,2021,2021-07,Day
432,San Diego,2021-01-03,20:49,Medium,Clear,Slippery,5,34.866,-73.2021,20,1,2021,2021-01,Night
433,Chicago,2023-09-15,19:24,High,Cloudy,Icy,5,27.2475,-115.0381,19,9,2023,2023-09,Night
434,Jacksonville,2023-09-05,18:58,Low,Snow,Dry,2,25.1258,-83.3304,18,9,2023,2023-09,Night
435,Phoenix,2021-01-15,15:07,Low,Clear,Icy,4,33.3322,-113.9515,15,1,2021,2021-01,Day
436,Houston,2022-06-04,09:34,Low,Clear,Wet,2,34.5042,-81.243,9,6,2022,2022-06,Day
437,Philadelphia,2023-09-16,07:35,Low,Clear,Dry,4,41.923,-77.5401,7,9,2023,2023-09,Day
438,San Jose,2021-09-01,18:28,High,Clear,Wet,3,43.4196,-90.0707,18,9,2021,2021-09,Night
439,New York,2021-04-17,07:40,Low,Clear,Slippery,4,27.0272,-108.3192,7,4,2021,2021-04,Day
440,Dallas,2023-01-30,06:02,High,Clear,Wet,3,41.3669,-90.9314,6,1,2023,2023-01,Day
441,New York,2021-12-25,16:28,High,Cloudy,Wet,2,25.773,-90.8252,16,12,2021,2021-12,Day
442,Los Angeles,2023-11-23,17:39,Low,Clear,Dry,2,26.9974,-107.6513,17,11,2023,2023-11,Day
443,Houston,2023-03-30,11:25,Low,Clear,Wet,1,37.6406,-84.2408,11,3,2023,2023-03,Day
444,Los Angeles,2022-12-14,11:52,Medium,Clear,Slippery,5,25.107,-112.8982,11,12,2022,2022-12,Day
445,Phoenix,2023-11-03,06:04,Low,Clear,Wet,3,45.1506,-79.7163,6,11,2023,2023-11,Day
446,Philadelphia,2022-05-28,17:24,Medium,Fog,Under Construction,4,40.6767,-75.3808,17,5,2022,2022-05,Day
447,New York,2021-02-26,13:16,Medium,Windy,Wet,2,43.4037,-100.5538,13,2,2021,2021-02,Day
448,Dallas,2022-12-25,14:00,Low,Clear,Dry,3,26.7487,-73.5674,14,12,2022,2022-12,Day
449,Columbus,2023-09-03,10:13,Low,Cloudy,Wet,2,36.477,-111.6173,10,9,2023,2023-09,Day
450,Los Angeles,2022-05-11,20:13,High,Snow,Dry,1,27.7572,-117.9186,20,5,2022,2022-05,Night
451,Jacksonville,2023-10-06,16:48,High,Snow,Dry,3,36.3238,-70.7612,16,10,2023,2023-10,Day
452,Charlotte,2022-07-17,13:48,Low,Clear,Wet,1,37.0919,-99.9949,13,7,2022,2022-07,Day
453,Jacksonville,2021-03-08,14:25,Medium,Rain,Dry,5,35.5816,-86.1611,14,3,2021,2021-03,Day
454,San Antonio,2021-01-25,17:24,Low,Rain,Dry,5,31.0455,-107.9908,17,1,2021,2021-01,Day
455,Houston,2022-12-04,11:31,Medium,Fog,Dry,4,31.4315,-112.6458,11,12,2022,2022-12,Day
456,Los Angeles,2021-09-26,23:43,Low,Clear,Dry,4,44.6951,-111.8047,23,9,2021,2021-09,Night
457,Los Angeles,2021-11-03,13:00,Medium,Windy,Icy,5,37.2816,-105.5822,13,11,2021,2021-11,Day
458,Jacksonville,2023-09-24,10:35,Low,Clear,Dry,2,43.7178,-97.2199,10,9,2023,2023-09,Day
459,Los Angeles,2021-07-17,13:21,Low,Rain,Icy,3,25.4562,-115.6957,13,7,2021,2021-07,Day
460,San Diego,2022-02-12,15:41,Low,Fog,Dry,5,36.2124,-83.7006,15,2,2022,2022-02,Day
461,Houston,2021-06-10,12:18,High,Snow,Wet,3,34.7018,-90.1599,12,6,2021,2021-06,Day
462,New York,2023-04-09,20:04,Low,Clear,Wet,3,38.9239,-101.4363,20,4,2023,2023-04,Night
463,Dallas,2023-07-01,18:23,Medium,Rain,Dry,1,27.8759,-109.7994,18,7,2023,2023-07,Night
464,Dallas,2022-05-31,21:44,Low,Clear,Dry,4,37.614,-120.629,21,5,2022,2022-05,Night
465,New York,2023-03-25,14:05,Medium,Clear,Slippery,4,32.1155,-109.1354,14,3,2023,2023-03,Day
466,New York,2022-08-05,12:08,High,Clear,Wet,3,44.8775,-97.7059,12,8,2022,2022-08,Day
467,Indianapolis,2022-07-12,15:08,Medium,Clear,Wet,5,35.0045,-88.7311,15,7,2022,2022-07,Day
468,Phoenix,2023-12-30,10:22,Low,Clear,Dry,4,30.9756,-106.2142,10,12,2023,2023-12,Day
469,Jacksonville,2021-01-01,14:48,Low,Rain,Dry,4,46.78,-97.1925,14,1,2021,2021-01,Day
470,Chicago,2021-01-19,18:51,Low,Clear,Dry,4,45.2897,-99.2705,18,1,2021,2021-01,Night
471,San Diego,2022-05-27,07:47,High,Clear,Dry,2,36.882,-80.4021,7,5,2022,2022-05,Day
472,Philadelphia,2022-07-11,10:47,Low,Clear,Dry,2,31.6607,-88.8816,10,7,2022,2022-07,Day
473,Phoenix,2023-07-17,09:39,Low,Clear,Under Construction,1,29.2766,-116.6818,9,7,2023,2023-07,Day
474,Dallas,2022-07-06,07:28,Low,Clear,Dry,3,34.6656,-81.1423,7,7,2022,2022-07,Day
475,Dallas,2023-10-18,23:29,Low,Clear,Icy,2,26.2889,-81.666,23,10,2023,2023-10,Night
476,Los Angeles,2021-05-27,14:11,High,Snow,Icy,1,47.4158,-84.8365,14,5,2021,2021-05,Day
477,Los Angeles,2023-02-28,18:28,High,Clear,Wet,1,36.9862,-70.93,18,2,2023,2023-02,Night
478,Charlotte,2023-08-27,12:19,Low,Fog,Wet,5,36.9813,-108.8277,12,8,2023,2023-08,Day
479,New York,2022-09-04,08:56,Medium,Hail,Dry,4,32.4638,-113.2973,8,9,2022,2022-09,Day
480,San Jose,2022-07-20,15:25,Low,Clear,Icy,4,40.8334,-113.9404,15,7,2022,2022-07,Day
481,New York,2021-07-03,09:31,Medium,Cloudy,Under Construction,1,26.3748,-88.4821,9,7,2021,2021-07,Day
482,Chicago,2021-08-08,07:14,Medium,Rain,Dry,4,41.8633,-120.8897,7,8,2021,2021-08,Day
483,Los Angeles,2023-02-13,11:08,Low,Fog,Wet,5,41.0319,-112.1317,11,2,2023,2023-02,Day
484,Dallas,2022-01-18,15:20,Low,Snow,Slippery,5,28.6879,-94.3809,15,1,2022,2022-01,Day
485,Philadelphia,2023-07-10,10:16,Medium,Fog,Wet,2,45.3074,-89.7738,10,7,2023,2023-07,Day
486,Chicago,2023-01-16,18:15,Low,Hail,Icy,2,37.0536,-96.1274,18,1,2023,2023-01,Night
487,Houston,2021-11-12,16:20,Low,Clear,Wet,1,44.2094,-115.2517,16,11,2021,2021-11,Day
488,Los Angeles,2021-03-06,08:31,Low,Rain,Dry,4,37.0939,-85.5317,8,3,2021,2021-03,Day
489,San Antonio,2022-06-09,04:14,Low,Cloudy,Dry,4,46.3533,-78.732,4,6,2022,2022-06,Night
490,Chicago,2023-08-17,19:03,Medium,Cloudy,Icy,1,43.9438,-108.1776,19,8,2023,2023-08,Night
491,Chicago,2021-03-25,18:53,High,Hail,Dry,2,37.2282,-112.1481,18,3,2021,2021-03,Night
492,San Antonio,2023-12-14,17:36,Low,Fog,Dry,1,42.6245,-92.0187,17,12,2023,2023-12,Day
493,Columbus,2023-07-29,17:27,Low,Clear,Dry,3,40.1232,-94.2372,17,7,2023,2023-07,Day
494,Chicago,2023-06-27,21:57,High,Clear,Dry,4,44.0016,-105.1806,21,6,2023,2023-06,Night
495,Chicago,2022-05-08,15:13,Medium,Fog,Dry,4,35.2925,-101.3513,15,5,2022,2022-05,Day
496,New York,2021-03-12,23:38,Low,Cloudy,Dry,2,29.9409,-105.625,23,3,2021,2021-03,Night
497,Philadelphia,2022-07-20,21:32,High,Clear,Dry,3,28.5905,-108.2206,21,7,2022,2022-07,Night
498,Chicago,2022-05-27,08:51,Medium,Rain,Dry,1,41.6424,-80.769,8,5,2022,2022-05,Day
499,Dallas,2021-12-21,13:57,Medium,Cloudy,Wet,3,25.8595,-79.9663,13,12,2021,2021-12,Day
500,Charlotte,2023-02-21,06:03,Low,Snow,Dry,1,45.0051,-110.2107,6,2,2023,2023-02,Day
501,Chicago,2021-01-24,16:40,Low,Clear,Wet,2,32.5171,-85.716,16,1,2021,2021-01,Day
502,Indianapolis,2021-11-10,04:46,High,Fog,Wet,1,30.108,-106.9313,4,11,2021,2021-11,Night
503,New York,2023-03-19,07:21,Medium,Clear,Dry,1,34.1661,-99.4065,7,3,2023,2023-03,Day
504,Philadelphia,2021-09-25,18:30,Medium,Rain,Dry,5,47.9328,-94.7391,18,9,2021,2021-09,Night
505,Houston,2022-05-12,05:49,Medium,Rain,Dry,4,34.7414,-103.888,5,5,2022,2022-05,Night
506,New York,2022-10-19,11:41,Low,Windy,Wet,4,39.3332,-99.0959,11,10,2022,2022-10,Day
507,Los Angeles,2022-04-24,08:23,Medium,Clear,Wet,2,46.8256,-73.8101,8,4,2022,2022-04,Day
508,Austin,2022-08-13,01:44,Low,Rain,Dry,5,29.8731,-93.5859,1,8,2022,2022-08,Night
509,Dallas,2022-06-14,15:39,Low,Rain,Dry,5,45.8389,-94.6064,15,6,2022,2022-06,Day
510,Los Angeles,2022-06-08,07:18,Medium,Clear,Dry,1,26.5317,-87.6606,7,6,2022,2022-06,Day
511,Chicago,2023-01-08,20:01,High,Clear,Under Construction,5,47.4621,-116.8206,20,1,2023,2023-01,Night
512,Philadelphia,2022-10-09,13:38,Low,Rain,Dry,1,25.9143,-74.042,13,10,2022,2022-10,Day
513,Dallas,2022-09-17,11:25,Low,Rain,Dry,3,30.4327,-71.1313,11,9,2022,2022-09,Day
514,San Antonio,2023-10-24,09:03,High,Cloudy,Icy,1,46.7151,-72.6459,9,10,2023,2023-10,Day
515,Houston,2022-04-07,07:57,Low,Fog,Wet,5,45.0721,-86.3008,7,4,2022,2022-04,Day
516,Houston,2023-05-05,09:09,Low,Rain,Dry,2,29.7554,-114.794,9,5,2023,2023-05,Day
517,Dallas,2022-02-19,20:19,High,Cloudy,Dry,2,40.0933,-92.6281,20,2,2022,2022-02,Night
518,Philadelphia,2021-11-20,10:35,Medium,Clear,Icy,2,41.7228,-82.1974,10,11,2021,2021-11,Day
519,Houston,2023-04-28,22:19,High,Cloudy,Slippery,3,28.495,-112.2275,22,4,2023,2023-04,Night
520,Indianapolis,2021-09-27,07:48,Medium,Rain,Wet,5,30.3402,-86.2563,7,9,2021,2021-09,Day
521,Phoenix,2023-01-06,06:49,Medium,Rain,Wet,3,29.2315,-101.8521,6,1,2023,2023-01,Day
522,Los Angeles,2023-08-29,07:12,Medium,Hail,Slippery,4,30.1187,-87.0904,7,8,2023,2023-08,Day
523,Los Angeles,2022-02-20,18:04,High,Clear,Wet,3,44.9358,-75.8455,18,2,2022,2022-02,Night
524,San Antonio,2023-05-26,12:02,High,Fog,Dry,5,38.6575,-94.688,12,5,2023,2023-05,Day
525,Houston,2021-03-20,14:28,High,Snow,Dry,5,34.0991,-83.7712,14,3,2021,2021-03,Day
526,Indianapolis,2023-03-05,14:40,Low,Clear,Slippery,3,35.611,-100.032,14,3,2023,2023-03,Day
527,New York,2021-04-22,17:57,High,Rain,Wet,1,29.1347,-91.5567,17,4,2021,2021-04,Day
528,Houston,2021-10-05,12:20,Low,Rain,Wet,2,45.2986,-117.3107,12,10,2021,2021-10,Day
529,Dallas,2022-10-26,17:58,Low,Fog,Dry,4,39.5837,-117.5641,17,10,2022,2022-10,Day
530,San Antonio,2023-02-26,18:32,Low,Rain,Dry,2,45.9818,-92.5944,18,2,2023,2023-02,Night
531,Los Angeles,2021-11-04,07:09,Medium,Clear,Dry,4,31.642,-112.6038,7,11,2021,2021-11,Day
532,San Antonio,2021-09-27,22:00,Low,Rain,Slippery,5,43.5715,-90.3848,22,9,2021,2021-09,Night
533,San Diego,2023-10-08,08:37,Medium,Clear,Wet,1,30.6284,-93.5382,8,10,2023,2023-10,Day
534,New York,2022-03-02,04:09,Low,Clear,Dry,5,44.2743,-106.481,4,3,2022,2022-03,Night
535,Indianapolis,2021-06-29,04:26,Low,Clear,Wet,5,38.1625,-92.7668,4,6,2021,2021-06,Night
536,Charlotte,2023-07-22,18:23,Low,Clear,Dry,4,43.8661,-82.561,18,7,2023,2023-07,Night
537,New York,2021-05-13,10:08,High,Clear,Dry,2,41.0041,-90.1732,10,5,2021,2021-05,Day
538,Phoenix,2021-08-12,15:40,Low,Fog,Wet,3,34.8222,-77.9145,15,8,2021,2021-08,Day
539,Chicago,2022-06-16,14:39,Low,Rain,Wet,4,36.3276,-112.6448,14,6,2022,2022-06,Day
540,New York,2022-04-22,18:12,Low,Rain,Dry,2,43.39,-70.0527,18,4,2022,2022-04,Night
541,Philadelphia,2023-04-28,04:22,Medium,Clear,Dry,3,30.8516,-118.4725,4,4,2023,2023-04,Night
542,San Jose,2022-09-07,14:20,Low,Clear,Dry,5,39.1678,-120.4859,14,9,2022,2022-09,Day
543,Chicago,2021-12-26,08:53,Medium,Cloudy,Icy,2,36.0744,-89.3856,8,12,2021,2021-12,Day
544,Houston,2022-11-18,13:52,Medium,Snow,Dry,3,37.7691,-121.0266,13,11,2022,2022-11,Day
545,Austin,2022-11-11,19:56,Low,Clear,Icy,3,47.6232,-89.4214,19,11,2022,2022-11,Night
546,Los Angeles,2021-12-06,15:24,Low,Fog,Dry,3,41.3263,-107.8821,15,12,2021,2021-12,Day
547,Chicago,2021-06-27,13:15,High,Clear,Wet,2,27.5813,-81.1829,13,6,2021,2021-06,Day
548,Phoenix,2022-02-18,21:28,Medium,Cloudy,Dry,3,46.2436,-83.9131,21,2,2022,2022-02,Night
549,New York,2023-12-09,10:20,High,Snow,Slippery,2,29.7193,-120.0993,10,12,2023,2023-12,Day
550,New York,2023-03-05,18:33,Low,Clear,Icy,1,32.6657,-75.7623,18,3,2023,2023-03,Night
551,Dallas,2021-07-31,14:42,Low,Fog,Wet,2,32.3802,-111.9876,14,7,2021,2021-07,Day
552,Houston,2022-07-21,14:49,Low,Clear,Dry,1,47.0409,-92.8995,14,7,2022,2022-07,Day
553,Philadelphia,2021-07-29,08:22,Low,Cloudy,Icy,5,30.631,-118.2954,8,7,2021,2021-07,Day
554,New York,2022-11-25,14:03,Medium,Rain,Dry,1,26.9808,-101.6203,14,11,2022,2022-11,Day
555,Chicago,2023-07-03,16:19,Low,Fog,Icy,1,47.3947,-82.7014,16,7,2023,2023-07,Day
556,Austin,2023-08-12,15:05,High,Rain,Dry,4,35.8226,-72.7327,15,8,2023,2023-08,Day
557,Los Angeles,2021-10-22,20:39,Low,Clear,Slippery,3,43.1419,-76.115,20,10,2021,2021-10,Night
558,Phoenix,2023-07-18,13:04,Low,Rain,Dry,3,38.9021,-115.3755,13,7,2023,2023-07,Day
559,Austin,2021-07-30,12:45,Low,Rain,Icy,5,35.6024,-91.2921,12,7,2021,2021-07,Day
560,Los Angeles,2022-05-04,16:35,Medium,Clear,Dry,5,34.9164,-71.0293,16,5,2022,2022-05,Day
561,Los Angeles,2022-12-02,15:15,Medium,Fog,Wet,4,27.6294,-91.0041,15,12,2022,2022-12,Day
562,Houston,2022-10-29,15:52,Low,Clear,Wet,5,42.7409,-102.2966,15,10,2022,2022-10,Day
563,New York,2023-10-10,17:03,High,Cloudy,Slippery,1,42.4128,-87.6342,17,10,2023,2023-10,Day
564,San Antonio,2023-07-17,14:24,Medium,Clear,Slippery,3,38.1164,-74.5134,14,7,2023,2023-07,Day
565,Houston,2022-09-16,21:59,High,Clear,Dry,1,39.0643,-95.458,21,9,2022,2022-09,Night
566,Chicago,2021-09-19,20:03,Medium,Clear,Wet,3,27.5231,-107.3251,20,9,2021,2021-09,Night
567,San Antonio,2021-03-05,08:44,Medium,Fog,Dry,4,37.5377,-87.5506,8,3,2021,2021-03,Day
568,Chicago,2023-08-31,07:35,High,Snow,Dry,2,28.0884,-118.2692,7,8,2023,2023-08,Day
569,Phoenix,2021-02-02,07:56,Medium,Windy,Dry,4,44.7835,-75.5337,7,2,2021,2021-02,Day
570,Phoenix,2023-05-22,16:29,Medium,Rain,Dry,2,34.7698,-121.6136,16,5,2023,2023-05,Day
571,Dallas,2023-10-18,19:15,Low,Cloudy,Wet,1,47.4994,-92.4562,19,10,2023,2023-10,Night
572,Indianapolis,2023-01-25,06:30,Low,Fog,Wet,3,35.6935,-117.9318,6,1,2023,2023-01,Day
573,Dallas,2021-07-01,09:40,High,Clear,Wet,5,32.1875,-119.2557,9,7,2021,2021-07,Day
574,Houston,2022-12-05,14:00,Medium,Rain,Wet,4,33.117,-71.1565,14,12,2022,2022-12,Day
575,Dallas,2022-08-27,10:02,Medium,Clear,Icy,3,26.4126,-97.3957,10,8,2022,2022-08,Day
576,Indianapolis,2021-12-13,15:42,High,Rain,Dry,1,27.9169,-118.0032,15,12,2021,2021-12,Day
577,Los Angeles,2022-07-24,09:39,High,Clear,Dry,2,45.933,-83.5737,9,7,2022,2022-07,Day
578,Los Angeles,2023-07-04,11:11,Medium,Rain,Icy,1,32.8855,-117.6111,11,7,2023,2023-07,Day
579,Los Angeles,2021-10-25,16:52,Medium,Windy,Icy,2,40.1953,-84.248,16,10,2021,2021-10,Day
580,Jacksonville,2021-12-09,08:46,Low,Clear,Icy,1,28.8548,-101.2653,8,12,2021,2021-12,Day
581,Charlotte,2022-09-10,13:48,Low,Rain,Dry,3,28.3384,-76.7456,13,9,2022,2022-09,Day
582,Houston,2021-01-25,10:51,Medium,Hail,Wet,1,27.2394,-94.3727,10,1,2021,2021-01,Day
583,San Antonio,2022-12-26,22:27,Medium,Clear,Dry,1,30.8729,-91.6228,22,12,2022,2022-12,Night
584,Los Angeles,2023-08-03,18:47,Medium,Fog,Wet,2,32.2052,-121.4499,18,8,2023,2023-08,Night
585,Houston,2021-01-18,19:00,Medium,Rain,Dry,3,30.7936,-120.2298,19,1,2021,2021-01,Night
586,San Diego,2021-07-08,05:38,High,Hail,Wet,1,26.9869,-90.5563,5,7,2021,2021-07,Night
587,San Diego,2023-02-09,17:57,High,Clear,Dry,2,30.8267,-97.7183,17,2,2023,2023-02,Day
588,Indianapolis,2021-06-05,16:59,Medium,Rain,Wet,3,30.9187,-81.402,16,6,2021,2021-06,Day
589,Chicago,2022-07-22,18:24,High,Clear,Icy,2,35.1332,-96.4305,18,7,2022,2022-07,Night
590,San Diego,2022-02-15,16:11,Low,Rain,Dry,5,39.7968,-74.5443,16,2,2022,2022-02,Day
591,New York,2022-06-15,06:04,Medium,Fog,Dry,4,28.4236,-88.7026,6,6,2022,2022-06,Day
592,Los Angeles,2021-03-19,17:17,Low,Clear,Dry,4,35.9972,-100.9965,17,3,2021,2021-03,Day
593,Chicago,2021-05-24,14:00,Medium,Fog,Dry,5,46.506,-103.3362,14,5,2021,2021-05,Day
594,Indianapolis,2022-09-13,12:40,Medium,Clear,Slippery,3,26.8505,-98.0988,12,9,2022,2022-09,Day
595,Philadelphia,2022-08-17,17:11,High,Rain,Dry,4,45.6186,-89.2079,17,8,2022,2022-08,Day
596,San Diego,2023-01-06,13:56,Medium,Clear,Dry,5,30.4852,-101.7841,13,1,2023,2023-01,Day
597,Austin,2022-09-23,13:53,High,Clear,Dry,3,43.1189,-119.7736,13,9,2022,2022-09,Day
598,San Diego,2021-08-31,08:41,Medium,Rain,Slippery,2,42.0442,-109.8847,8,8,2021,2021-08,Day
599,Phoenix,2021-05-28,03:09,Low,Cloudy,Wet,2,41.1298,-115.212,3,5,2021,2021-05,Night
600,Chicago,2021-12-19,16:57,Medium,Rain,Dry,5,26.471,-79.4915,16,12,2021,2021-12,Day
601,San Antonio,2021-08-22,13:51,Low,Clear,Dry,4,32.4574,-71.2556,13,8,2021,2021-08,Day
602,Los Angeles,2021-10-09,10:50,Low,Clear,Dry,3,28.2484,-100.412,10,10,2021,2021-10,Day
603,Los Angeles,2023-01-28,15:28,Medium,Clear,Icy,5,33.651,-113.7968,15,1,2023,2023-01,Day
604,Los Angeles,2023-09-25,06:00,Low,Rain,Slippery,4,40.9506,-80.8035,6,9,2023,2023-09,Day
605,New York,2023-09-02,17:13,Low,Rain,Dry,2,39.0424,-120.0437,17,9,2023,2023-09,Day
606,Indianapolis,2022-01-04,18:39,Medium,Fog,Dry,1,37.8273,-112.0211,18,1,2022,2022-01,Night
607,Chicago,2023-12-22,22:39,Medium,Rain,Dry,2,31.3578,-111.9266,22,12,2023,2023-12,Night
608,Phoenix,2021-11-02,17:58,Low,Rain,Dry,3,31.5565,-99.3971,17,11,2021,2021-11,Day
609,San Jose,2022-11-16,16:56,Low,Fog,Slippery,2,28.635,-120.4886,16,11,2022,2022-11,Day
610,Los Angeles,2023-11-21,06:57,Medium,Rain,Dry,3,30.2915,-116.2731,6,11,2023,2023-11,Day
611,Houston,2022-04-12,06:47,Low,Cloudy,Dry,5,36.1414,-75.6946,6,4,2022,2022-04,Day
612,Houston,2021-10-24,08:39,Low,Clear,Wet,3,47.4378,-111.485,8,10,2021,2021-10,Day
613,New York,2021-09-18,02:36,Low,Snow,Dry,2,42.4878,-110.5676,2,9,2021,2021-09,Night
614,Austin,2022-08-28,16:50,High,Cloudy,Wet,5,44.6651,-117.5033,16,8,2022,2022-08,Day
615,San Antonio,2023-12-05,13:13,High,Clear,Wet,2,30.7001,-99.4191,13,12,2023,2023-12,Day
616,Charlotte,2022-04-01,20:37,High,Cloudy,Dry,1,25.9213,-97.5261,20,4,2022,2022-04,Night
617,Houston,2023-10-30,03:33,High,Rain,Dry,4,30.5318,-92.9587,3,10,2023,2023-10,Night
618,Charlotte,2021-01-26,17:26,Low,Clear,Wet,1,25.3664,-87.2101,17,1,2021,2021-01,Day
619,Philadelphia,2021-11-28,17:54,Medium,Hail,Dry,2,45.1066,-100.9213,17,11,2021,2021-11,Day
620,San Diego,2023-01-29,16:45,High,Clear,Slippery,3,37.2112,-106.5773,16,1,2023,2023-01,Day
621,Philadelphia,2022-07-07,17:39,Medium,Fog,Dry,3,41.9225,-119.1498,17,7,2022,2022-07,Day
622,Chicago,2023-01-16,20:07,Medium,Clear,Dry,5,41.2121,-92.8406,20,1,2023,2023-01,Night
623,Los Angeles,2022-02-24,07:21,Low,Rain,Slippery,5,45.036,-85.4521,7,2,2022,2022-02,Day
624,Los Angeles,2022-04-07,10:57,Medium,Clear,Dry,3,35.4054,-95.9246,10,4,2022,2022-04,Day
625,San Diego,2021-09-09,13:34,Medium,Clear,Wet,1,29.3321,-76.0331,13,9,2021,2021-09,Day
626,Los Angeles,2021-06-28,06:57,High,Clear,Dry,1,41.0329,-96.1909,6,6,2021,2021-06,Day
627,New York,2022-02-23,14:40,Medium,Rain,Slippery,4,32.9741,-98.9193,14,2,2022,2022-02,Day
628,New York,2021-02-13,10:04,High,Snow,Wet,3,34.4689,-104.1748,10,2,2021,2021-02,Day
629,Dallas,2022-10-31,13:42,High,Clear,Dry,2,45.6605,-106.0623,13,10,2022,2022-10,Day
630,Indianapolis,2022-06-17,08:23,Medium,Clear,Dry,4,46.9929,-89.8312,8,6,2022,2022-06,Day
631,Los Angeles,2021-11-26,18:18,Low,Fog,Slippery,2,28.7089,-115.9203,18,11,2021,2021-11,Night
632,Los Angeles,2022-10-11,15:28,Low,Rain,Dry,3,47.4945,-114.3069,15,10,2022,2022-10,Day
633,Philadelphia,2023-07-08,14:10,Low,Clear,Slippery,2,46.7991,-73.7538,14,7,2023,2023-07,Day
634,Philadelphia,2021-11-16,00:47,Medium,Rain,Dry,3,47.3009,-82.7836,0,11,2021,2021-11,Night
635,Columbus,2021-10-29,19:46,Medium,Rain,Wet,1,28.2067,-93.3501,19,10,2021,2021-10,Night
636,Jacksonville,2022-09-23,02:39,Medium,Clear,Dry,2,38.4189,-110.4485,2,9,2022,2022-09,Night
637,Philadelphia,2022-07-24,08:05,Medium,Rain,Dry,5,34.0717,-96.4958,8,7,2022,2022-07,Day
638,San Diego,2023-11-14,21:58,Low,Fog,Dry,4,33.5751,-107.1982,21,11,2023,2023-11,Night
639,Columbus,2022-12-21,10:28,Low,Fog,Dry,4,43.4848,-106.991,10,12,2022,2022-12,Day
640,New York,2023-05-19,18:26,Medium,Clear,Dry,4,47.7328,-94.6843,18,5,2023,2023-05,Night
641,San Jose,2022-11-18,05:37,Low,Clear,Slippery,4,29.0225,-97.9698,5,11,2022,2022-11,Night
642,Chicago,2021-10-08,08:53,Medium,Clear,Icy,5,31.99,-92.9174,8,10,2021,2021-10,Day
643,New York,2023-08-08,08:50,Low,Hail,Icy,4,27.8561,-87.3725,8,8,2023,2023-08,Day
644,Columbus,2022-08-13,12:31,Medium,Clear,Icy,4,47.8697,-118.5303,12,8,2022,2022-08,Day
645,Houston,2023-01-11,15:36,Low,Rain,Under Construction,1,33.5837,-83.8862,15,1,2023,2023-01,Day
646,San Antonio,2021-02-05,19:10,Low,Rain,Wet,3,28.7561,-107.8211,19,2,2021,2021-02,Night
647,New York,2023-05-10,16:22,Low,Rain,Dry,2,42.6282,-112.4711,16,5,2023,2023-05,Day
648,Philadelphia,2021-07-13,16:10,High,Snow,Wet,3,31.2436,-85.7057,16,7,2021,2021-07,Day
649,Chicago,2023-01-13,06:37,Low,Clear,Dry,4,34.4759,-74.1128,6,1,2023,2023-01,Day
650,Phoenix,2021-11-30,06:09,High,Fog,Wet,5,44.4596,-84.9475,6,11,2021,2021-11,Day
651,New York,2021-08-22,12:58,High,Cloudy,Dry,3,40.8942,-114.7713,12,8,2021,2021-08,Day
652,Phoenix,2023-06-25,20:38,High,Clear,Dry,1,30.1142,-77.4456,20,6,2023,2023-06,Night
653,New York,2021-10-19,17:19,Low,Clear,Wet,1,26.7879,-81.716,17,10,2021,2021-10,Day
654,New York,2023-06-03,03:06,Medium,Rain,Dry,3,25.9955,-106.3144,3,6,2023,2023-06,Night
655,New York,2021-01-22,18:50,Medium,Rain,Dry,3,25.673,-114.431,18,1,2021,2021-01,Night
656,Chicago,2022-07-23,22:22,High,Fog,Wet,5,38.1154,-116.8465,22,7,2022,2022-07,Night
657,Los Angeles,2021-01-29,14:45,Low,Cloudy,Wet,1,46.2573,-74.1352,14,1,2021,2021-01,Day
658,Los Angeles,2023-08-31,11:37,Medium,Clear,Icy,4,34.7541,-95.2589,11,8,2023,2023-08,Day
659,New York,2023-04-15,06:20,Low,Clear,Icy,3,37.814,-119.8884,6,4,2023,2023-04,Day
660,Los Angeles,2022-11-03,13:24,Medium,Clear,Under Construction,4,30.1951,-100.8213,13,11,2022,2022-11,Day
661,Columbus,2023-05-27,08:04,High,Cloudy,Dry,1,47.9706,-96.4343,8,5,2023,2023-05,Day
662,San Diego,2021-08-04,12:33,Low,Clear,Dry,5,47.4841,-83.4455,12,8,2021,2021-08,Day
663,Chicago,2021-12-12,05:12,Medium,Windy,Dry,4,41.6796,-107.517,5,12,2021,2021-12,Night
664,San Diego,2022-07-14,18:51,Medium,Rain,Wet,4,47.713,-95.4064,18,7,2022,2022-07,Night
665,New York,2021-10-29,18:06,Medium,Clear,Slippery,1,27.2909,-119.2517,18,10,2021,2021-10,Night
666,Indianapolis,2021-05-20,13:01,Low,Rain,Dry,5,39.3344,-82.4711,13,5,2021,2021-05,Day
667,Houston,2023-12-01,18:50,Low,Rain,Wet,5,32.9032,-77.297,18,12,2023,2023-12,Night
668,Indianapolis,2021-02-06,22:02,High,Clear,Dry,4,35.1788,-120.129,22,2,2021,2021-02,Night
669,San Jose,2021-12-29,15:55,High,Clear,Dry,3,41.4616,-96.6523,15,12,2021,2021-12,Day
670,San Diego,2021-08-13,15:31,Medium,Rain,Dry,2,36.6538,-101.648,15,8,2021,2021-08,Day
671,San Antonio,2023-10-11,16:24,Low,Hail,Dry,1,38.5807,-115.3337,16,10,2023,2023-10,Day
672,San Antonio,2023-01-21,11:47,Medium,Rain,Dry,4,32.9383,-103.417,11,1,2023,2023-01,Day
673,Los Angeles,2022-12-21,05:15,Medium,Rain,Slippery,1,44.9856,-116.0475,5,12,2022,2022-12,Night
674,New York,2021-12-14,01:20,Medium,Clear,Wet,4,31.1322,-85.8102,1,12,2021,2021-12,Night
675,Philadelphia,2021-02-15,23:24,Low,Clear,Dry,2,32.7273,-95.856,23,2,2021,2021-02,Night
676,Chicago,2022-11-27,07:19,Medium,Rain,Icy,1,44.3288,-94.1366,7,11,2022,2022-11,Day
677,Indianapolis,2022-08-12,09:19,Medium,Clear,Wet,1,41.5073,-91.934,9,8,2022,2022-08,Day
678,Austin,2022-11-21,09:36,Medium,Clear,Icy,3,36.6067,-106.4047,9,11,2022,2022-11,Day
679,Los Angeles,2022-10-04,08:25,Medium,Rain,Wet,1,39.4404,-95.1563,8,10,2022,2022-10,Day
680,San Diego,2022-01-18,15:13,High,Cloudy,Dry,5,43.6055,-77.6557,15,1,2022,2022-01,Day
681,San Antonio,2023-06-08,21:46,Medium,Clear,Dry,2,42.168,-82.1924,21,6,2023,2023-06,Night
682,Jacksonville,2023-06-11,12:55,Low,Clear,Dry,3,39.859,-108.6648,12,6,2023,2023-06,Day
683,New York,2022-04-29,12:07,Low,Fog,Dry,4,37.876,-99.3211,12,4,2022,2022-04,Day
684,New York,2021-03-17,08:17,Low,Snow,Wet,2,39.8188,-119.8039,8,3,2021,2021-03,Day
685,Jacksonville,2023-09-23,18:03,Low,Rain,Slippery,4,45.6258,-87.0731,18,9,2023,2023-09,Night
686,Dallas,2021-07-04,12:53,Low,Clear,Wet,1,37.005,-78.893,12,7,2021,2021-07,Day
687,New York,2023-12-12,09:56,Medium,Fog,Dry,5,41.9564,-80.0962,9,12,2023,2023-12,Day
688,New York,2022-04-29,21:13,Low,Hail,Dry,3,44.8467,-119.0919,21,4,2022,2022-04,Night
689,Chicago,2023-12-29,11:07,Medium,Rain,Under Construction,2,33.349,-84.7851,11,12,2023,2023-12,Day
690,San Antonio,2022-09-24,01:57,High,Rain,Slippery,2,30.8186,-101.9961,1,9,2022,2022-09,Night
691,New York,2023-01-14,21:43,High,Snow,Dry,4,46.3327,-74.2678,21,1,2023,2023-01,Night
692,San Jose,2022-09-09,06:52,Low,Snow,Dry,4,39.5211,-76.2677,6,9,2022,2022-09,Day
693,Jacksonville,2023-04-13,19:17,High,Cloudy,Dry,4,46.3094,-104.6984,19,4,2023,2023-04,Night
694,New York,2023-05-16,20:52,Low,Clear,Dry,4,38.8487,-79.7017,20,5,2023,2023-05,Night
695,San Jose,2022-11-01,13:01,Medium,Clear,Dry,2,25.0707,-111.5961,13,11,2022,2022-11,Day
696,New York,2022-09-18,10:05,Low,Fog,Icy,2,44.4801,-86.3408,10,9,2022,2022-09,Day
697,Dallas,2022-10-17,13:55,Low,Rain,Icy,3,29.5693,-100.4462,13,10,2022,2022-10,Day
698,Charlotte,2022-01-08,12:24,High,Clear,Slippery,5,39.8835,-89.4154,12,1,2022,2022-01,Day
699,Los Angeles,2021-07-02,22:12,High,Clear,Wet,5,30.9836,-117.3688,22,7,2021,2021-07,Night
700,New York,2023-01-24,07:36,Medium,Clear,Slippery,4,44.0269,-96.3043,7,1,2023,2023-01,Day
701,Charlotte,2022-04-05,18:12,High,Clear,Wet,4,27.9946,-77.4704,18,4,2022,2022-04,Night
702,Dallas,2022-03-18,23:18,Low,Clear,Icy,1,31.6744,-108.3864,23,3,2022,2022-03,Night
703,San Antonio,2023-07-13,21:23,Medium,Clear,Dry,3,47.4112,-101.3272,21,7,2023,2023-07,Night
704,Houston,2022-03-11,18:45,Medium,Clear,Wet,1,32.6558,-109.7882,18,3,2022,2022-03,Night
705,Indianapolis,2022-12-27,23:42,Medium,Fog,Dry,3,36.6045,-102.1912,23,12,2022,2022-12,Night
706,Indianapolis,2023-03-20,17:08,Medium,Rain,Dry,5,36.3353,-104.3628,17,3,2023,2023-03,Day
707,Dallas,2023-08-17,07:20,Medium,Clear,Dry,2,36.4818,-71.3847,7,8,2023,2023-08,Day
708,Houston,2022-07-30,18:59,High,Clear,Icy,3,36.8904,-99.3397,18,7,2022,2022-07,Night
709,San Jose,2021-12-04,10:31,Low,Snow,Wet,4,26.2241,-114.2717,10,12,2021,2021-12,Day
710,Los Angeles,2022-04-16,07:30,Medium,Clear,Under Construction,4,25.9382,-103.461,7,4,2022,2022-04,Day
711,Jacksonville,2023-09-21,13:07,High,Clear,Dry,3,29.1551,-113.2487,13,9,2023,2023-09,Day
712,Columbus,2023-11-08,19:36,Medium,Rain,Under Construction,5,42.6375,-112.6104,19,11,2023,2023-11,Night
713,San Diego,2021-06-07,09:31,High,Clear,Wet,1,34.0659,-91.3024,9,6,2021,2021-06,Day
714,New York,2021-08-06,19:09,Medium,Fog,Dry,3,38.6667,-121.6981,19,8,2021,2021-08,Night
715,Chicago,2021-03-31,17:28,Medium,Fog,Under Construction,5,27.9744,-77.1095,17,3,2021,2021-03,Day
716,Dallas,2022-08-03,10:03,Medium,Rain,Dry,3,29.0942,-71.8174,10,8,2022,2022-08,Day
717,Los Angeles,2023-03-28,06:54,Low,Clear,Wet,2,27.7738,-96.4761,6,3,2023,2023-03,Day
718,Chicago,2023-06-05,18:58,Medium,Clear,Wet,3,36.791,-96.5396,18,6,2023,2023-06,Night
719,San Antonio,2023-03-06,13:36,Low,Clear,Dry,2,34.9844,-99.8471,13,3,2023,2023-03,Day
720,San Diego,2021-03-24,14:29,Medium,Fog,Slippery,5,39.4799,-94.7168,14,3,2021,2021-03,Day
721,Columbus,2022-08-19,13:05,Medium,Clear,Dry,3,44.3554,-94.7992,13,8,2022,2022-08,Day
722,New York,2022-08-29,15:35,Low,Clear,Dry,1,35.6871,-84.5439,15,8,2022,2022-08,Day
723,New York,2022-06-03,11:37,Medium,Clear,Wet,2,43.0821,-78.1687,11,6,2022,2022-06,Day
724,Dallas,2021-04-03,06:56,Low,Fog,Icy,4,39.3476,-108.2161,6,4,2021,2021-04,Day
725,Dallas,2022-01-19,08:05,Medium,Snow,Dry,5,25.4121,-101.4634,8,1,2022,2022-01,Day
726,Houston,2021-01-28,07:30,Medium,Rain,Wet,4,31.9644,-79.7171,7,1,2021,2021-01,Day
727,San Diego,2023-01-09,17:44,High,Clear,Dry,2,27.574,-121.174,17,1,2023,2023-01,Day
728,Phoenix,2022-01-21,20:13,Low,Clear,Icy,5,29.391,-106.3523,20,1,2022,2022-01,Night
729,New York,2023-08-08,07:27,Low,Clear,Wet,4,35.8443,-77.2906,7,8,2023,2023-08,Day
730,Austin,2022-05-12,08:36,Low,Clear,Dry,4,47.5282,-77.872,8,5,2022,2022-05,Day
731,Phoenix,2022-08-19,03:25,Medium,Rain,Wet,4,30.3338,-118.8434,3,8,2022,2022-08,Night
732,Philadelphia,2021-02-08,12:20,Low,Rain,Slippery,1,36.3801,-73.1738,12,2,2021,2021-02,Day
733,New York,2022-12-12,13:27,Low,Clear,Dry,2,36.6756,-91.4417,13,12,2022,2022-12,Day
734,Jacksonville,2022-11-26,21:54,Medium,Clear,Dry,4,47.0755,-78.6798,21,11,2022,2022-11,Night
735,Indianapolis,2023-01-08,19:51,Low,Clear,Wet,1,40.3423,-115.287,19,1,2023,2023-01,Night
736,New York,2022-02-13,07:31,Medium,Windy,Dry,2,37.8071,-70.0384,7,2,2022,2022-02,Day
737,San Diego,2023-01-05,20:22,Low,Snow,Wet,1,32.7679,-116.0736,20,1,2023,2023-01,Night
738,Phoenix,2022-04-10,07:14,High,Fog,Icy,5,31.1523,-114.1387,7,4,2022,2022-04,Day
739,Dallas,2023-11-22,16:06,High,Clear,Dry,1,47.4172,-81.3541,16,11,2023,2023-11,Day
740,Phoenix,2021-07-28,19:02,Low,Clear,Dry,3,28.6117,-106.8096,19,7,2021,2021-07,Night
741,Dallas,2023-06-24,18:31,Low,Rain,Dry,2,27.8286,-111.5017,18,6,2023,2023-06,Night
742,Los Angeles,2023-05-02,18:00,High,Clear,Wet,1,31.1184,-84.8096,18,5,2023,2023-05,Night
743,Los Angeles,2023-04-30,11:42,Medium,Rain,Icy,2,43.4407,-100.5027,11,4,2023,2023-04,Day
744,Phoenix,2023-04-19,20:54,Medium,Cloudy,Dry,1,41.5054,-95.0979,20,4,2023,2023-04,Night
745,Houston,2021-05-23,06:20,Medium,Clear,Dry,1,40.1841,-88.6438,6,5,2021,2021-05,Day
746,Austin,2021-04-29,22:45,High,Hail,Dry,5,45.0916,-84.4793,22,4,2021,2021-04,Night
747,Austin,2022-10-05,21:00,High,Rain,Dry,4,35.2623,-111.3331,21,10,2022,2022-10,Night
748,Austin,2023-06-25,17:56,Medium,Fog,Slippery,1,25.8503,-104.6064,17,6,2023,2023-06,Day
749,Los Angeles,2021-09-16,14:34,Low,Rain,Wet,2,25.5387,-75.7034,14,9,2021,2021-09,Day
750,Chicago,2022-06-14,09:49,Medium,Rain,Wet,3,30.9744,-95.61,9,6,2022,2022-06,Day
751,Charlotte,2021-09-11,04:41,Medium,Rain,Dry,3,47.6079,-80.1198,4,9,2021,2021-09,Night
752,Chicago,2023-12-29,19:14,Low,Fog,Wet,2,41.4301,-94.9773,19,12,2023,2023-12,Night
753,San Antonio,2022-05-23,06:33,High,Clear,Dry,4,44.0541,-117.7387,6,5,2022,2022-05,Day
754,Phoenix,2021-05-08,12:08,Medium,Clear,Wet,5,37.8563,-81.5011,12,5,2021,2021-05,Day
755,Houston,2022-06-25,15:40,Medium,Cloudy,Dry,4,43.9477,-114.494,15,6,2022,2022-06,Day
756,New York,2021-09-18,13:29,Medium,Snow,Dry,2,35.4749,-120.3044,13,9,2021,2021-09,Day
757,Charlotte,2021-11-18,21:23,Low,Snow,Dry,3,38.1506,-119.9053,21,11,2021,2021-11,Night
758,Indianapolis,2021-11-10,06:19,Low,Rain,Icy,2,43.0272,-100.0686,6,11,2021,2021-11,Day
759,Los Angeles,2022-09-17,20:13,Medium,Clear,Wet,1,45.0198,-100.2861,20,9,2022,2022-09,Night
760,Chicago,2022-09-27,15:57,Low,Snow,Icy,2,42.5249,-95.7523,15,9,2022,2022-09,Day
761,Houston,2023-08-02,18:42,High,Clear,Icy,5,34.4215,-109.8932,18,8,2023,2023-08,Night
762,Indianapolis,2023-03-21,11:02,High,Fog,Wet,2,41.2658,-92.2563,11,3,2023,2023-03,Day
763,San Diego,2022-09-25,15:07,Low,Hail,Wet,1,47.0177,-94.8688,15,9,2022,2022-09,Day
764,New York,2023-09-02,14:01,High,Clear,Dry,2,30.6416,-85.3079,14,9,2023,2023-09,Day
765,San Antonio,2023-06-29,06:34,Medium,Clear,Slippery,1,32.819,-112.6136,6,6,2023,2023-06,Day
766,Chicago,2021-02-19,20:20,Low,Hail,Wet,3,28.3128,-108.7112,20,2,2021,2021-02,Night
767,San Diego,2021-07-03,07:26,Low,Hail,Dry,1,31.8546,-116.8653,7,7,2021,2021-07,Day
768,Los Angeles,2021-10-19,12:20,High,Cloudy,Dry,2,42.2991,-91.5265,12,10,2021,2021-10,Day
769,Chicago,2023-10-07,14:32,Low,Clear,Dry,4,26.5055,-120.4969,14,10,2023,2023-10,Day
770,Los Angeles,2022-04-24,21:01,High,Rain,Dry,5,39.9857,-115.4703,21,4,2022,2022-04,Night
771,San Diego,2023-04-14,13:54,Low,Hail,Dry,2,42.9865,-94.0481,13,4,2023,2023-04,Day
772,Houston,2023-05-18,22:35,Low,Rain,Icy,3,40.0204,-113.2962,22,5,2023,2023-05,Night
773,Los Angeles,2021-05-04,21:30,Low,Rain,Under Construction,2,38.4587,-95.4629,21,5,2021,2021-05,Night
774,Philadelphia,2021-04-04,07:34,Low,Clear,Dry,2,41.6767,-70.0613,7,4,2021,2021-04,Day
775,Indianapolis,2023-06-04,08:32,Low,Rain,Dry,3,47.5317,-85.1968,8,6,2023,2023-06,Day
776,Chicago,2022-07-14,09:20,Medium,Rain,Dry,2,39.8682,-121.8935,9,7,2022,2022-07,Day
777,San Diego,2023-09-03,00:00,Medium,Cloudy,Wet,4,37.377,-81.0601,0,9,2023,2023-09,Night
778,Jacksonville,2021-06-08,14:57,Medium,Rain,Dry,4,44.0317,-103.3858,14,6,2021,2021-06,Day
779,Dallas,2021-12-29,19:51,Low,Rain,Slippery,4,25.2154,-83.3565,19,12,2021,2021-12,Night
780,Chicago,2022-07-30,17:45,Low,Rain,Dry,2,30.3879,-96.3219,17,7,2022,2022-07,Day
781,Columbus,2023-01-14,03:31,Medium,Clear,Dry,4,27.5518,-107.5779,3,1,2023,2023-01,Night
782,Los Angeles,2023-10-22,13:35,Medium,Rain,Wet,2,26.5033,-115.3312,13,10,2023,2023-10,Day
783,Philadelphia,2021-05-14,07:59,Low,Rain,Icy,2,44.4963,-120.7979,7,5,2021,2021-05,Day
784,Philadelphia,2023-12-28,16:43,Medium,Cloudy,Wet,1,44.6388,-105.204,16,12,2023,2023-12,Day
785,Phoenix,2023-04-14,09:43,Medium,Rain,Dry,2,26.0802,-74.2436,9,4,2023,2023-04,Day
786,Houston,2023-12-27,13:00,Low,Cloudy,Icy,2,47.4962,-99.9613,13,12,2023,2023-12,Day
787,Los Angeles,2021-06-02,21:12,Low,Rain,Dry,4,34.9348,-120.7508,21,6,2021,2021-06,Night
788,New York,2022-11-16,19:15,Low,Clear,Dry,3,36.9525,-109.6893,19,11,2022,2022-11,Night
789,Houston,2021-05-30,18:39,Low,Clear,Dry,1,46.0844,-102.3755,18,5,2021,2021-05,Night
790,Charlotte,2021-05-14,19:03,Medium,Clear,Wet,1,27.342,-119.0989,19,5,2021,2021-05,Night
791,Houston,2021-04-17,10:24,Medium,Clear,Slippery,5,25.244,-102.0362,10,4,2021,2021-04,Day
792,New York,2023-05-27,20:39,Medium,Rain,Dry,5,32.5485,-111.991,20,5,2023,2023-05,Night
793,New York,2021-07-30,01:45,Medium,Clear,Wet,5,30.8946,-100.1076,1,7,2021,2021-07,Night
794,Austin,2023-06-30,08:08,Low,Clear,Dry,3,32.1573,-75.9685,8,6,2023,2023-06,Day
795,San Antonio,2021-10-26,07:19,Low,Hail,Wet,2,26.3183,-95.6304,7,10,2021,2021-10,Day
796,Indianapolis,2021-04-22,12:12,Medium,Clear,Dry,2,40.3608,-85.8714,12,4,2021,2021-04,Day
797,Jacksonville,2023-08-16,16:21,Medium,Clear,Dry,3,28.7324,-98.3763,16,8,2023,2023-08,Day
798,New York,2021-03-28,13:58,Low,Clear,Wet,2,36.0572,-82.0459,13,3,2021,2021-03,Day
799,Los Angeles,2022-11-10,19:24,Low,Windy,Dry,1,33.2314,-93.156,19,11,2022,2022-11,Night
800,San Diego,2021-10-19,10:12,High,Clear,Under Construction,2,29.55,-112.9444,10,10,2021,2021-10,Day
801,Jacksonville,2022-06-21,18:21,Low,Clear,Dry,3,45.9449,-120.9083,18,6,2022,2022-06,Night
802,Columbus,2021-10-09,11:50,Low,Clear,Dry,3,43.6182,-87.6327,11,10,2021,2021-10,Day
803,Columbus,2023-12-16,22:39,High,Clear,Dry,2,43.2827,-112.0326,22,12,2023,2023-12,Night
804,San Antonio,2023-02-14,17:20,High,Clear,Dry,5,38.5085,-77.5694,17,2,2023,2023-02,Day
805,Los Angeles,2022-08-26,19:20,Medium,Clear,Dry,5,47.2728,-75.9366,19,8,2022,2022-08,Night
806,Phoenix,2022-03-05,18:50,Medium,Clear,Wet,5,33.6081,-95.0176,18,3,2022,2022-03,Night
807,Phoenix,2022-01-02,10:23,Medium,Hail,Dry,5,34.2218,-74.0984,10,1,2022,2022-01,Day
808,Los Angeles,2021-03-16,08:57,High,Clear,Dry,4,38.1415,-73.3541,8,3,2021,2021-03,Day
809,New York,2023-02-06,09:05,Low,Clear,Dry,5,25.9463,-95.3624,9,2,2023,2023-02,Day
810,Houston,2022-11-20,12:29,Low,Rain,Dry,1,29.13,-109.8429,12,11,2022,2022-11,Day
811,Chicago,2021-06-05,11:05,Medium,Rain,Dry,3,46.3119,-116.8827,11,6,2021,2021-06,Day
812,Los Angeles,2021-05-27,11:34,Low,Clear,Dry,3,29.3848,-90.5902,11,5,2021,2021-05,Day
813,Dallas,2021-10-10,23:48,Medium,Clear,Icy,3,43.9131,-81.2773,23,10,2021,2021-10,Night
814,Philadelphia,2023-04-08,22:52,Medium,Rain,Wet,2,44.9057,-110.1659,22,4,2023,2023-04,Night
815,San Antonio,2022-03-06,13:33,Medium,Rain,Icy,3,43.214,-105.7201,13,3,2022,2022-03,Day
816,Houston,2022-01-20,12:44,Medium,Snow,Dry,2,38.2827,-115.326,12,1,2022,2022-01,Day
817,Jacksonville,2021-01-20,13:42,Low,Clear,Wet,4,42.5454,-86.093,13,1,2021,2021-01,Day
818,Philadelphia,2022-09-06,10:01,Low,Clear,Under Construction,3,38.0684,-80.4444,10,9,2022,2022-09,Day
819,Charlotte,2023-03-12,23:13,Low,Clear,Dry,3,38.0988,-98.5202,23,3,2023,2023-03,Night
820,San Diego,2022-09-16,06:06,Low,Snow,Wet,1,29.2939,-118.3865,6,9,2022,2022-09,Day
821,Chicago,2023-03-02,10:14,Medium,Rain,Dry,1,28.952,-77.2952,10,3,2023,2023-03,Day
822,New York,2023-04-22,12:07,Medium,Fog,Dry,2,27.9884,-111.3048,12,4,2023,2023-04,Day
823,Phoenix,2023-06-05,19:42,Medium,Cloudy,Wet,5,41.4858,-98.1343,19,6,2023,2023-06,Night
824,Houston,2022-02-18,00:09,High,Rain,Dry,3,45.937,-76.2796,0,2,2022,2022-02,Night
825,Dallas,2023-08-01,13:02,Low,Cloudy,Dry,3,33.9951,-79.1817,13,8,2023,2023-08,Day
826,Columbus,2021-12-25,12:11,Medium,Rain,Slippery,2,41.066,-117.0322,12,12,2021,2021-12,Day
827,Los Angeles,2021-03-31,09:55,High,Rain,Wet,1,41.055,-84.4347,9,3,2021,2021-03,Day
828,Indianapolis,2022-03-21,21:26,Medium,Windy,Dry,1,36.6011,-81.4654,21,3,2022,2022-03,Night
829,Los Angeles,2023-04-20,13:16,Low,Clear,Wet,4,33.7666,-83.2102,13,4,2023,2023-04,Day
830,Los Angeles,2022-02-03,12:00,Medium,Clear,Wet,4,36.1495,-118.4517,12,2,2022,2022-02,Day
831,New York,2022-05-12,18:28,High,Snow,Dry,1,38.9607,-112.7837,18,5,2022,2022-05,Night
832,Los Angeles,2021-09-12,14:25,Medium,Clear,Dry,4,33.236,-110.733,14,9,2021,2021-09,Day
833,Los Angeles,2021-03-12,20:34,Medium,Snow,Icy,1,33.9842,-105.9671,20,3,2021,2021-03,Night
834,San Jose,2021-04-18,16:03,Medium,Cloudy,Dry,2,29.5997,-121.166,16,4,2021,2021-04,Day
835,Austin,2021-02-27,23:21,Medium,Clear,Under Construction,1,43.3293,-78.8166,23,2,2021,2021-02,Night
836,Houston,2021-12-10,18:02,Low,Clear,Wet,2,39.3675,-73.415,18,12,2021,2021-12,Night
837,Los Angeles,2023-03-21,21:07,Low,Clear,Dry,3,25.2756,-110.9361,21,3,2023,2023-03,Night
838,Los Angeles,2022-03-27,05:52,Medium,Clear,Slippery,4,31.9353,-90.8588,5,3,2022,2022-03,Night
839,Indianapolis,2021-07-28,18:50,High,Clear,Under Construction,5,32.4601,-89.1946,18,7,2021,2021-07,Night
840,Dallas,2023-03-07,17:49,Low,Rain,Slippery,3,47.4945,-87.3487,17,3,2023,2023-03,Day
841,Charlotte,2021-05-19,11:38,Medium,Rain,Wet,5,38.5118,-70.6042,11,5,2021,2021-05,Day
842,Columbus,2022-04-22,01:48,Low,Fog,Icy,5,26.826,-114.8471,1,4,2022,2022-04,Night
843,Chicago,2023-10-19,10:09,Medium,Clear,Wet,4,42.0029,-104.9081,10,10,2023,2023-10,Day
844,San Jose,2022-07-24,10:50,Medium,Hail,Wet,3,42.2627,-110.0915,10,7,2022,2022-07,Day
845,Philadelphia,2022-11-10,11:13,High,Rain,Dry,2,38.9855,-102.1627,11,11,2022,2022-11,Day
846,New York,2022-10-21,07:40,High,Clear,Dry,2,46.5803,-115.4708,7,10,2022,2022-10,Day
847,Austin,2021-12-22,16:53,Low,Rain,Dry,4,32.1636,-84.473,16,12,2021,2021-12,Day
848,Los Angeles,2022-05-17,12:38,Low,Clear,Wet,3,44.8358,-96.9791,12,5,2022,2022-05,Day
849,Phoenix,2023-01-07,12:10,Medium,Rain,Dry,2,43.8509,-80.735,12,1,2023,2023-01,Day
850,Jacksonville,2021-02-10,18:27,Medium,Cloudy,Wet,2,37.7156,-112.8636,18,2,2021,2021-02,Night
851,Los Angeles,2023-02-19,13:29,Medium,Rain,Dry,4,29.5015,-74.3611,13,2,2023,2023-02,Day
852,Dallas,2021-01-09,01:32,Low,Clear,Dry,4,47.3213,-102.5965,1,1,2021,2021-01,Night
853,New York,2023-09-30,10:37,High,Windy,Dry,5,28.7343,-82.3266,10,9,2023,2023-09,Day
854,Dallas,2022-06-07,18:48,Medium,Rain,Wet,1,39.9708,-73.821,18,6,2022,2022-06,Night
855,Charlotte,2022-05-21,09:02,Low,Fog,Dry,2,31.0106,-98.3155,9,5,2022,2022-05,Day
856,Philadelphia,2021-10-29,09:38,Medium,Clear,Dry,1,39.8211,-74.3221,9,10,2021,2021-10,Day
857,New York,2023-03-26,17:57,High,Snow,Dry,4,30.816,-106.2846,17,3,2023,2023-03,Day
858,San Antonio,2023-12-28,17:24,Medium,Fog,Slippery,1,27.5133,-92.2242,17,12,2023,2023-12,Day
859,Dallas,2022-12-07,19:17,High,Clear,Dry,2,43.777,-121.9179,19,12,2022,2022-12,Night
860,Phoenix,2021-05-24,18:26,Medium,Fog,Dry,3,29.2872,-115.0147,18,5,2021,2021-05,Night
861,Houston,2023-09-24,07:07,High,Clear,Dry,2,43.6111,-112.022,7,9,2023,2023-09,Day
862,San Antonio,2023-04-18,12:58,High,Clear,Dry,4,27.8677,-118.6584,12,4,2023,2023-04,Day
863,Phoenix,2021-03-02,15:30,Medium,Clear,Dry,1,40.3024,-80.9612,15,3,2021,2021-03,Day
864,Austin,2021-03-27,06:33,Low,Rain,Under Construction,3,46.439,-97.3919,6,3,2021,2021-03,Day
865,Chicago,2022-11-22,16:21,High,Windy,Icy,3,40.2968,-102.3213,16,11,2022,2022-11,Day
866,Chicago,2021-04-28,22:55,Low,Rain,Wet,2,25.5906,-115.6095,22,4,2021,2021-04,Night
867,San Jose,2023-12-23,09:44,Low,Rain,Wet,4,36.843,-87.6681,9,12,2023,2023-12,Day
868,Chicago,2021-01-07,23:52,Medium,Snow,Under Construction,3,40.5924,-109.855,23,1,2021,2021-01,Night
869,Austin,2023-09-20,12:39,Low,Cloudy,Slippery,4,47.698,-77.4308,12,9,2023,2023-09,Day
870,San Antonio,2021-07-25,18:18,Medium,Snow,Slippery,5,25.7302,-96.1079,18,7,2021,2021-07,Night
871,Indianapolis,2021-06-28,10:43,High,Rain,Slippery,1,36.0899,-93.8853,10,6,2021,2021-06,Day
872,Charlotte,2022-05-14,08:48,Medium,Clear,Under Construction,1,28.6854,-73.6937,8,5,2022,2022-05,Day
873,Dallas,2023-02-25,18:14,Medium,Hail,Wet,2,46.2229,-89.0555,18,2,2023,2023-02,Night
874,Chicago,2023-10-05,06:44,Low,Rain,Slippery,1,39.8117,-102.3955,6,10,2023,2023-10,Day
875,Philadelphia,2023-02-21,17:50,High,Snow,Dry,1,31.6925,-116.2081,17,2,2023,2023-02,Day
876,Los Angeles,2022-11-28,18:59,High,Rain,Dry,3,46.9436,-92.0003,18,11,2022,2022-11,Night
877,Philadelphia,2021-01-04,10:37,High,Hail,Dry,3,43.3429,-73.4359,10,1,2021,2021-01,Day
878,San Antonio,2021-09-16,14:38,Low,Clear,Slippery,3,28.3281,-72.9697,14,9,2021,2021-09,Day
879,New York,2022-03-25,13:29,Low,Fog,Icy,1,38.7742,-105.9376,13,3,2022,2022-03,Day
880,Dallas,2021-09-10,09:54,Medium,Snow,Dry,4,26.3527,-79.8691,9,9,2021,2021-09,Day
881,Jacksonville,2021-11-09,19:13,High,Clear,Wet,2,44.7059,-84.1754,19,11,2021,2021-11,Night
882,Charlotte,2022-09-05,23:42,Low,Clear,Dry,4,40.5917,-70.5037,23,9,2022,2022-09,Night
883,Dallas,2023-03-13,12:33,Low,Cloudy,Wet,5,34.0568,-115.1932,12,3,2023,2023-03,Day
884,Chicago,2021-04-21,20:45,Medium,Rain,Dry,4,31.6949,-114.4692,20,4,2021,2021-04,Night
885,Dallas,2022-03-23,19:12,Low,Fog,Wet,2,33.6608,-70.8996,19,3,2022,2022-03,Night
886,Chicago,2021-12-11,21:06,Medium,Cloudy,Dry,5,39.9522,-91.1436,21,12,2021,2021-12,Night
887,Los Angeles,2021-11-01,16:25,Low,Clear,Dry,5,46.9548,-88.0546,16,11,2021,2021-11,Day
888,San Diego,2023-02-08,18:50,Low,Rain,Icy,4,31.33,-88.0338,18,2,2023,2023-02,Night
889,New York,2023-01-23,01:07,Medium,Rain,Wet,1,38.4976,-70.6578,1,1,2023,2023-01,Night
890,New York,2023-09-10,09:47,Medium,Clear,Under Construction,4,31.8624,-115.4877,9,9,2023,2023-09,Day
891,Jacksonville,2022-10-29,05:58,Medium,Clear,Wet,4,37.7894,-94.1063,5,10,2022,2022-10,Night
892,Jacksonville,2023-12-22,13:33,Medium,Snow,Wet,2,47.2107,-75.3247,13,12,2023,2023-12,Day
893,Los Angeles,2022-01-06,20:44,Medium,Snow,Dry,2,38.2269,-88.0627,20,1,2022,2022-01,Night
894,San Jose,2021-06-29,15:54,Low,Clear,Dry,5,28.9469,-71.1906,15,6,2021,2021-06,Day
895,Charlotte,2021-01-01,09:02,Medium,Fog,Wet,4,28.2167,-96.497,9,1,2021,2021-01,Day
896,San Antonio,2022-10-03,14:22,Medium,Rain,Wet,1,30.4533,-112.2202,14,10,2022,2022-10,Day
897,Indianapolis,2022-09-06,20:13,Medium,Clear,Dry,2,41.7694,-100.0552,20,9,2022,2022-09,Night
898,Columbus,2022-06-07,09:41,Medium,Clear,Dry,4,46.6246,-114.5513,9,6,2022,2022-06,Day
899,Los Angeles,2022-02-22,05:46,Medium,Rain,Wet,5,40.1183,-79.3336,5,2,2022,2022-02,Night
900,Chicago,2021-12-02,12:09,Medium,Clear,Under Construction,2,26.7831,-115.5197,12,12,2021,2021-12,Day
901,New York,2021-08-14,17:26,Medium,Clear,Dry,3,28.3656,-80.4989,17,8,2021,2021-08,Day
902,Indianapolis,2022-07-15,00:24,Low,Hail,Icy,1,29.0418,-84.127,0,7,2022,2022-07,Night
903,Phoenix,2022-09-20,16:51,Medium,Fog,Slippery,5,31.2342,-116.8486,16,9,2022,2022-09,Day
904,Chicago,2021-04-09,07:48,Low,Fog,Under Construction,5,37.6884,-76.1349,7,4,2021,2021-04,Day
905,Los Angeles,2023-04-05,13:08,Medium,Fog,Wet,2,33.7124,-83.758,13,4,2023,2023-04,Day
906,Indianapolis,2021-04-19,21:40,Medium,Clear,Wet,4,29.2114,-70.7152,21,4,2021,2021-04,Night
907,Indianapolis,2023-08-18,14:17,Medium,Fog,Slippery,2,32.0193,-77.3881,14,8,2023,2023-08,Day
908,Jacksonville,2022-09-18,12:20,Medium,Clear,Dry,1,28.7976,-119.0146,12,9,2022,2022-09,Day
909,Austin,2022-08-09,15:31,Low,Cloudy,Wet,2,36.0321,-95.2194,15,8,2022,2022-08,Day
910,New York,2023-12-27,17:25,Low,Snow,Dry,4,41.1596,-83.0173,17,12,2023,2023-12,Day
911,Indianapolis,2022-05-16,23:42,High,Cloudy,Wet,5,25.9742,-98.6701,23,5,2022,2022-05,Night
912,San Jose,2021-12-12,17:56,High,Clear,Dry,2,36.8147,-72.4709,17,12,2021,2021-12,Day
913,Chicago,2023-05-16,13:10,Low,Cloudy,Dry,5,44.5679,-77.3941,13,5,2023,2023-05,Day
914,Los Angeles,2022-08-18,10:18,Low,Rain,Dry,3,46.3695,-72.125,10,8,2022,2022-08,Day
915,Charlotte,2023-11-22,19:02,High,Snow,Dry,1,39.1572,-104.9153,19,11,2023,2023-11,Night
916,Columbus,2022-12-26,06:22,Low,Clear,Dry,4,29.5435,-94.487,6,12,2022,2022-12,Day
917,Phoenix,2021-11-11,12:58,Low,Rain,Dry,4,33.6091,-103.0462,12,11,2021,2021-11,Day
918,New York,2022-01-09,14:17,Medium,Snow,Dry,3,42.1831,-121.6979,14,1,2022,2022-01,Day
919,New York,2022-02-11,06:18,Low,Fog,Slippery,2,40.3227,-72.6845,6,2,2022,2022-02,Day
920,Philadelphia,2022-06-29,06:31,Medium,Fog,Dry,4,36.5427,-73.9748,6,6,2022,2022-06,Day
921,Austin,2023-03-08,07:06,Low,Clear,Dry,2,26.1969,-78.8485,7,3,2023,2023-03,Day
922,New York,2023-05-30,22:47,Medium,Clear,Dry,4,30.6982,-114.0702,22,5,2023,2023-05,Night
923,San Jose,2023-11-14,08:17,High,Windy,Dry,4,29.5635,-85.264,8,11,2023,2023-11,Day
924,San Antonio,2021-07-31,17:32,Low,Snow,Wet,2,30.2758,-115.1206,17,7,2021,2021-07,Day
925,Charlotte,2021-03-20,09:12,Medium,Rain,Dry,1,33.7481,-94.7015,9,3,2021,2021-03,Day
926,Phoenix,2022-04-19,08:27,Medium,Rain,Dry,3,33.3623,-72.9641,8,4,2022,2022-04,Day
927,New York,2023-05-07,09:57,Low,Clear,Wet,2,31.5623,-107.4317,9,5,2023,2023-05,Day
928,Charlotte,2021-07-26,12:16,Low,Clear,Dry,1,40.7081,-81.9359,12,7,2021,2021-07,Day
929,Austin,2021-09-24,11:47,Medium,Rain,Wet,2,39.9557,-111.0783,11,9,2021,2021-09,Day
930,New York,2023-02-26,06:06,Medium,Clear,Wet,2,29.4373,-98.82,6,2,2023,2023-02,Day
931,San Antonio,2021-07-22,05:34,Low,Rain,Icy,5,41.5777,-119.7218,5,7,2021,2021-07,Night
932,Los Angeles,2022-01-28,12:45,High,Snow,Slippery,3,45.583,-98.6789,12,1,2022,2022-01,Day
933,Phoenix,2021-08-29,21:04,Medium,Hail,Icy,2,38.7805,-85.7713,21,8,2021,2021-08,Night
934,New York,2021-09-22,10:36,High,Clear,Icy,4,40.748,-76.7467,10,9,2021,2021-09,Day
935,Phoenix,2021-06-03,07:48,Medium,Clear,Wet,2,29.2335,-113.6798,7,6,2021,2021-06,Day
936,Columbus,2022-03-23,16:00,Medium,Rain,Wet,5,30.9532,-77.6713,16,3,2022,2022-03,Day
937,New York,2022-08-30,18:35,Low,Rain,Dry,2,46.6671,-107.5567,18,8,2022,2022-08,Night
938,New York,2021-09-30,09:50,High,Windy,Dry,1,25.0322,-103.932,9,9,2021,2021-09,Day
939,Columbus,2023-01-26,10:45,Low,Clear,Slippery,3,32.4666,-119.0223,10,1,2023,2023-01,Day
940,Dallas,2021-01-22,19:14,Low,Clear,Dry,5,27.4482,-83.22,19,1,2021,2021-01,Night
941,Columbus,2023-02-22,22:16,Medium,Rain,Icy,2,32.458,-111.3962,22,2,2023,2023-02,Night
942,Dallas,2023-03-21,07:14,Medium,Clear,Dry,4,29.1748,-112.3785,7,3,2023,2023-03,Day
943,Charlotte,2021-12-27,08:31,Low,Clear,Dry,2,43.8025,-86.2569,8,12,2021,2021-12,Day
944,Houston,2022-01-20,05:04,Medium,Rain,Dry,5,28.1577,-82.9769,5,1,2022,2022-01,Night
945,Chicago,2021-01-25,16:24,Low,Clear,Icy,1,28.0401,-81.9539,16,1,2021,2021-01,Day
946,San Antonio,2022-07-03,07:40,Medium,Clear,Icy,5,41.931,-104.4037,7,7,2022,2022-07,Day
947,San Jose,2021-06-24,08:30,High,Snow,Dry,4,28.5538,-119.0945,8,6,2021,2021-06,Day
948,New York,2022-07-02,16:07,Low,Rain,Dry,4,28.2622,-74.5673,16,7,2022,2022-07,Day
949,New York,2021-02-19,08:24,Medium,Clear,Slippery,4,40.7956,-84.8277,8,2,2021,2021-02,Day
950,Los Angeles,2021-08-19,13:07,High,Clear,Dry,3,27.7221,-73.9874,13,8,2021,2021-08,Day
951,Los Angeles,2021-06-23,20:38,Medium,Clear,Dry,4,28.4551,-87.3018,20,6,2021,2021-06,Night
952,Chicago,2022-09-10,16:18,Low,Cloudy,Wet,3,43.6465,-85.0121,16,9,2022,2022-09,Day
953,Charlotte,2021-06-06,19:55,Low,Rain,Dry,4,35.274,-80.5638,19,6,2021,2021-06,Night
954,Philadelphia,2023-09-07,19:07,High,Clear,Dry,2,29.1831,-101.9791,19,9,2023,2023-09,Night
955,Dallas,2022-10-16,13:30,Medium,Fog,Dry,2,33.8133,-93.4344,13,10,2022,2022-10,Day
956,Austin,2023-12-30,13:34,Low,Rain,Dry,5,42.8616,-79.8128,13,12,2023,2023-12,Day
957,Chicago,2022-03-26,17:15,Low,Snow,Dry,4,47.0252,-74.113,17,3,2022,2022-03,Day
958,Jacksonville,2021-05-03,21:23,High,Snow,Dry,2,44.2108,-93.322,21,5,2021,2021-05,Night
959,Los Angeles,2023-05-13,09:52,Medium,Clear,Wet,2,33.6816,-120.63,9,5,2023,2023-05,Day
960,New York,2023-05-20,11:44,Medium,Rain,Wet,2,25.6943,-103.0073,11,5,2023,2023-05,Day
961,Philadelphia,2021-06-11,09:00,High,Clear,Dry,2,42.2065,-85.6747,9,6,2021,2021-06,Day
962,Chicago,2022-09-06,13:46,Medium,Rain,Dry,2,26.38,-88.5924,13,9,2022,2022-09,Day
963,Houston,2021-12-22,14:00,Medium,Cloudy,Dry,3,46.1405,-95.9026,14,12,2021,2021-12,Day
964,Los Angeles,2022-04-11,12:10,Low,Clear,Under Construction,2,34.2093,-119.0882,12,4,2022,2022-04,Day
965,Indianapolis,2023-03-15,07:47,Medium,Clear,Wet,4,32.2034,-88.6217,7,3,2023,2023-03,Day
966,Chicago,2023-02-19,07:51,Medium,Clear,Dry,3,38.8734,-77.9763,7,2,2023,2023-02,Day
967,Philadelphia,2021-02-27,09:10,Low,Rain,Icy,3,29.3181,-111.5103,9,2,2021,2021-02,Day
968,Indianapolis,2021-03-08,09:05,Medium,Rain,Icy,1,26.1051,-117.153,9,3,2021,2021-03,Day
969,San Jose,2022-09-25,00:22,High,Rain,Dry,4,41.6908,-71.3598,0,9,2022,2022-09,Night
970,Dallas,2021-07-19,11:57,Low,Snow,Dry,5,43.3096,-97.1984,11,7,2021,2021-07,Day
971,Dallas,2021-03-18,10:09,Low,Rain,Under Construction,2,45.3412,-80.0112,10,3,2021,2021-03,Day
972,Indianapolis,2021-10-16,18:10,Medium,Windy,Wet,5,46.3952,-104.2464,18,10,2021,2021-10,Night
973,San Antonio,2021-09-26,11:23,High,Clear,Wet,4,30.4995,-70.1555,11,9,2021,2021-09,Day
974,San Antonio,2021-06-03,22:36,Medium,Snow,Dry,3,37.5841,-71.6147,22,6,2021,2021-06,Night
975,Chicago,2021-06-28,13:29,High,Clear,Dry,3,33.1275,-118.301,13,6,2021,2021-06,Day
976,Indianapolis,2023-08-02,09:30,Medium,Clear,Slippery,1,47.3487,-96.6105,9,8,2023,2023-08,Day
977,Houston,2023-01-15,20:25,Medium,Rain,Dry,5,44.4312,-72.4937,20,1,2023,2023-01,Night
978,Phoenix,2023-02-05,06:26,Low,Snow,Wet,5,47.4809,-119.0329,6,2,2023,2023-02,Day
979,New York,2022-05-17,17:35,High,Clear,Dry,4,44.6381,-110.4013,17,5,2022,2022-05,Day
980,Houston,2023-08-05,17:22,Medium,Cloudy,Dry,1,29.1463,-116.3659,17,8,2023,2023-08,Day
981,Houston,2023-03-24,18:12,Low,Clear,Wet,2,41.1527,-97.2366,18,3,2023,2023-03,Night
982,Los Angeles,2022-07-25,13:34,Medium,Rain,Dry,1,47.7196,-81.7413,13,7,2022,2022-07,Day
983,San Jose,2021-05-08,21:23,High,Clear,Dry,1,46.9108,-86.4491,21,5,2021,2021-05,Night
984,New York,2022-07-07,09:11,Low,Clear,Dry,4,45.0396,-94.7115,9,7,2022,2022-07,Day
985,New York,2022-06-16,07:03,High,Clear,Icy,2,29.5679,-73.019,7,6,2022,2022-06,Day
986,San Jose,2023-09-14,13:44,High,Clear,Slippery,5,33.9502,-121.4836,13,9,2023,2023-09,Day
987,Philadelphia,2022-02-11,06:42,Low,Rain,Icy,3,25.3263,-75.3819,6,2,2022,2022-02,Day
988,New York,2021-10-30,13:20,High,Clear,Wet,1,47.7295,-72.9472,13,10,2021,2021-10,Day
989,Indianapolis,2021-09-15,16:40,Low,Clear,Under Construction,4,41.0183,-81.732,16,9,2021,2021-09,Day
990,Indianapolis,2023-02-13,08:13,High,Rain,Dry,3,25.3724,-75.3739,8,2,2023,2023-02,Day
991,Dallas,2023-10-26,19:07,Medium,Rain,Dry,3,44.0483,-99.8558,19,10,2023,2023-10,Night
992,Houston,2022-11-19,06:11,Low,Rain,Dry,4,33.776,-78.0552,6,11,2022,2022-11,Day
993,San Antonio,2023-06-15,16:44,High,Snow,Under Construction,1,27.0617,-121.1458,16,6,2023,2023-06,Day
994,San Jose,2023-04-23,06:47,High,Clear,Dry,5,43.535,-87.2791,6,4,2023,2023-04,Day
995,Houston,2023-05-12,08:49,Low,Clear,Dry,1,33.0641,-80.7249,8,5,2023,2023-05,Day
996,San Diego,2023-08-09,12:52,Medium,Clear,Slippery,2,36.6739,-108.0843,12,8,2023,2023-08,Day
997,Austin,2022-06-26,10:57,Medium,Clear,Slippery,4,25.7515,-120.6352,10,6,2022,2022-06,Day
998,Austin,2023-02-06,19:33,Medium,Clear,Under Construction,4,30.5621,-71.3785,19,2,2023,2023-02,Night
999,Austin,2022-01-30,16:25,High,Rain,Dry,4,47.4792,-112.9667,16,1,2022,2022-01,Day
1000,Los Angeles,2022-10-14,14:27,Medium,Clear,Dry,5,43.0385,-78.1624,14,10,2022,2022-10,Day
1001,Charlotte,2022-06-17,19:10,Low,Clear,Dry,5,28.5201,-89.8588,19,6,2022,2022-06,Night
1002,Dallas,2021-06-11,15:01,Low,Rain,Wet,3,29.2908,-88.0688,15,6,2021,2021-06,Day
1003,Jacksonville,2022-03-31,10:34,Medium,Snow,Dry,3,40.1629,-107.7018,10,3,2022,2022-03,Day
1004,Indianapolis,2021-10-22,16:40,High,Clear,Slippery,1,27.4628,-107.3119,16,10,2021,2021-10,Day
1005,Jacksonville,2022-01-05,06:31,High,Clear,Dry,1,34.5161,-96.7011,6,1,2022,2022-01,Day
1006,Chicago,2021-06-06,08:26,Low,Cloudy,Icy,2,31.8714,-75.0108,8,6,2021,2021-06,Day
1007,Indianapolis,2021-03-06,06:21,Medium,Rain,Wet,2,37.0002,-108.7659,6,3,2021,2021-03,Day
1008,Philadelphia,2021-09-07,08:01,Medium,Fog,Dry,3,27.6401,-110.7182,8,9,2021,2021-09,Day
1009,Dallas,2022-11-02,07:05,High,Clear,Dry,1,33.0167,-93.3222,7,11,2022,2022-11,Day
1010,Phoenix,2022-08-26,13:51,Medium,Clear,Dry,2,29.5512,-78.0061,13,8,2022,2022-08,Day
1011,San Antonio,2022-07-30,22:06,Medium,Clear,Icy,4,34.9698,-98.7998,22,7,2022,2022-07,Night
1012,New York,2022-07-11,19:39,Low,Clear,Dry,1,35.3363,-75.7486,19,7,2022,2022-07,Night
1013,Chicago,2023-11-14,09:26,High,Rain,Under Construction,3,34.1611,-116.0382,9,11,2023,2023-11,Day
1014,Chicago,2022-10-23,12:11,Low,Rain,Dry,3,27.813,-105.4334,12,10,2022,2022-10,Day
1015,Houston,2021-01-23,18:13,Medium,Cloudy,Wet,4,31.5231,-110.9669,18,1,2021,2021-01,Night
1016,Dallas,2022-03-22,06:17,High,Snow,Wet,5,45.5313,-100.069,6,3,2022,2022-03,Day
1017,Los Angeles,2023-06-11,10:20,Low,Rain,Dry,3,34.6885,-115.5472,10,6,2023,2023-06,Day
1018,Chicago,2021-12-17,16:37,Medium,Clear,Wet,5,47.723,-74.5946,16,12,2021,2021-12,Day
1019,New York,2022-08-06,07:25,Medium,Rain,Dry,1,26.5974,-117.0538,7,8,2022,2022-08,Day
1020,Chicago,2023-05-01,18:17,Low,Clear,Icy,4,39.0834,-101.547,18,5,2023,2023-05,Night
1021,Indianapolis,2023-07-20,13:41,Low,Clear,Wet,1,30.1523,-79.0763,13,7,2023,2023-07,Day
1022,Jacksonville,2021-10-12,06:20,Medium,Clear,Dry,3,43.7714,-94.047,6,10,2021,2021-10,Day
1023,New York,2021-01-11,21:55,High,Clear,Dry,3,26.726,-104.8749,21,1,2021,2021-01,Night
1024,Charlotte,2023-02-17,09:10,Medium,Clear,Dry,2,42.3198,-75.8345,9,2,2023,2023-02,Day
1025,New York,2023-04-27,16:42,Medium,Rain,Wet,3,32.404,-83.995,16,4,2023,2023-04,Day
1026,Chicago,2022-04-08,06:49,Low,Rain,Slippery,2,40.9842,-118.0925,6,4,2022,2022-04,Day
1027,San Diego,2023-10-10,05:00,Medium,Clear,Dry,3,29.7992,-91.2928,5,10,2023,2023-10,Night
1028,San Jose,2023-12-17,14:20,Low,Rain,Dry,5,27.4302,-115.2369,14,12,2023,2023-12,Day
1029,Jacksonville,2023-01-15,12:28,Medium,Fog,Dry,3,34.7312,-86.3142,12,1,2023,2023-01,Day
1030,New York,2021-07-29,07:56,Low,Clear,Dry,3,25.6575,-87.582,7,7,2021,2021-07,Day
1031,Charlotte,2023-07-17,11:07,Low,Clear,Dry,5,34.9095,-104.6455,11,7,2023,2023-07,Day
1032,New York,2023-06-23,09:06,Low,Cloudy,Dry,2,34.2619,-91.1094,9,6,2023,2023-06,Day
1033,Houston,2023-12-21,16:33,Medium,Rain,Under Construction,2,27.6493,-75.457,16,12,2023,2023-12,Day
1034,New York,2022-06-30,08:34,Low,Rain,Wet,4,34.0364,-110.5658,8,6,2022,2022-06,Day
1035,San Jose,2022-07-04,13:10,Low,Clear,Wet,1,27.1676,-95.8315,13,7,2022,2022-07,Day
1036,Columbus,2023-09-04,18:54,Low,Clear,Dry,2,32.6396,-98.3288,18,9,2023,2023-09,Night
1037,Chicago,2021-01-27,17:27,Low,Clear,Dry,1,38.6621,-71.5838,17,1,2021,2021-01,Day
1038,Phoenix,2021-01-03,13:15,Low,Clear,Wet,3,44.2133,-94.686,13,1,2021,2021-01,Day
1039,New York,2021-12-09,18:49,Low,Fog,Dry,3,47.7652,-108.6183,18,12,2021,2021-12,Night
1040,New York,2023-09-24,09:29,Low,Fog,Slippery,5,36.1402,-107.9633,9,9,2023,2023-09,Day
1041,New York,2023-11-30,18:01,Medium,Clear,Under Construction,3,36.4501,-109.2929,18,11,2023,2023-11,Night
1042,New York,2023-06-02,11:47,High,Clear,Dry,3,45.1743,-86.7023,11,6,2023,2023-06,Day
1043,Phoenix,2023-07-10,23:56,Low,Rain,Slippery,4,38.5504,-72.8461,23,7,2023,2023-07,Night
1044,Philadelphia,2022-07-20,10:02,Medium,Snow,Dry,4,38.0332,-80.7887,10,7,2022,2022-07,Day
1045,Phoenix,2022-12-12,10:00,Medium,Rain,Dry,3,39.3473,-87.4553,10,12,2022,2022-12,Day
1046,Austin,2022-09-14,13:04,Low,Clear,Dry,5,27.839,-96.6049,13,9,2022,2022-09,Day
1047,Jacksonville,2021-01-11,12:42,Low,Clear,Slippery,5,40.3025,-82.018,12,1,2021,2021-01,Day
1048,Los Angeles,2021-11-14,22:45,High,Clear,Wet,1,31.6884,-120.3289,22,11,2021,2021-11,Night
1049,San Diego,2022-12-28,09:43,Medium,Hail,Dry,3,46.1645,-90.954,9,12,2022,2022-12,Day
1050,Columbus,2021-12-21,15:43,High,Clear,Icy,3,28.1209,-93.1772,15,12,2021,2021-12,Day
1051,Philadelphia,2022-09-09,10:19,Medium,Rain,Dry,4,27.209,-94.6183,10,9,2022,2022-09,Day
1052,Dallas,2022-10-04,14:43,Medium,Clear,Dry,4,35.6095,-74.547,14,10,2022,2022-10,Day
1053,New York,2021-02-24,22:26,Low,Cloudy,Icy,5,36.7808,-115.3817,22,2,2021,2021-02,Night
1054,Houston,2022-08-24,04:54,Medium,Clear,Icy,5,35.5851,-119.174,4,8,2022,2022-08,Night
1055,New York,2021-04-23,09:41,Medium,Snow,Wet,3,44.8792,-115.685,9,4,2021,2021-04,Day
1056,Dallas,2023-11-13,18:03,Medium,Rain,Under Construction,2,30.1415,-86.8646,18,11,2023,2023-11,Night
1057,Dallas,2021-11-13,10:19,High,Snow,Wet,2,27.6383,-121.9981,10,11,2021,2021-11,Day
1058,Los Angeles,2021-09-05,14:15,Medium,Snow,Dry,1,46.299,-106.404,14,9,2021,2021-09,Day
1059,Los Angeles,2023-09-18,23:52,High,Clear,Wet,4,44.7642,-89.9078,23,9,2023,2023-09,Night
1060,Los Angeles,2023-06-05,07:01,High,Rain,Dry,5,29.6081,-97.0157,7,6,2023,2023-06,Day
1061,Phoenix,2022-08-16,17:37,Medium,Clear,Wet,1,35.6712,-79.6983,17,8,2022,2022-08,Day
1062,New York,2021-10-31,02:29,Low,Rain,Dry,5,35.223,-74.7784,2,10,2021,2021-10,Night
1063,Columbus,2022-12-28,22:29,Medium,Clear,Dry,5,44.6843,-95.8333,22,12,2022,2022-12,Night
1064,Houston,2022-12-16,21:33,Low,Rain,Dry,5,32.8037,-84.8105,21,12,2022,2022-12,Night
1065,San Diego,2021-10-14,09:48,High,Clear,Icy,4,33.66,-97.4689,9,10,2021,2021-10,Day
1066,Phoenix,2022-01-05,15:59,Medium,Clear,Wet,5,46.9695,-103.899,15,1,2022,2022-01,Day
1067,Jacksonville,2023-04-07,05:01,Low,Clear,Dry,4,32.4442,-109.9602,5,4,2023,2023-04,Night
1068,Los Angeles,2022-04-30,06:56,High,Fog,Dry,1,26.4243,-108.9748,6,4,2022,2022-04,Day
1069,Houston,2021-03-18,19:04,Low,Rain,Dry,2,32.3867,-85.6663,19,3,2021,2021-03,Night
1070,Philadelphia,2023-02-13,07:40,Low,Clear,Dry,3,30.1864,-83.408,7,2,2023,2023-02,Day
1071,Austin,2023-06-08,19:51,Low,Clear,Under Construction,1,29.6814,-79.8795,19,6,2023,2023-06,Night
1072,Philadelphia,2021-01-11,11:26,High,Clear,Wet,5,36.412,-78.715,11,1,2021,2021-01,Day
1073,San Antonio,2023-08-29,14:22,Medium,Clear,Dry,4,39.3858,-76.5532,14,8,2023,2023-08,Day
1074,Chicago,2021-06-10,07:33,Low,Clear,Wet,3,25.5185,-79.291,7,6,2021,2021-06,Day
1075,Houston,2022-08-17,21:16,Low,Snow,Dry,3,26.7199,-92.0815,21,8,2022,2022-08,Night
1076,Chicago,2023-11-27,21:32,Medium,Rain,Slippery,5,35.8325,-74.2957,21,11,2023,2023-11,Night
1077,Chicago,2022-06-23,17:02,Low,Clear,Icy,2,29.6974,-79.5284,17,6,2022,2022-06,Day
1078,Charlotte,2022-11-07,21:42,Low,Rain,Icy,5,45.7994,-85.4393,21,11,2022,2022-11,Night
1079,Charlotte,2021-03-14,11:04,Medium,Rain,Dry,5,36.0117,-115.2678,11,3,2021,2021-03,Day
1080,Phoenix,2021-03-27,06:31,Medium,Clear,Dry,2,25.4932,-119.1215,6,3,2021,2021-03,Day
1081,Chicago,2022-02-06,14:55,Medium,Clear,Dry,4,42.6107,-85.8371,14,2,2022,2022-02,Day
1082,New York,2023-05-31,17:35,Medium,Cloudy,Under Construction,3,33.0911,-104.1575,17,5,2023,2023-05,Day
1083,San Antonio,2021-04-29,08:05,Low,Fog,Slippery,5,38.0651,-70.4712,8,4,2021,2021-04,Day
1084,Austin,2021-01-31,20:15,Low,Clear,Dry,1,32.2249,-90.6744,20,1,2021,2021-01,Night
1085,San Antonio,2022-05-16,23:08,Medium,Clear,Dry,3,46.5825,-111.2952,23,5,2022,2022-05,Night
1086,Los Angeles,2023-01-02,20:54,Medium,Cloudy,Icy,3,44.9863,-109.3013,20,1,2023,2023-01,Night
1087,Phoenix,2022-07-02,10:34,Low,Cloudy,Wet,5,36.1828,-117.9208,10,7,2022,2022-07,Day
1088,Los Angeles,2021-10-08,19:33,Medium,Clear,Dry,2,25.825,-109.7745,19,10,2021,2021-10,Night
1089,Indianapolis,2023-06-21,17:29,Low,Snow,Dry,5,33.8361,-78.9867,17,6,2023,2023-06,Day
1090,San Antonio,2021-06-23,05:54,Medium,Snow,Dry,1,30.1623,-102.275,5,6,2021,2021-06,Night
1091,Chicago,2023-06-02,14:42,Medium,Clear,Dry,5,42.353,-104.5166,14,6,2023,2023-06,Day
1092,Los Angeles,2022-06-22,19:37,Low,Fog,Wet,4,43.0001,-73.7145,19,6,2022,2022-06,Night
1093,Chicago,2021-04-27,19:35,Medium,Rain,Slippery,5,35.6606,-92.2247,19,4,2021,2021-04,Night
1094,Houston,2023-11-29,09:24,High,Clear,Slippery,3,43.3905,-72.5497,9,11,2023,2023-11,Day
1095,Philadelphia,2021-06-25,23:49,Low,Clear,Wet,3,31.1812,-108.9733,23,6,2021,2021-06,Night
1096,San Diego,2021-01-26,07:36,High,Snow,Dry,1,35.1179,-97.7451,7,1,2021,2021-01,Day
1097,Philadelphia,2023-01-05,13:54,Medium,Rain,Dry,5,37.6833,-72.4287,13,1,2023,2023-01,Day
1098,San Jose,2023-06-22,07:49,Low,Rain,Dry,2,28.3787,-89.8666,7,6,2023,2023-06,Day
1099,New York,2021-04-12,08:41,Medium,Snow,Wet,1,37.7284,-110.1465,8,4,2021,2021-04,Day
1100,San Diego,2022-06-15,22:01,High,Clear,Wet,5,30.398,-116.3235,22,6,2022,2022-06,Night
1101,New York,2023-11-05,12:32,Low,Rain,Icy,4,26.642,-99.8233,12,11,2023,2023-11,Day
1102,San Antonio,2022-08-03,07:20,Low,Hail,Slippery,3,35.8258,-71.3779,7,8,2022,2022-08,Day
1103,Chicago,2021-03-05,07:02,Low,Rain,Dry,2,43.5848,-95.4386,7,3,2021,2021-03,Day
1104,Chicago,2023-11-07,19:45,Low,Snow,Dry,2,33.7651,-70.1133,19,11,2023,2023-11,Night
1105,Indianapolis,2021-06-10,22:59,Medium,Windy,Wet,4,37.3962,-115.6954,22,6,2021,2021-06,Night
1106,Phoenix,2023-12-17,19:38,Medium,Clear,Dry,5,31.7405,-109.3105,19,12,2023,2023-12,Night
1107,Los Angeles,2022-05-13,19:23,Low,Hail,Wet,4,41.8544,-76.2282,19,5,2022,2022-05,Night
1108,Phoenix,2023-01-12,06:35,High,Rain,Wet,4,43.085,-110.0523,6,1,2023,2023-01,Day
1109,San Jose,2021-09-14,21:15,Medium,Rain,Dry,3,43.3047,-104.2383,21,9,2021,2021-09,Night
1110,Phoenix,2021-08-30,06:26,Low,Rain,Slippery,2,45.6971,-76.4269,6,8,2021,2021-08,Day
1111,Los Angeles,2021-02-01,07:26,Medium,Cloudy,Wet,2,44.9976,-78.6394,7,2,2021,2021-02,Day
1112,New York,2021-02-19,17:04,High,Cloudy,Slippery,3,27.9314,-85.7597,17,2,2021,2021-02,Day
1113,Chicago,2022-05-10,18:07,High,Clear,Wet,1,47.8651,-119.6476,18,5,2022,2022-05,Night
1114,Houston,2022-12-28,22:58,Medium,Snow,Dry,4,41.1026,-83.861,22,12,2022,2022-12,Night
1115,New York,2023-11-10,06:57,Medium,Rain,Dry,3,35.0875,-95.5493,6,11,2023,2023-11,Day
1116,Los Angeles,2022-07-27,21:06,Medium,Clear,Wet,5,38.336,-78.1086,21,7,2022,2022-07,Night
1117,Chicago,2023-05-24,10:24,Low,Clear,Icy,2,34.9024,-107.5307,10,5,2023,2023-05,Day
1118,Los Angeles,2022-10-06,06:18,Low,Rain,Dry,2,31.635,-74.28,6,10,2022,2022-10,Day
1119,Los Angeles,2021-08-06,21:42,Low,Rain,Wet,2,25.6291,-75.0679,21,8,2021,2021-08,Night
1120,Austin,2022-02-04,00:53,Low,Clear,Slippery,4,41.8381,-94.9135,0,2,2022,2022-02,Night
1121,Dallas,2023-07-19,10:07,High,Clear,Slippery,4,31.0503,-77.0459,10,7,2023,2023-07,Day
1122,Indianapolis,2022-07-25,18:07,High,Fog,Dry,1,32.5237,-95.6329,18,7,2022,2022-07,Night
1123,Phoenix,2022-07-20,13:47,Medium,Fog,Dry,1,34.9677,-73.5169,13,7,2022,2022-07,Day
1124,Philadelphia,2023-12-04,10:53,High,Rain,Slippery,1,30.656,-91.5101,10,12,2023,2023-12,Day
1125,Phoenix,2022-03-27,17:16,Medium,Clear,Dry,2,29.5672,-76.4551,17,3,2022,2022-03,Day
1126,Los Angeles,2023-11-24,20:47,Medium,Rain,Wet,2,25.8927,-86.225,20,11,2023,2023-11,Night
1127,San Diego,2023-02-18,16:15,Medium,Rain,Dry,3,44.3359,-76.498,16,2,2023,2023-02,Day
1128,Houston,2023-09-21,13:40,Low,Rain,Dry,1,47.1471,-75.3654,13,9,2023,2023-09,Day
1129,Chicago,2022-08-12,12:28,Medium,Clear,Dry,3,40.1941,-103.9259,12,8,2022,2022-08,Day
1130,Columbus,2023-03-27,17:49,High,Snow,Wet,2,25.6661,-108.068,17,3,2023,2023-03,Day
1131,Houston,2022-03-17,20:50,Medium,Clear,Wet,4,34.0017,-99.0185,20,3,2022,2022-03,Night
1132,Los Angeles,2023-03-28,09:03,Medium,Clear,Icy,3,35.2956,-110.4919,9,3,2023,2023-03,Day
1133,San Antonio,2021-12-08,14:49,High,Rain,Dry,5,37.4146,-72.5855,14,12,2021,2021-12,Day
1134,San Jose,2021-02-13,19:05,Low,Clear,Icy,1,40.0634,-95.0303,19,2,2021,2021-02,Night
1135,Jacksonville,2023-01-12,14:10,Low,Fog,Dry,2,45.945,-104.7619,14,1,2023,2023-01,Day
1136,Charlotte,2022-03-18,15:15,Low,Clear,Slippery,1,36.5345,-80.8501,15,3,2022,2022-03,Day
1137,New York,2021-03-28,07:19,Medium,Rain,Dry,1,43.6989,-102.3514,7,3,2021,2021-03,Day
1138,Columbus,2023-04-01,07:47,High,Clear,Wet,4,25.4635,-83.3821,7,4,2023,2023-04,Day
1139,Austin,2021-11-07,06:37,Low,Rain,Dry,3,34.7785,-83.3389,6,11,2021,2021-11,Day
1140,New York,2022-09-11,09:12,High,Rain,Dry,4,27.1404,-71.7219,9,9,2022,2022-09,Day
1141,Dallas,2022-07-25,13:58,Medium,Clear,Under Construction,4,46.8835,-82.3396,13,7,2022,2022-07,Day
1142,Indianapolis,2021-08-10,13:36,Low,Clear,Dry,5,27.5058,-105.8483,13,8,2021,2021-08,Day
1143,New York,2021-10-22,19:05,Low,Snow,Dry,2,26.9294,-101.0339,19,10,2021,2021-10,Night
1144,Philadelphia,2023-08-28,14:53,Low,Fog,Dry,3,42.0318,-78.6152,14,8,2023,2023-08,Day
1145,San Antonio,2021-03-16,10:36,High,Clear,Dry,5,43.278,-93.6294,10,3,2021,2021-03,Day
1146,Chicago,2022-10-04,22:15,Medium,Rain,Slippery,1,46.1883,-99.8635,22,10,2022,2022-10,Night
1147,New York,2021-06-08,11:48,Medium,Clear,Dry,1,25.8984,-99.9425,11,6,2021,2021-06,Day
1148,Phoenix,2021-12-16,16:33,Medium,Rain,Dry,3,27.7044,-70.2213,16,12,2021,2021-12,Day
1149,Columbus,2022-07-10,14:39,Medium,Clear,Dry,2,43.4647,-72.4962,14,7,2022,2022-07,Day
1150,Phoenix,2023-01-31,14:16,Low,Clear,Wet,2,28.7775,-84.8158,14,1,2023,2023-01,Day
1151,Los Angeles,2023-08-29,00:26,Medium,Windy,Dry,2,29.5832,-117.1199,0,8,2023,2023-08,Night
1152,San Antonio,2023-07-29,11:03,Medium,Clear,Wet,2,32.934,-121.2653,11,7,2023,2023-07,Day
1153,Charlotte,2022-01-30,09:52,Medium,Fog,Dry,4,46.4891,-92.8222,9,1,2022,2022-01,Day
1154,New York,2022-02-19,06:09,Low,Clear,Wet,2,43.3283,-91.4595,6,2,2022,2022-02,Day
1155,Jacksonville,2023-02-24,11:49,Medium,Hail,Wet,5,40.3754,-97.3828,11,2,2023,2023-02,Day
1156,Indianapolis,2021-12-11,00:14,Low,Snow,Dry,2,35.9357,-121.9872,0,12,2021,2021-12,Night
1157,New York,2021-06-09,20:03,High,Clear,Dry,3,36.5086,-115.9006,20,6,2021,2021-06,Night
1158,Dallas,2023-03-17,11:24,Low,Snow,Dry,1,45.3156,-78.2061,11,3,2023,2023-03,Day
1159,Los Angeles,2021-12-07,21:53,Low,Clear,Dry,3,40.7635,-92.9889,21,12,2021,2021-12,Night
1160,New York,2023-06-11,17:11,Low,Rain,Wet,4,29.9169,-92.8907,17,6,2023,2023-06,Day
1161,Charlotte,2022-01-27,12:11,High,Clear,Dry,2,25.1291,-105.8597,12,1,2022,2022-01,Day
1162,Los Angeles,2021-07-12,21:58,High,Rain,Dry,3,39.7585,-101.2887,21,7,2021,2021-07,Night
1163,Indianapolis,2022-06-03,09:03,High,Snow,Slippery,5,39.5415,-96.5044,9,6,2022,2022-06,Day
1164,San Jose,2023-08-28,18:41,High,Clear,Dry,2,41.2297,-112.8008,18,8,2023,2023-08,Night
1165,Jacksonville,2021-09-27,06:53,Low,Rain,Dry,1,44.7315,-107.5711,6,9,2021,2021-09,Day
1166,New York,2022-02-02,17:47,High,Snow,Dry,2,45.8317,-91.4839,17,2,2022,2022-02,Day
1167,Houston,2023-01-21,14:42,High,Rain,Dry,5,28.3928,-108.1349,14,1,2023,2023-01,Day
1168,San Antonio,2021-12-20,12:17,Medium,Clear,Wet,1,32.1568,-92.8509,12,12,2021,2021-12,Day
1169,Jacksonville,2021-08-30,11:36,Low,Cloudy,Dry,1,29.1975,-117.5063,11,8,2021,2021-08,Day
1170,San Jose,2022-10-13,16:01,Medium,Clear,Dry,1,45.1756,-72.9517,16,10,2022,2022-10,Day
1171,Charlotte,2022-09-23,19:41,High,Fog,Wet,3,26.2267,-85.2925,19,9,2022,2022-09,Night
1172,Chicago,2021-12-31,09:36,Low,Clear,Slippery,2,47.5234,-108.5136,9,12,2021,2021-12,Day
1173,Chicago,2023-06-20,09:31,Low,Fog,Wet,2,25.8448,-78.5943,9,6,2023,2023-06,Day
1174,Los Angeles,2023-03-01,07:36,Medium,Clear,Icy,3,29.7713,-85.618,7,3,2023,2023-03,Day
1175,Austin,2023-10-29,15:47,Low,Fog,Dry,4,30.9995,-74.0602,15,10,2023,2023-10,Day
1176,Phoenix,2023-11-25,17:11,Medium,Clear,Wet,5,45.7293,-105.2367,17,11,2023,2023-11,Day
1177,Columbus,2021-08-03,16:55,Low,Rain,Dry,1,29.3036,-103.3838,16,8,2021,2021-08,Day
1178,San Jose,2021-11-30,13:11,Medium,Rain,Wet,4,41.812,-97.3743,13,11,2021,2021-11,Day
1179,San Antonio,2022-05-14,09:23,Medium,Clear,Dry,2,42.553,-75.155,9,5,2022,2022-05,Day
1180,San Jose,2023-11-05,06:27,High,Clear,Dry,5,28.8268,-106.3697,6,11,2023,2023-11,Day
1181,San Jose,2023-12-10,08:36,Low,Clear,Under Construction,1,32.1133,-82.1772,8,12,2023,2023-12,Day
1182,Houston,2022-12-10,13:10,Medium,Clear,Dry,3,26.8486,-109.7185,13,12,2022,2022-12,Day
1183,Los Angeles,2022-02-21,12:46,Medium,Snow,Dry,4,28.6646,-116.8045,12,2,2022,2022-02,Day
1184,Phoenix,2023-03-19,17:58,Low,Rain,Dry,1,33.9142,-105.4455,17,3,2023,2023-03,Day
1185,Columbus,2021-10-01,12:20,High,Fog,Dry,4,37.2846,-103.9629,12,10,2021,2021-10,Day
1186,Los Angeles,2021-02-25,08:38,Low,Clear,Wet,1,39.043,-82.9124,8,2,2021,2021-02,Day
1187,Phoenix,2021-06-08,17:08,Low,Clear,Dry,4,40.043,-99.863,17,6,2021,2021-06,Day
1188,Austin,2022-08-07,10:43,Low,Hail,Dry,2,34.159,-95.0979,10,8,2022,2022-08,Day
1189,Chicago,2021-08-06,13:05,Medium,Rain,Dry,1,28.7003,-115.3055,13,8,2021,2021-08,Day
1190,New York,2023-11-05,12:29,Medium,Rain,Dry,1,31.968,-108.5502,12,11,2023,2023-11,Day
1191,Columbus,2021-08-26,16:51,Medium,Fog,Wet,5,47.3507,-116.193,16,8,2021,2021-08,Day
1192,San Jose,2022-01-02,23:34,High,Clear,Dry,5,30.9302,-95.2254,23,1,2022,2022-01,Night
1193,Los Angeles,2023-07-21,12:29,Low,Rain,Dry,5,40.7869,-108.879,12,7,2023,2023-07,Day
1194,Austin,2022-11-23,17:49,Medium,Clear,Dry,1,35.2757,-106.5205,17,11,2022,2022-11,Day
1195,Dallas,2021-03-14,16:22,Medium,Clear,Dry,5,27.1752,-84.2071,16,3,2021,2021-03,Day
1196,Chicago,2023-10-08,12:17,Medium,Rain,Slippery,5,38.0886,-119.8867,12,10,2023,2023-10,Day
1197,San Antonio,2022-10-31,11:09,Medium,Snow,Dry,5,47.5461,-117.9042,11,10,2022,2022-10,Day
1198,Los Angeles,2022-09-11,12:01,Medium,Fog,Wet,1,44.2476,-99.4614,12,9,2022,2022-09,Day
1199,Los Angeles,2021-08-27,19:36,Low,Rain,Slippery,2,40.9679,-119.4608,19,8,2021,2021-08,Night
1200,Houston,2023-08-27,08:59,Medium,Fog,Dry,1,38.9063,-74.6932,8,8,2023,2023-08,Day
1201,Los Angeles,2022-08-07,09:26,Medium,Rain,Dry,4,38.7788,-71.2533,9,8,2022,2022-08,Day
1202,New York,2022-10-14,06:14,Low,Clear,Dry,5,44.0204,-91.4285,6,10,2022,2022-10,Day
1203,Charlotte,2022-11-05,14:30,Low,Clear,Dry,4,28.4909,-77.5735,14,11,2022,2022-11,Day
1204,Los Angeles,2023-10-19,08:44,Low,Clear,Wet,5,47.2576,-89.168,8,10,2023,2023-10,Day
1205,Indianapolis,2022-12-09,06:47,Low,Clear,Dry,4,25.68,-89.5071,6,12,2022,2022-12,Day
1206,Houston,2021-12-08,16:36,High,Clear,Under Construction,5,42.1132,-70.5366,16,12,2021,2021-12,Day
1207,Chicago,2023-02-08,21:08,High,Clear,Dry,2,47.819,-92.3213,21,2,2023,2023-02,Night
1208,San Jose,2022-01-01,20:49,Medium,Clear,Dry,2,34.6181,-90.8391,20,1,2022,2022-01,Night
1209,New York,2022-10-17,18:40,High,Hail,Icy,3,36.553,-94.3096,18,10,2022,2022-10,Night
1210,San Jose,2022-04-07,20:31,Low,Cloudy,Dry,2,34.2013,-121.8265,20,4,2022,2022-04,Night
1211,Los Angeles,2022-11-16,18:41,High,Clear,Wet,4,34.4368,-88.9063,18,11,2022,2022-11,Night
1212,Phoenix,2022-04-05,07:39,Low,Rain,Dry,1,32.4755,-109.0031,7,4,2022,2022-04,Day
1213,New York,2023-08-25,17:23,Medium,Fog,Dry,5,44.8591,-77.7839,17,8,2023,2023-08,Day
1214,Columbus,2021-11-27,13:46,Low,Cloudy,Slippery,3,28.051,-118.6297,13,11,2021,2021-11,Day
1215,Houston,2021-03-05,08:29,Medium,Clear,Dry,2,47.3745,-95.9888,8,3,2021,2021-03,Day
1216,Chicago,2021-08-16,19:53,High,Clear,Dry,1,25.1583,-120.3192,19,8,2021,2021-08,Night
1217,Jacksonville,2023-04-13,20:30,Low,Clear,Dry,5,27.7826,-81.617,20,4,2023,2023-04,Night
1218,Phoenix,2023-12-30,18:28,Medium,Clear,Dry,1,33.3576,-84.7355,18,12,2023,2023-12,Night
1219,Houston,2023-11-14,16:28,Low,Clear,Dry,5,42.3323,-116.1872,16,11,2023,2023-11,Day
1220,Chicago,2021-12-13,11:42,High,Fog,Dry,1,32.5906,-85.9268,11,12,2021,2021-12,Day
1221,San Jose,2023-07-28,20:31,Medium,Clear,Wet,3,43.1096,-85.6228,20,7,2023,2023-07,Night
1222,New York,2022-07-18,16:48,Medium,Clear,Slippery,5,33.3427,-106.8566,16,7,2022,2022-07,Day
1223,Phoenix,2021-11-21,15:19,Medium,Clear,Wet,2,28.3701,-106.7987,15,11,2021,2021-11,Day
1224,New York,2023-02-26,09:14,Low,Clear,Wet,3,33.3757,-95.5532,9,2,2023,2023-02,Day
1225,Columbus,2023-11-25,12:39,High,Rain,Wet,5,32.2288,-102.5331,12,11,2023,2023-11,Day
1226,Phoenix,2023-09-21,17:55,Low,Cloudy,Dry,1,32.8744,-105.916,17,9,2023,2023-09,Day
1227,San Jose,2022-04-05,07:38,Medium,Rain,Dry,4,38.0964,-88.7909,7,4,2022,2022-04,Day
1228,Austin,2021-01-25,19:54,Medium,Cloudy,Wet,3,40.2776,-101.2785,19,1,2021,2021-01,Night
1229,New York,2021-07-22,22:32,Medium,Rain,Wet,1,47.3201,-119.0893,22,7,2021,2021-07,Night
1230,Austin,2023-12-07,09:16,Low,Cloudy,Slippery,2,40.8617,-98.2846,9,12,2023,2023-12,Day
1231,Philadelphia,2021-03-24,23:17,Low,Clear,Icy,1,45.8412,-115.1075,23,3,2021,2021-03,Night
1232,Los Angeles,2022-09-13,05:14,Medium,Rain,Dry,1,32.3337,-89.0369,5,9,2022,2022-09,Night
1233,New York,2022-02-07,13:28,Low,Rain,Dry,4,31.8991,-121.5007,13,2,2022,2022-02,Day
1234,Dallas,2023-05-31,20:07,Medium,Rain,Wet,5,42.3775,-70.4036,20,5,2023,2023-05,Night
1235,Los Angeles,2022-05-31,18:38,Medium,Clear,Dry,3,46.883,-106.4189,18,5,2022,2022-05,Night
1236,San Diego,2023-12-26,09:17,Medium,Rain,Dry,2,36.2144,-105.4012,9,12,2023,2023-12,Day
1237,Los Angeles,2023-11-10,13:10,Medium,Rain,Dry,4,32.8759,-86.2781,13,11,2023,2023-11,Day
1238,San Jose,2022-01-10,08:06,Low,Rain,Dry,5,35.8531,-86.3932,8,1,2022,2022-01,Day
1239,Chicago,2022-03-07,15:09,Low,Clear,Dry,2,39.0328,-113.8291,15,3,2022,2022-03,Day
1240,San Antonio,2023-11-24,23:41,Medium,Fog,Dry,3,35.8556,-77.4756,23,11,2023,2023-11,Night
1241,Chicago,2022-09-14,11:19,Low,Fog,Dry,4,37.9556,-82.3398,11,9,2022,2022-09,Day
1242,New York,2021-01-12,18:25,Medium,Rain,Dry,4,42.6421,-120.9871,18,1,2021,2021-01,Night
1243,Los Angeles,2022-02-19,08:45,High,Clear,Dry,4,32.4908,-92.8814,8,2,2022,2022-02,Day
1244,Phoenix,2022-02-13,19:39,High,Clear,Dry,3,41.6255,-73.0423,19,2,2022,2022-02,Night
1245,San Jose,2023-08-21,22:02,Low,Hail,Wet,2,31.4433,-90.4513,22,8,2023,2023-08,Night
1246,San Diego,2023-02-08,05:03,Low,Clear,Slippery,1,35.8523,-76.1958,5,2,2023,2023-02,Night
1247,Dallas,2021-06-01,10:49,High,Snow,Wet,5,29.5999,-117.4237,10,6,2021,2021-06,Day
1248,San Jose,2022-05-18,11:34,Low,Rain,Dry,1,28.2308,-81.9649,11,5,2022,2022-05,Day
1249,Columbus,2022-10-05,22:23,Medium,Cloudy,Dry,4,30.2367,-103.1654,22,10,2022,2022-10,Night
1250,Los Angeles,2022-02-12,17:45,Medium,Cloudy,Dry,4,34.8286,-80.0846,17,2,2022,2022-02,Day
1251,Charlotte,2021-04-09,19:03,Medium,Clear,Dry,1,47.0751,-76.5998,19,4,2021,2021-04,Night
1252,Los Angeles,2022-11-01,19:31,Low,Clear,Dry,1,47.4072,-81.4094,19,11,2022,2022-11,Night
1253,Jacksonville,2023-12-26,07:32,Low,Cloudy,Wet,2,42.2939,-82.11,7,12,2023,2023-12,Day
1254,Houston,2023-06-02,19:29,High,Fog,Wet,1,29.1785,-92.0884,19,6,2023,2023-06,Night
1255,Dallas,2023-07-19,14:44,High,Cloudy,Dry,3,25.1461,-78.9324,14,7,2023,2023-07,Day
1256,Houston,2021-02-08,00:20,Low,Clear,Wet,3,37.2444,-88.0121,0,2,2021,2021-02,Night
1257,Charlotte,2022-02-15,18:36,High,Fog,Wet,2,42.7788,-111.2805,18,2,2022,2022-02,Night
1258,San Antonio,2022-01-07,06:34,High,Fog,Wet,1,32.5316,-105.6025,6,1,2022,2022-01,Day
1259,Chicago,2022-04-17,17:12,Medium,Clear,Slippery,2,42.7639,-120.5806,17,4,2022,2022-04,Day
1260,New York,2023-06-20,07:24,High,Snow,Dry,1,35.2767,-101.2427,7,6,2023,2023-06,Day
1261,Austin,2022-02-26,18:37,Low,Clear,Slippery,5,27.7992,-82.6565,18,2,2022,2022-02,Night
1262,San Antonio,2021-09-04,21:47,Medium,Clear,Dry,1,43.3952,-103.2874,21,9,2021,2021-09,Night
1263,New York,2022-06-07,14:29,Low,Clear,Under Construction,1,33.1577,-72.8219,14,6,2022,2022-06,Day
1264,San Diego,2021-05-14,12:54,Low,Fog,Wet,4,45.1467,-121.1758,12,5,2021,2021-05,Day
1265,Chicago,2022-07-17,18:57,Low,Clear,Wet,2,36.9283,-114.7085,18,7,2022,2022-07,Night
1266,San Antonio,2023-08-21,18:03,Low,Fog,Dry,5,34.5422,-113.8109,18,8,2023,2023-08,Night
1267,Indianapolis,2021-12-20,07:33,Medium,Snow,Dry,1,43.0908,-120.441,7,12,2021,2021-12,Day
1268,Chicago,2022-02-22,10:40,High,Rain,Dry,1,32.6264,-75.7813,10,2,2022,2022-02,Day
1269,Charlotte,2021-03-12,18:09,Low,Clear,Wet,5,28.904,-116.794,18,3,2021,2021-03,Night
1270,Houston,2022-12-16,20:05,Low,Hail,Dry,4,44.6912,-94.0902,20,12,2022,2022-12,Night
1271,San Diego,2021-10-03,20:51,Low,Rain,Slippery,2,32.4262,-93.9207,20,10,2021,2021-10,Night
1272,Jacksonville,2021-07-17,13:47,Medium,Clear,Wet,2,30.1877,-117.7262,13,7,2021,2021-07,Day
1273,Columbus,2021-07-14,18:18,Low,Clear,Dry,3,32.5584,-71.3542,18,7,2021,2021-07,Night
1274,Los Angeles,2023-12-01,14:56,High,Clear,Dry,2,38.3255,-73.3995,14,12,2023,2023-12,Day
1275,Chicago,2021-03-12,18:51,Low,Clear,Dry,2,39.5965,-78.5603,18,3,2021,2021-03,Night
1276,New York,2022-05-03,07:20,Medium,Snow,Dry,5,34.3301,-70.3797,7,5,2022,2022-05,Day
1277,Houston,2023-07-18,16:34,Medium,Rain,Wet,3,32.7569,-75.5886,16,7,2023,2023-07,Day
1278,Phoenix,2022-06-07,11:55,Medium,Rain,Wet,3,42.5552,-108.3311,11,6,2022,2022-06,Day
1279,Indianapolis,2023-01-19,12:01,Low,Clear,Dry,1,27.7664,-84.9398,12,1,2023,2023-01,Day
1280,Houston,2021-09-16,20:19,Medium,Cloudy,Under Construction,5,29.2001,-79.3586,20,9,2021,2021-09,Night
1281,Dallas,2023-11-13,08:53,Medium,Clear,Wet,5,38.8215,-114.1079,8,11,2023,2023-11,Day
1282,Philadelphia,2023-12-23,14:51,Medium,Rain,Under Construction,2,33.6129,-116.7928,14,12,2023,2023-12,Day
1283,San Antonio,2021-12-06,16:54,High,Fog,Dry,5,34.7524,-111.4858,16,12,2021,2021-12,Day
1284,Chicago,2021-04-11,22:25,High,Hail,Slippery,4,32.4042,-84.4795,22,4,2021,2021-04,Night
1285,Dallas,2022-09-07,00:16,Medium,Clear,Wet,5,47.0633,-118.9204,0,9,2022,2022-09,Night
1286,Austin,2023-04-21,07:30,Medium,Snow,Under Construction,2,33.9985,-113.709,7,4,2023,2023-04,Day
1287,Los Angeles,2023-05-09,12:12,Low,Clear,Slippery,2,45.5307,-115.5795,12,5,2023,2023-05,Day
1288,San Diego,2021-11-07,08:09,Medium,Clear,Dry,3,37.0575,-81.8738,8,11,2021,2021-11,Day
1289,Chicago,2023-08-23,08:28,Low,Fog,Dry,1,45.2452,-82.779,8,8,2023,2023-08,Day
1290,Chicago,2022-12-01,20:02,High,Clear,Dry,5,28.8745,-85.0924,20,12,2022,2022-12,Night
1291,Phoenix,2023-09-25,18:14,Low,Fog,Under Construction,3,30.5497,-77.8018,18,9,2023,2023-09,Night
1292,Houston,2023-10-10,19:27,Medium,Snow,Dry,3,45.8088,-88.7062,19,10,2023,2023-10,Night
1293,Los Angeles,2022-11-05,12:53,Low,Clear,Wet,4,30.5831,-96.2612,12,11,2022,2022-11,Day
1294,Indianapolis,2023-06-08,17:06,High,Rain,Wet,5,33.6439,-95.0137,17,6,2023,2023-06,Day
1295,San Antonio,2023-02-23,03:06,Medium,Hail,Wet,1,47.2348,-109.5921,3,2,2023,2023-02,Night
1296,Dallas,2023-05-14,19:45,Low,Fog,Slippery,5,44.8585,-120.0616,19,5,2023,2023-05,Night
1297,Dallas,2023-03-28,19:40,Medium,Cloudy,Dry,2,25.5553,-72.8106,19,3,2023,2023-03,Night
1298,Austin,2021-07-22,10:26,Medium,Snow,Dry,3,33.1047,-71.7894,10,7,2021,2021-07,Day
1299,Chicago,2022-07-21,13:03,Medium,Rain,Icy,2,29.8158,-81.9179,13,7,2022,2022-07,Day
1300,Chicago,2022-10-22,18:48,High,Snow,Slippery,3,33.0915,-94.0118,18,10,2022,2022-10,Night
1301,New York,2022-04-12,10:19,Medium,Rain,Dry,4,39.7079,-82.6586,10,4,2022,2022-04,Day
1302,Phoenix,2022-02-19,09:45,Low,Clear,Dry,2,47.0641,-105.2165,9,2,2022,2022-02,Day
1303,Columbus,2021-08-17,08:19,Medium,Rain,Icy,5,29.0919,-89.8395,8,8,2021,2021-08,Day
1304,Dallas,2021-06-05,08:05,High,Rain,Slippery,2,41.4654,-94.293,8,6,2021,2021-06,Day
1305,New York,2023-03-24,07:24,High,Snow,Slippery,3,39.1087,-71.5212,7,3,2023,2023-03,Day
1306,Austin,2022-10-26,23:28,Low,Clear,Under Construction,1,36.3733,-78.6711,23,10,2022,2022-10,Night
1307,Houston,2022-03-25,09:14,High,Clear,Dry,1,44.7232,-96.8698,9,3,2022,2022-03,Day
1308,Indianapolis,2023-06-18,12:35,Low,Clear,Wet,4,39.4269,-75.7926,12,6,2023,2023-06,Day
1309,Austin,2023-03-04,18:45,Low,Snow,Dry,3,45.7012,-73.28,18,3,2023,2023-03,Night
1310,Indianapolis,2022-10-18,14:04,Low,Snow,Under Construction,2,43.2978,-91.8942,14,10,2022,2022-10,Day
1311,Indianapolis,2021-07-17,23:50,Medium,Rain,Dry,5,30.24,-103.8862,23,7,2021,2021-07,Night
1312,Jacksonville,2022-04-04,13:36,Medium,Clear,Wet,1,46.9228,-113.0903,13,4,2022,2022-04,Day
1313,Columbus,2023-07-08,15:03,Medium,Fog,Dry,3,26.5045,-84.6188,15,7,2023,2023-07,Day
1314,New York,2022-06-01,22:46,Medium,Clear,Icy,2,47.6828,-110.8094,22,6,2022,2022-06,Night
1315,San Diego,2023-07-15,10:44,Low,Rain,Slippery,4,28.3174,-93.9401,10,7,2023,2023-07,Day
1316,New York,2022-10-07,20:39,Medium,Rain,Icy,1,39.1186,-94.4519,20,10,2022,2022-10,Night
1317,Indianapolis,2021-11-27,18:15,Medium,Windy,Icy,1,39.9364,-96.2613,18,11,2021,2021-11,Night
1318,Charlotte,2021-09-02,11:06,Medium,Cloudy,Dry,4,33.7697,-97.3308,11,9,2021,2021-09,Day
1319,Chicago,2022-12-05,07:19,Medium,Snow,Dry,2,30.9916,-111.5684,7,12,2022,2022-12,Day
1320,New York,2022-12-21,23:40,Medium,Clear,Dry,5,26.4007,-93.0293,23,12,2022,2022-12,Night
1321,Indianapolis,2023-02-04,06:00,Medium,Clear,Dry,1,43.4009,-92.4599,6,2,2023,2023-02,Day
1322,Los Angeles,2023-02-07,20:11,Medium,Clear,Dry,3,27.2302,-86.4746,20,2,2023,2023-02,Night
1323,Los Angeles,2021-11-13,16:36,Medium,Snow,Icy,5,28.4235,-79.4122,16,11,2021,2021-11,Day
1324,Philadelphia,2021-03-04,16:59,High,Cloudy,Icy,3,46.5057,-116.3957,16,3,2021,2021-03,Day
1325,Columbus,2022-01-05,16:10,Medium,Rain,Under Construction,3,46.5698,-73.7125,16,1,2022,2022-01,Day
1326,San Diego,2023-03-08,19:07,Low,Clear,Dry,4,29.3318,-100.9772,19,3,2023,2023-03,Night
1327,Phoenix,2023-01-04,05:58,High,Rain,Icy,5,27.2719,-94.9681,5,1,2023,2023-01,Night
1328,Philadelphia,2022-10-19,21:36,Medium,Clear,Wet,2,31.4989,-114.9553,21,10,2022,2022-10,Night
1329,Houston,2022-02-10,10:40,Medium,Clear,Dry,1,32.3948,-96.8266,10,2,2022,2022-02,Day
1330,San Jose,2023-03-08,10:50,Medium,Rain,Wet,1,29.3258,-117.3623,10,3,2023,2023-03,Day
1331,New York,2021-12-22,16:47,Low,Hail,Dry,3,47.1763,-119.2734,16,12,2021,2021-12,Day
1332,Jacksonville,2023-06-08,18:33,Medium,Rain,Dry,2,27.269,-72.6019,18,6,2023,2023-06,Night
1333,Dallas,2022-03-30,18:04,Medium,Rain,Wet,1,46.208,-111.2864,18,3,2022,2022-03,Night
1334,Columbus,2021-08-27,21:00,Medium,Cloudy,Dry,2,47.703,-79.0182,21,8,2021,2021-08,Night
1335,New York,2023-02-01,21:25,Low,Clear,Wet,4,40.6491,-85.071,21,2,2023,2023-02,Night
1336,San Diego,2022-09-27,08:56,High,Clear,Dry,4,33.674,-78.183,8,9,2022,2022-09,Day
1337,Los Angeles,2022-01-24,19:31,Low,Rain,Dry,4,27.9644,-86.146,19,1,2022,2022-01,Night
1338,Los Angeles,2021-05-25,16:07,Medium,Clear,Wet,2,46.7006,-108.662,16,5,2021,2021-05,Day
1339,Los Angeles,2023-03-27,10:18,Medium,Clear,Dry,2,46.8548,-93.153,10,3,2023,2023-03,Day
1340,Indianapolis,2023-10-17,08:33,Medium,Clear,Dry,4,29.243,-82.3478,8,10,2023,2023-10,Day
1341,Chicago,2021-05-19,09:39,Medium,Clear,Icy,5,42.6362,-112.1736,9,5,2021,2021-05,Day
1342,Philadelphia,2022-03-07,18:02,High,Clear,Under Construction,2,33.0527,-111.5662,18,3,2022,2022-03,Night
1343,Charlotte,2021-04-26,12:09,Medium,Clear,Wet,3,40.1343,-99.1787,12,4,2021,2021-04,Day
1344,San Antonio,2023-06-22,05:15,Low,Clear,Wet,3,26.3044,-86.3923,5,6,2023,2023-06,Night
1345,San Antonio,2023-04-20,14:01,Low,Cloudy,Dry,2,45.735,-86.4155,14,4,2023,2023-04,Day
1346,New York,2021-01-13,12:36,Low,Rain,Slippery,1,37.9637,-118.156,12,1,2021,2021-01,Day
1347,Chicago,2023-09-03,21:41,Medium,Clear,Slippery,2,40.7063,-90.1444,21,9,2023,2023-09,Night
1348,Houston,2022-12-08,23:40,High,Clear,Wet,3,30.1483,-107.0831,23,12,2022,2022-12,Night
1349,Indianapolis,2021-12-24,22:24,High,Clear,Dry,3,28.3116,-98.0835,22,12,2021,2021-12,Night
1350,Jacksonville,2022-04-10,23:08,Low,Cloudy,Dry,4,35.5934,-98.4798,23,4,2022,2022-04,Night
1351,Chicago,2023-03-07,13:21,Low,Fog,Dry,2,41.3896,-92.4439,13,3,2023,2023-03,Day
1352,Jacksonville,2023-01-15,20:35,Medium,Clear,Dry,4,28.2506,-116.3502,20,1,2023,2023-01,Night
1353,Indianapolis,2023-07-16,10:53,High,Clear,Dry,3,37.6889,-113.8506,10,7,2023,2023-07,Day
1354,Los Angeles,2023-02-27,21:27,Medium,Rain,Dry,2,31.2864,-83.2095,21,2,2023,2023-02,Night
1355,San Jose,2021-11-16,16:36,Low,Clear,Dry,2,42.5403,-96.6924,16,11,2021,2021-11,Day
1356,New York,2023-12-23,18:56,Low,Clear,Dry,1,32.6247,-117.3228,18,12,2023,2023-12,Night
1357,Indianapolis,2023-01-01,08:09,Low,Clear,Wet,3,38.4193,-78.9308,8,1,2023,2023-01,Day
1358,Los Angeles,2023-08-31,11:11,Low,Rain,Slippery,2,28.7549,-115.8411,11,8,2023,2023-08,Day
1359,San Antonio,2023-04-20,07:35,Medium,Clear,Icy,2,47.4509,-87.4788,7,4,2023,2023-04,Day
1360,San Jose,2021-10-28,21:06,Low,Clear,Dry,2,42.6442,-91.5189,21,10,2021,2021-10,Night
1361,Philadelphia,2023-01-13,21:37,Medium,Clear,Dry,5,32.9081,-104.3316,21,1,2023,2023-01,Night
1362,Los Angeles,2021-06-24,20:04,Medium,Rain,Slippery,1,47.8366,-80.8697,20,6,2021,2021-06,Night
1363,Chicago,2022-02-08,22:20,Medium,Fog,Dry,4,25.367,-75.6655,22,2,2022,2022-02,Night
1364,Jacksonville,2023-05-06,23:23,Low,Clear,Wet,1,36.261,-74.8975,23,5,2023,2023-05,Night
1365,Chicago,2021-04-17,17:44,Medium,Clear,Dry,4,40.1664,-104.6882,17,4,2021,2021-04,Day
1366,San Antonio,2021-03-06,07:59,Medium,Clear,Dry,4,33.7404,-120.1289,7,3,2021,2021-03,Day
1367,Chicago,2022-07-08,17:21,Medium,Windy,Dry,3,28.0438,-103.9956,17,7,2022,2022-07,Day
1368,Los Angeles,2022-06-20,15:31,Low,Clear,Wet,3,44.814,-75.4174,15,6,2022,2022-06,Day
1369,San Jose,2021-02-17,19:51,Low,Clear,Dry,5,43.4335,-81.4984,19,2,2021,2021-02,Night
1370,Dallas,2021-06-04,00:00,Low,Cloudy,Dry,5,39.4009,-76.6898,0,6,2021,2021-06,Night
1371,San Jose,2023-08-02,16:21,Low,Clear,Wet,2,46.114,-73.8188,16,8,2023,2023-08,Day
1372,New York,2022-01-16,06:05,Medium,Clear,Dry,1,33.8987,-89.4765,6,1,2022,2022-01,Day
1373,Dallas,2022-01-30,13:12,Medium,Fog,Dry,5,44.8952,-118.8142,13,1,2022,2022-01,Day
1374,Los Angeles,2022-01-14,14:05,Low,Clear,Wet,2,41.0992,-85.4509,14,1,2022,2022-01,Day
1375,Chicago,2021-06-05,08:54,High,Clear,Wet,5,31.8245,-100.5613,8,6,2021,2021-06,Day
1376,Austin,2022-08-08,08:16,Medium,Rain,Wet,3,31.4733,-113.6143,8,8,2022,2022-08,Day
1377,Columbus,2021-05-07,05:22,Low,Fog,Dry,4,25.276,-83.298,5,5,2021,2021-05,Night
1378,Charlotte,2021-06-30,10:49,Low,Rain,Wet,1,38.0916,-84.1883,10,6,2021,2021-06,Day
1379,Austin,2022-10-16,13:47,Low,Clear,Dry,5,47.9792,-112.1052,13,10,2022,2022-10,Day
1380,Houston,2021-12-16,03:22,High,Clear,Icy,4,35.6633,-75.2473,3,12,2021,2021-12,Night
1381,San Jose,2023-07-16,07:47,Medium,Clear,Dry,3,33.7735,-76.747,7,7,2023,2023-07,Day
1382,Houston,2021-11-02,12:00,High,Cloudy,Dry,2,29.9909,-121.1478,12,11,2021,2021-11,Day
1383,Los Angeles,2023-08-26,07:21,Medium,Clear,Icy,5,31.3864,-112.1228,7,8,2023,2023-08,Day
1384,Los Angeles,2023-10-20,12:54,High,Clear,Under Construction,1,46.9179,-85.2867,12,10,2023,2023-10,Day
1385,Charlotte,2022-08-16,07:33,High,Clear,Dry,3,39.5247,-104.3938,7,8,2022,2022-08,Day
1386,San Antonio,2022-09-29,17:27,Medium,Rain,Dry,3,43.5639,-77.0669,17,9,2022,2022-09,Day
1387,New York,2023-01-27,15:30,Medium,Clear,Dry,3,40.8305,-74.6724,15,1,2023,2023-01,Day
1388,Indianapolis,2022-10-03,16:57,Medium,Rain,Wet,3,41.0616,-75.1035,16,10,2022,2022-10,Day
1389,Indianapolis,2022-10-22,18:36,Low,Rain,Dry,2,36.2375,-97.5729,18,10,2022,2022-10,Night
1390,New York,2021-02-09,10:56,Medium,Rain,Dry,4,35.6419,-75.1776,10,2,2021,2021-02,Day
1391,San Jose,2022-06-29,05:24,Medium,Clear,Dry,1,35.8962,-110.3867,5,6,2022,2022-06,Night
1392,San Antonio,2021-01-07,11:52,Medium,Fog,Under Construction,4,47.6615,-90.5519,11,1,2021,2021-01,Day
1393,Los Angeles,2022-02-14,19:41,High,Rain,Dry,1,41.9164,-111.863,19,2,2022,2022-02,Night
1394,Chicago,2023-10-30,09:50,Medium,Snow,Dry,2,28.3134,-120.6852,9,10,2023,2023-10,Day
1395,San Jose,2023-05-14,06:29,High,Clear,Dry,2,38.6584,-82.56,6,5,2023,2023-05,Day
1396,Los Angeles,2021-08-09,21:29,Medium,Rain,Dry,2,32.4245,-121.1183,21,8,2021,2021-08,Night
1397,Phoenix,2021-04-18,20:35,Low,Snow,Dry,1,39.4645,-88.3909,20,4,2021,2021-04,Night
1398,Jacksonville,2023-03-22,07:39,Low,Clear,Wet,5,25.9058,-95.3912,7,3,2023,2023-03,Day
1399,New York,2021-09-28,13:59,Low,Rain,Slippery,2,27.1128,-103.2635,13,9,2021,2021-09,Day
1400,Chicago,2023-01-02,11:26,Low,Clear,Dry,4,39.7618,-101.4085,11,1,2023,2023-01,Day
1401,Austin,2021-11-14,15:05,Medium,Clear,Slippery,3,30.2301,-119.0613,15,11,2021,2021-11,Day
1402,Dallas,2021-02-19,04:53,Medium,Clear,Icy,2,46.9517,-114.841,4,2,2021,2021-02,Night
1403,San Diego,2022-10-17,10:48,Low,Rain,Dry,1,40.4018,-85.7495,10,10,2022,2022-10,Day
1404,New York,2021-05-20,03:37,Low,Rain,Dry,1,38.3764,-102.8579,3,5,2021,2021-05,Night
1405,Philadelphia,2021-12-03,12:09,High,Fog,Dry,5,33.6089,-101.8022,12,12,2021,2021-12,Day
1406,Chicago,2022-02-17,18:16,Low,Clear,Dry,3,35.3879,-98.8317,18,2,2022,2022-02,Night
1407,Los Angeles,2023-11-15,18:13,Low,Snow,Wet,2,29.6033,-92.3492,18,11,2023,2023-11,Night
1408,Los Angeles,2022-09-04,19:43,Medium,Clear,Dry,2,38.0375,-76.0122,19,9,2022,2022-09,Night
1409,Chicago,2022-06-01,08:01,Low,Clear,Dry,4,46.7763,-101.7943,8,6,2022,2022-06,Day
1410,San Antonio,2022-11-02,13:25,Low,Rain,Wet,3,43.2851,-87.3147,13,11,2022,2022-11,Day
1411,Columbus,2022-05-24,06:06,High,Rain,Slippery,3,46.3937,-106.2208,6,5,2022,2022-05,Day
1412,New York,2023-02-21,18:10,Low,Rain,Under Construction,3,26.7503,-100.2907,18,2,2023,2023-02,Night
1413,Columbus,2021-02-15,10:02,Low,Clear,Slippery,2,27.7675,-88.8911,10,2,2021,2021-02,Day
1414,Phoenix,2021-03-04,20:59,Low,Clear,Dry,5,40.9831,-107.797,20,3,2021,2021-03,Night
1415,New York,2021-02-16,17:30,Medium,Clear,Dry,4,25.6877,-96.134,17,2,2021,2021-02,Day
1416,Philadelphia,2023-08-12,12:00,Low,Clear,Icy,3,41.3277,-84.6187,12,8,2023,2023-08,Day
1417,San Diego,2022-02-20,19:01,High,Clear,Wet,1,47.9043,-119.7056,19,2,2022,2022-02,Night
1418,Phoenix,2023-06-11,15:44,Low,Snow,Dry,3,27.0336,-102.9005,15,6,2023,2023-06,Day
1419,San Diego,2023-08-26,15:23,Low,Rain,Dry,3,34.361,-91.829,15,8,2023,2023-08,Day
1420,San Jose,2023-02-02,13:22,Low,Rain,Slippery,5,34.38,-72.0079,13,2,2023,2023-02,Day
1421,New York,2021-06-27,16:56,High,Rain,Dry,5,44.8214,-113.4576,16,6,2021,2021-06,Day
1422,Jacksonville,2021-03-29,11:58,Medium,Rain,Wet,2,44.5753,-92.168,11,3,2021,2021-03,Day
1423,New York,2022-02-26,19:25,Medium,Clear,Wet,1,36.9501,-92.0758,19,2,2022,2022-02,Night
1424,Charlotte,2022-06-06,21:42,Medium,Rain,Icy,4,27.6892,-83.9436,21,6,2022,2022-06,Night
1425,Phoenix,2023-02-04,15:25,High,Clear,Dry,4,40.8194,-70.6266,15,2,2023,2023-02,Day
1426,Los Angeles,2022-04-08,16:29,Medium,Fog,Wet,5,43.3985,-96.2494,16,4,2022,2022-04,Day
1427,Los Angeles,2021-05-28,17:19,Medium,Snow,Wet,1,46.8857,-112.0677,17,5,2021,2021-05,Day
1428,Los Angeles,2021-02-03,02:07,High,Rain,Dry,4,46.8733,-100.0603,2,2,2021,2021-02,Night
1429,Dallas,2023-01-03,17:00,Low,Clear,Dry,4,39.2429,-74.1831,17,1,2023,2023-01,Day
1430,Phoenix,2021-03-27,17:02,Low,Clear,Dry,4,42.3171,-81.9711,17,3,2021,2021-03,Day
1431,Columbus,2023-05-16,17:39,High,Rain,Under Construction,4,25.8894,-96.6527,17,5,2023,2023-05,Day
1432,New York,2021-06-27,13:34,Low,Snow,Wet,1,35.4578,-83.0493,13,6,2021,2021-06,Day
1433,New York,2022-05-10,16:30,Low,Fog,Slippery,2,39.1155,-117.0624,16,5,2022,2022-05,Day
1434,San Jose,2021-09-20,16:43,High,Clear,Wet,4,31.319,-92.6174,16,9,2021,2021-09,Day
1435,Dallas,2021-04-10,09:07,Medium,Cloudy,Dry,2,25.9158,-90.7417,9,4,2021,2021-04,Day
1436,Indianapolis,2023-05-24,06:09,Low,Rain,Dry,4,42.842,-80.0463,6,5,2023,2023-05,Day
1437,Chicago,2021-12-28,18:02,Low,Snow,Wet,4,30.2608,-98.8773,18,12,2021,2021-12,Night
1438,New York,2021-08-26,06:08,High,Rain,Dry,4,33.4335,-85.6561,6,8,2021,2021-08,Day
1439,Dallas,2021-02-12,18:57,Medium,Clear,Dry,3,35.0347,-85.4935,18,2,2021,2021-02,Night
1440,Columbus,2021-05-18,05:16,Medium,Rain,Wet,2,45.8522,-76.4723,5,5,2021,2021-05,Night
1441,Philadelphia,2021-09-05,02:05,Medium,Clear,Under Construction,3,37.8195,-97.1503,2,9,2021,2021-09,Night
1442,Philadelphia,2022-01-15,15:07,Low,Clear,Dry,4,25.2575,-118.8803,15,1,2022,2022-01,Day
1443,Los Angeles,2021-01-25,06:42,Medium,Clear,Icy,3,46.1768,-77.2495,6,1,2021,2021-01,Day
1444,Phoenix,2022-03-14,08:30,Low,Clear,Wet,5,44.7499,-118.3122,8,3,2022,2022-03,Day
1445,Jacksonville,2021-09-18,20:09,Low,Rain,Under Construction,5,28.7889,-89.3991,20,9,2021,2021-09,Night
1446,Charlotte,2023-04-27,19:23,High,Clear,Icy,1,45.0254,-81.4071,19,4,2023,2023-04,Night
1447,Charlotte,2021-02-26,08:46,Low,Rain,Slippery,2,36.0254,-72.6318,8,2,2021,2021-02,Day
1448,Columbus,2023-11-10,20:41,Medium,Clear,Wet,4,42.7813,-99.4974,20,11,2023,2023-11,Night
1449,New York,2021-03-05,12:35,High,Clear,Wet,3,31.38,-107.3967,12,3,2021,2021-03,Day
1450,San Antonio,2022-12-01,10:34,High,Snow,Dry,4,33.8802,-76.6997,10,12,2022,2022-12,Day
1451,Dallas,2021-10-09,13:05,High,Rain,Wet,1,30.7866,-108.053,13,10,2021,2021-10,Day
1452,Phoenix,2022-07-10,20:38,Low,Cloudy,Slippery,5,29.3991,-71.4383,20,7,2022,2022-07,Night
1453,San Diego,2022-01-28,19:33,Low,Rain,Wet,2,42.6712,-75.6914,19,1,2022,2022-01,Night
1454,Chicago,2021-10-13,19:44,Medium,Clear,Wet,3,29.7027,-97.9401,19,10,2021,2021-10,Night
1455,Dallas,2023-12-02,07:46,Low,Clear,Wet,3,29.2108,-88.3312,7,12,2023,2023-12,Day
1456,Phoenix,2023-10-15,11:25,Low,Rain,Wet,2,30.8587,-118.2534,11,10,2023,2023-10,Day
1457,Philadelphia,2021-09-12,22:52,Low,Clear,Icy,3,46.3395,-98.3525,22,9,2021,2021-09,Night
1458,Los Angeles,2022-07-22,14:26,Low,Clear,Under Construction,5,27.4858,-99.267,14,7,2022,2022-07,Day
1459,New York,2022-10-04,06:11,Medium,Windy,Dry,1,31.3792,-93.4785,6,10,2022,2022-10,Day
1460,Charlotte,2022-07-04,07:06,Medium,Clear,Slippery,5,26.3772,-116.2055,7,7,2022,2022-07,Day
1461,Los Angeles,2022-07-22,10:15,Medium,Rain,Dry,5,33.1317,-109.7092,10,7,2022,2022-07,Day
1462,San Jose,2021-02-17,15:20,Low,Hail,Dry,5,39.1748,-72.3674,15,2,2021,2021-02,Day
1463,Indianapolis,2021-07-06,15:39,Low,Rain,Dry,4,30.0824,-98.1057,15,7,2021,2021-07,Day
1464,Los Angeles,2021-12-06,20:58,Low,Clear,Dry,5,44.8006,-77.8213,20,12,2021,2021-12,Night
1465,Jacksonville,2023-07-03,08:06,Medium,Clear,Dry,4,44.5635,-82.9639,8,7,2023,2023-07,Day
1466,Los Angeles,2021-02-17,14:17,Medium,Clear,Slippery,3,32.4078,-96.0503,14,2,2021,2021-02,Day
1467,Los Angeles,2023-03-06,19:38,Low,Clear,Icy,4,28.8728,-100.9917,19,3,2023,2023-03,Night
1468,Los Angeles,2022-03-23,10:25,Medium,Cloudy,Dry,4,47.0951,-86.3024,10,3,2022,2022-03,Day
1469,Houston,2022-05-15,17:04,High,Clear,Dry,4,25.4714,-99.3128,17,5,2022,2022-05,Day
1470,Houston,2023-07-02,21:05,Low,Clear,Slippery,3,36.0062,-113.2358,21,7,2023,2023-07,Night
1471,Los Angeles,2023-11-26,16:51,Low,Clear,Dry,2,27.0694,-74.3758,16,11,2023,2023-11,Day
1472,New York,2021-07-09,16:35,Low,Cloudy,Dry,3,28.2576,-99.3335,16,7,2021,2021-07,Day
1473,Los Angeles,2022-01-16,08:19,Low,Snow,Wet,5,40.0563,-81.2183,8,1,2022,2022-01,Day
1474,Charlotte,2021-12-27,10:30,High,Clear,Icy,2,38.8606,-117.9935,10,12,2021,2021-12,Day
1475,Los Angeles,2021-07-27,09:50,Low,Rain,Icy,2,28.5125,-73.5282,9,7,2021,2021-07,Day
1476,Jacksonville,2022-05-19,19:20,Medium,Rain,Dry,5,45.5813,-101.5221,19,5,2022,2022-05,Night
1477,Jacksonville,2021-12-09,04:09,Low,Rain,Dry,3,35.6353,-98.3429,4,12,2021,2021-12,Night
1478,San Diego,2021-08-14,18:10,Medium,Clear,Dry,1,31.6057,-94.4976,18,8,2021,2021-08,Night
1479,Philadelphia,2023-10-01,17:25,Medium,Cloudy,Dry,5,33.1405,-90.5131,17,10,2023,2023-10,Day
1480,Charlotte,2023-04-10,18:33,Low,Snow,Dry,1,29.7585,-90.8105,18,4,2023,2023-04,Night
1481,San Antonio,2023-01-23,19:07,Medium,Clear,Dry,3,36.2061,-82.9838,19,1,2023,2023-01,Night
1482,San Jose,2022-03-18,12:40,Medium,Rain,Icy,2,39.9286,-106.2974,12,3,2022,2022-03,Day
1483,Los Angeles,2022-05-16,07:57,Medium,Rain,Dry,4,33.546,-111.356,7,5,2022,2022-05,Day
1484,Los Angeles,2021-09-25,12:03,Low,Rain,Dry,3,26.2217,-97.8154,12,9,2021,2021-09,Day
1485,Houston,2023-03-03,20:55,Medium,Clear,Wet,4,25.9321,-70.9694,20,3,2023,2023-03,Night
1486,Los Angeles,2023-09-09,05:21,High,Clear,Under Construction,2,42.1198,-92.7973,5,9,2023,2023-09,Night
1487,San Diego,2021-05-03,02:13,Low,Clear,Dry,5,35.5867,-89.6678,2,5,2021,2021-05,Night
1488,Phoenix,2022-08-07,11:51,Low,Clear,Dry,5,25.8316,-81.476,11,8,2022,2022-08,Day
1489,Charlotte,2023-11-03,05:09,Low,Rain,Dry,3,28.3109,-82.3703,5,11,2023,2023-11,Night
1490,Los Angeles,2022-02-07,06:24,Low,Clear,Dry,2,29.4733,-92.3967,6,2,2022,2022-02,Day
1491,Los Angeles,2023-05-06,19:56,Medium,Clear,Slippery,1,47.7936,-113.5036,19,5,2023,2023-05,Night
1492,San Jose,2021-03-18,09:30,Low,Cloudy,Dry,4,27.6275,-87.1903,9,3,2021,2021-03,Day
1493,Jacksonville,2022-12-03,16:23,High,Clear,Wet,3,39.5251,-105.0203,16,12,2022,2022-12,Day
1494,Dallas,2021-11-15,17:53,Medium,Clear,Wet,2,30.2026,-120.8443,17,11,2021,2021-11,Day
1495,Chicago,2023-09-17,09:32,High,Windy,Dry,5,31.9079,-77.1175,9,9,2023,2023-09,Day
1496,Los Angeles,2021-08-07,19:35,Medium,Cloudy,Dry,2,46.2992,-85.7362,19,8,2021,2021-08,Night
1497,Houston,2023-11-02,11:47,Medium,Clear,Dry,5,36.067,-73.7227,11,11,2023,2023-11,Day
1498,Columbus,2021-05-16,18:59,Medium,Snow,Dry,4,47.5022,-104.6431,18,5,2021,2021-05,Night
1499,Phoenix,2023-01-29,06:15,High,Cloudy,Dry,2,34.3223,-77.8286,6,1,2023,2023-01,Day
1500,Los Angeles,2022-08-10,09:51,Low,Clear,Dry,1,27.3152,-117.7199,9,8,2022,2022-08,Day
1501,Phoenix,2021-01-18,07:27,Low,Hail,Icy,2,47.8123,-121.8915,7,1,2021,2021-01,Day
1502,Indianapolis,2021-12-30,03:18,Low,Rain,Icy,3,40.3193,-117.449,3,12,2021,2021-12,Night
1503,New York,2021-12-05,20:21,High,Clear,Dry,1,43.8929,-112.0031,20,12,2021,2021-12,Night
1504,Indianapolis,2021-12-15,20:52,Low,Rain,Wet,5,26.6487,-90.1377,20,12,2021,2021-12,Night
1505,Jacksonville,2021-10-11,05:38,Low,Fog,Wet,4,38.9491,-86.1703,5,10,2021,2021-10,Night
1506,San Diego,2021-03-07,12:21,Medium,Snow,Dry,5,32.0472,-88.0186,12,3,2021,2021-03,Day
1507,Los Angeles,2023-04-02,12:59,High,Clear,Dry,2,35.6096,-85.4318,12,4,2023,2023-04,Day
1508,Columbus,2021-03-17,06:37,Low,Windy,Dry,1,31.4969,-104.6981,6,3,2021,2021-03,Day
1509,Phoenix,2022-10-18,15:45,Medium,Cloudy,Wet,5,41.7758,-106.2676,15,10,2022,2022-10,Day
1510,New York,2022-03-06,20:41,Low,Clear,Dry,1,44.3458,-80.2114,20,3,2022,2022-03,Night
1511,Houston,2023-03-09,08:31,High,Fog,Slippery,4,28.0568,-105.0008,8,3,2023,2023-03,Day
1512,San Jose,2023-05-15,17:58,High,Clear,Slippery,2,46.9487,-100.3783,17,5,2023,2023-05,Day
1513,New York,2023-09-25,20:21,High,Clear,Wet,3,45.8681,-84.5192,20,9,2023,2023-09,Night
1514,San Diego,2023-05-06,03:00,Medium,Snow,Dry,1,27.4057,-81.8785,3,5,2023,2023-05,Night
1515,Chicago,2023-10-24,08:09,Medium,Fog,Wet,5,33.9859,-94.5058,8,10,2023,2023-10,Day
1516,Austin,2022-02-07,12:46,Medium,Fog,Wet,5,47.9262,-98.2653,12,2,2022,2022-02,Day
1517,San Antonio,2022-08-06,11:26,High,Clear,Icy,4,46.3681,-74.4665,11,8,2022,2022-08,Day
1518,San Antonio,2022-04-18,21:53,Medium,Clear,Wet,1,43.7849,-87.2415,21,4,2022,2022-04,Night
1519,Philadelphia,2022-06-05,12:00,Low,Hail,Dry,4,25.0518,-119.5163,12,6,2022,2022-06,Day
1520,Philadelphia,2021-06-05,19:17,High,Cloudy,Dry,3,42.6847,-87.5077,19,6,2021,2021-06,Night
1521,Philadelphia,2023-10-15,23:13,Medium,Fog,Slippery,4,37.8974,-104.9135,23,10,2023,2023-10,Night
1522,New York,2022-02-15,01:27,Medium,Cloudy,Dry,2,46.4149,-83.9871,1,2,2022,2022-02,Night
1523,Los Angeles,2021-12-13,17:42,Low,Clear,Wet,3,27.2449,-73.5494,17,12,2021,2021-12,Day
1524,Philadelphia,2022-09-26,23:44,Low,Windy,Slippery,1,46.9325,-118.5689,23,9,2022,2022-09,Night
1525,San Jose,2022-07-08,22:07,Low,Rain,Icy,5,35.7018,-115.6509,22,7,2022,2022-07,Night
1526,San Jose,2022-07-24,19:22,Low,Clear,Dry,3,41.6823,-74.6322,19,7,2022,2022-07,Night
1527,New York,2021-06-26,23:10,Low,Snow,Wet,4,47.7956,-82.6197,23,6,2021,2021-06,Night
1528,Chicago,2022-12-21,02:54,Medium,Clear,Wet,4,29.8843,-112.1125,2,12,2022,2022-12,Night
1529,Dallas,2023-09-18,18:47,High,Fog,Icy,4,37.8215,-98.1916,18,9,2023,2023-09,Night
1530,Columbus,2022-10-22,17:12,Low,Clear,Wet,1,47.7162,-73.4362,17,10,2022,2022-10,Day
1531,New York,2022-11-25,12:53,Low,Rain,Dry,1,38.6769,-92.8066,12,11,2022,2022-11,Day
1532,Phoenix,2021-08-27,16:30,High,Fog,Dry,5,43.6491,-81.1204,16,8,2021,2021-08,Day
1533,Austin,2022-10-12,09:34,Low,Snow,Dry,3,40.2909,-70.083,9,10,2022,2022-10,Day
1534,Los Angeles,2022-06-13,19:09,High,Windy,Under Construction,3,26.7276,-105.964,19,6,2022,2022-06,Night
1535,Indianapolis,2022-09-07,12:01,Low,Fog,Slippery,5,38.8668,-77.7184,12,9,2022,2022-09,Day
1536,San Jose,2023-01-13,06:16,Low,Clear,Wet,5,43.4085,-109.961,6,1,2023,2023-01,Day
1537,Philadelphia,2022-07-21,10:48,Medium,Snow,Icy,5,46.5098,-76.7444,10,7,2022,2022-07,Day
1538,Chicago,2022-09-01,21:42,High,Fog,Dry,4,27.1383,-104.6701,21,9,2022,2022-09,Night
1539,Charlotte,2021-04-17,07:06,Medium,Clear,Dry,4,43.6185,-100.8886,7,4,2021,2021-04,Day
1540,Charlotte,2021-08-07,09:37,High,Clear,Dry,2,39.9152,-92.4112,9,8,2021,2021-08,Day
1541,Phoenix,2021-08-01,16:01,Medium,Clear,Wet,5,30.4875,-100.7887,16,8,2021,2021-08,Day
1542,Austin,2023-12-08,20:36,Medium,Clear,Wet,1,34.8836,-90.1106,20,12,2023,2023-12,Night
1543,Chicago,2023-03-07,08:33,Low,Hail,Dry,5,31.6162,-109.0504,8,3,2023,2023-03,Day
1544,San Diego,2021-09-13,18:16,Medium,Hail,Dry,2,42.1761,-86.0524,18,9,2021,2021-09,Night
1545,New York,2022-01-13,19:37,Medium,Clear,Dry,2,42.1322,-83.9749,19,1,2022,2022-01,Night
1546,Los Angeles,2023-03-20,07:13,Low,Clear,Dry,1,44.0893,-121.2845,7,3,2023,2023-03,Day
1547,New York,2021-08-08,11:28,Medium,Fog,Slippery,3,47.4768,-102.3063,11,8,2021,2021-08,Day
1548,San Diego,2023-11-29,17:28,High,Clear,Dry,2,45.0089,-77.3781,17,11,2023,2023-11,Day
1549,Houston,2022-05-13,13:17,Low,Clear,Dry,1,42.2115,-94.7373,13,5,2022,2022-05,Day
1550,Los Angeles,2022-02-22,12:56,Low,Clear,Icy,4,43.071,-94.4612,12,2,2022,2022-02,Day
1551,Los Angeles,2023-07-20,11:41,Low,Snow,Icy,4,31.2017,-97.0218,11,7,2023,2023-07,Day
1552,San Jose,2023-06-17,21:01,Medium,Clear,Under Construction,5,36.723,-73.4332,21,6,2023,2023-06,Night
1553,Phoenix,2021-08-13,09:23,Medium,Clear,Wet,3,42.1673,-120.9444,9,8,2021,2021-08,Day
1554,Los Angeles,2021-08-08,09:18,Low,Hail,Slippery,5,38.2115,-73.9296,9,8,2021,2021-08,Day
1555,New York,2022-01-10,16:33,High,Clear,Wet,5,34.6537,-104.2526,16,1,2022,2022-01,Day
1556,Dallas,2023-09-13,08:06,Medium,Clear,Wet,3,38.4824,-89.3,8,9,2023,2023-09,Day
1557,San Antonio,2023-01-01,06:30,High,Clear,Slippery,3,35.8418,-109.4593,6,1,2023,2023-01,Day
1558,Indianapolis,2022-11-14,13:27,Low,Clear,Wet,2,30.32,-76.9393,13,11,2022,2022-11,Day
1559,Indianapolis,2022-02-24,13:34,Low,Rain,Under Construction,4,41.5239,-110.5219,13,2,2022,2022-02,Day
1560,New York,2022-03-16,08:06,Low,Rain,Dry,3,39.7894,-75.7303,8,3,2022,2022-03,Day
1561,Los Angeles,2022-03-05,06:59,Low,Snow,Icy,5,42.1676,-73.2099,6,3,2022,2022-03,Day
1562,Los Angeles,2022-05-09,04:44,Low,Fog,Wet,4,43.7925,-110.7494,4,5,2022,2022-05,Night
1563,New York,2023-04-24,20:06,Medium,Cloudy,Dry,4,41.0167,-73.3979,20,4,2023,2023-04,Night
1564,New York,2023-07-16,15:10,Low,Rain,Dry,3,29.4285,-79.2397,15,7,2023,2023-07,Day
1565,Los Angeles,2022-04-25,18:46,High,Clear,Dry,1,40.2182,-110.2675,18,4,2022,2022-04,Night
1566,Charlotte,2021-10-03,02:46,Low,Rain,Slippery,3,44.1992,-99.5452,2,10,2021,2021-10,Night
1567,Phoenix,2021-05-10,19:10,Low,Clear,Wet,4,27.4961,-82.2503,19,5,2021,2021-05,Night
1568,New York,2022-03-10,05:26,Low,Snow,Dry,5,41.4156,-76.0409,5,3,2022,2022-03,Night
1569,San Antonio,2023-12-24,22:59,High,Rain,Dry,4,28.6201,-70.1447,22,12,2023,2023-12,Night
1570,Indianapolis,2023-12-28,17:13,Medium,Rain,Icy,3,32.2618,-90.4734,17,12,2023,2023-12,Day
1571,Chicago,2021-02-11,08:18,Medium,Cloudy,Slippery,1,43.3218,-115.4075,8,2,2021,2021-02,Day
1572,Philadelphia,2021-04-21,08:44,High,Rain,Dry,5,41.3863,-79.5314,8,4,2021,2021-04,Day
1573,Columbus,2021-04-19,14:34,Medium,Clear,Dry,5,37.5044,-118.143,14,4,2021,2021-04,Day
1574,New York,2021-06-21,11:34,Low,Rain,Icy,1,34.8376,-77.7873,11,6,2021,2021-06,Day
1575,Los Angeles,2022-02-25,07:50,Medium,Rain,Wet,1,34.7088,-89.0396,7,2,2022,2022-02,Day
1576,Houston,2021-06-14,18:20,Medium,Windy,Dry,1,42.606,-81.4375,18,6,2021,2021-06,Night
1577,New York,2021-02-19,20:46,Low,Fog,Icy,5,26.8645,-86.2263,20,2,2021,2021-02,Night
1578,Houston,2023-09-12,22:06,High,Rain,Dry,5,25.5943,-114.2117,22,9,2023,2023-09,Night
1579,New York,2022-12-25,10:43,High,Rain,Icy,3,28.6633,-93.6197,10,12,2022,2022-12,Day
1580,Philadelphia,2021-10-30,16:36,Low,Rain,Icy,2,29.0417,-82.3121,16,10,2021,2021-10,Day
1581,Chicago,2023-10-24,16:02,Medium,Rain,Dry,1,38.7819,-121.8546,16,10,2023,2023-10,Day
1582,Chicago,2022-06-20,20:24,Low,Clear,Wet,5,28.449,-102.3585,20,6,2022,2022-06,Night
1583,Austin,2021-09-09,08:09,Medium,Windy,Dry,1,33.4228,-79.2779,8,9,2021,2021-09,Day
1584,Dallas,2023-02-08,18:35,Medium,Clear,Dry,4,38.8484,-90.0611,18,2,2023,2023-02,Night
1585,Indianapolis,2023-08-01,16:50,Medium,Fog,Under Construction,5,29.2496,-118.6452,16,8,2023,2023-08,Day
1586,New York,2022-07-03,19:59,Low,Snow,Dry,5,46.0504,-83.5977,19,7,2022,2022-07,Night
1587,Indianapolis,2022-06-20,16:16,Medium,Rain,Dry,2,36.8603,-102.3394,16,6,2022,2022-06,Day
1588,Houston,2022-01-20,14:04,Low,Rain,Dry,4,39.2387,-106.6521,14,1,2022,2022-01,Day
1589,San Diego,2021-12-16,14:41,Medium,Clear,Dry,2,45.2273,-82.6631,14,12,2021,2021-12,Day
1590,Jacksonville,2021-09-25,11:46,Medium,Clear,Under Construction,3,26.8899,-76.5809,11,9,2021,2021-09,Day
1591,Chicago,2023-03-11,10:40,Low,Fog,Icy,1,29.2915,-80.9897,10,3,2023,2023-03,Day
1592,Los Angeles,2023-01-26,11:43,Low,Snow,Wet,1,35.8061,-105.9981,11,1,2023,2023-01,Day
1593,Philadelphia,2022-07-28,20:32,High,Rain,Slippery,2,41.8079,-102.8447,20,7,2022,2022-07,Night
1594,Indianapolis,2023-10-23,14:53,Low,Hail,Dry,1,40.4946,-104.3237,14,10,2023,2023-10,Day
1595,Indianapolis,2022-08-17,17:03,Low,Clear,Dry,3,29.4696,-94.6369,17,8,2022,2022-08,Day
1596,Houston,2022-10-08,20:07,Low,Clear,Dry,1,41.36,-98.3533,20,10,2022,2022-10,Night
1597,New York,2023-08-14,18:50,Low,Hail,Dry,1,39.5101,-111.7045,18,8,2023,2023-08,Night
1598,Chicago,2022-03-20,07:41,Low,Cloudy,Slippery,1,46.9928,-74.2572,7,3,2022,2022-03,Day
1599,Indianapolis,2023-11-01,13:20,Low,Hail,Slippery,5,41.5666,-94.7273,13,11,2023,2023-11,Day
1600,Los Angeles,2021-01-18,00:11,Low,Snow,Wet,3,42.9086,-116.1752,0,1,2021,2021-01,Night
1601,Charlotte,2021-09-19,19:33,Low,Clear,Dry,4,31.0694,-107.2502,19,9,2021,2021-09,Night
1602,Houston,2021-09-03,22:58,Low,Rain,Dry,3,39.0241,-104.0188,22,9,2021,2021-09,Night
1603,New York,2021-04-29,06:38,Low,Rain,Icy,3,27.5037,-106.8033,6,4,2021,2021-04,Day
1604,Chicago,2022-04-19,12:30,Low,Clear,Under Construction,2,28.9238,-84.4064,12,4,2022,2022-04,Day
1605,New York,2022-03-18,16:32,Low,Clear,Dry,1,27.1212,-73.4436,16,3,2022,2022-03,Day
1606,Houston,2022-08-26,07:34,Medium,Snow,Wet,3,30.4659,-73.3492,7,8,2022,2022-08,Day
1607,Dallas,2023-05-28,12:50,Medium,Clear,Wet,4,42.9471,-121.0656,12,5,2023,2023-05,Day
1608,Indianapolis,2021-03-28,21:55,Medium,Clear,Dry,5,27.0327,-76.6958,21,3,2021,2021-03,Night
1609,Houston,2021-02-25,12:43,Low,Fog,Dry,2,42.6547,-108.7906,12,2,2021,2021-02,Day
1610,Houston,2022-11-29,11:52,Medium,Clear,Dry,4,34.7629,-92.8087,11,11,2022,2022-11,Day
1611,Jacksonville,2021-10-20,16:33,Low,Hail,Dry,3,45.6163,-121.7421,16,10,2021,2021-10,Day
1612,Los Angeles,2023-12-17,23:49,Low,Rain,Wet,5,41.9431,-94.5124,23,12,2023,2023-12,Night
1613,San Diego,2023-04-15,04:14,Medium,Clear,Dry,3,35.3853,-85.9137,4,4,2023,2023-04,Night
1614,San Antonio,2021-04-08,14:36,Low,Clear,Wet,1,41.437,-98.4384,14,4,2021,2021-04,Day
1615,Houston,2022-06-07,15:10,Medium,Rain,Slippery,4,42.6325,-92.2188,15,6,2022,2022-06,Day
1616,Chicago,2023-02-09,20:42,Medium,Rain,Wet,4,27.0621,-94.845,20,2,2023,2023-02,Night
1617,Philadelphia,2021-10-25,14:23,Medium,Rain,Dry,5,27.3677,-120.8938,14,10,2021,2021-10,Day
1618,San Antonio,2023-10-22,20:36,High,Clear,Dry,2,27.4922,-78.3623,20,10,2023,2023-10,Night
1619,San Jose,2022-04-02,10:09,Medium,Rain,Under Construction,1,34.3798,-85.6168,10,4,2022,2022-04,Day
1620,New York,2023-08-27,07:40,Medium,Hail,Dry,4,29.0,-110.7728,7,8,2023,2023-08,Day
1621,Chicago,2022-04-13,14:14,Medium,Cloudy,Wet,5,28.186,-75.3526,14,4,2022,2022-04,Day
1622,Austin,2021-02-05,19:18,High,Hail,Slippery,1,47.5768,-75.0831,19,2,2021,2021-02,Night
1623,Austin,2023-06-09,11:35,Medium,Clear,Icy,5,40.5607,-99.4244,11,6,2023,2023-06,Day
1624,Chicago,2022-06-29,06:35,Low,Clear,Dry,2,25.3435,-96.9397,6,6,2022,2022-06,Day
1625,Dallas,2023-05-23,06:53,Low,Clear,Wet,5,32.7476,-73.961,6,5,2023,2023-05,Day
1626,San Jose,2021-09-04,09:12,Low,Clear,Wet,3,44.5446,-107.8611,9,9,2021,2021-09,Day
1627,Indianapolis,2021-03-25,20:53,Medium,Clear,Dry,5,34.9877,-101.685,20,3,2021,2021-03,Night
1628,New York,2023-03-09,05:03,High,Clear,Dry,1,40.3712,-79.6557,5,3,2023,2023-03,Night
1629,Jacksonville,2022-11-17,19:52,Low,Clear,Wet,5,39.9106,-117.8346,19,11,2022,2022-11,Night
1630,New York,2021-05-30,20:20,Medium,Clear,Wet,2,45.0523,-72.63,20,5,2021,2021-05,Night
1631,Dallas,2023-04-23,16:03,Low,Clear,Dry,4,35.1349,-90.8605,16,4,2023,2023-04,Day
1632,Charlotte,2023-03-12,07:45,High,Fog,Icy,4,40.442,-90.9918,7,3,2023,2023-03,Day
1633,New York,2022-12-07,01:51,High,Fog,Icy,4,46.2311,-70.9369,1,12,2022,2022-12,Night
1634,New York,2021-05-17,18:16,High,Rain,Dry,2,29.5641,-98.3989,18,5,2021,2021-05,Night
1635,Chicago,2021-07-02,21:59,Medium,Clear,Dry,4,27.5004,-93.6764,21,7,2021,2021-07,Night
1636,Jacksonville,2021-06-12,13:13,High,Clear,Dry,5,28.7578,-102.2489,13,6,2021,2021-06,Day
1637,Austin,2022-03-25,18:15,High,Clear,Dry,5,38.189,-104.0618,18,3,2022,2022-03,Night
1638,New York,2021-09-06,08:28,Medium,Clear,Dry,1,41.6977,-113.2279,8,9,2021,2021-09,Day
1639,Houston,2022-10-24,04:55,Medium,Hail,Dry,3,31.5495,-119.2492,4,10,2022,2022-10,Night
1640,Jacksonville,2023-07-15,08:16,Low,Rain,Slippery,4,42.0411,-96.0178,8,7,2023,2023-07,Day
1641,New York,2023-11-18,07:11,High,Rain,Slippery,5,37.3336,-112.5156,7,11,2023,2023-11,Day
1642,Indianapolis,2022-02-01,09:59,Low,Rain,Wet,4,43.0411,-86.2875,9,2,2022,2022-02,Day
1643,Jacksonville,2023-06-16,08:27,Low,Snow,Dry,1,44.5057,-112.7847,8,6,2023,2023-06,Day
1644,Los Angeles,2022-10-15,12:21,Medium,Hail,Dry,5,37.5258,-88.8942,12,10,2022,2022-10,Day
1645,Houston,2023-04-05,17:07,Medium,Clear,Slippery,2,45.7072,-95.0496,17,4,2023,2023-04,Day
1646,Chicago,2021-10-28,20:00,Low,Rain,Dry,2,29.1503,-89.2829,20,10,2021,2021-10,Night
1647,Indianapolis,2022-11-03,17:05,Medium,Rain,Dry,3,37.3987,-98.7413,17,11,2022,2022-11,Day
1648,Philadelphia,2021-08-03,17:25,Medium,Rain,Icy,2,26.6733,-92.3279,17,8,2021,2021-08,Day
1649,San Jose,2022-11-02,15:29,High,Rain,Wet,3,30.41,-89.5813,15,11,2022,2022-11,Day
1650,New York,2022-08-15,19:55,Low,Cloudy,Dry,3,43.3629,-72.5272,19,8,2022,2022-08,Night
1651,Houston,2022-04-16,17:34,Medium,Fog,Dry,3,39.9125,-106.4969,17,4,2022,2022-04,Day
1652,Phoenix,2022-11-23,19:39,Medium,Rain,Dry,4,39.3995,-95.6082,19,11,2022,2022-11,Night
1653,New York,2021-03-15,17:28,High,Clear,Wet,4,33.9814,-111.8086,17,3,2021,2021-03,Day
1654,Houston,2022-01-18,02:39,Low,Clear,Wet,4,36.3827,-94.3257,2,1,2022,2022-01,Night
1655,San Antonio,2023-02-27,14:54,High,Rain,Wet,2,44.252,-115.2666,14,2,2023,2023-02,Day
1656,Indianapolis,2023-11-24,15:31,Low,Rain,Dry,5,25.0151,-88.5354,15,11,2023,2023-11,Day
1657,Los Angeles,2022-05-02,11:44,Low,Cloudy,Dry,4,33.7616,-89.784,11,5,2022,2022-05,Day
1658,San Diego,2023-07-25,15:01,Low,Cloudy,Dry,3,44.6071,-108.0472,15,7,2023,2023-07,Day
1659,Houston,2022-01-09,21:25,Low,Clear,Icy,5,31.7658,-88.8083,21,1,2022,2022-01,Night
1660,Philadelphia,2021-09-30,17:47,Low,Clear,Slippery,2,37.5622,-75.1211,17,9,2021,2021-09,Day
1661,Los Angeles,2021-07-31,11:10,Medium,Cloudy,Dry,3,41.6157,-73.5276,11,7,2021,2021-07,Day
1662,Chicago,2021-12-31,21:21,High,Clear,Slippery,2,44.9717,-110.4419,21,12,2021,2021-12,Night
1663,Chicago,2023-12-21,16:43,Low,Windy,Wet,5,41.3442,-102.8,16,12,2023,2023-12,Day
1664,Phoenix,2021-02-22,22:31,High,Cloudy,Wet,1,39.0273,-82.6886,22,2,2021,2021-02,Night
1665,New York,2022-08-12,19:14,Low,Rain,Slippery,5,43.9596,-118.1255,19,8,2022,2022-08,Night
1666,Phoenix,2021-08-20,21:38,Low,Rain,Wet,5,30.4284,-80.7405,21,8,2021,2021-08,Night
1667,Houston,2021-06-26,19:13,Low,Clear,Dry,3,29.6528,-110.737,19,6,2021,2021-06,Night
1668,Los Angeles,2021-12-22,11:56,Medium,Fog,Under Construction,1,30.4774,-99.835,11,12,2021,2021-12,Day
1669,Los Angeles,2022-10-12,04:39,High,Rain,Wet,1,31.52,-81.9725,4,10,2022,2022-10,Night
1670,Los Angeles,2021-06-28,03:22,Low,Rain,Under Construction,5,37.0456,-92.8027,3,6,2021,2021-06,Night
1671,Los Angeles,2021-09-27,18:00,Low,Snow,Wet,3,34.2505,-75.7104,18,9,2021,2021-09,Night
1672,Austin,2022-11-09,15:58,Medium,Clear,Dry,5,36.6481,-80.8006,15,11,2022,2022-11,Day
1673,Chicago,2023-07-11,14:17,Low,Rain,Dry,3,47.6125,-75.5551,14,7,2023,2023-07,Day
1674,Dallas,2022-07-27,14:21,Medium,Clear,Slippery,5,31.6248,-95.8944,14,7,2022,2022-07,Day
1675,New York,2022-09-16,22:58,Low,Rain,Under Construction,1,28.1309,-77.7473,22,9,2022,2022-09,Night
1676,Chicago,2021-03-22,03:51,Medium,Rain,Slippery,1,47.0446,-115.1813,3,3,2021,2021-03,Night
1677,Chicago,2021-08-26,19:55,Low,Clear,Dry,5,29.6941,-89.0837,19,8,2021,2021-08,Night
1678,Chicago,2022-01-09,17:18,High,Rain,Dry,5,39.2591,-84.7296,17,1,2022,2022-01,Day
1679,Dallas,2021-10-23,13:54,High,Clear,Slippery,4,41.5453,-106.7813,13,10,2021,2021-10,Day
1680,New York,2023-04-27,07:00,High,Windy,Wet,3,31.622,-72.6154,7,4,2023,2023-04,Day
1681,Austin,2021-05-23,14:51,Medium,Snow,Dry,2,29.3797,-118.7284,14,5,2021,2021-05,Day
1682,Jacksonville,2022-02-14,16:56,Low,Clear,Dry,4,41.9808,-75.9549,16,2,2022,2022-02,Day
1683,Phoenix,2023-12-01,09:16,Low,Rain,Dry,5,28.7964,-97.4736,9,12,2023,2023-12,Day
1684,Houston,2023-11-29,17:42,Medium,Cloudy,Dry,3,30.9878,-71.3886,17,11,2023,2023-11,Day
1685,Los Angeles,2022-06-29,13:24,Medium,Clear,Dry,1,36.7513,-81.6731,13,6,2022,2022-06,Day
1686,Philadelphia,2023-07-18,12:42,Medium,Clear,Wet,2,41.5206,-72.0618,12,7,2023,2023-07,Day
1687,Dallas,2023-08-19,07:29,Low,Fog,Wet,5,40.0741,-71.7357,7,8,2023,2023-08,Day
1688,Los Angeles,2021-03-01,10:11,High,Cloudy,Dry,4,45.2759,-72.3222,10,3,2021,2021-03,Day
1689,Jacksonville,2023-05-25,19:42,Low,Clear,Wet,2,30.4385,-113.3387,19,5,2023,2023-05,Night
1690,San Jose,2023-01-15,17:15,High,Rain,Dry,3,31.1359,-115.6479,17,1,2023,2023-01,Day
1691,Phoenix,2023-08-07,18:56,Low,Clear,Dry,1,38.134,-108.426,18,8,2023,2023-08,Night
1692,Phoenix,2022-06-04,15:49,Medium,Clear,Slippery,5,43.972,-77.2481,15,6,2022,2022-06,Day
1693,Los Angeles,2023-06-18,00:36,Low,Clear,Dry,5,35.7758,-94.596,0,6,2023,2023-06,Night
1694,Phoenix,2023-10-17,18:13,High,Clear,Wet,5,46.7535,-95.0149,18,10,2023,2023-10,Night
1695,San Diego,2021-09-25,07:51,High,Clear,Dry,1,37.6035,-112.9902,7,9,2021,2021-09,Day
1696,Phoenix,2021-04-02,09:35,High,Rain,Dry,5,36.6361,-92.4161,9,4,2021,2021-04,Day
1697,Dallas,2022-12-17,17:44,Medium,Clear,Wet,2,30.4463,-94.1805,17,12,2022,2022-12,Day
1698,San Jose,2021-05-05,19:59,High,Fog,Dry,3,47.4938,-109.7131,19,5,2021,2021-05,Night
1699,Philadelphia,2023-03-06,17:52,Medium,Clear,Dry,3,44.2092,-113.5238,17,3,2023,2023-03,Day
1700,Columbus,2022-03-07,20:36,High,Clear,Dry,5,28.852,-73.8032,20,3,2022,2022-03,Night
1701,Chicago,2022-12-15,17:05,Medium,Rain,Wet,2,26.3038,-79.191,17,12,2022,2022-12,Day
1702,New York,2021-01-11,15:30,Medium,Rain,Wet,1,28.3392,-119.4823,15,1,2021,2021-01,Day
1703,Los Angeles,2021-11-06,18:07,Low,Rain,Wet,4,34.4326,-82.8617,18,11,2021,2021-11,Night
1704,San Jose,2021-10-13,04:38,Medium,Clear,Dry,1,27.9786,-112.6032,4,10,2021,2021-10,Night
1705,Houston,2021-09-05,16:02,Medium,Rain,Slippery,4,46.4453,-111.7065,16,9,2021,2021-09,Day
1706,Los Angeles,2022-03-15,03:36,Low,Clear,Dry,2,35.4729,-76.4026,3,3,2022,2022-03,Night
1707,New York,2022-09-10,18:06,Medium,Clear,Dry,1,43.1663,-86.4818,18,9,2022,2022-09,Night
1708,Jacksonville,2023-12-11,07:21,Medium,Clear,Dry,5,31.5944,-115.302,7,12,2023,2023-12,Day
1709,Indianapolis,2022-02-01,17:23,Low,Clear,Icy,1,43.5233,-110.8399,17,2,2022,2022-02,Day
1710,San Antonio,2022-12-09,07:44,High,Fog,Dry,4,27.729,-107.676,7,12,2022,2022-12,Day
1711,Chicago,2023-05-19,21:35,Low,Clear,Slippery,2,44.4659,-108.5134,21,5,2023,2023-05,Night
1712,Los Angeles,2021-06-03,20:49,Low,Rain,Dry,1,33.3219,-113.5784,20,6,2021,2021-06,Night
1713,New York,2022-04-18,15:17,Medium,Clear,Wet,1,34.9181,-77.1779,15,4,2022,2022-04,Day
1714,New York,2021-02-15,12:08,Low,Rain,Slippery,3,32.347,-72.4484,12,2,2021,2021-02,Day
1715,San Diego,2021-11-21,19:43,Low,Fog,Slippery,1,30.743,-115.5159,19,11,2021,2021-11,Night
1716,Indianapolis,2023-01-14,21:25,Medium,Fog,Dry,4,45.54,-105.9705,21,1,2023,2023-01,Night
1717,San Diego,2021-05-13,11:37,High,Clear,Dry,2,46.7527,-108.9334,11,5,2021,2021-05,Day
1718,Los Angeles,2021-08-06,07:51,Medium,Clear,Wet,1,43.337,-95.2625,7,8,2021,2021-08,Day
1719,Charlotte,2021-03-21,08:51,Medium,Rain,Dry,4,31.3519,-72.9531,8,3,2021,2021-03,Day
1720,New York,2023-09-29,07:33,Low,Clear,Wet,3,35.2985,-114.2971,7,9,2023,2023-09,Day
1721,Indianapolis,2021-03-04,20:06,Medium,Rain,Dry,1,34.3975,-116.7133,20,3,2021,2021-03,Night
1722,Chicago,2021-04-21,13:14,High,Snow,Dry,5,46.9394,-96.4143,13,4,2021,2021-04,Day
1723,New York,2022-02-13,19:11,Low,Clear,Dry,3,37.2289,-94.5376,19,2,2022,2022-02,Night
1724,Houston,2022-12-29,13:45,Low,Clear,Dry,1,32.6765,-70.0125,13,12,2022,2022-12,Day
1725,Austin,2022-02-15,16:10,High,Clear,Dry,4,45.4616,-99.2859,16,2,2022,2022-02,Day
1726,New York,2021-11-01,06:37,Low,Clear,Slippery,1,25.7379,-71.0492,6,11,2021,2021-11,Day
1727,Chicago,2023-04-06,12:06,Low,Rain,Icy,1,26.1633,-91.3973,12,4,2023,2023-04,Day
1728,New York,2023-08-16,07:16,Medium,Clear,Dry,5,26.5627,-84.8251,7,8,2023,2023-08,Day
1729,Los Angeles,2022-07-07,15:20,High,Clear,Icy,1,30.877,-90.3398,15,7,2022,2022-07,Day
1730,San Diego,2021-03-19,19:19,Medium,Rain,Slippery,5,37.1713,-96.3731,19,3,2021,2021-03,Night
1731,Houston,2022-04-04,17:12,Medium,Clear,Dry,5,37.8005,-106.784,17,4,2022,2022-04,Day
1732,New York,2023-04-22,21:06,Medium,Hail,Dry,5,31.122,-109.8685,21,4,2023,2023-04,Night
1733,Los Angeles,2021-12-23,18:27,Medium,Hail,Wet,5,31.6494,-92.4399,18,12,2021,2021-12,Night
1734,Austin,2021-08-22,23:28,Low,Snow,Dry,4,44.5068,-72.3008,23,8,2021,2021-08,Night
1735,New York,2021-10-13,02:29,Medium,Cloudy,Icy,1,27.0475,-119.144,2,10,2021,2021-10,Night
1736,New York,2021-11-21,17:42,High,Rain,Dry,5,46.7054,-80.4423,17,11,2021,2021-11,Day
1737,San Jose,2022-04-27,11:44,Medium,Rain,Slippery,5,35.3173,-114.3765,11,4,2022,2022-04,Day
1738,Indianapolis,2021-08-18,06:28,Medium,Rain,Wet,3,46.3395,-95.5727,6,8,2021,2021-08,Day
1739,Houston,2021-05-25,22:59,Low,Rain,Dry,1,35.3797,-76.2308,22,5,2021,2021-05,Night
1740,Charlotte,2022-12-31,14:47,Medium,Clear,Wet,4,46.4477,-93.9668,14,12,2022,2022-12,Day
1741,Philadelphia,2021-05-07,19:16,Medium,Clear,Wet,2,44.3687,-102.227,19,5,2021,2021-05,Night
1742,New York,2021-06-24,10:25,Medium,Clear,Dry,4,40.5098,-91.2976,10,6,2021,2021-06,Day
1743,Philadelphia,2021-12-05,16:27,Medium,Rain,Icy,5,46.6952,-87.1456,16,12,2021,2021-12,Day
1744,Los Angeles,2023-09-05,17:03,Medium,Clear,Dry,1,43.1727,-99.9768,17,9,2023,2023-09,Day
1745,Columbus,2022-12-28,12:31,Medium,Clear,Dry,5,37.8383,-104.668,12,12,2022,2022-12,Day
1746,Charlotte,2023-02-12,11:49,Medium,Snow,Wet,4,29.1797,-88.7201,11,2,2023,2023-02,Day
1747,Jacksonville,2023-05-14,17:18,Low,Rain,Wet,5,34.8741,-108.1865,17,5,2023,2023-05,Day
1748,Houston,2023-11-14,10:04,Low,Clear,Dry,2,47.5682,-103.5103,10,11,2023,2023-11,Day
1749,Los Angeles,2022-05-13,19:26,Medium,Clear,Under Construction,2,31.1161,-101.1932,19,5,2022,2022-05,Night
1750,Columbus,2023-10-25,08:02,Low,Clear,Dry,5,35.239,-92.061,8,10,2023,2023-10,Day
1751,New York,2023-05-21,02:53,Low,Clear,Icy,5,45.6094,-70.3005,2,5,2023,2023-05,Night
1752,Indianapolis,2022-05-24,11:48,Medium,Clear,Icy,2,41.4389,-116.3861,11,5,2022,2022-05,Day
1753,Columbus,2022-03-13,13:26,Low,Windy,Dry,3,32.388,-95.4257,13,3,2022,2022-03,Day
1754,Dallas,2023-04-01,11:53,High,Clear,Under Construction,3,36.3986,-108.3665,11,4,2023,2023-04,Day
1755,New York,2021-07-19,12:41,Low,Clear,Dry,5,34.577,-78.0533,12,7,2021,2021-07,Day
1756,Columbus,2023-08-21,18:30,High,Clear,Wet,3,38.6746,-92.1918,18,8,2023,2023-08,Night
1757,Dallas,2021-03-27,15:58,High,Rain,Wet,1,31.2445,-98.9717,15,3,2021,2021-03,Day
1758,San Jose,2023-04-28,14:06,High,Rain,Slippery,4,46.7853,-93.6124,14,4,2023,2023-04,Day
1759,Houston,2022-05-25,17:37,Medium,Clear,Slippery,4,38.0461,-86.1882,17,5,2022,2022-05,Day
1760,Los Angeles,2021-07-04,11:37,Low,Rain,Dry,5,28.0997,-90.8464,11,7,2021,2021-07,Day
1761,San Jose,2022-01-05,05:43,High,Clear,Slippery,1,33.079,-118.34,5,1,2022,2022-01,Night
1762,New York,2021-06-10,12:46,High,Rain,Icy,4,29.7643,-105.6518,12,6,2021,2021-06,Day
1763,New York,2023-04-22,22:41,Medium,Clear,Dry,1,33.7166,-121.6007,22,4,2023,2023-04,Night
1764,Philadelphia,2021-02-20,16:41,High,Clear,Under Construction,3,29.1153,-106.7475,16,2,2021,2021-02,Day
1765,Jacksonville,2023-02-10,23:43,Medium,Fog,Wet,4,34.9208,-100.6561,23,2,2023,2023-02,Night
1766,Los Angeles,2022-11-01,19:16,High,Cloudy,Dry,3,36.2707,-98.959,19,11,2022,2022-11,Night
1767,Indianapolis,2021-03-01,15:50,Medium,Hail,Dry,5,43.5211,-120.4977,15,3,2021,2021-03,Day
1768,Chicago,2021-09-25,09:50,Medium,Snow,Icy,2,42.7198,-104.5016,9,9,2021,2021-09,Day
1769,San Diego,2022-08-16,04:25,Medium,Clear,Slippery,1,40.9802,-86.8861,4,8,2022,2022-08,Night
1770,Los Angeles,2021-11-25,20:07,Low,Hail,Icy,4,47.1797,-97.125,20,11,2021,2021-11,Night
1771,San Jose,2023-08-29,10:08,Medium,Clear,Dry,2,31.4614,-70.8583,10,8,2023,2023-08,Day
1772,Phoenix,2021-07-09,11:54,High,Rain,Wet,4,47.8476,-121.6818,11,7,2021,2021-07,Day
1773,Phoenix,2021-01-31,06:37,Low,Fog,Under Construction,2,29.5053,-117.8851,6,1,2021,2021-01,Day
1774,Columbus,2023-01-04,12:50,High,Clear,Dry,4,43.2282,-77.6574,12,1,2023,2023-01,Day
1775,New York,2023-05-21,06:46,Low,Clear,Dry,4,32.8695,-99.6356,6,5,2023,2023-05,Day
1776,New York,2023-03-02,20:34,Medium,Hail,Wet,3,47.6182,-72.7046,20,3,2023,2023-03,Night
1777,San Diego,2021-12-25,10:07,Medium,Clear,Dry,3,33.3267,-82.8741,10,12,2021,2021-12,Day
1778,Charlotte,2022-07-04,04:43,Low,Rain,Dry,4,32.7864,-114.4266,4,7,2022,2022-07,Night
1779,New York,2022-02-08,19:04,High,Clear,Wet,4,31.5657,-94.0621,19,2,2022,2022-02,Night
1780,Dallas,2023-10-04,17:39,High,Rain,Slippery,4,42.5756,-109.3694,17,10,2023,2023-10,Day
1781,Dallas,2022-08-25,17:43,Medium,Clear,Slippery,5,37.3946,-86.3757,17,8,2022,2022-08,Day
1782,Dallas,2021-05-30,20:22,Medium,Clear,Icy,5,43.0329,-71.9596,20,5,2021,2021-05,Night
1783,San Diego,2021-03-27,09:45,Low,Rain,Icy,2,32.475,-93.6434,9,3,2021,2021-03,Day
1784,Los Angeles,2021-10-24,09:57,High,Cloudy,Dry,1,36.8382,-84.8119,9,10,2021,2021-10,Day
1785,Los Angeles,2023-03-23,12:32,High,Snow,Dry,2,31.4136,-108.7715,12,3,2023,2023-03,Day
1786,New York,2023-01-07,09:27,Medium,Snow,Slippery,1,35.9276,-89.7839,9,1,2023,2023-01,Day
1787,New York,2023-07-12,17:35,Medium,Rain,Slippery,3,30.5412,-91.0207,17,7,2023,2023-07,Day
1788,Phoenix,2021-10-29,14:32,Low,Rain,Dry,5,38.0617,-99.8696,14,10,2021,2021-10,Day
1789,Columbus,2023-12-17,14:09,Medium,Rain,Dry,3,36.0685,-85.44,14,12,2023,2023-12,Day
1790,Houston,2023-09-09,06:53,Low,Clear,Dry,1,44.8225,-70.7022,6,9,2023,2023-09,Day
1791,Los Angeles,2023-02-20,18:11,High,Snow,Wet,5,35.3392,-94.8839,18,2,2023,2023-02,Night
1792,Los Angeles,2022-05-03,15:06,Low,Rain,Wet,1,34.0136,-79.5206,15,5,2022,2022-05,Day
1793,Jacksonville,2022-03-07,23:33,High,Fog,Wet,2,28.859,-115.7014,23,3,2022,2022-03,Night
1794,Los Angeles,2021-08-28,01:14,Low,Clear,Wet,4,34.9813,-116.0401,1,8,2021,2021-08,Night
1795,San Antonio,2021-03-03,14:40,High,Cloudy,Wet,4,27.7992,-93.5175,14,3,2021,2021-03,Day
1796,Austin,2022-08-29,08:24,Low,Cloudy,Dry,5,31.6553,-105.3951,8,8,2022,2022-08,Day
1797,San Antonio,2022-05-15,16:05,Medium,Fog,Dry,5,39.7548,-111.8607,16,5,2022,2022-05,Day
1798,Chicago,2022-09-26,12:37,Medium,Clear,Dry,1,35.512,-82.917,12,9,2022,2022-09,Day
1799,Austin,2022-01-09,00:52,High,Hail,Wet,4,44.1841,-104.7668,0,1,2022,2022-01,Night
1800,San Diego,2021-04-05,12:57,Medium,Clear,Dry,4,46.0712,-106.4473,12,4,2021,2021-04,Day
1801,Jacksonville,2021-06-27,18:45,High,Clear,Dry,4,37.458,-116.7703,18,6,2021,2021-06,Night
1802,New York,2022-07-05,18:30,Medium,Clear,Wet,2,34.8876,-93.4918,18,7,2022,2022-07,Night
1803,Philadelphia,2022-08-26,15:24,Medium,Rain,Dry,5,35.5596,-121.1978,15,8,2022,2022-08,Day
1804,Philadelphia,2022-04-25,14:35,High,Rain,Dry,4,42.9766,-118.2223,14,4,2022,2022-04,Day
1805,Houston,2021-03-04,11:37,Low,Snow,Wet,4,25.5376,-91.0755,11,3,2021,2021-03,Day
1806,New York,2021-09-17,02:05,High,Fog,Dry,5,38.2782,-78.7861,2,9,2021,2021-09,Night
1807,Indianapolis,2022-01-18,11:19,Medium,Clear,Slippery,5,33.4765,-114.7616,11,1,2022,2022-01,Day
1808,Chicago,2021-05-30,19:23,Low,Hail,Dry,4,31.6881,-117.309,19,5,2021,2021-05,Night
1809,San Antonio,2021-10-10,13:24,Medium,Clear,Wet,5,28.327,-117.2211,13,10,2021,2021-10,Day
1810,Los Angeles,2023-04-05,21:27,Low,Rain,Dry,5,38.5156,-98.6375,21,4,2023,2023-04,Night
1811,Los Angeles,2022-06-26,18:23,Low,Snow,Dry,3,33.5755,-78.6612,18,6,2022,2022-06,Night
1812,Phoenix,2021-04-03,10:49,Low,Rain,Dry,3,36.4297,-121.9968,10,4,2021,2021-04,Day
1813,New York,2021-02-06,21:03,Low,Cloudy,Slippery,4,31.3275,-119.2523,21,2,2021,2021-02,Night
1814,Los Angeles,2021-12-18,08:08,High,Windy,Wet,5,39.0536,-75.8539,8,12,2021,2021-12,Day
1815,Phoenix,2022-07-28,00:05,Medium,Cloudy,Wet,2,40.8435,-84.712,0,7,2022,2022-07,Night
1816,New York,2022-05-08,06:26,High,Rain,Slippery,3,25.1437,-118.5726,6,5,2022,2022-05,Day
1817,Dallas,2022-12-21,21:41,High,Clear,Wet,1,39.0396,-78.1203,21,12,2022,2022-12,Night
1818,New York,2021-08-12,23:42,Low,Clear,Slippery,3,30.2305,-79.5191,23,8,2021,2021-08,Night
1819,New York,2023-06-22,04:36,Low,Rain,Icy,5,32.2199,-121.2353,4,6,2023,2023-06,Night
1820,Austin,2023-09-18,09:44,Medium,Snow,Wet,3,37.9208,-104.9841,9,9,2023,2023-09,Day
1821,New York,2022-08-24,08:41,Medium,Rain,Wet,5,29.9068,-77.4119,8,8,2022,2022-08,Day
1822,Los Angeles,2022-12-07,07:16,Medium,Clear,Icy,1,47.0647,-80.7624,7,12,2022,2022-12,Day
1823,Los Angeles,2023-11-21,21:30,Low,Rain,Dry,1,25.817,-104.7209,21,11,2023,2023-11,Night
1824,San Diego,2021-11-11,11:35,Medium,Rain,Dry,3,29.9067,-76.1543,11,11,2021,2021-11,Day
1825,San Jose,2023-01-08,12:33,High,Clear,Slippery,4,37.1886,-100.9072,12,1,2023,2023-01,Day
1826,New York,2022-07-14,23:27,Medium,Clear,Wet,3,45.4929,-73.5907,23,7,2022,2022-07,Night
1827,Indianapolis,2023-10-28,08:19,Low,Clear,Slippery,3,34.3355,-114.8292,8,10,2023,2023-10,Day
1828,Houston,2021-04-08,11:03,Medium,Clear,Dry,3,35.3267,-104.5507,11,4,2021,2021-04,Day
1829,Los Angeles,2021-06-13,11:25,Medium,Fog,Dry,1,37.4394,-104.6681,11,6,2021,2021-06,Day
1830,San Antonio,2022-10-27,06:31,Low,Clear,Under Construction,1,45.4581,-116.814,6,10,2022,2022-10,Day
1831,San Jose,2021-06-20,23:29,High,Clear,Under Construction,1,28.2735,-80.1171,23,6,2021,2021-06,Night
1832,Dallas,2023-07-01,17:03,Low,Rain,Dry,5,33.5318,-109.842,17,7,2023,2023-07,Day
1833,Dallas,2022-07-03,17:05,High,Cloudy,Wet,2,35.068,-105.6852,17,7,2022,2022-07,Day
1834,New York,2023-01-02,20:03,High,Fog,Wet,1,26.8156,-116.2283,20,1,2023,2023-01,Night
1835,Los Angeles,2022-03-16,20:59,High,Hail,Wet,5,30.9715,-89.0467,20,3,2022,2022-03,Night
1836,New York,2022-11-27,02:18,High,Clear,Dry,2,44.4241,-97.8878,2,11,2022,2022-11,Night
1837,Dallas,2021-04-12,21:45,Medium,Rain,Slippery,1,26.1073,-70.9065,21,4,2021,2021-04,Night
1838,Los Angeles,2022-08-13,22:39,Low,Fog,Dry,5,27.7259,-107.5734,22,8,2022,2022-08,Night
1839,Los Angeles,2021-09-16,21:56,Low,Rain,Under Construction,3,26.4814,-93.7764,21,9,2021,2021-09,Night
1840,Chicago,2021-07-12,22:41,Medium,Cloudy,Under Construction,3,32.9605,-82.9978,22,7,2021,2021-07,Night
1841,New York,2023-02-05,17:21,Low,Clear,Dry,4,38.0961,-91.9643,17,2,2023,2023-02,Day
1842,Charlotte,2021-02-09,12:27,High,Rain,Dry,4,41.494,-97.17,12,2,2021,2021-02,Day
1843,Los Angeles,2021-04-01,18:57,Medium,Clear,Wet,2,40.2309,-92.3456,18,4,2021,2021-04,Night
1844,Indianapolis,2022-08-15,10:44,Low,Clear,Dry,4,35.545,-82.5443,10,8,2022,2022-08,Day
1845,Los Angeles,2021-11-18,11:00,Medium,Snow,Dry,2,47.6635,-105.7186,11,11,2021,2021-11,Day
1846,Los Angeles,2021-09-24,20:11,Medium,Clear,Wet,2,40.2143,-92.2205,20,9,2021,2021-09,Night
1847,Chicago,2021-11-03,08:14,High,Clear,Wet,1,38.1403,-88.5561,8,11,2021,2021-11,Day
1848,Chicago,2023-05-14,19:02,Low,Fog,Wet,4,36.74,-109.3653,19,5,2023,2023-05,Night
1849,New York,2021-11-07,20:07,Low,Clear,Dry,1,31.4766,-86.7264,20,11,2021,2021-11,Night
1850,Indianapolis,2023-07-24,11:56,Medium,Windy,Dry,5,44.7962,-117.4382,11,7,2023,2023-07,Day
1851,New York,2023-05-18,10:25,High,Clear,Wet,2,43.3388,-75.9933,10,5,2023,2023-05,Day
1852,Phoenix,2021-10-17,13:22,Low,Rain,Dry,1,40.9828,-115.4437,13,10,2021,2021-10,Day
1853,Chicago,2023-07-01,06:51,Low,Fog,Wet,2,29.348,-85.578,6,7,2023,2023-07,Day
1854,San Antonio,2021-12-11,06:50,Medium,Clear,Slippery,5,43.0706,-94.8428,6,12,2021,2021-12,Day
1855,Chicago,2023-09-29,18:43,Low,Clear,Dry,4,29.863,-102.6857,18,9,2023,2023-09,Night
1856,Chicago,2021-06-17,18:56,Medium,Rain,Dry,1,33.7796,-95.1283,18,6,2021,2021-06,Night
1857,Chicago,2021-04-14,18:49,Low,Rain,Icy,5,44.7358,-118.5072,18,4,2021,2021-04,Night
1858,Phoenix,2023-02-08,16:09,Medium,Cloudy,Icy,3,32.6291,-76.1325,16,2,2023,2023-02,Day
1859,New York,2021-04-20,17:32,Medium,Rain,Dry,2,37.6776,-90.0178,17,4,2021,2021-04,Day
1860,Indianapolis,2021-09-19,16:53,Low,Cloudy,Dry,1,31.3808,-96.6617,16,9,2021,2021-09,Day
1861,New York,2022-07-25,17:46,Medium,Rain,Dry,4,47.4006,-72.259,17,7,2022,2022-07,Day
1862,New York,2022-02-06,17:43,Medium,Clear,Dry,2,47.5095,-107.5961,17,2,2022,2022-02,Day
1863,New York,2021-11-02,08:08,Medium,Clear,Slippery,1,30.6051,-84.6717,8,11,2021,2021-11,Day
1864,New York,2021-03-26,20:48,Low,Clear,Dry,3,34.1051,-121.8499,20,3,2021,2021-03,Night
1865,San Antonio,2021-04-28,11:50,High,Clear,Dry,4,45.7711,-117.0104,11,4,2021,2021-04,Day
1866,Dallas,2022-04-05,07:04,Medium,Windy,Dry,1,35.8026,-102.3378,7,4,2022,2022-04,Day
1867,San Antonio,2021-03-25,20:10,High,Clear,Slippery,1,31.0644,-78.2084,20,3,2021,2021-03,Night
1868,Houston,2022-07-20,05:24,Low,Clear,Slippery,1,34.6554,-121.2724,5,7,2022,2022-07,Night
1869,Columbus,2021-04-25,11:35,High,Clear,Under Construction,4,35.5916,-82.8366,11,4,2021,2021-04,Day
1870,Houston,2021-03-25,12:44,Low,Rain,Icy,3,33.3184,-106.2338,12,3,2021,2021-03,Day
1871,Los Angeles,2022-08-11,18:50,Medium,Clear,Dry,2,40.7517,-90.5577,18,8,2022,2022-08,Night
1872,Houston,2022-01-22,18:36,Low,Rain,Dry,4,29.3648,-77.9815,18,1,2022,2022-01,Night
1873,Jacksonville,2023-03-01,07:56,Low,Hail,Dry,4,40.3057,-74.179,7,3,2023,2023-03,Day
1874,Dallas,2022-12-05,21:35,Low,Clear,Wet,5,39.6333,-72.3421,21,12,2022,2022-12,Night
1875,Indianapolis,2023-12-30,18:38,Medium,Fog,Slippery,2,39.7078,-84.3335,18,12,2023,2023-12,Night
1876,Dallas,2021-06-23,17:36,Low,Clear,Dry,2,45.4093,-84.5514,17,6,2021,2021-06,Day
1877,Columbus,2022-07-31,22:11,Medium,Clear,Dry,2,30.9971,-111.48,22,7,2022,2022-07,Night
1878,New York,2021-03-13,19:15,Medium,Clear,Wet,4,34.3304,-102.5592,19,3,2021,2021-03,Night
1879,San Jose,2022-07-01,11:29,Low,Rain,Wet,4,32.609,-98.4164,11,7,2022,2022-07,Day
1880,Charlotte,2022-07-04,18:57,Low,Clear,Under Construction,4,33.5265,-97.4462,18,7,2022,2022-07,Night
1881,Dallas,2022-07-09,12:59,Medium,Clear,Icy,4,29.7983,-107.4214,12,7,2022,2022-07,Day
1882,Chicago,2021-06-11,07:18,Medium,Cloudy,Wet,5,46.0925,-106.0698,7,6,2021,2021-06,Day
1883,San Jose,2021-06-29,19:11,Medium,Clear,Slippery,5,33.7696,-106.2915,19,6,2021,2021-06,Night
1884,Charlotte,2023-07-04,07:54,Low,Snow,Dry,2,33.4627,-84.695,7,7,2023,2023-07,Day
1885,New York,2021-09-01,09:24,High,Clear,Wet,3,39.9653,-91.6569,9,9,2021,2021-09,Day
1886,Charlotte,2022-05-23,19:10,High,Clear,Dry,3,29.9103,-79.9012,19,5,2022,2022-05,Night
1887,San Diego,2023-07-17,15:14,Medium,Clear,Slippery,1,25.6897,-88.4279,15,7,2023,2023-07,Day
1888,Austin,2021-09-07,13:33,High,Clear,Dry,3,41.7875,-98.775,13,9,2021,2021-09,Day
1889,Chicago,2022-07-30,10:13,High,Clear,Slippery,4,45.4511,-95.7147,10,7,2022,2022-07,Day
1890,Dallas,2023-08-02,09:54,High,Rain,Dry,2,39.7848,-113.4928,9,8,2023,2023-08,Day
1891,Austin,2021-02-21,17:26,High,Snow,Dry,4,35.6444,-115.133,17,2,2021,2021-02,Day
1892,Houston,2023-05-31,12:20,Low,Clear,Dry,1,39.8512,-119.5747,12,5,2023,2023-05,Day
1893,Houston,2023-01-02,19:52,Medium,Clear,Slippery,3,39.9288,-87.7692,19,1,2023,2023-01,Night
1894,Los Angeles,2021-04-04,03:58,High,Clear,Dry,3,29.2851,-97.918,3,4,2021,2021-04,Night
1895,San Antonio,2022-02-04,07:01,Low,Rain,Icy,2,42.5505,-94.4875,7,2,2022,2022-02,Day
1896,Columbus,2021-06-27,13:10,Low,Clear,Wet,3,41.3113,-95.0589,13,6,2021,2021-06,Day
1897,New York,2023-03-12,07:46,Medium,Rain,Wet,4,43.0341,-104.1136,7,3,2023,2023-03,Day
1898,Austin,2023-02-04,22:22,High,Rain,Slippery,2,28.8864,-88.7233,22,2,2023,2023-02,Night
1899,Los Angeles,2023-06-26,08:39,Medium,Rain,Dry,3,44.6159,-86.0581,8,6,2023,2023-06,Day
1900,New York,2022-03-31,18:14,Medium,Clear,Dry,1,35.7995,-117.2348,18,3,2022,2022-03,Night
1901,New York,2021-04-11,15:29,Low,Rain,Icy,1,42.5833,-80.0399,15,4,2021,2021-04,Day
1902,New York,2022-02-14,12:06,Low,Clear,Dry,5,30.112,-71.9372,12,2,2022,2022-02,Day
1903,Phoenix,2022-01-10,17:54,Medium,Rain,Slippery,3,37.285,-108.5699,17,1,2022,2022-01,Day
1904,Houston,2023-04-05,13:20,Low,Clear,Under Construction,2,47.5895,-70.9115,13,4,2023,2023-04,Day
1905,Dallas,2021-10-18,22:58,Low,Clear,Wet,3,47.9342,-104.0025,22,10,2021,2021-10,Night
1906,Indianapolis,2021-11-12,18:42,Medium,Clear,Wet,3,34.3156,-102.3946,18,11,2021,2021-11,Night
1907,New York,2022-11-23,08:41,Low,Snow,Wet,4,44.8833,-109.2786,8,11,2022,2022-11,Day
1908,Houston,2021-08-23,14:17,Medium,Clear,Icy,1,36.168,-105.6067,14,8,2021,2021-08,Day
1909,Philadelphia,2022-09-17,18:41,Low,Cloudy,Dry,4,29.0138,-87.6229,18,9,2022,2022-09,Night
1910,Houston,2023-11-08,19:42,Medium,Fog,Wet,4,26.4549,-84.0141,19,11,2023,2023-11,Night
1911,Los Angeles,2023-09-03,04:20,Low,Clear,Wet,1,33.4706,-99.7378,4,9,2023,2023-09,Night
1912,San Jose,2022-07-03,05:36,Medium,Clear,Dry,5,46.4669,-117.2512,5,7,2022,2022-07,Night
1913,San Antonio,2023-02-09,16:13,Medium,Rain,Icy,1,35.9747,-121.9725,16,2,2023,2023-02,Day
1914,Houston,2021-10-08,01:10,Low,Clear,Wet,4,27.2102,-84.0939,1,10,2021,2021-10,Night
1915,Charlotte,2021-07-03,07:04,Medium,Fog,Dry,5,34.2813,-94.337,7,7,2021,2021-07,Day
1916,Indianapolis,2023-07-19,12:36,Medium,Clear,Dry,4,30.3205,-80.5097,12,7,2023,2023-07,Day
1917,Chicago,2022-01-15,07:41,Medium,Rain,Dry,5,47.1682,-94.1922,7,1,2022,2022-01,Day
1918,Chicago,2023-09-01,17:26,High,Cloudy,Slippery,5,45.7025,-85.6893,17,9,2023,2023-09,Day
1919,New York,2022-09-25,08:38,Medium,Clear,Dry,5,40.4586,-81.1468,8,9,2022,2022-09,Day
1920,New York,2022-11-17,07:07,Low,Rain,Dry,1,42.8157,-96.7129,7,11,2022,2022-11,Day
1921,Philadelphia,2023-02-14,09:18,Medium,Cloudy,Dry,1,25.0274,-100.115,9,2,2023,2023-02,Day
1922,Philadelphia,2023-08-09,12:19,Medium,Rain,Dry,4,38.641,-73.9854,12,8,2023,2023-08,Day
1923,Chicago,2021-07-02,12:12,Low,Rain,Dry,3,25.7596,-100.8513,12,7,2021,2021-07,Day
1924,Phoenix,2022-12-24,10:14,Low,Fog,Under Construction,5,34.8124,-112.3035,10,12,2022,2022-12,Day
1925,Columbus,2023-08-10,12:07,Medium,Clear,Wet,4,30.123,-111.2938,12,8,2023,2023-08,Day
1926,New York,2023-01-30,16:46,Low,Clear,Wet,4,34.5111,-111.2688,16,1,2023,2023-01,Day
1927,Jacksonville,2022-09-06,08:05,Medium,Cloudy,Wet,5,44.3314,-82.3006,8,9,2022,2022-09,Day
1928,Houston,2023-03-17,11:18,Medium,Clear,Dry,3,45.1172,-73.011,11,3,2023,2023-03,Day
1929,Dallas,2022-08-22,18:19,Medium,Fog,Dry,1,34.097,-73.7438,18,8,2022,2022-08,Night
1930,Jacksonville,2022-05-16,18:15,High,Clear,Wet,3,30.2075,-76.1923,18,5,2022,2022-05,Night
1931,San Jose,2023-04-20,09:33,High,Rain,Dry,2,26.0981,-104.9342,9,4,2023,2023-04,Day
1932,Phoenix,2023-05-11,07:46,High,Windy,Wet,5,39.7785,-76.1185,7,5,2023,2023-05,Day
1933,New York,2022-07-07,06:10,Low,Cloudy,Wet,2,26.4077,-112.9865,6,7,2022,2022-07,Day
1934,Chicago,2023-09-08,18:30,High,Rain,Dry,4,33.5225,-97.4239,18,9,2023,2023-09,Night
1935,New York,2021-09-28,20:08,Low,Clear,Wet,3,33.7745,-118.6674,20,9,2021,2021-09,Night
1936,New York,2022-04-03,15:52,High,Snow,Dry,1,29.6929,-77.0837,15,4,2022,2022-04,Day
1937,Chicago,2022-11-14,20:55,Medium,Clear,Dry,3,39.4441,-78.3417,20,11,2022,2022-11,Night
1938,Indianapolis,2021-01-05,15:27,Low,Rain,Dry,1,31.0051,-103.2542,15,1,2021,2021-01,Day
1939,Chicago,2022-09-04,08:44,Low,Clear,Dry,5,37.6668,-119.501,8,9,2022,2022-09,Day
1940,Los Angeles,2022-02-24,10:11,Medium,Cloudy,Wet,1,44.7334,-111.8651,10,2,2022,2022-02,Day
1941,Houston,2023-07-26,10:16,Medium,Clear,Dry,4,41.4267,-100.3844,10,7,2023,2023-07,Day
1942,Jacksonville,2023-03-23,18:34,Low,Fog,Under Construction,3,41.3474,-75.3463,18,3,2023,2023-03,Night
1943,Indianapolis,2022-07-29,12:37,Low,Snow,Dry,4,35.0775,-107.1256,12,7,2022,2022-07,Day
1944,Chicago,2023-08-12,09:02,High,Clear,Dry,3,46.7867,-113.5048,9,8,2023,2023-08,Day
1945,Los Angeles,2022-07-29,12:21,Medium,Fog,Icy,2,29.5763,-115.0592,12,7,2022,2022-07,Day
1946,New York,2021-11-10,16:14,Low,Clear,Wet,1,29.9571,-76.3536,16,11,2021,2021-11,Day
1947,Los Angeles,2022-04-16,02:12,Medium,Clear,Wet,4,43.0162,-103.0096,2,4,2022,2022-04,Night
1948,New York,2021-01-22,12:27,Medium,Rain,Icy,3,30.7298,-83.0836,12,1,2021,2021-01,Day
1949,Los Angeles,2021-12-22,09:23,Low,Cloudy,Slippery,5,37.791,-108.5676,9,12,2021,2021-12,Day
1950,Los Angeles,2023-09-26,07:01,Medium,Hail,Dry,2,37.4242,-98.1605,7,9,2023,2023-09,Day
1951,Los Angeles,2021-02-03,06:45,Low,Fog,Dry,3,26.3453,-79.6551,6,2,2021,2021-02,Day
1952,San Diego,2023-04-28,21:16,Medium,Fog,Under Construction,4,39.7704,-86.0688,21,4,2023,2023-04,Night
1953,New York,2022-10-20,19:26,Medium,Rain,Slippery,3,26.1511,-103.2924,19,10,2022,2022-10,Night
1954,Houston,2022-04-11,14:58,Medium,Rain,Dry,5,45.0608,-118.6674,14,4,2022,2022-04,Day
1955,Austin,2021-11-15,10:02,Medium,Rain,Dry,5,31.4802,-108.7544,10,11,2021,2021-11,Day
1956,Charlotte,2023-11-05,18:09,Medium,Rain,Dry,1,43.2719,-116.8141,18,11,2023,2023-11,Night
1957,New York,2021-06-23,06:03,Medium,Rain,Dry,3,47.598,-93.2545,6,6,2021,2021-06,Day
1958,Indianapolis,2021-04-13,17:57,Low,Snow,Slippery,4,31.701,-120.1252,17,4,2021,2021-04,Day
1959,New York,2022-04-07,16:22,High,Rain,Wet,2,38.7581,-83.7686,16,4,2022,2022-04,Day
1960,Los Angeles,2021-08-13,13:11,High,Cloudy,Wet,2,30.0672,-98.371,13,8,2021,2021-08,Day
1961,Los Angeles,2021-12-01,01:54,Low,Clear,Dry,3,40.7573,-108.445,1,12,2021,2021-12,Night
1962,Columbus,2023-02-23,20:12,Medium,Clear,Wet,2,29.6542,-106.9254,20,2,2023,2023-02,Night
1963,Jacksonville,2022-09-11,12:57,Low,Snow,Dry,5,38.3425,-104.8091,12,9,2022,2022-09,Day
1964,Los Angeles,2022-07-09,13:51,High,Rain,Dry,5,40.7402,-118.2887,13,7,2022,2022-07,Day
1965,Houston,2022-10-04,08:43,Low,Fog,Dry,4,39.5972,-111.1214,8,10,2022,2022-10,Day
1966,Los Angeles,2022-10-11,12:17,High,Rain,Icy,2,45.9771,-92.5036,12,10,2022,2022-10,Day
1967,Houston,2021-02-05,12:56,Medium,Clear,Wet,1,40.0448,-92.2194,12,2,2021,2021-02,Day
1968,New York,2021-11-19,07:18,Low,Snow,Slippery,4,30.0224,-114.115,7,11,2021,2021-11,Day
1969,Dallas,2022-10-13,10:42,Medium,Clear,Dry,2,39.8523,-113.0373,10,10,2022,2022-10,Day
1970,New York,2022-08-31,17:11,Low,Clear,Dry,5,25.6226,-87.2212,17,8,2022,2022-08,Day
1971,Dallas,2022-11-27,06:13,Low,Rain,Slippery,1,31.2701,-94.2095,6,11,2022,2022-11,Day
1972,New York,2022-04-05,17:10,Medium,Clear,Dry,2,42.9886,-102.6501,17,4,2022,2022-04,Day
1973,Columbus,2022-08-30,14:58,Medium,Rain,Slippery,5,34.5946,-96.0258,14,8,2022,2022-08,Day
1974,New York,2023-04-03,10:00,Medium,Rain,Dry,5,26.3452,-105.9162,10,4,2023,2023-04,Day
1975,Jacksonville,2022-09-18,18:53,Low,Fog,Dry,5,46.058,-96.1129,18,9,2022,2022-09,Night
1976,Chicago,2023-12-11,13:53,Low,Fog,Dry,4,31.4807,-76.7488,13,12,2023,2023-12,Day
1977,San Antonio,2022-09-29,18:07,Medium,Clear,Wet,1,39.0418,-84.8273,18,9,2022,2022-09,Night
1978,New York,2023-06-13,19:11,Low,Clear,Dry,3,28.7512,-108.8473,19,6,2023,2023-06,Night
1979,Los Angeles,2022-03-21,19:07,Medium,Rain,Slippery,1,27.0711,-77.1396,19,3,2022,2022-03,Night
1980,Houston,2023-07-04,07:48,Medium,Hail,Dry,5,27.2203,-113.6341,7,7,2023,2023-07,Day
1981,New York,2022-02-12,06:35,Low,Clear,Dry,2,41.2433,-118.7558,6,2,2022,2022-02,Day
1982,Los Angeles,2022-12-14,21:47,Low,Rain,Dry,1,25.0885,-89.146,21,12,2022,2022-12,Night
1983,Los Angeles,2022-10-31,19:17,Medium,Clear,Wet,3,37.7225,-113.5844,19,10,2022,2022-10,Night
1984,Los Angeles,2023-05-06,19:39,Medium,Fog,Dry,4,34.1565,-85.7297,19,5,2023,2023-05,Night
1985,Houston,2021-12-02,19:48,Low,Clear,Icy,2,45.2863,-95.9167,19,12,2021,2021-12,Night
1986,Indianapolis,2023-03-01,17:56,Low,Rain,Slippery,1,36.6301,-88.98,17,3,2023,2023-03,Day
1987,New York,2023-04-05,07:29,Medium,Clear,Icy,1,47.3824,-112.1267,7,4,2023,2023-04,Day
1988,Columbus,2023-11-02,19:12,Medium,Clear,Wet,5,41.8151,-110.3621,19,11,2023,2023-11,Night
1989,Dallas,2022-01-18,13:38,Low,Rain,Wet,1,34.3394,-75.426,13,1,2022,2022-01,Day
1990,New York,2023-10-07,12:41,Medium,Fog,Icy,2,25.1443,-75.2596,12,10,2023,2023-10,Day
1991,Austin,2023-12-07,06:41,Low,Clear,Dry,5,35.2257,-100.6929,6,12,2023,2023-12,Day
1992,New York,2023-08-02,21:44,High,Clear,Slippery,2,37.4434,-106.4568,21,8,2023,2023-08,Night
1993,New York,2023-10-16,07:43,Medium,Fog,Wet,4,33.4787,-72.4263,7,10,2023,2023-10,Day
1994,Los Angeles,2023-03-29,14:48,High,Rain,Dry,3,35.309,-105.9815,14,3,2023,2023-03,Day
1995,Indianapolis,2023-11-05,16:57,Low,Clear,Dry,4,39.4503,-121.5303,16,11,2023,2023-11,Day
1996,New York,2023-06-30,18:56,High,Clear,Dry,4,28.2825,-89.8982,18,6,2023,2023-06,Night
1997,New York,2023-05-17,16:19,Medium,Rain,Dry,5,25.0885,-81.344,16,5,2023,2023-05,Day
1998,Phoenix,2023-07-26,10:43,Medium,Rain,Slippery,3,34.3294,-118.0861,10,7,2023,2023-07,Day
1999,Austin,2023-11-09,08:38,High,Clear,Dry,3,44.2946,-95.0126,8,11,2023,2023-11,Day
2000,San Antonio,2022-12-05,08:46,High,Clear,Dry,5,37.2752,-108.2085,8,12,2022,2022-12,Day
2001,Los Angeles,2022-10-10,00:38,Medium,Snow,Slippery,3,47.1916,-115.8501,0,10,2022,2022-10,Night
2002,Indianapolis,2021-03-06,07:08,Low,Clear,Wet,1,25.4158,-93.6931,7,3,2021,2021-03,Day
2003,Chicago,2022-07-09,14:16,Low,Clear,Wet,5,38.1821,-112.1224,14,7,2022,2022-07,Day
2004,San Diego,2021-03-26,11:19,Medium,Clear,Wet,4,31.024,-77.5603,11,3,2021,2021-03,Day
2005,Indianapolis,2021-08-06,15:26,Low,Clear,Under Construction,3,46.0496,-119.5433,15,8,2021,2021-08,Day
2006,Dallas,2022-03-12,04:22,Medium,Clear,Wet,5,33.1855,-111.4281,4,3,2022,2022-03,Night
2007,Philadelphia,2023-01-03,12:06,Medium,Clear,Dry,5,40.2942,-75.3455,12,1,2023,2023-01,Day
2008,New York,2022-08-26,12:36,Medium,Cloudy,Slippery,1,37.2088,-113.5762,12,8,2022,2022-08,Day
2009,San Jose,2021-03-13,02:40,Medium,Cloudy,Dry,2,31.2418,-106.6274,2,3,2021,2021-03,Night
2010,Charlotte,2022-06-01,07:38,Low,Clear,Dry,4,37.8484,-73.6855,7,6,2022,2022-06,Day
2011,Chicago,2023-02-06,07:02,Medium,Clear,Dry,3,39.0595,-99.3182,7,2,2023,2023-02,Day
2012,Houston,2023-09-06,07:59,Low,Cloudy,Dry,5,25.182,-109.7326,7,9,2023,2023-09,Day
2013,Los Angeles,2022-08-27,12:01,Low,Cloudy,Dry,3,40.7489,-105.0646,12,8,2022,2022-08,Day
2014,Los Angeles,2022-04-02,16:20,High,Snow,Wet,3,25.1405,-78.8173,16,4,2022,2022-04,Day
2015,Chicago,2021-10-08,10:46,Low,Fog,Slippery,5,26.2962,-83.4668,10,10,2021,2021-10,Day
2016,Charlotte,2023-03-19,07:11,High,Clear,Wet,4,30.4471,-81.5024,7,3,2023,2023-03,Day
2017,Phoenix,2021-10-21,16:29,Medium,Clear,Wet,2,39.2022,-93.1044,16,10,2021,2021-10,Day
2018,Los Angeles,2022-10-20,15:10,Medium,Clear,Icy,2,41.3945,-105.7434,15,10,2022,2022-10,Day
2019,Chicago,2023-04-12,06:32,Low,Clear,Dry,3,46.0734,-94.4872,6,4,2023,2023-04,Day
2020,New York,2021-04-07,11:38,Medium,Clear,Dry,3,39.6885,-103.4557,11,4,2021,2021-04,Day
2021,Phoenix,2021-10-17,10:55,Medium,Fog,Dry,4,27.7389,-91.8098,10,10,2021,2021-10,Day
2022,Jacksonville,2023-07-30,08:18,Medium,Clear,Dry,5,37.2893,-110.4432,8,7,2023,2023-07,Day
2023,New York,2021-09-13,14:26,Medium,Rain,Dry,5,46.1242,-71.019,14,9,2021,2021-09,Day
2024,Phoenix,2023-05-25,21:32,Medium,Clear,Slippery,1,33.1104,-112.9474,21,5,2023,2023-05,Night
2025,Austin,2023-09-01,08:18,Medium,Clear,Dry,2,27.8112,-86.0415,8,9,2023,2023-09,Day
2026,Los Angeles,2023-04-17,11:42,Low,Clear,Icy,5,26.1501,-95.382,11,4,2023,2023-04,Day
2027,Phoenix,2021-08-08,11:43,Low,Snow,Dry,4,35.1819,-102.2972,11,8,2021,2021-08,Day
2028,San Antonio,2021-11-29,16:25,Low,Clear,Dry,4,28.1407,-90.5607,16,11,2021,2021-11,Day
2029,Austin,2022-06-11,20:40,Low,Cloudy,Dry,5,38.2277,-80.9046,20,6,2022,2022-06,Night
2030,San Antonio,2021-03-17,06:34,Low,Clear,Dry,2,44.1512,-86.4446,6,3,2021,2021-03,Day
2031,New York,2022-11-29,07:45,Medium,Rain,Dry,3,28.9146,-106.6699,7,11,2022,2022-11,Day
2032,San Jose,2022-07-22,18:32,Low,Fog,Slippery,5,41.6565,-91.6924,18,7,2022,2022-07,Night
2033,Columbus,2023-06-17,07:58,High,Cloudy,Dry,5,33.0162,-94.9652,7,6,2023,2023-06,Day
2034,San Antonio,2023-11-28,18:53,Low,Clear,Wet,4,41.8159,-90.3215,18,11,2023,2023-11,Night
2035,Phoenix,2021-06-01,19:19,Low,Rain,Slippery,1,35.6288,-73.836,19,6,2021,2021-06,Night
2036,Charlotte,2023-12-20,10:16,High,Fog,Icy,2,34.7854,-82.4514,10,12,2023,2023-12,Day
2037,Indianapolis,2021-11-24,14:25,Low,Clear,Dry,1,29.8282,-95.8556,14,11,2021,2021-11,Day
2038,San Jose,2023-06-09,20:07,Medium,Rain,Under Construction,5,26.8351,-72.8465,20,6,2023,2023-06,Night
2039,Austin,2022-11-21,15:56,Medium,Rain,Slippery,5,39.4963,-113.32,15,11,2022,2022-11,Day
2040,New York,2021-08-04,12:36,Low,Rain,Dry,4,38.4596,-110.5074,12,8,2021,2021-08,Day
2041,San Diego,2023-02-05,06:53,Medium,Rain,Dry,4,47.1073,-121.3818,6,2,2023,2023-02,Day
2042,Houston,2022-10-15,08:43,Medium,Clear,Wet,5,26.8359,-109.0718,8,10,2022,2022-10,Day
2043,Indianapolis,2023-12-27,07:36,Low,Rain,Dry,1,30.597,-99.8172,7,12,2023,2023-12,Day
2044,Austin,2021-05-01,17:20,Medium,Snow,Wet,1,31.5184,-118.8282,17,5,2021,2021-05,Day
2045,Houston,2021-10-05,10:45,Medium,Cloudy,Slippery,5,36.4124,-102.286,10,10,2021,2021-10,Day
2046,New York,2023-04-04,07:28,Medium,Rain,Wet,5,30.643,-103.632,7,4,2023,2023-04,Day
2047,Chicago,2021-05-04,17:40,Low,Snow,Icy,4,27.078,-89.0908,17,5,2021,2021-05,Day
2048,New York,2022-08-21,13:15,Low,Clear,Dry,5,36.2089,-112.3313,13,8,2022,2022-08,Day
2049,New York,2022-12-12,19:07,Low,Clear,Wet,1,40.1806,-78.4074,19,12,2022,2022-12,Night
2050,Houston,2022-05-07,13:11,High,Rain,Dry,4,34.4268,-104.158,13,5,2022,2022-05,Day
2051,New York,2022-05-26,10:33,High,Clear,Icy,4,26.7605,-75.5483,10,5,2022,2022-05,Day
2052,San Diego,2023-08-04,22:20,Low,Rain,Icy,3,34.4207,-108.1887,22,8,2023,2023-08,Night
2053,Los Angeles,2023-02-04,22:02,Medium,Clear,Dry,2,25.1903,-114.5791,22,2,2023,2023-02,Night
2054,Charlotte,2023-05-10,08:08,Medium,Clear,Wet,3,35.4256,-94.4988,8,5,2023,2023-05,Day
2055,Los Angeles,2022-04-16,16:50,Low,Clear,Icy,4,36.3918,-108.4734,16,4,2022,2022-04,Day
2056,Phoenix,2021-01-08,15:11,Medium,Clear,Wet,4,42.601,-76.6992,15,1,2021,2021-01,Day
2057,Los Angeles,2022-12-20,06:45,High,Clear,Wet,4,28.123,-96.4701,6,12,2022,2022-12,Day
2058,New York,2023-07-18,09:12,High,Snow,Under Construction,1,43.1432,-82.6069,9,7,2023,2023-07,Day
2059,Austin,2022-07-09,18:49,Low,Cloudy,Wet,5,45.7264,-95.6226,18,7,2022,2022-07,Night
2060,San Diego,2022-02-25,15:28,Low,Rain,Wet,2,34.3082,-82.429,15,2,2022,2022-02,Day
2061,New York,2023-07-10,01:16,Medium,Rain,Wet,1,46.6678,-103.8465,1,7,2023,2023-07,Night
2062,Houston,2023-11-16,19:55,Low,Rain,Dry,3,31.0837,-113.3233,19,11,2023,2023-11,Night
2063,San Diego,2021-03-22,21:04,Low,Snow,Slippery,5,25.8016,-88.0766,21,3,2021,2021-03,Night
2064,Los Angeles,2023-07-12,13:00,Low,Clear,Wet,4,40.8577,-78.379,13,7,2023,2023-07,Day
2065,Los Angeles,2022-07-12,06:13,Low,Fog,Icy,1,26.3684,-96.8985,6,7,2022,2022-07,Day
2066,Charlotte,2022-09-26,06:40,Low,Clear,Under Construction,1,38.5098,-83.7603,6,9,2022,2022-09,Day
2067,Indianapolis,2023-08-31,07:24,High,Rain,Dry,2,33.5835,-70.4235,7,8,2023,2023-08,Day
2068,Los Angeles,2022-09-04,19:11,Low,Cloudy,Wet,2,28.965,-116.8167,19,9,2022,2022-09,Night
2069,New York,2023-12-29,19:03,Low,Rain,Dry,4,29.9476,-97.3057,19,12,2023,2023-12,Night
2070,Dallas,2021-11-02,15:28,Low,Cloudy,Dry,1,25.7313,-104.5685,15,11,2021,2021-11,Day
2071,Houston,2022-04-30,12:51,Low,Rain,Dry,5,38.418,-121.4812,12,4,2022,2022-04,Day
2072,New York,2023-08-11,13:20,Low,Clear,Dry,5,47.211,-120.6482,13,8,2023,2023-08,Day
2073,New York,2023-08-03,08:29,Medium,Clear,Dry,2,27.1511,-111.3819,8,8,2023,2023-08,Day
2074,Phoenix,2023-02-19,15:47,High,Rain,Dry,2,27.7589,-80.1782,15,2,2023,2023-02,Day
2075,Dallas,2022-06-04,10:59,Low,Clear,Dry,4,27.5521,-113.3064,10,6,2022,2022-06,Day
2076,Houston,2021-05-21,13:00,Low,Clear,Under Construction,2,43.9762,-82.502,13,5,2021,2021-05,Day
2077,Columbus,2022-08-24,20:59,Low,Clear,Wet,1,28.3136,-112.5836,20,8,2022,2022-08,Night
2078,Indianapolis,2022-07-07,18:09,High,Rain,Dry,3,32.0171,-79.1888,18,7,2022,2022-07,Night
2079,San Antonio,2023-08-30,20:24,Low,Clear,Wet,3,32.2635,-110.3182,20,8,2023,2023-08,Night
2080,San Diego,2021-09-25,13:05,Medium,Clear,Wet,2,31.218,-104.0628,13,9,2021,2021-09,Day
2081,New York,2023-01-06,15:22,Low,Clear,Wet,1,32.3524,-73.6327,15,1,2023,2023-01,Day
2082,Philadelphia,2021-07-06,07:27,Medium,Fog,Dry,5,43.4537,-75.9854,7,7,2021,2021-07,Day
2083,Austin,2022-06-07,13:27,High,Rain,Dry,2,35.663,-70.0454,13,6,2022,2022-06,Day
2084,Chicago,2021-01-20,14:17,Low,Rain,Dry,5,47.4577,-71.2105,14,1,2021,2021-01,Day
2085,Chicago,2021-08-13,15:31,High,Clear,Dry,1,26.1581,-92.2934,15,8,2021,2021-08,Day
2086,Columbus,2023-12-20,21:49,High,Clear,Under Construction,2,44.1729,-81.158,21,12,2023,2023-12,Night
2087,Phoenix,2022-04-17,09:17,Low,Cloudy,Dry,2,27.6972,-92.1476,9,4,2022,2022-04,Day
2088,Houston,2023-12-17,12:17,Low,Snow,Dry,2,29.5839,-84.2037,12,12,2023,2023-12,Day
2089,Columbus,2021-10-31,20:22,Low,Clear,Dry,1,25.4743,-93.4757,20,10,2021,2021-10,Night
2090,Dallas,2023-02-11,09:18,High,Rain,Wet,5,25.1111,-95.1598,9,2,2023,2023-02,Day
2091,Houston,2021-07-04,07:07,Low,Rain,Slippery,1,33.8431,-82.8456,7,7,2021,2021-07,Day
2092,Dallas,2021-11-08,19:08,Low,Rain,Icy,5,46.7366,-91.9872,19,11,2021,2021-11,Night
2093,New York,2023-07-31,18:39,Low,Fog,Dry,5,47.7468,-72.5503,18,7,2023,2023-07,Night
2094,Chicago,2023-05-21,13:16,Low,Clear,Wet,5,36.8461,-86.4166,13,5,2023,2023-05,Day
2095,New York,2022-05-26,12:56,High,Hail,Dry,1,37.038,-117.5715,12,5,2022,2022-05,Day
2096,San Diego,2021-07-09,17:35,Medium,Clear,Dry,5,47.1456,-105.9296,17,7,2021,2021-07,Day
2097,Austin,2021-02-07,08:16,Medium,Clear,Dry,2,31.3879,-100.622,8,2,2021,2021-02,Day
2098,San Antonio,2023-07-04,10:36,Low,Rain,Wet,4,34.9347,-114.29,10,7,2023,2023-07,Day
2099,New York,2021-04-20,06:35,High,Fog,Icy,5,45.9357,-86.1866,6,4,2021,2021-04,Day
2100,Los Angeles,2021-11-08,21:41,Medium,Cloudy,Dry,1,28.4337,-75.6845,21,11,2021,2021-11,Night
2101,Phoenix,2021-10-16,03:22,Low,Clear,Dry,2,35.7541,-80.9372,3,10,2021,2021-10,Night
2102,Houston,2023-01-05,16:12,Low,Cloudy,Dry,4,25.4001,-106.6777,16,1,2023,2023-01,Day
2103,Philadelphia,2021-11-23,16:49,Low,Fog,Dry,1,40.7922,-73.2101,16,11,2021,2021-11,Day
2104,Chicago,2021-12-28,19:20,Low,Rain,Slippery,1,45.3175,-118.8367,19,12,2021,2021-12,Night
2105,Houston,2021-12-21,08:16,Low,Clear,Wet,5,28.2965,-117.4934,8,12,2021,2021-12,Day
2106,Columbus,2021-07-03,18:47,Low,Cloudy,Wet,4,26.5788,-117.3423,18,7,2021,2021-07,Night
2107,Charlotte,2021-03-02,17:16,Medium,Clear,Wet,4,42.2829,-110.3318,17,3,2021,2021-03,Day
2108,New York,2022-06-14,10:46,High,Rain,Slippery,4,34.6361,-110.6243,10,6,2022,2022-06,Day
2109,New York,2022-09-07,12:01,Low,Clear,Dry,2,47.1729,-105.9254,12,9,2022,2022-09,Day
2110,Philadelphia,2021-11-01,09:22,Medium,Rain,Dry,2,28.7532,-105.4718,9,11,2021,2021-11,Day
2111,Austin,2021-07-27,18:08,Medium,Clear,Dry,1,36.7159,-77.9402,18,7,2021,2021-07,Night
2112,Dallas,2023-03-05,21:59,Medium,Clear,Dry,1,46.997,-89.6871,21,3,2023,2023-03,Night
2113,Jacksonville,2023-06-25,20:26,Medium,Snow,Dry,5,31.7494,-97.7118,20,6,2023,2023-06,Night
2114,New York,2021-06-14,17:37,Low,Clear,Dry,1,43.5444,-106.228,17,6,2021,2021-06,Day
2115,New York,2023-09-17,23:09,Low,Clear,Dry,1,32.0665,-100.1976,23,9,2023,2023-09,Night
2116,Los Angeles,2023-02-14,15:07,Low,Rain,Icy,5,41.9799,-103.4734,15,2,2023,2023-02,Day
2117,Los Angeles,2023-01-01,09:50,High,Rain,Dry,3,39.7848,-117.427,9,1,2023,2023-01,Day
2118,San Antonio,2021-09-11,06:45,Medium,Rain,Dry,2,35.6628,-121.8689,6,9,2021,2021-09,Day
2119,Chicago,2023-05-29,08:14,Medium,Clear,Slippery,5,43.5447,-84.3512,8,5,2023,2023-05,Day
2120,Austin,2023-12-18,14:37,Medium,Windy,Dry,1,32.9883,-116.8863,14,12,2023,2023-12,Day
2121,New York,2021-07-26,23:11,High,Clear,Dry,3,26.892,-84.2372,23,7,2021,2021-07,Night
2122,Dallas,2022-05-22,20:07,Low,Rain,Under Construction,4,25.0964,-72.8097,20,5,2022,2022-05,Night
2123,Dallas,2023-10-15,07:45,High,Clear,Under Construction,2,28.7526,-70.0259,7,10,2023,2023-10,Day
2124,Philadelphia,2022-02-17,06:28,Medium,Rain,Under Construction,1,27.0577,-107.6468,6,2,2022,2022-02,Day
2125,Charlotte,2021-01-28,08:58,High,Clear,Icy,4,42.1934,-91.3359,8,1,2021,2021-01,Day
2126,Houston,2023-08-14,18:35,Medium,Clear,Wet,4,45.3344,-113.9094,18,8,2023,2023-08,Night
2127,Indianapolis,2022-12-28,17:39,High,Fog,Dry,5,39.9043,-78.0391,17,12,2022,2022-12,Day
2128,Jacksonville,2023-08-14,19:21,High,Rain,Dry,4,32.8367,-104.4397,19,8,2023,2023-08,Night
2129,Phoenix,2021-12-06,17:01,Low,Rain,Slippery,4,37.0195,-121.8199,17,12,2021,2021-12,Day
2130,San Jose,2021-10-09,18:38,Medium,Rain,Slippery,1,34.8153,-93.2687,18,10,2021,2021-10,Night
2131,Houston,2023-11-15,06:39,High,Clear,Dry,5,45.2197,-91.4199,6,11,2023,2023-11,Day
2132,San Jose,2023-02-26,09:31,Medium,Rain,Icy,1,35.2904,-100.2003,9,2,2023,2023-02,Day
2133,Los Angeles,2021-08-06,20:00,Low,Clear,Wet,5,33.4257,-103.7013,20,8,2021,2021-08,Night
2134,San Diego,2023-10-23,02:10,Medium,Clear,Icy,2,29.9056,-101.4464,2,10,2023,2023-10,Night
2135,New York,2022-01-17,07:52,Medium,Fog,Dry,4,37.6842,-77.9604,7,1,2022,2022-01,Day
2136,New York,2022-06-16,12:30,High,Rain,Dry,4,39.2541,-115.8435,12,6,2022,2022-06,Day
2137,Charlotte,2023-01-17,17:56,Low,Clear,Dry,4,45.5769,-79.1805,17,1,2023,2023-01,Day
2138,Charlotte,2023-03-07,05:30,Low,Clear,Under Construction,5,42.6374,-75.575,5,3,2023,2023-03,Night
2139,Dallas,2021-11-17,09:13,Medium,Rain,Slippery,5,28.1499,-93.8249,9,11,2021,2021-11,Day
2140,New York,2022-08-23,14:14,Low,Clear,Dry,1,43.7231,-105.5476,14,8,2022,2022-08,Day
2141,Chicago,2022-04-14,04:06,Low,Rain,Dry,5,47.7507,-85.6891,4,4,2022,2022-04,Night
2142,Los Angeles,2023-04-08,18:15,High,Rain,Dry,3,37.6489,-117.1394,18,4,2023,2023-04,Night
2143,Columbus,2022-10-30,01:07,Low,Rain,Dry,2,36.2834,-79.3463,1,10,2022,2022-10,Night
2144,Chicago,2023-05-20,20:07,Low,Clear,Wet,1,28.1468,-81.9377,20,5,2023,2023-05,Night
2145,Austin,2023-07-09,21:21,Low,Rain,Icy,4,36.6539,-104.249,21,7,2023,2023-07,Night
2146,Charlotte,2022-06-16,07:54,Low,Rain,Wet,2,30.2229,-102.0657,7,6,2022,2022-06,Day
2147,Houston,2021-11-11,10:18,Medium,Windy,Icy,4,42.7828,-97.6347,10,11,2021,2021-11,Day
2148,New York,2021-03-17,11:28,Medium,Clear,Wet,1,33.318,-80.1135,11,3,2021,2021-03,Day
2149,San Jose,2023-09-12,14:41,Medium,Fog,Dry,4,32.3152,-71.1076,14,9,2023,2023-09,Day
2150,Columbus,2023-12-22,01:11,Low,Clear,Dry,3,41.2306,-87.0706,1,12,2023,2023-12,Night
2151,Los Angeles,2023-02-25,04:36,Low,Fog,Wet,4,47.5691,-75.5378,4,2,2023,2023-02,Night
2152,Chicago,2022-01-16,15:53,Low,Clear,Dry,1,35.2423,-75.5969,15,1,2022,2022-01,Day
2153,Jacksonville,2022-02-28,07:04,Medium,Cloudy,Dry,5,47.2386,-101.1539,7,2,2022,2022-02,Day
2154,San Antonio,2023-05-06,17:22,Low,Rain,Wet,4,38.9698,-100.8653,17,5,2023,2023-05,Day
2155,Charlotte,2021-03-03,19:33,Medium,Clear,Wet,2,26.3233,-104.6003,19,3,2021,2021-03,Night
2156,New York,2023-01-29,18:16,Medium,Rain,Slippery,5,42.7561,-97.3382,18,1,2023,2023-01,Night
2157,Chicago,2023-05-07,18:57,High,Clear,Dry,1,32.2282,-86.5458,18,5,2023,2023-05,Night
2158,Dallas,2022-10-21,12:03,Medium,Cloudy,Dry,3,32.918,-113.7432,12,10,2022,2022-10,Day
2159,New York,2021-06-07,15:55,High,Rain,Dry,2,35.9677,-77.2637,15,6,2021,2021-06,Day
2160,Los Angeles,2021-09-24,13:13,Medium,Clear,Wet,4,27.3756,-82.398,13,9,2021,2021-09,Day
2161,Columbus,2023-08-10,19:41,Medium,Clear,Dry,4,28.7808,-81.4692,19,8,2023,2023-08,Night
2162,Chicago,2021-11-19,16:34,Low,Snow,Dry,5,30.3518,-102.5106,16,11,2021,2021-11,Day
2163,New York,2021-08-01,19:37,Medium,Snow,Dry,2,42.1782,-70.2651,19,8,2021,2021-08,Night
2164,Los Angeles,2021-01-29,06:56,Medium,Clear,Icy,1,34.713,-120.6858,6,1,2021,2021-01,Day
2165,Columbus,2021-05-27,13:56,Low,Clear,Under Construction,4,46.2486,-98.8263,13,5,2021,2021-05,Day
2166,New York,2021-03-22,20:43,Low,Rain,Dry,4,44.208,-112.4559,20,3,2021,2021-03,Night
2167,Jacksonville,2022-07-27,11:14,High,Clear,Wet,4,34.9643,-109.4334,11,7,2022,2022-07,Day
2168,New York,2021-01-11,14:36,Low,Cloudy,Dry,2,45.2625,-89.9793,14,1,2021,2021-01,Day
2169,Los Angeles,2022-10-28,06:38,Medium,Clear,Wet,4,29.1442,-77.2187,6,10,2022,2022-10,Day
2170,Austin,2021-11-24,20:07,Low,Rain,Dry,5,43.7934,-118.906,20,11,2021,2021-11,Night
2171,Houston,2023-06-01,18:28,Low,Clear,Slippery,5,39.824,-103.4933,18,6,2023,2023-06,Night
2172,San Antonio,2022-02-25,16:16,Medium,Clear,Dry,1,36.6303,-93.6012,16,2,2022,2022-02,Day
2173,Dallas,2022-09-10,19:26,High,Fog,Icy,1,28.9019,-93.6267,19,9,2022,2022-09,Night
2174,Jacksonville,2021-07-31,15:53,Medium,Clear,Icy,3,42.8625,-72.8862,15,7,2021,2021-07,Day
2175,Los Angeles,2022-05-03,16:17,Medium,Clear,Dry,2,33.0154,-111.9937,16,5,2022,2022-05,Day
2176,Los Angeles,2022-02-27,07:10,Low,Clear,Dry,3,32.9132,-71.3819,7,2,2022,2022-02,Day
2177,Los Angeles,2021-08-21,16:46,Low,Clear,Wet,1,30.1988,-100.9494,16,8,2021,2021-08,Day
2178,Philadelphia,2023-10-30,19:51,Medium,Clear,Dry,2,29.4332,-113.5655,19,10,2023,2023-10,Night
2179,San Antonio,2022-05-20,12:10,Low,Snow,Dry,5,42.1723,-94.005,12,5,2022,2022-05,Day
2180,Indianapolis,2022-04-18,07:53,Low,Clear,Dry,5,26.3232,-81.4361,7,4,2022,2022-04,Day
2181,San Antonio,2023-03-16,10:55,Medium,Hail,Dry,2,47.2406,-101.1226,10,3,2023,2023-03,Day
2182,San Antonio,2021-06-04,13:19,Low,Clear,Dry,2,38.6918,-76.9179,13,6,2021,2021-06,Day
2183,Houston,2021-07-10,15:57,Medium,Fog,Wet,2,34.097,-118.0473,15,7,2021,2021-07,Day
2184,Los Angeles,2022-04-15,06:23,Medium,Cloudy,Slippery,3,35.8894,-114.1405,6,4,2022,2022-04,Day
2185,Los Angeles,2023-11-08,16:25,Low,Cloudy,Wet,5,34.7916,-98.6744,16,11,2023,2023-11,Day
2186,San Antonio,2022-04-14,02:36,Medium,Snow,Slippery,3,45.1149,-107.9349,2,4,2022,2022-04,Night
2187,New York,2022-01-27,07:06,Medium,Snow,Dry,3,27.164,-111.086,7,1,2022,2022-01,Day
2188,New York,2021-10-13,06:40,Low,Snow,Wet,4,36.1576,-91.2535,6,10,2021,2021-10,Day
2189,Indianapolis,2021-10-14,09:38,Low,Fog,Slippery,2,47.3272,-95.9106,9,10,2021,2021-10,Day
2190,San Antonio,2022-04-29,18:16,Medium,Fog,Wet,1,38.5861,-83.7304,18,4,2022,2022-04,Night
2191,Phoenix,2021-01-16,10:34,Low,Rain,Dry,5,29.5603,-111.1336,10,1,2021,2021-01,Day
2192,San Antonio,2022-04-26,18:37,Medium,Clear,Dry,5,46.6834,-113.3717,18,4,2022,2022-04,Night
2193,Los Angeles,2023-08-15,18:42,Medium,Clear,Wet,5,43.069,-103.3176,18,8,2023,2023-08,Night
2194,Dallas,2023-12-16,14:53,Low,Fog,Wet,4,28.1044,-80.9961,14,12,2023,2023-12,Day
2195,Houston,2021-02-06,18:17,Low,Rain,Dry,3,46.2515,-77.1623,18,2,2021,2021-02,Night
2196,San Jose,2022-10-16,18:05,Low,Rain,Dry,3,25.1983,-116.4729,18,10,2022,2022-10,Night
2197,San Diego,2022-01-11,11:50,Medium,Clear,Slippery,3,35.2861,-93.2715,11,1,2022,2022-01,Day
2198,Columbus,2022-01-22,16:16,Medium,Clear,Slippery,2,30.6507,-107.7766,16,1,2022,2022-01,Day
2199,San Antonio,2022-08-12,15:11,Medium,Rain,Wet,4,28.9155,-85.9315,15,8,2022,2022-08,Day
2200,New York,2021-03-23,07:25,High,Cloudy,Icy,1,47.1461,-103.2121,7,3,2021,2021-03,Day
2201,Jacksonville,2022-02-02,08:30,Medium,Clear,Dry,1,26.1478,-82.4666,8,2,2022,2022-02,Day
2202,Los Angeles,2022-03-26,09:48,Medium,Clear,Dry,4,27.1539,-72.6188,9,3,2022,2022-03,Day
2203,Dallas,2022-04-01,12:00,Medium,Clear,Wet,4,36.1746,-120.0619,12,4,2022,2022-04,Day
2204,Charlotte,2023-03-31,09:07,Medium,Snow,Dry,4,45.0171,-101.672,9,3,2023,2023-03,Day
2205,Charlotte,2022-03-24,18:45,Low,Rain,Dry,2,29.5974,-99.9697,18,3,2022,2022-03,Night
2206,New York,2023-06-30,19:42,Low,Clear,Under Construction,2,43.0895,-116.0374,19,6,2023,2023-06,Night
2207,Indianapolis,2022-06-15,10:05,Low,Cloudy,Wet,4,33.0262,-75.2037,10,6,2022,2022-06,Day
2208,Los Angeles,2022-08-13,06:47,Low,Rain,Slippery,5,33.3263,-72.5469,6,8,2022,2022-08,Day
2209,Los Angeles,2021-03-06,12:44,Low,Clear,Wet,1,43.8322,-76.24,12,3,2021,2021-03,Day
2210,Chicago,2021-05-23,13:54,Medium,Clear,Under Construction,4,39.2536,-92.6391,13,5,2021,2021-05,Day
2211,New York,2021-12-20,10:11,Low,Rain,Dry,3,42.7444,-117.956,10,12,2021,2021-12,Day
2212,Chicago,2023-10-14,07:17,Medium,Fog,Wet,4,38.1698,-98.671,7,10,2023,2023-10,Day
2213,Chicago,2021-01-23,07:55,Medium,Fog,Dry,2,34.6145,-92.4734,7,1,2021,2021-01,Day
2214,Los Angeles,2022-07-30,17:11,Medium,Fog,Dry,1,47.5228,-121.8329,17,7,2022,2022-07,Day
2215,Chicago,2022-11-26,08:55,High,Rain,Slippery,2,27.1015,-84.2421,8,11,2022,2022-11,Day
2216,San Antonio,2022-04-26,10:37,High,Clear,Icy,4,37.2735,-108.3838,10,4,2022,2022-04,Day
2217,Jacksonville,2023-05-26,04:31,Medium,Fog,Dry,4,36.6193,-74.8605,4,5,2023,2023-05,Night
2218,New York,2022-06-21,09:29,Medium,Clear,Icy,3,45.2048,-108.6668,9,6,2022,2022-06,Day
2219,San Diego,2023-04-29,20:08,Low,Clear,Wet,1,33.4581,-106.5594,20,4,2023,2023-04,Night
2220,Phoenix,2021-06-28,14:52,Medium,Clear,Dry,4,35.9337,-85.8195,14,6,2021,2021-06,Day
2221,Chicago,2021-08-14,01:33,Low,Rain,Icy,5,33.8564,-106.9171,1,8,2021,2021-08,Night
2222,Columbus,2022-04-29,11:48,Low,Cloudy,Dry,2,35.2168,-74.428,11,4,2022,2022-04,Day
2223,Houston,2023-11-09,09:01,Medium,Rain,Dry,4,35.8331,-80.8442,9,11,2023,2023-11,Day
2224,Los Angeles,2021-09-04,15:08,Low,Clear,Slippery,5,39.7746,-81.6427,15,9,2021,2021-09,Day
2225,Phoenix,2021-02-03,18:28,Medium,Clear,Wet,3,40.5538,-79.9664,18,2,2021,2021-02,Night
2226,Los Angeles,2021-04-06,12:48,Medium,Clear,Icy,5,40.9528,-76.8402,12,4,2021,2021-04,Day
2227,New York,2023-10-29,18:25,High,Fog,Wet,1,44.4084,-88.8864,18,10,2023,2023-10,Night
2228,Dallas,2021-10-10,07:07,Low,Rain,Wet,1,37.5365,-101.1234,7,10,2021,2021-10,Day
2229,Los Angeles,2023-06-26,02:25,High,Fog,Dry,2,38.2912,-71.9678,2,6,2023,2023-06,Night
2230,San Antonio,2021-01-31,13:51,Low,Snow,Icy,1,40.4768,-92.5342,13,1,2021,2021-01,Day
2231,Los Angeles,2021-11-24,13:35,Medium,Hail,Icy,2,35.664,-98.2079,13,11,2021,2021-11,Day
2232,Jacksonville,2021-01-13,14:52,Medium,Clear,Wet,2,25.6948,-84.6659,14,1,2021,2021-01,Day
2233,San Diego,2022-04-26,22:05,Low,Clear,Wet,5,40.9236,-116.1264,22,4,2022,2022-04,Night
2234,Indianapolis,2023-01-05,18:39,Medium,Windy,Wet,1,39.1894,-79.3846,18,1,2023,2023-01,Night
2235,Los Angeles,2023-06-19,08:23,Medium,Clear,Under Construction,2,37.9125,-95.3433,8,6,2023,2023-06,Day
2236,Austin,2022-07-24,17:15,Medium,Fog,Wet,1,35.7159,-93.9836,17,7,2022,2022-07,Day
2237,Charlotte,2023-04-29,13:55,Low,Clear,Wet,2,40.5894,-104.1255,13,4,2023,2023-04,Day
2238,San Jose,2023-12-17,15:48,High,Clear,Wet,3,45.2971,-91.7922,15,12,2023,2023-12,Day
2239,Phoenix,2021-10-18,20:41,Low,Clear,Dry,1,27.6321,-119.1712,20,10,2021,2021-10,Night
2240,New York,2021-11-16,12:19,High,Clear,Wet,5,25.7232,-88.6877,12,11,2021,2021-11,Day
2241,Los Angeles,2021-05-15,13:25,Low,Cloudy,Wet,3,44.1572,-78.1927,13,5,2021,2021-05,Day
2242,San Diego,2022-10-31,18:01,Low,Clear,Wet,5,47.2166,-72.5267,18,10,2022,2022-10,Night
2243,San Diego,2022-01-12,17:29,Low,Clear,Dry,5,40.7647,-84.5999,17,1,2022,2022-01,Day
2244,Austin,2023-02-28,20:10,Medium,Clear,Wet,5,28.0698,-121.1294,20,2,2023,2023-02,Night
2245,San Jose,2021-09-03,13:40,Low,Cloudy,Dry,3,31.4541,-110.6462,13,9,2021,2021-09,Day
2246,San Diego,2023-02-21,16:11,Low,Rain,Icy,4,45.6998,-117.7764,16,2,2023,2023-02,Day
2247,Austin,2021-01-23,18:18,High,Clear,Dry,3,29.9438,-90.9731,18,1,2021,2021-01,Night
2248,Indianapolis,2021-07-04,21:09,Medium,Clear,Dry,3,38.1072,-100.9364,21,7,2021,2021-07,Night
2249,San Diego,2021-05-01,09:24,Medium,Clear,Icy,2,33.635,-115.0862,9,5,2021,2021-05,Day
2250,Los Angeles,2022-09-24,03:22,Medium,Clear,Icy,5,43.7485,-80.9318,3,9,2022,2022-09,Night
2251,Columbus,2022-07-25,17:15,High,Clear,Slippery,5,37.576,-115.8195,17,7,2022,2022-07,Day
2252,Phoenix,2023-07-15,23:15,Low,Fog,Dry,2,47.0968,-109.9973,23,7,2023,2023-07,Night
2253,Houston,2021-03-20,12:51,Medium,Hail,Dry,5,26.6949,-102.6127,12,3,2021,2021-03,Day
2254,Indianapolis,2022-09-28,15:31,High,Rain,Dry,1,46.8803,-112.3282,15,9,2022,2022-09,Day
2255,Indianapolis,2023-12-11,12:10,Medium,Clear,Dry,4,26.6714,-98.4073,12,12,2023,2023-12,Day
2256,Chicago,2023-04-16,07:57,Medium,Rain,Slippery,5,40.118,-113.9754,7,4,2023,2023-04,Day
2257,Philadelphia,2022-05-23,08:48,Medium,Hail,Wet,4,41.3327,-98.5511,8,5,2022,2022-05,Day
2258,Houston,2022-01-19,11:49,Low,Clear,Wet,1,37.0349,-76.9195,11,1,2022,2022-01,Day
2259,Los Angeles,2022-05-31,20:52,Low,Rain,Wet,5,26.9467,-70.4658,20,5,2022,2022-05,Night
2260,Columbus,2023-04-05,00:00,Low,Clear,Under Construction,4,46.3888,-114.3667,0,4,2023,2023-04,Night
2261,Dallas,2021-05-18,22:19,Medium,Snow,Slippery,5,26.6265,-106.373,22,5,2021,2021-05,Night
2262,Philadelphia,2021-02-04,08:51,Low,Cloudy,Icy,4,28.0451,-91.2453,8,2,2021,2021-02,Day
2263,San Diego,2023-06-10,17:53,Low,Fog,Wet,2,31.8276,-121.4095,17,6,2023,2023-06,Day
2264,Los Angeles,2021-11-06,05:11,High,Clear,Slippery,4,34.8465,-72.9947,5,11,2021,2021-11,Night
2265,Philadelphia,2021-07-29,16:16,Medium,Clear,Slippery,5,46.188,-71.0922,16,7,2021,2021-07,Day
2266,Chicago,2021-03-11,17:54,Medium,Snow,Dry,3,30.6581,-73.3674,17,3,2021,2021-03,Day
2267,New York,2023-07-08,16:26,Medium,Rain,Under Construction,2,42.427,-88.1149,16,7,2023,2023-07,Day
2268,Chicago,2022-08-18,20:00,Medium,Clear,Dry,2,32.3137,-71.853,20,8,2022,2022-08,Night
2269,Chicago,2022-02-02,13:39,Medium,Clear,Dry,4,29.5183,-113.183,13,2,2022,2022-02,Day
2270,New York,2023-10-14,23:22,Medium,Fog,Icy,2,47.218,-114.3761,23,10,2023,2023-10,Night
2271,Jacksonville,2022-11-15,19:47,Medium,Clear,Dry,4,29.4477,-98.0997,19,11,2022,2022-11,Night
2272,Austin,2022-01-24,10:11,High,Clear,Icy,3,37.6489,-121.9956,10,1,2022,2022-01,Day
2273,Houston,2022-07-09,13:01,High,Clear,Dry,2,32.2499,-118.5842,13,7,2022,2022-07,Day
2274,Houston,2021-01-11,17:30,Low,Fog,Dry,4,39.4871,-71.1722,17,1,2021,2021-01,Day
2275,Los Angeles,2023-01-02,06:44,Medium,Snow,Wet,1,31.1636,-102.0566,6,1,2023,2023-01,Day
2276,New York,2022-06-08,03:52,Medium,Rain,Dry,5,42.0657,-84.0962,3,6,2022,2022-06,Night
2277,Houston,2021-07-15,10:53,Low,Snow,Dry,3,30.7242,-87.3469,10,7,2021,2021-07,Day
2278,Austin,2023-03-27,04:31,Low,Clear,Wet,1,41.487,-105.4155,4,3,2023,2023-03,Night
2279,Indianapolis,2022-10-01,06:17,High,Clear,Slippery,5,28.4411,-117.7654,6,10,2022,2022-10,Day
2280,Chicago,2021-02-19,17:37,Medium,Fog,Wet,1,30.4866,-102.6692,17,2,2021,2021-02,Day
2281,San Antonio,2023-03-29,17:17,Medium,Clear,Dry,5,25.2863,-101.6294,17,3,2023,2023-03,Day
2282,New York,2021-11-19,16:21,High,Clear,Dry,5,29.7529,-111.4064,16,11,2021,2021-11,Day
2283,New York,2022-04-30,11:26,Low,Clear,Under Construction,3,31.0639,-120.9254,11,4,2022,2022-04,Day
2284,San Jose,2023-11-05,20:48,Medium,Clear,Wet,5,37.843,-70.3952,20,11,2023,2023-11,Night
2285,Indianapolis,2021-03-29,16:02,Medium,Rain,Wet,5,44.2992,-79.2391,16,3,2021,2021-03,Day
2286,New York,2022-08-01,20:05,Medium,Cloudy,Icy,4,27.306,-104.5651,20,8,2022,2022-08,Night
2287,New York,2022-07-19,15:35,Low,Clear,Dry,1,27.5631,-87.8777,15,7,2022,2022-07,Day
2288,Austin,2021-03-08,10:29,Medium,Clear,Dry,2,38.8143,-97.54,10,3,2021,2021-03,Day
2289,Chicago,2021-01-15,13:17,Low,Rain,Wet,1,44.8615,-86.6974,13,1,2021,2021-01,Day
2290,Los Angeles,2021-10-09,21:57,Medium,Clear,Dry,1,43.9261,-92.2407,21,10,2021,2021-10,Night
2291,Columbus,2022-05-15,15:26,Medium,Clear,Dry,4,29.1354,-105.0107,15,5,2022,2022-05,Day
2292,Los Angeles,2023-02-09,21:23,Low,Fog,Dry,5,31.9278,-115.2535,21,2,2023,2023-02,Night
2293,Houston,2023-09-23,19:58,Low,Clear,Dry,3,46.3469,-119.3046,19,9,2023,2023-09,Night
2294,Los Angeles,2022-04-30,03:25,High,Clear,Dry,5,45.4033,-117.438,3,4,2022,2022-04,Night
2295,San Antonio,2023-05-29,09:00,Medium,Clear,Dry,1,38.6244,-70.6013,9,5,2023,2023-05,Day
2296,San Diego,2021-05-01,19:15,Low,Clear,Wet,3,28.6358,-111.5984,19,5,2021,2021-05,Night
2297,Houston,2023-08-01,18:36,Medium,Clear,Dry,2,47.291,-119.8337,18,8,2023,2023-08,Night
2298,Jacksonville,2023-12-29,12:08,Medium,Cloudy,Slippery,3,40.2165,-108.5949,12,12,2023,2023-12,Day
2299,Indianapolis,2022-07-14,23:37,Low,Clear,Wet,5,31.4749,-107.1637,23,7,2022,2022-07,Night
2300,New York,2022-11-06,08:05,Low,Rain,Wet,5,33.9537,-89.279,8,11,2022,2022-11,Day
2301,Jacksonville,2023-12-21,08:56,Low,Clear,Under Construction,2,44.94,-90.9499,8,12,2023,2023-12,Day
2302,San Antonio,2023-01-30,07:31,Low,Rain,Dry,2,47.2987,-100.7638,7,1,2023,2023-01,Day
2303,Philadelphia,2023-05-11,19:19,Low,Clear,Dry,2,42.4287,-75.1065,19,5,2023,2023-05,Night
2304,Chicago,2023-04-12,01:12,High,Clear,Dry,1,33.6126,-111.6495,1,4,2023,2023-04,Night
2305,San Diego,2021-01-09,05:14,Medium,Clear,Dry,1,32.2688,-119.1936,5,1,2021,2021-01,Night
2306,Chicago,2023-12-15,12:03,Low,Clear,Dry,5,32.5071,-98.9984,12,12,2023,2023-12,Day
2307,Indianapolis,2022-06-28,05:24,Medium,Clear,Dry,3,40.9711,-70.6493,5,6,2022,2022-06,Night
2308,Dallas,2023-08-16,15:20,Low,Cloudy,Dry,5,39.6562,-94.3611,15,8,2023,2023-08,Day
2309,Chicago,2023-06-10,22:59,Medium,Rain,Dry,4,45.359,-93.2061,22,6,2023,2023-06,Night
2310,San Antonio,2022-02-03,20:45,Low,Rain,Dry,5,46.9614,-102.5387,20,2,2022,2022-02,Night
2311,Indianapolis,2023-08-18,04:11,High,Rain,Icy,1,37.4674,-109.2932,4,8,2023,2023-08,Night
2312,Philadelphia,2021-01-13,19:06,Low,Rain,Dry,2,29.9913,-77.7839,19,1,2021,2021-01,Night
2313,Dallas,2021-10-22,17:38,Low,Rain,Dry,4,31.6492,-119.9243,17,10,2021,2021-10,Day
2314,Los Angeles,2021-10-01,10:48,Low,Snow,Under Construction,4,39.1982,-91.1256,10,10,2021,2021-10,Day
2315,Phoenix,2022-01-18,09:28,Low,Cloudy,Dry,5,44.9517,-88.1113,9,1,2022,2022-01,Day
2316,Los Angeles,2021-04-06,07:43,Medium,Clear,Under Construction,1,34.7354,-112.1773,7,4,2021,2021-04,Day
2317,New York,2021-12-25,14:18,High,Rain,Dry,5,37.0812,-75.7482,14,12,2021,2021-12,Day
2318,Chicago,2021-01-19,19:30,Low,Clear,Icy,3,27.9173,-101.7718,19,1,2021,2021-01,Night
2319,Dallas,2023-06-26,10:36,Medium,Clear,Under Construction,1,25.6775,-84.7357,10,6,2023,2023-06,Day
2320,Los Angeles,2023-03-17,19:15,Low,Fog,Dry,2,46.0131,-96.3763,19,3,2023,2023-03,Night
2321,Charlotte,2023-08-16,13:13,Medium,Fog,Wet,1,46.9637,-101.1059,13,8,2023,2023-08,Day
2322,Charlotte,2022-09-04,18:01,Medium,Clear,Dry,2,33.7044,-120.2032,18,9,2022,2022-09,Night
2323,Austin,2022-10-04,07:32,Low,Clear,Wet,1,39.7272,-80.8636,7,10,2022,2022-10,Day
2324,Columbus,2022-09-02,18:08,Low,Rain,Slippery,4,42.9745,-102.9252,18,9,2022,2022-09,Night
2325,New York,2021-12-09,12:26,Medium,Clear,Slippery,2,25.3172,-119.9195,12,12,2021,2021-12,Day
2326,San Diego,2023-04-10,08:32,Low,Snow,Icy,4,45.3099,-80.6359,8,4,2023,2023-04,Day
2327,Philadelphia,2023-04-24,18:18,Low,Rain,Wet,2,27.4032,-73.8838,18,4,2023,2023-04,Night
2328,Philadelphia,2023-09-20,18:53,Low,Windy,Icy,3,38.7711,-85.2846,18,9,2023,2023-09,Night
2329,San Antonio,2023-05-26,03:47,Low,Clear,Slippery,5,41.1506,-87.5844,3,5,2023,2023-05,Night
2330,Columbus,2021-10-20,19:49,Low,Clear,Wet,5,30.917,-102.1877,19,10,2021,2021-10,Night
2331,Philadelphia,2021-09-25,06:45,Medium,Cloudy,Icy,1,40.1923,-74.6681,6,9,2021,2021-09,Day
2332,Charlotte,2022-11-06,16:35,Low,Clear,Wet,2,40.7563,-99.2793,16,11,2022,2022-11,Day
2333,Austin,2021-12-01,07:12,High,Fog,Dry,4,31.9039,-79.011,7,12,2021,2021-12,Day
2334,Houston,2021-11-27,11:45,Medium,Rain,Icy,5,37.1062,-74.7323,11,11,2021,2021-11,Day
2335,San Diego,2021-09-21,08:33,Medium,Clear,Wet,3,26.55,-94.8479,8,9,2021,2021-09,Day
2336,Los Angeles,2023-02-27,17:46,Medium,Rain,Dry,3,35.7534,-71.0638,17,2,2023,2023-02,Day
2337,San Diego,2022-07-10,12:48,Medium,Rain,Wet,5,42.826,-101.8853,12,7,2022,2022-07,Day
2338,San Antonio,2022-05-10,22:54,High,Clear,Dry,1,26.166,-93.7638,22,5,2022,2022-05,Night
2339,Houston,2021-10-16,12:24,Low,Clear,Dry,3,41.8465,-86.412,12,10,2021,2021-10,Day
2340,Phoenix,2023-04-13,22:21,High,Cloudy,Dry,3,45.4348,-103.6926,22,4,2023,2023-04,Night
2341,Los Angeles,2021-12-19,09:27,Low,Clear,Dry,5,43.0986,-100.4239,9,12,2021,2021-12,Day
2342,Dallas,2023-12-24,20:18,Low,Clear,Dry,3,27.4498,-112.8935,20,12,2023,2023-12,Night
2343,New York,2022-06-10,20:16,Medium,Rain,Slippery,1,28.3056,-77.9024,20,6,2022,2022-06,Night
2344,Charlotte,2022-02-18,08:26,High,Clear,Icy,3,43.8734,-76.9023,8,2,2022,2022-02,Day
2345,Houston,2021-05-11,13:15,Low,Rain,Icy,3,28.5393,-110.9676,13,5,2021,2021-05,Day
2346,Austin,2023-04-23,05:02,Low,Clear,Wet,5,30.1368,-70.8778,5,4,2023,2023-04,Night
2347,Los Angeles,2022-07-24,18:13,Medium,Rain,Dry,1,43.9445,-97.2672,18,7,2022,2022-07,Night
2348,Austin,2023-09-20,20:58,Medium,Rain,Icy,3,47.7708,-93.1276,20,9,2023,2023-09,Night
2349,San Antonio,2021-08-13,08:24,Medium,Clear,Slippery,4,29.7068,-82.8174,8,8,2021,2021-08,Day
2350,Chicago,2023-02-13,18:31,Medium,Windy,Wet,4,39.7251,-72.4263,18,2,2023,2023-02,Night
2351,Chicago,2022-05-30,17:56,High,Fog,Dry,4,25.0251,-84.7042,17,5,2022,2022-05,Day
2352,Columbus,2022-05-29,09:41,High,Snow,Under Construction,3,45.961,-90.7758,9,5,2022,2022-05,Day
2353,San Antonio,2021-10-14,11:17,High,Rain,Icy,2,25.94,-116.9888,11,10,2021,2021-10,Day
2354,Los Angeles,2023-06-21,17:30,Medium,Clear,Dry,1,40.095,-118.5319,17,6,2023,2023-06,Day
2355,Dallas,2023-05-22,18:58,Medium,Clear,Wet,2,44.2993,-105.36,18,5,2023,2023-05,Night
2356,Phoenix,2023-12-01,20:44,High,Clear,Dry,2,39.8742,-110.5713,20,12,2023,2023-12,Night
2357,Chicago,2023-05-30,02:41,Medium,Fog,Icy,2,35.5627,-78.3905,2,5,2023,2023-05,Night
2358,New York,2022-08-23,21:13,High,Clear,Dry,4,29.1812,-91.3015,21,8,2022,2022-08,Night
2359,Phoenix,2021-06-27,11:51,High,Fog,Dry,5,28.4404,-81.4952,11,6,2021,2021-06,Day
2360,Chicago,2023-02-21,19:52,Low,Rain,Wet,1,46.472,-73.7517,19,2,2023,2023-02,Night
2361,New York,2022-04-28,07:46,Medium,Clear,Wet,5,25.6204,-114.1218,7,4,2022,2022-04,Day
2362,Austin,2021-12-17,08:43,Low,Fog,Icy,4,32.2762,-107.8179,8,12,2021,2021-12,Day
2363,Philadelphia,2023-07-07,05:56,High,Windy,Wet,3,26.6238,-80.8648,5,7,2023,2023-07,Night
2364,Los Angeles,2023-05-12,13:20,Medium,Windy,Slippery,5,37.4381,-86.3545,13,5,2023,2023-05,Day
2365,Phoenix,2023-07-16,18:29,Low,Clear,Dry,1,37.83,-106.27,18,7,2023,2023-07,Night
2366,Dallas,2023-11-11,23:48,Low,Clear,Wet,5,31.0622,-95.3902,23,11,2023,2023-11,Night
2367,Jacksonville,2023-04-22,08:01,High,Rain,Dry,2,30.4693,-101.2443,8,4,2023,2023-04,Day
2368,San Diego,2021-08-11,07:59,Medium,Clear,Icy,1,37.5852,-80.0214,7,8,2021,2021-08,Day
2369,San Diego,2021-07-24,07:36,Medium,Rain,Icy,1,36.7471,-115.0416,7,7,2021,2021-07,Day
2370,New York,2021-02-24,17:31,Medium,Fog,Icy,5,25.8429,-115.8421,17,2,2021,2021-02,Day
2371,Phoenix,2023-07-21,15:14,Low,Rain,Dry,5,45.5497,-110.357,15,7,2023,2023-07,Day
2372,Houston,2023-11-14,17:54,Low,Cloudy,Slippery,2,41.4185,-119.6996,17,11,2023,2023-11,Day
2373,San Antonio,2023-10-03,11:32,High,Fog,Slippery,2,32.7813,-86.0931,11,10,2023,2023-10,Day
2374,Los Angeles,2021-01-28,19:28,Low,Clear,Icy,2,27.3035,-104.878,19,1,2021,2021-01,Night
2375,Chicago,2021-03-29,17:49,Medium,Clear,Dry,1,37.0703,-89.8709,17,3,2021,2021-03,Day
2376,Austin,2022-04-01,14:45,Low,Clear,Under Construction,5,29.8124,-71.4634,14,4,2022,2022-04,Day
2377,Phoenix,2022-09-30,05:56,Low,Cloudy,Dry,2,46.5328,-71.1556,5,9,2022,2022-09,Night
2378,Houston,2022-10-23,20:12,High,Clear,Wet,4,43.8401,-81.6249,20,10,2022,2022-10,Night
2379,San Diego,2021-06-02,18:37,High,Rain,Dry,1,45.0953,-114.6096,18,6,2021,2021-06,Night
2380,Los Angeles,2022-09-12,19:40,Medium,Clear,Dry,4,38.2136,-106.7409,19,9,2022,2022-09,Night
2381,Dallas,2022-04-20,19:27,Medium,Clear,Dry,4,30.0124,-114.9949,19,4,2022,2022-04,Night
2382,Phoenix,2022-10-16,13:48,Medium,Snow,Dry,4,33.4192,-85.2662,13,10,2022,2022-10,Day
2383,San Diego,2021-11-25,16:45,Medium,Clear,Wet,5,42.8025,-111.1644,16,11,2021,2021-11,Day
2384,New York,2021-03-19,07:53,Medium,Cloudy,Wet,2,47.9064,-110.208,7,3,2021,2021-03,Day
2385,Jacksonville,2021-12-25,10:24,Medium,Clear,Dry,3,37.3635,-91.6799,10,12,2021,2021-12,Day
2386,Charlotte,2023-03-08,02:29,Low,Fog,Icy,3,33.9419,-84.1879,2,3,2023,2023-03,Night
2387,Chicago,2022-12-09,18:36,Low,Clear,Wet,3,42.0366,-73.9859,18,12,2022,2022-12,Night
2388,New York,2021-08-24,12:28,Low,Clear,Dry,5,40.2813,-100.9665,12,8,2021,2021-08,Day
2389,Columbus,2021-05-28,17:18,Low,Fog,Dry,3,40.3559,-101.8966,17,5,2021,2021-05,Day
2390,Austin,2021-04-30,17:16,Low,Rain,Dry,1,41.9267,-115.32,17,4,2021,2021-04,Day
2391,San Diego,2021-09-14,14:18,High,Hail,Icy,1,43.6739,-99.9129,14,9,2021,2021-09,Day
2392,New York,2022-12-14,22:47,Medium,Rain,Wet,2,27.6812,-75.684,22,12,2022,2022-12,Night
2393,New York,2023-05-02,11:29,Medium,Windy,Dry,1,25.0344,-70.1361,11,5,2023,2023-05,Day
2394,Los Angeles,2023-03-19,21:17,High,Clear,Icy,2,28.0737,-85.6547,21,3,2023,2023-03,Night
2395,Philadelphia,2022-03-27,09:37,Low,Windy,Wet,4,37.7357,-75.6626,9,3,2022,2022-03,Day
2396,New York,2023-09-27,11:47,Medium,Rain,Dry,2,39.6203,-107.6439,11,9,2023,2023-09,Day
2397,New York,2023-04-07,07:18,Low,Clear,Slippery,1,35.5322,-77.7238,7,4,2023,2023-04,Day
2398,New York,2023-01-09,12:19,High,Snow,Dry,4,30.6657,-82.9164,12,1,2023,2023-01,Day
2399,San Antonio,2023-02-17,08:36,Medium,Fog,Wet,5,39.5752,-103.4872,8,2,2023,2023-02,Day
2400,Dallas,2021-11-20,16:31,Low,Cloudy,Icy,3,38.9807,-120.6311,16,11,2021,2021-11,Day
2401,Dallas,2022-10-25,00:11,Low,Clear,Wet,2,44.1301,-81.3466,0,10,2022,2022-10,Night
2402,Dallas,2022-07-10,18:59,High,Clear,Dry,5,45.9439,-110.1079,18,7,2022,2022-07,Night
2403,Los Angeles,2021-01-02,10:48,Low,Clear,Dry,4,41.8179,-85.8207,10,1,2021,2021-01,Day
2404,San Antonio,2023-02-05,17:18,Low,Clear,Dry,5,35.5337,-95.113,17,2,2023,2023-02,Day
2405,Columbus,2022-10-11,08:08,Low,Clear,Dry,2,35.1387,-88.1672,8,10,2022,2022-10,Day
2406,New York,2023-05-21,06:12,Medium,Clear,Dry,1,41.631,-94.1325,6,5,2023,2023-05,Day
2407,San Antonio,2022-05-14,06:13,Low,Cloudy,Dry,4,36.0718,-100.5473,6,5,2022,2022-05,Day
2408,Phoenix,2021-08-01,21:00,Medium,Rain,Dry,5,40.4419,-89.1952,21,8,2021,2021-08,Night
2409,Chicago,2022-10-18,12:08,Medium,Clear,Wet,1,28.2841,-99.7537,12,10,2022,2022-10,Day
2410,Dallas,2022-02-10,09:51,Low,Clear,Wet,2,25.2815,-120.2715,9,2,2022,2022-02,Day
2411,Indianapolis,2022-01-14,08:11,Medium,Clear,Wet,3,45.9289,-121.0189,8,1,2022,2022-01,Day
2412,Los Angeles,2022-10-31,21:08,Medium,Clear,Icy,1,34.2855,-97.0192,21,10,2022,2022-10,Night
2413,Chicago,2021-07-31,10:16,Medium,Clear,Dry,4,34.7615,-109.0079,10,7,2021,2021-07,Day
2414,Jacksonville,2023-11-30,07:08,Low,Clear,Dry,5,28.0013,-87.4284,7,11,2023,2023-11,Day
2415,San Diego,2021-04-07,11:08,Low,Rain,Wet,1,44.5577,-116.0787,11,4,2021,2021-04,Day
2416,Los Angeles,2022-03-02,09:19,Medium,Clear,Wet,3,29.1753,-102.3007,9,3,2022,2022-03,Day
2417,Los Angeles,2021-08-28,19:10,Medium,Clear,Slippery,3,32.6649,-110.7379,19,8,2021,2021-08,Night
2418,San Jose,2022-01-16,14:19,Low,Clear,Icy,2,31.0653,-95.3761,14,1,2022,2022-01,Day
2419,Dallas,2023-05-30,08:11,Medium,Rain,Dry,4,42.2581,-88.8938,8,5,2023,2023-05,Day
2420,Austin,2023-08-28,16:55,Low,Rain,Wet,3,29.079,-97.4613,16,8,2023,2023-08,Day
2421,San Jose,2022-04-21,11:53,Low,Clear,Dry,4,33.5313,-104.7092,11,4,2022,2022-04,Day
2422,Columbus,2021-05-16,09:48,High,Clear,Dry,5,26.3933,-74.3616,9,5,2021,2021-05,Day
2423,Phoenix,2023-05-03,10:17,High,Clear,Dry,5,41.0533,-113.7188,10,5,2023,2023-05,Day
2424,Charlotte,2023-06-24,18:17,Low,Fog,Wet,3,29.7927,-91.8109,18,6,2023,2023-06,Night
2425,Columbus,2023-04-16,07:40,Medium,Cloudy,Wet,2,31.6616,-76.3737,7,4,2023,2023-04,Day
2426,Los Angeles,2023-03-07,13:37,Low,Rain,Dry,4,44.8585,-85.7122,13,3,2023,2023-03,Day
2427,San Antonio,2023-05-07,22:47,High,Clear,Dry,3,34.449,-104.9168,22,5,2023,2023-05,Night
2428,New York,2023-05-29,09:36,Medium,Clear,Wet,3,38.0067,-91.3076,9,5,2023,2023-05,Day
2429,Columbus,2022-04-30,16:48,Medium,Rain,Dry,3,44.7902,-86.9618,16,4,2022,2022-04,Day
2430,Columbus,2023-10-22,06:25,Medium,Clear,Dry,1,30.6314,-96.1507,6,10,2023,2023-10,Day
2431,New York,2022-03-03,13:24,Medium,Fog,Icy,1,31.299,-90.0957,13,3,2022,2022-03,Day
2432,Dallas,2023-09-15,22:57,Medium,Clear,Wet,5,29.7841,-115.1456,22,9,2023,2023-09,Night
2433,San Jose,2021-09-08,23:25,Medium,Clear,Icy,4,29.2307,-88.5929,23,9,2021,2021-09,Night
2434,San Diego,2021-10-23,18:53,Low,Fog,Dry,4,29.7176,-79.5709,18,10,2021,2021-10,Night
2435,Charlotte,2021-08-11,13:47,High,Rain,Slippery,1,29.9503,-79.3257,13,8,2021,2021-08,Day
2436,New York,2022-06-22,14:42,Medium,Clear,Dry,4,41.5279,-92.5078,14,6,2022,2022-06,Day
2437,Indianapolis,2021-07-01,16:28,Low,Rain,Wet,2,32.5586,-90.7957,16,7,2021,2021-07,Day
2438,New York,2021-03-09,06:24,Low,Fog,Dry,4,42.8496,-109.1613,6,3,2021,2021-03,Day
2439,San Jose,2022-07-12,18:02,Low,Clear,Dry,3,29.9552,-74.2826,18,7,2022,2022-07,Night
2440,Austin,2023-05-09,19:42,High,Clear,Icy,3,26.0486,-92.7057,19,5,2023,2023-05,Night
2441,Indianapolis,2022-06-28,06:03,High,Rain,Dry,1,47.8614,-74.7471,6,6,2022,2022-06,Day
2442,Indianapolis,2021-07-06,06:00,Medium,Fog,Wet,1,42.7482,-119.5268,6,7,2021,2021-07,Day
2443,Los Angeles,2022-10-01,17:59,High,Clear,Wet,4,44.624,-73.8569,17,10,2022,2022-10,Day
2444,Dallas,2023-04-08,21:02,Low,Rain,Dry,3,28.3207,-72.3518,21,4,2023,2023-04,Night
2445,Dallas,2022-02-15,09:57,Low,Rain,Slippery,1,29.8192,-111.7309,9,2,2022,2022-02,Day
2446,Philadelphia,2023-05-22,05:30,Medium,Rain,Slippery,5,27.2929,-74.1194,5,5,2023,2023-05,Night
2447,San Jose,2023-02-22,05:20,Low,Fog,Dry,4,27.6681,-76.4009,5,2,2023,2023-02,Night
2448,Charlotte,2021-07-20,15:19,High,Windy,Dry,4,40.3872,-121.776,15,7,2021,2021-07,Day
2449,New York,2023-12-03,15:41,Low,Clear,Wet,3,32.2936,-74.7508,15,12,2023,2023-12,Day
2450,Los Angeles,2021-06-03,18:38,Medium,Snow,Dry,4,31.775,-99.7074,18,6,2021,2021-06,Night
2451,Indianapolis,2021-05-27,08:50,Low,Rain,Dry,1,40.1253,-102.2946,8,5,2021,2021-05,Day
2452,Los Angeles,2022-08-10,07:41,Low,Snow,Dry,2,26.8952,-104.5532,7,8,2022,2022-08,Day
2453,San Diego,2022-11-10,04:38,High,Clear,Dry,5,30.8252,-104.0915,4,11,2022,2022-11,Night
2454,San Jose,2021-12-09,23:11,Medium,Clear,Dry,2,39.5589,-107.2842,23,12,2021,2021-12,Night
2455,San Antonio,2021-05-14,21:29,Medium,Rain,Wet,3,34.7961,-90.5655,21,5,2021,2021-05,Night
2456,Los Angeles,2023-11-04,15:38,Low,Clear,Wet,3,34.9518,-103.9109,15,11,2023,2023-11,Day
2457,San Jose,2023-04-04,08:23,Low,Clear,Under Construction,4,39.6775,-117.5061,8,4,2023,2023-04,Day
2458,San Jose,2021-11-16,12:08,Low,Clear,Dry,1,35.9575,-87.5065,12,11,2021,2021-11,Day
2459,Charlotte,2021-06-19,10:41,Low,Clear,Under Construction,4,36.7126,-72.3025,10,6,2021,2021-06,Day
2460,New York,2023-05-13,20:16,Medium,Clear,Icy,1,25.0789,-88.8151,20,5,2023,2023-05,Night
2461,New York,2023-04-24,12:38,Low,Hail,Icy,4,28.1182,-114.6826,12,4,2023,2023-04,Day
2462,Phoenix,2023-08-25,12:12,Low,Clear,Icy,2,28.2202,-114.5731,12,8,2023,2023-08,Day
2463,Los Angeles,2021-10-31,07:35,Low,Clear,Dry,2,37.0982,-103.3884,7,10,2021,2021-10,Day
2464,New York,2022-09-01,02:17,Medium,Rain,Dry,1,30.248,-75.7248,2,9,2022,2022-09,Night
2465,Los Angeles,2021-07-28,17:59,Medium,Snow,Slippery,3,29.4675,-71.7065,17,7,2021,2021-07,Day
2466,San Jose,2023-06-27,21:10,Medium,Clear,Icy,4,31.6532,-88.7431,21,6,2023,2023-06,Night
2467,Indianapolis,2023-01-07,22:35,Medium,Rain,Dry,2,46.3126,-121.1059,22,1,2023,2023-01,Night
2468,New York,2021-05-30,02:19,Low,Snow,Slippery,2,31.9295,-90.1102,2,5,2021,2021-05,Night
2469,San Jose,2021-09-16,19:32,Low,Rain,Dry,5,34.4298,-98.3851,19,9,2021,2021-09,Night
2470,New York,2021-09-21,15:11,Medium,Rain,Wet,1,33.8671,-82.6875,15,9,2021,2021-09,Day
2471,San Diego,2023-10-17,23:35,High,Rain,Dry,5,38.4592,-115.9987,23,10,2023,2023-10,Night
2472,San Diego,2021-10-26,06:52,Medium,Fog,Dry,2,43.9064,-101.0701,6,10,2021,2021-10,Day
2473,Philadelphia,2021-01-29,10:21,High,Cloudy,Icy,5,38.1598,-85.7106,10,1,2021,2021-01,Day
2474,Los Angeles,2021-02-12,15:17,High,Clear,Dry,4,38.0281,-119.4604,15,2,2021,2021-02,Day
2475,Phoenix,2022-09-03,11:09,High,Clear,Dry,1,33.9357,-100.1403,11,9,2022,2022-09,Day
2476,Los Angeles,2022-05-08,08:48,Medium,Clear,Dry,2,35.2157,-117.1519,8,5,2022,2022-05,Day
2477,New York,2022-04-02,12:35,Medium,Rain,Dry,2,39.6054,-95.3745,12,4,2022,2022-04,Day
2478,San Antonio,2022-02-03,13:25,Low,Rain,Dry,3,31.9298,-81.7587,13,2,2022,2022-02,Day
2479,Chicago,2023-10-19,20:11,High,Clear,Dry,2,30.5289,-114.6764,20,10,2023,2023-10,Night
2480,Phoenix,2022-05-29,07:19,Medium,Clear,Dry,2,32.0797,-84.5524,7,5,2022,2022-05,Day
2481,Houston,2022-12-02,09:55,Low,Rain,Dry,3,44.4544,-91.5821,9,12,2022,2022-12,Day
2482,Phoenix,2021-02-28,12:53,High,Clear,Dry,3,35.4001,-109.5636,12,2,2021,2021-02,Day
2483,San Antonio,2022-03-13,08:09,Low,Rain,Dry,2,44.5114,-105.2478,8,3,2022,2022-03,Day
2484,New York,2021-10-13,14:14,Low,Snow,Wet,4,29.2279,-76.1492,14,10,2021,2021-10,Day
2485,Phoenix,2021-07-05,12:06,High,Rain,Icy,1,31.9468,-100.8219,12,7,2021,2021-07,Day
2486,Dallas,2021-12-29,21:22,Medium,Cloudy,Dry,2,35.9213,-70.4931,21,12,2021,2021-12,Night
2487,Austin,2021-01-11,12:08,Medium,Hail,Dry,2,38.4865,-95.9942,12,1,2021,2021-01,Day
2488,Chicago,2022-09-11,14:52,Low,Clear,Dry,5,26.1212,-92.0244,14,9,2022,2022-09,Day
2489,Los Angeles,2022-05-14,08:39,Medium,Clear,Dry,1,39.8609,-112.442,8,5,2022,2022-05,Day
2490,New York,2022-12-01,12:24,High,Clear,Wet,3,41.1003,-118.6725,12,12,2022,2022-12,Day
2491,Chicago,2023-01-25,11:38,Medium,Rain,Wet,2,30.2188,-107.146,11,1,2023,2023-01,Day
2492,New York,2022-12-06,18:13,Low,Hail,Wet,4,35.7059,-81.3443,18,12,2022,2022-12,Night
2493,Los Angeles,2021-06-04,10:24,Medium,Snow,Dry,1,39.1436,-72.861,10,6,2021,2021-06,Day
2494,Dallas,2022-12-24,08:39,Low,Clear,Dry,4,34.8419,-100.1226,8,12,2022,2022-12,Day
2495,Los Angeles,2023-05-27,11:22,Medium,Cloudy,Dry,2,25.6096,-92.0741,11,5,2023,2023-05,Day
2496,Chicago,2021-06-27,19:41,Medium,Clear,Dry,5,26.3771,-115.1336,19,6,2021,2021-06,Night
2497,Phoenix,2021-05-22,17:25,Medium,Cloudy,Dry,4,39.5501,-111.3661,17,5,2021,2021-05,Day
2498,Dallas,2022-05-19,07:12,Low,Clear,Dry,2,33.7067,-88.9405,7,5,2022,2022-05,Day
2499,Houston,2022-08-06,17:23,High,Clear,Dry,2,38.9443,-111.9866,17,8,2022,2022-08,Day
2500,Los Angeles,2021-03-24,02:47,High,Fog,Dry,5,37.9858,-85.7617,2,3,2021,2021-03,Night
2501,Los Angeles,2022-05-14,17:04,Low,Clear,Wet,5,44.5835,-102.2406,17,5,2022,2022-05,Day
2502,San Jose,2022-03-04,07:30,Medium,Clear,Dry,5,29.6392,-86.4834,7,3,2022,2022-03,Day
2503,Columbus,2023-04-26,11:04,Low,Clear,Wet,1,27.1677,-81.495,11,4,2023,2023-04,Day
2504,Chicago,2021-03-04,19:51,Medium,Clear,Dry,4,44.9134,-76.4051,19,3,2021,2021-03,Night
2505,Phoenix,2023-01-26,05:09,High,Clear,Dry,2,36.2472,-78.61,5,1,2023,2023-01,Night
2506,Chicago,2023-03-15,10:48,Medium,Clear,Wet,5,31.7506,-99.8553,10,3,2023,2023-03,Day
2507,Philadelphia,2021-12-04,09:51,Medium,Snow,Dry,4,39.3859,-105.6251,9,12,2021,2021-12,Day
2508,Houston,2023-04-27,15:36,Low,Cloudy,Slippery,2,43.8237,-119.1797,15,4,2023,2023-04,Day
2509,Houston,2023-05-14,18:48,Medium,Rain,Wet,2,42.013,-85.488,18,5,2023,2023-05,Night
2510,Los Angeles,2023-06-22,15:13,High,Snow,Dry,5,27.5357,-99.2715,15,6,2023,2023-06,Day
2511,New York,2023-01-31,20:11,Low,Cloudy,Dry,1,31.5981,-104.0658,20,1,2023,2023-01,Night
2512,Jacksonville,2023-10-07,18:29,Low,Clear,Wet,1,35.556,-111.4122,18,10,2023,2023-10,Night
2513,Houston,2023-12-21,07:18,Medium,Cloudy,Under Construction,2,42.8059,-111.9605,7,12,2023,2023-12,Day
2514,Philadelphia,2021-11-16,17:59,Medium,Clear,Wet,4,36.2295,-82.1713,17,11,2021,2021-11,Day
2515,Houston,2023-07-01,01:12,Low,Clear,Slippery,5,34.8058,-121.7741,1,7,2023,2023-07,Night
2516,Austin,2021-05-18,23:56,Low,Snow,Icy,5,31.7201,-74.2585,23,5,2021,2021-05,Night
2517,San Jose,2021-09-17,12:16,High,Clear,Under Construction,2,34.7258,-98.5293,12,9,2021,2021-09,Day
2518,Phoenix,2023-02-20,02:50,High,Rain,Wet,4,41.647,-88.8169,2,2,2023,2023-02,Night
2519,Chicago,2022-02-28,12:54,Medium,Rain,Dry,4,45.1643,-90.8315,12,2,2022,2022-02,Day
2520,Charlotte,2021-02-19,15:23,Low,Fog,Dry,2,28.3481,-89.6752,15,2,2021,2021-02,Day
2521,Los Angeles,2021-07-11,21:59,Low,Rain,Slippery,1,26.7812,-75.2561,21,7,2021,2021-07,Night
2522,Chicago,2022-08-21,12:30,High,Fog,Slippery,1,37.4405,-119.463,12,8,2022,2022-08,Day
2523,San Diego,2023-12-09,18:36,Medium,Clear,Dry,1,26.4088,-118.8053,18,12,2023,2023-12,Night
2524,Chicago,2022-05-11,05:25,Medium,Clear,Dry,3,29.3914,-89.0161,5,5,2022,2022-05,Night
2525,Los Angeles,2021-07-31,09:41,Low,Clear,Wet,2,25.9674,-88.7636,9,7,2021,2021-07,Day
2526,Charlotte,2021-07-31,21:33,Low,Clear,Dry,4,37.625,-120.1232,21,7,2021,2021-07,Night
2527,Austin,2021-03-18,07:29,Medium,Clear,Wet,5,39.8543,-111.3813,7,3,2021,2021-03,Day
2528,Chicago,2021-07-30,12:06,High,Clear,Icy,4,27.5949,-92.425,12,7,2021,2021-07,Day
2529,Houston,2023-08-21,19:24,Medium,Fog,Dry,2,28.6761,-118.585,19,8,2023,2023-08,Night
2530,New York,2021-03-27,18:55,High,Rain,Dry,3,33.2004,-93.9658,18,3,2021,2021-03,Night
2531,Dallas,2022-12-14,12:28,Medium,Clear,Under Construction,2,38.3056,-91.1501,12,12,2022,2022-12,Day
2532,Chicago,2023-11-09,07:10,Medium,Clear,Slippery,4,32.7085,-119.7477,7,11,2023,2023-11,Day
2533,Charlotte,2022-11-08,14:17,Medium,Rain,Slippery,1,43.7401,-81.6289,14,11,2022,2022-11,Day
2534,Chicago,2021-01-14,07:32,Low,Snow,Dry,4,34.8899,-92.8709,7,1,2021,2021-01,Day
2535,San Diego,2022-03-31,09:04,High,Fog,Dry,2,45.1201,-102.7279,9,3,2022,2022-03,Day
2536,New York,2022-09-07,12:15,Medium,Snow,Slippery,1,37.3089,-92.6562,12,9,2022,2022-09,Day
2537,Jacksonville,2023-08-25,07:46,Medium,Fog,Dry,2,46.853,-80.7454,7,8,2023,2023-08,Day
2538,Indianapolis,2023-08-19,13:47,Low,Snow,Wet,2,32.3379,-85.9487,13,8,2023,2023-08,Day
2539,Chicago,2023-09-12,17:58,Low,Rain,Dry,1,28.3678,-119.5014,17,9,2023,2023-09,Day
2540,New York,2021-10-17,18:17,Low,Clear,Dry,1,33.0224,-87.7504,18,10,2021,2021-10,Night
2541,San Jose,2023-07-05,23:06,High,Fog,Slippery,1,40.5907,-91.7067,23,7,2023,2023-07,Night
2542,Dallas,2023-08-31,06:23,Medium,Fog,Dry,4,34.3546,-119.884,6,8,2023,2023-08,Day
2543,Los Angeles,2023-02-13,14:15,Medium,Clear,Wet,3,28.5038,-73.3192,14,2,2023,2023-02,Day
2544,Chicago,2022-07-31,21:43,Medium,Clear,Dry,2,47.0153,-112.5205,21,7,2022,2022-07,Night
2545,Los Angeles,2021-06-30,15:48,High,Fog,Dry,3,40.9454,-97.1315,15,6,2021,2021-06,Day
2546,New York,2022-05-14,12:48,Medium,Rain,Dry,3,25.8543,-85.4909,12,5,2022,2022-05,Day
2547,Austin,2021-03-31,05:45,Low,Clear,Wet,2,34.2305,-92.8527,5,3,2021,2021-03,Night
2548,Houston,2022-03-04,17:54,Low,Rain,Wet,2,30.0751,-106.9708,17,3,2022,2022-03,Day
2549,Phoenix,2023-10-22,18:22,Low,Clear,Dry,4,35.8559,-117.2529,18,10,2023,2023-10,Night
2550,Dallas,2022-06-01,12:57,High,Windy,Dry,3,40.6119,-109.5166,12,6,2022,2022-06,Day
2551,New York,2021-11-16,02:13,High,Rain,Dry,4,34.7355,-114.3949,2,11,2021,2021-11,Night
2552,Philadelphia,2023-11-28,07:25,Low,Cloudy,Slippery,4,40.4056,-106.9149,7,11,2023,2023-11,Day
2553,Columbus,2021-03-22,19:44,Medium,Clear,Wet,1,26.9863,-87.3399,19,3,2021,2021-03,Night
2554,New York,2023-02-12,19:20,Low,Fog,Dry,2,36.3967,-116.0438,19,2,2023,2023-02,Night
2555,San Diego,2022-02-20,18:56,Medium,Windy,Dry,4,44.4354,-74.702,18,2,2022,2022-02,Night
2556,Jacksonville,2023-02-21,16:48,Low,Clear,Slippery,1,41.6148,-91.3547,16,2,2023,2023-02,Day
2557,Los Angeles,2023-12-14,19:37,Medium,Rain,Wet,3,44.633,-94.3519,19,12,2023,2023-12,Night
2558,Indianapolis,2021-04-02,07:41,Low,Rain,Dry,3,37.5064,-72.9471,7,4,2021,2021-04,Day
2559,San Antonio,2022-01-04,16:03,Low,Cloudy,Wet,4,34.5947,-117.3969,16,1,2022,2022-01,Day
2560,Charlotte,2023-05-06,12:34,Low,Fog,Dry,2,40.5107,-99.6874,12,5,2023,2023-05,Day
2561,San Jose,2021-05-17,11:55,Low,Rain,Wet,3,42.6894,-77.9662,11,5,2021,2021-05,Day
2562,New York,2022-12-13,21:14,High,Windy,Dry,3,40.6603,-72.7624,21,12,2022,2022-12,Night
2563,Houston,2022-05-16,00:39,High,Rain,Wet,3,47.5108,-117.0774,0,5,2022,2022-05,Night
2564,San Diego,2021-09-13,18:08,Medium,Rain,Dry,3,39.8957,-82.6117,18,9,2021,2021-09,Night
2565,Houston,2021-08-01,12:31,Medium,Clear,Dry,4,45.0039,-115.4862,12,8,2021,2021-08,Day
2566,Houston,2023-12-24,14:13,Low,Rain,Slippery,3,25.5652,-84.1071,14,12,2023,2023-12,Day
2567,San Diego,2023-03-24,20:50,Medium,Clear,Wet,2,34.7776,-99.381,20,3,2023,2023-03,Night
2568,New York,2023-11-21,19:32,Medium,Clear,Wet,1,46.8409,-70.5455,19,11,2023,2023-11,Night
2569,Charlotte,2022-10-28,07:35,Medium,Cloudy,Wet,5,25.0155,-106.8454,7,10,2022,2022-10,Day
2570,Philadelphia,2022-05-11,19:36,Low,Clear,Dry,4,28.5028,-105.2188,19,5,2022,2022-05,Night
2571,Philadelphia,2023-10-13,11:01,Low,Rain,Under Construction,5,25.5666,-120.475,11,10,2023,2023-10,Day
2572,Chicago,2021-05-29,21:59,Medium,Clear,Slippery,4,32.5822,-93.3253,21,5,2021,2021-05,Night
2573,New York,2022-01-21,15:52,High,Snow,Slippery,3,43.4329,-94.2121,15,1,2022,2022-01,Day
2574,Jacksonville,2023-06-23,06:07,Low,Clear,Dry,3,42.799,-121.7731,6,6,2023,2023-06,Day
2575,Dallas,2022-01-12,09:38,Low,Cloudy,Wet,4,33.0404,-97.9211,9,1,2022,2022-01,Day
2576,New York,2021-04-12,16:41,Low,Clear,Dry,2,32.8176,-121.314,16,4,2021,2021-04,Day
2577,New York,2023-11-05,12:40,Low,Rain,Under Construction,4,40.2161,-90.7622,12,11,2023,2023-11,Day
2578,Los Angeles,2021-11-02,23:10,Low,Rain,Icy,5,25.3606,-113.2563,23,11,2021,2021-11,Night
2579,San Diego,2021-03-27,01:31,Low,Clear,Dry,2,45.8081,-88.1372,1,3,2021,2021-03,Night
2580,Austin,2023-05-18,07:44,Medium,Clear,Slippery,3,47.8653,-85.7411,7,5,2023,2023-05,Day
2581,Dallas,2022-10-31,13:50,High,Fog,Dry,5,33.452,-100.7836,13,10,2022,2022-10,Day
2582,Chicago,2023-10-13,09:46,High,Fog,Dry,3,30.8225,-102.6208,9,10,2023,2023-10,Day
2583,Los Angeles,2022-06-05,11:04,Medium,Cloudy,Under Construction,4,33.1405,-76.5521,11,6,2022,2022-06,Day
2584,Los Angeles,2022-02-11,17:55,Low,Clear,Wet,2,40.2111,-73.8049,17,2,2022,2022-02,Day
2585,Houston,2023-05-29,16:54,Medium,Clear,Dry,3,36.9045,-109.5024,16,5,2023,2023-05,Day
2586,Houston,2021-03-02,20:51,Low,Rain,Slippery,5,31.6867,-113.7285,20,3,2021,2021-03,Night
2587,Philadelphia,2023-04-17,18:39,Medium,Rain,Dry,4,47.9268,-86.0935,18,4,2023,2023-04,Night
2588,Dallas,2021-03-06,11:48,Low,Fog,Dry,1,38.7053,-94.3354,11,3,2021,2021-03,Day
2589,Austin,2023-04-02,13:46,Low,Clear,Dry,5,42.4452,-92.5085,13,4,2023,2023-04,Day
2590,Dallas,2023-08-16,13:58,High,Snow,Wet,3,39.6035,-74.0515,13,8,2023,2023-08,Day
2591,New York,2021-01-10,09:59,Medium,Clear,Under Construction,1,33.15,-86.8176,9,1,2021,2021-01,Day
2592,New York,2021-01-10,10:21,Low,Rain,Dry,3,30.2204,-118.634,10,1,2021,2021-01,Day
2593,Dallas,2023-08-09,16:49,Medium,Clear,Dry,4,39.2701,-78.7133,16,8,2023,2023-08,Day
2594,Dallas,2022-11-09,08:51,High,Clear,Dry,3,38.2504,-107.7119,8,11,2022,2022-11,Day
2595,Columbus,2021-12-08,12:11,High,Clear,Dry,4,45.8405,-80.0815,12,12,2021,2021-12,Day
2596,Phoenix,2022-12-06,06:03,Medium,Rain,Wet,3,33.0169,-104.2045,6,12,2022,2022-12,Day
2597,Houston,2021-06-14,09:48,Low,Rain,Slippery,1,38.4458,-105.1427,9,6,2021,2021-06,Day
2598,Charlotte,2021-06-10,13:57,Low,Clear,Icy,2,40.8387,-85.676,13,6,2021,2021-06,Day
2599,Philadelphia,2023-05-06,07:11,Low,Rain,Dry,3,33.8612,-70.1203,7,5,2023,2023-05,Day
2600,Chicago,2021-10-15,19:42,Medium,Hail,Wet,2,42.5042,-108.6189,19,10,2021,2021-10,Night
2601,New York,2021-07-27,07:27,Low,Clear,Under Construction,4,34.0219,-121.266,7,7,2021,2021-07,Day
2602,New York,2021-05-02,12:14,High,Clear,Icy,2,46.2278,-90.9189,12,5,2021,2021-05,Day
2603,Charlotte,2021-06-01,12:31,Low,Clear,Dry,5,43.8946,-93.9276,12,6,2021,2021-06,Day
2604,Dallas,2021-09-14,21:45,Medium,Rain,Dry,2,46.9022,-110.8037,21,9,2021,2021-09,Night
2605,Charlotte,2022-04-15,19:33,Medium,Clear,Wet,1,40.1241,-88.1889,19,4,2022,2022-04,Night
2606,Austin,2021-04-28,07:38,Medium,Clear,Slippery,2,37.7185,-81.1575,7,4,2021,2021-04,Day
2607,New York,2022-05-02,06:16,Low,Clear,Dry,2,38.9467,-118.676,6,5,2022,2022-05,Day
2608,Dallas,2022-11-10,10:01,Medium,Clear,Dry,2,39.8786,-109.066,10,11,2022,2022-11,Day
2609,New York,2023-02-02,08:50,Low,Rain,Dry,5,36.1276,-115.8275,8,2,2023,2023-02,Day
2610,New York,2021-08-08,10:26,Medium,Cloudy,Slippery,5,27.9097,-75.031,10,8,2021,2021-08,Day
2611,Houston,2022-11-27,19:58,High,Rain,Icy,2,40.7621,-117.6642,19,11,2022,2022-11,Night
2612,Los Angeles,2021-04-20,18:31,Medium,Clear,Wet,2,34.1326,-75.2056,18,4,2021,2021-04,Night
2613,Houston,2022-10-22,12:43,Medium,Clear,Dry,2,37.9922,-86.5129,12,10,2022,2022-10,Day
2614,Chicago,2023-09-26,00:41,High,Fog,Icy,1,33.5827,-111.7822,0,9,2023,2023-09,Night
2615,New York,2022-06-05,09:03,High,Clear,Icy,4,42.0752,-94.9214,9,6,2022,2022-06,Day
2616,Columbus,2023-10-10,15:02,Medium,Clear,Dry,1,28.9123,-105.5572,15,10,2023,2023-10,Day
2617,New York,2023-03-30,13:25,Medium,Clear,Dry,2,31.2823,-86.3881,13,3,2023,2023-03,Day
2618,San Antonio,2023-07-30,17:19,Medium,Fog,Dry,4,37.4592,-116.9946,17,7,2023,2023-07,Day
2619,Philadelphia,2021-06-04,20:53,Low,Clear,Dry,3,27.303,-109.2825,20,6,2021,2021-06,Night
2620,Chicago,2023-02-08,05:34,Low,Clear,Wet,5,28.8884,-80.6031,5,2,2023,2023-02,Night
2621,Dallas,2021-12-22,02:35,Medium,Clear,Icy,4,37.0284,-84.3694,2,12,2021,2021-12,Night
2622,New York,2023-04-22,08:53,Medium,Rain,Wet,4,47.7782,-83.6095,8,4,2023,2023-04,Day
2623,San Antonio,2021-01-26,13:32,Low,Rain,Dry,1,25.9831,-103.6134,13,1,2021,2021-01,Day
2624,New York,2021-06-15,09:45,Low,Rain,Dry,1,34.9751,-108.0123,9,6,2021,2021-06,Day
2625,Austin,2023-01-18,20:01,Medium,Snow,Dry,2,29.9839,-121.6662,20,1,2023,2023-01,Night
2626,Columbus,2023-01-31,06:07,Medium,Clear,Dry,3,33.3216,-73.3935,6,1,2023,2023-01,Day
2627,San Antonio,2023-05-11,16:09,Low,Clear,Dry,2,35.4309,-96.0772,16,5,2023,2023-05,Day
2628,Dallas,2022-04-29,12:46,Low,Fog,Wet,4,42.2519,-77.9842,12,4,2022,2022-04,Day
2629,New York,2022-05-08,15:25,Medium,Fog,Dry,4,37.5098,-73.1223,15,5,2022,2022-05,Day
2630,Houston,2023-02-02,11:13,Low,Snow,Wet,3,43.9328,-119.58,11,2,2023,2023-02,Day
2631,Charlotte,2021-10-14,08:41,Medium,Clear,Dry,1,31.9443,-81.0521,8,10,2021,2021-10,Day
2632,Los Angeles,2023-02-20,07:27,Low,Clear,Wet,1,43.5273,-100.363,7,2,2023,2023-02,Day
2633,San Antonio,2021-07-18,17:11,Low,Clear,Wet,1,38.8222,-70.5018,17,7,2021,2021-07,Day
2634,Houston,2023-05-14,08:59,Medium,Snow,Dry,4,37.3889,-92.6004,8,5,2023,2023-05,Day
2635,New York,2023-11-12,21:59,Low,Rain,Under Construction,1,25.6511,-93.8532,21,11,2023,2023-11,Night
2636,San Diego,2023-09-24,17:58,Medium,Clear,Icy,3,38.263,-112.5815,17,9,2023,2023-09,Day
2637,Indianapolis,2021-10-24,18:45,Medium,Rain,Dry,1,33.8159,-90.8879,18,10,2021,2021-10,Night
2638,Los Angeles,2022-07-28,05:58,Low,Cloudy,Dry,1,26.885,-98.5135,5,7,2022,2022-07,Night
2639,Phoenix,2021-09-20,14:17,Medium,Clear,Wet,4,41.02,-81.8208,14,9,2021,2021-09,Day
2640,Austin,2023-04-01,17:54,Low,Clear,Wet,5,40.0919,-78.7032,17,4,2023,2023-04,Day
2641,San Antonio,2023-09-05,20:37,Medium,Clear,Dry,2,27.4485,-115.5396,20,9,2023,2023-09,Night
2642,Austin,2022-07-26,15:26,High,Clear,Wet,5,39.2557,-87.5287,15,7,2022,2022-07,Day
2643,Los Angeles,2021-01-20,12:31,High,Snow,Slippery,3,34.3468,-109.3508,12,1,2021,2021-01,Day
2644,Los Angeles,2023-04-16,08:06,Medium,Hail,Icy,4,43.8135,-83.268,8,4,2023,2023-04,Day
2645,Chicago,2023-04-29,06:38,Medium,Rain,Wet,1,27.0396,-78.3626,6,4,2023,2023-04,Day
2646,Dallas,2022-03-09,14:44,Medium,Cloudy,Dry,5,47.4947,-113.3321,14,3,2022,2022-03,Day
2647,San Diego,2021-04-07,06:13,Low,Clear,Under Construction,3,29.3361,-86.4701,6,4,2021,2021-04,Day
2648,Austin,2021-12-18,06:14,Medium,Clear,Dry,2,26.7683,-90.0761,6,12,2021,2021-12,Day
2649,New York,2023-12-16,11:37,High,Clear,Wet,1,30.5815,-87.0271,11,12,2023,2023-12,Day
2650,Phoenix,2023-01-02,18:23,Low,Clear,Wet,2,40.6419,-74.3124,18,1,2023,2023-01,Night
2651,Los Angeles,2021-09-11,07:54,Medium,Rain,Dry,3,42.8755,-75.6172,7,9,2021,2021-09,Day
2652,New York,2021-08-05,12:17,Medium,Fog,Dry,1,39.4751,-78.1618,12,8,2021,2021-08,Day
2653,Houston,2022-06-05,19:55,Low,Cloudy,Icy,2,41.2534,-100.8976,19,6,2022,2022-06,Night
2654,Houston,2021-03-18,07:34,Medium,Clear,Dry,2,41.6365,-93.1473,7,3,2021,2021-03,Day
2655,Chicago,2022-10-14,08:20,Medium,Rain,Dry,4,38.7498,-94.8915,8,10,2022,2022-10,Day
2656,New York,2022-11-23,18:39,Medium,Rain,Dry,5,37.3827,-114.9482,18,11,2022,2022-11,Night
2657,Philadelphia,2022-07-23,21:02,Medium,Rain,Dry,1,35.6008,-88.9253,21,7,2022,2022-07,Night
2658,Charlotte,2022-01-21,11:48,Medium,Rain,Dry,2,29.9632,-89.6716,11,1,2022,2022-01,Day
2659,New York,2022-01-29,21:28,Medium,Clear,Wet,3,47.4163,-85.2699,21,1,2022,2022-01,Night
2660,Los Angeles,2022-01-05,10:41,Low,Snow,Dry,5,37.0798,-80.8205,10,1,2022,2022-01,Day
2661,Houston,2022-04-16,19:03,High,Clear,Dry,3,32.0964,-121.2504,19,4,2022,2022-04,Night
2662,Chicago,2021-07-24,17:19,Low,Fog,Wet,3,28.5719,-70.767,17,7,2021,2021-07,Day
2663,Los Angeles,2021-03-05,07:17,High,Clear,Wet,3,35.102,-103.7461,7,3,2021,2021-03,Day
2664,Phoenix,2021-07-06,06:47,Medium,Hail,Dry,3,25.1855,-80.2593,6,7,2021,2021-07,Day
2665,Chicago,2022-08-07,06:31,Medium,Rain,Dry,2,35.7515,-105.3642,6,8,2022,2022-08,Day
2666,Indianapolis,2021-10-02,10:20,Medium,Rain,Wet,2,33.8675,-118.0431,10,10,2021,2021-10,Day
2667,Chicago,2021-05-25,02:12,Low,Clear,Wet,5,47.7718,-120.1679,2,5,2021,2021-05,Night
2668,Dallas,2021-12-24,09:24,Medium,Rain,Under Construction,5,28.9852,-113.2702,9,12,2021,2021-12,Day
2669,Chicago,2022-12-12,08:34,Medium,Clear,Dry,5,42.996,-112.0225,8,12,2022,2022-12,Day
2670,Los Angeles,2021-02-03,19:50,Medium,Clear,Wet,2,31.7633,-102.3156,19,2,2021,2021-02,Night
2671,Los Angeles,2021-12-30,14:12,Low,Snow,Wet,5,38.9037,-72.4819,14,12,2021,2021-12,Day
2672,New York,2022-06-12,08:23,High,Rain,Dry,5,30.8512,-120.0613,8,6,2022,2022-06,Day
2673,Austin,2023-06-10,18:23,Low,Clear,Wet,4,46.7069,-72.8748,18,6,2023,2023-06,Night
2674,Los Angeles,2022-11-07,11:28,Low,Snow,Wet,3,28.7511,-82.5258,11,11,2022,2022-11,Day
2675,San Antonio,2023-12-08,19:23,High,Cloudy,Icy,1,30.721,-99.8002,19,12,2023,2023-12,Night
2676,Chicago,2023-05-15,10:13,Low,Snow,Dry,1,30.9481,-115.5208,10,5,2023,2023-05,Day
2677,San Jose,2023-12-08,08:02,Medium,Clear,Dry,5,46.8394,-110.9621,8,12,2023,2023-12,Day
2678,Dallas,2022-07-17,23:47,Medium,Rain,Wet,4,34.8831,-91.3698,23,7,2022,2022-07,Night
2679,Dallas,2022-06-13,13:26,Medium,Snow,Wet,4,38.4376,-117.5798,13,6,2022,2022-06,Day
2680,New York,2022-06-19,16:58,Low,Fog,Icy,3,43.3107,-72.5433,16,6,2022,2022-06,Day
2681,Phoenix,2023-07-07,06:25,Low,Clear,Dry,3,26.7612,-84.1455,6,7,2023,2023-07,Day
2682,New York,2023-05-16,21:43,Medium,Clear,Wet,2,29.7014,-85.8967,21,5,2023,2023-05,Night
2683,Indianapolis,2023-01-24,16:40,Medium,Clear,Slippery,3,32.4567,-74.7148,16,1,2023,2023-01,Day
2684,Jacksonville,2022-11-18,18:26,Medium,Cloudy,Dry,3,26.0479,-79.1092,18,11,2022,2022-11,Night
2685,Philadelphia,2022-06-26,20:50,Low,Snow,Wet,2,45.6887,-80.3201,20,6,2022,2022-06,Night
2686,Jacksonville,2021-09-12,10:02,Low,Windy,Wet,2,37.3951,-76.6927,10,9,2021,2021-09,Day
2687,San Jose,2023-10-02,12:11,High,Clear,Under Construction,1,39.4713,-82.4493,12,10,2023,2023-10,Day
2688,Philadelphia,2022-05-26,14:18,Medium,Clear,Wet,1,40.437,-111.8152,14,5,2022,2022-05,Day
2689,Dallas,2023-11-15,11:01,Low,Fog,Slippery,2,35.1033,-91.9385,11,11,2023,2023-11,Day
2690,San Antonio,2022-11-14,06:51,Low,Fog,Wet,5,44.7721,-114.3337,6,11,2022,2022-11,Day
2691,Chicago,2023-09-30,13:33,Medium,Cloudy,Dry,4,28.3737,-72.8416,13,9,2023,2023-09,Day
2692,Dallas,2023-05-16,08:19,Low,Rain,Dry,5,33.683,-83.585,8,5,2023,2023-05,Day
2693,New York,2022-05-16,08:34,High,Clear,Dry,4,27.0419,-84.8687,8,5,2022,2022-05,Day
2694,Jacksonville,2021-04-08,13:14,High,Clear,Slippery,4,35.6157,-99.7436,13,4,2021,2021-04,Day
2695,Los Angeles,2023-04-27,20:24,Low,Rain,Wet,5,39.1278,-74.7065,20,4,2023,2023-04,Night
2696,San Jose,2023-09-28,19:16,High,Snow,Wet,3,39.9515,-73.0707,19,9,2023,2023-09,Night
2697,San Antonio,2023-10-26,18:08,High,Clear,Dry,3,45.1981,-76.8009,18,10,2023,2023-10,Night
2698,Houston,2022-05-07,13:29,Medium,Clear,Slippery,1,47.0408,-97.039,13,5,2022,2022-05,Day
2699,San Antonio,2023-08-15,11:19,Low,Clear,Dry,4,42.6302,-88.1095,11,8,2023,2023-08,Day
2700,New York,2022-03-02,05:37,Low,Fog,Wet,3,41.9849,-80.5919,5,3,2022,2022-03,Night
2701,Phoenix,2023-02-03,12:46,Low,Clear,Dry,2,37.0827,-72.1533,12,2,2023,2023-02,Day
2702,Chicago,2022-11-15,17:27,Low,Clear,Dry,2,46.6542,-99.6485,17,11,2022,2022-11,Day
2703,Charlotte,2021-03-07,16:58,Medium,Snow,Dry,4,25.6648,-70.0239,16,3,2021,2021-03,Day
2704,Los Angeles,2021-06-11,05:47,Low,Windy,Wet,4,26.7893,-90.7996,5,6,2021,2021-06,Night
2705,Houston,2023-10-25,15:47,Low,Clear,Wet,3,36.5548,-83.0585,15,10,2023,2023-10,Day
2706,Houston,2023-07-07,19:17,Low,Fog,Dry,4,46.2363,-95.4422,19,7,2023,2023-07,Night
2707,New York,2023-04-17,14:42,Medium,Fog,Dry,4,37.5939,-114.3424,14,4,2023,2023-04,Day
2708,New York,2021-02-02,18:45,Medium,Hail,Wet,1,37.1153,-89.8211,18,2,2021,2021-02,Night
2709,Los Angeles,2022-07-20,18:44,Low,Fog,Wet,2,36.4167,-74.7701,18,7,2022,2022-07,Night
2710,Phoenix,2021-02-05,10:53,Low,Rain,Dry,2,26.543,-119.1507,10,2,2021,2021-02,Day
2711,Philadelphia,2021-05-18,08:05,Low,Clear,Dry,2,29.9039,-91.2794,8,5,2021,2021-05,Day
2712,Dallas,2021-07-04,09:46,Low,Clear,Dry,3,44.0351,-121.8615,9,7,2021,2021-07,Day
2713,New York,2022-11-02,16:18,High,Fog,Wet,2,43.0111,-96.9958,16,11,2022,2022-11,Day
2714,Philadelphia,2022-04-08,19:05,Medium,Rain,Slippery,4,32.1322,-76.9127,19,4,2022,2022-04,Night
2715,Los Angeles,2023-10-15,13:06,High,Cloudy,Dry,2,25.1992,-103.5222,13,10,2023,2023-10,Day
2716,Charlotte,2023-02-05,08:57,Medium,Clear,Icy,3,29.8309,-89.656,8,2,2023,2023-02,Day
2717,San Diego,2023-12-16,18:23,Medium,Rain,Wet,3,45.167,-80.05,18,12,2023,2023-12,Night
2718,Chicago,2021-04-29,19:33,High,Fog,Dry,2,47.3359,-93.192,19,4,2021,2021-04,Night
2719,Phoenix,2023-02-08,11:51,High,Snow,Dry,3,42.4317,-112.7536,11,2,2023,2023-02,Day
2720,San Antonio,2022-02-25,21:06,Low,Fog,Wet,5,45.5052,-82.1977,21,2,2022,2022-02,Night
2721,New York,2021-04-24,23:34,Low,Clear,Dry,5,47.5867,-113.0014,23,4,2021,2021-04,Night
2722,Columbus,2021-11-18,06:38,Medium,Fog,Dry,1,44.3296,-83.7537,6,11,2021,2021-11,Day
2723,Chicago,2021-07-28,07:32,Medium,Clear,Dry,1,31.8016,-101.118,7,7,2021,2021-07,Day
2724,Columbus,2022-02-07,09:21,Low,Clear,Dry,1,32.3767,-119.9724,9,2,2022,2022-02,Day
2725,New York,2021-05-01,19:18,Medium,Clear,Wet,1,39.1827,-75.824,19,5,2021,2021-05,Night
2726,Chicago,2023-04-15,11:35,Medium,Clear,Dry,4,30.4598,-80.3886,11,4,2023,2023-04,Day
2727,New York,2022-10-29,23:19,Medium,Hail,Wet,1,28.2513,-73.1845,23,10,2022,2022-10,Night
2728,Houston,2022-07-01,11:03,Medium,Cloudy,Slippery,1,25.5269,-71.4717,11,7,2022,2022-07,Day
2729,Dallas,2023-02-23,23:24,Low,Clear,Icy,5,39.6383,-113.6781,23,2,2023,2023-02,Night
2730,New York,2022-05-28,07:47,Medium,Clear,Wet,2,28.4947,-117.6466,7,5,2022,2022-05,Day
2731,Houston,2023-10-20,11:40,Medium,Clear,Wet,4,46.9559,-120.4152,11,10,2023,2023-10,Day
2732,Philadelphia,2022-02-01,16:31,High,Clear,Dry,3,38.0802,-114.7641,16,2,2022,2022-02,Day
2733,New York,2022-12-22,13:48,Medium,Clear,Dry,2,25.7016,-72.0715,13,12,2022,2022-12,Day
2734,Philadelphia,2023-08-07,21:17,Medium,Fog,Dry,2,37.7995,-73.1577,21,8,2023,2023-08,Night
2735,Chicago,2021-10-24,16:05,Low,Fog,Dry,5,45.3454,-80.2522,16,10,2021,2021-10,Day
2736,Charlotte,2021-02-17,17:09,High,Clear,Icy,1,31.6248,-120.5086,17,2,2021,2021-02,Day
2737,San Jose,2022-01-08,09:26,High,Cloudy,Dry,4,40.9296,-90.4367,9,1,2022,2022-01,Day
2738,New York,2022-11-30,03:37,High,Rain,Under Construction,5,36.6164,-99.3461,3,11,2022,2022-11,Night
2739,Columbus,2022-06-16,08:06,Low,Snow,Dry,2,30.0728,-92.9391,8,6,2022,2022-06,Day
2740,Houston,2023-12-24,14:32,High,Clear,Wet,5,39.3391,-109.6419,14,12,2023,2023-12,Day
2741,Houston,2022-02-26,12:03,Low,Cloudy,Icy,1,45.3486,-70.4009,12,2,2022,2022-02,Day
2742,Charlotte,2022-02-01,15:00,Medium,Rain,Wet,4,45.7587,-117.8586,15,2,2022,2022-02,Day
2743,Los Angeles,2021-02-01,08:01,Low,Fog,Dry,5,38.4979,-70.5029,8,2,2021,2021-02,Day
2744,Los Angeles,2022-10-23,18:35,Medium,Clear,Dry,1,30.9712,-79.9383,18,10,2022,2022-10,Night
2745,Chicago,2021-04-08,22:14,Low,Clear,Dry,1,47.0182,-100.7404,22,4,2021,2021-04,Night
2746,Philadelphia,2022-03-17,16:52,Medium,Clear,Wet,4,25.18,-93.0572,16,3,2022,2022-03,Day
2747,Austin,2023-11-12,18:25,Medium,Fog,Icy,3,33.74,-87.6369,18,11,2023,2023-11,Night
2748,Charlotte,2021-12-08,11:42,Medium,Clear,Slippery,5,45.8434,-84.721,11,12,2021,2021-12,Day
2749,Phoenix,2021-01-04,18:07,Low,Clear,Dry,5,36.8275,-99.7911,18,1,2021,2021-01,Night
2750,Houston,2022-09-03,17:53,High,Rain,Wet,5,46.8291,-107.5158,17,9,2022,2022-09,Day
2751,Dallas,2022-03-25,13:17,Medium,Snow,Dry,2,26.825,-103.4145,13,3,2022,2022-03,Day
2752,Chicago,2022-02-15,06:30,Low,Fog,Dry,2,46.2466,-85.5989,6,2,2022,2022-02,Day
2753,Houston,2023-09-28,09:45,Low,Hail,Dry,3,47.3268,-101.9399,9,9,2023,2023-09,Day
2754,San Jose,2021-11-17,12:20,High,Rain,Icy,5,36.3395,-108.6271,12,11,2021,2021-11,Day
2755,Chicago,2022-04-04,09:26,Low,Fog,Icy,4,32.1457,-116.1972,9,4,2022,2022-04,Day
2756,Houston,2023-04-06,12:38,High,Clear,Icy,5,46.9745,-103.75,12,4,2023,2023-04,Day
2757,Jacksonville,2023-10-30,19:03,Low,Clear,Dry,3,38.239,-88.0852,19,10,2023,2023-10,Night
2758,New York,2021-11-14,07:17,Medium,Fog,Icy,2,32.0221,-87.5334,7,11,2021,2021-11,Day
2759,Philadelphia,2021-12-09,13:26,Medium,Rain,Dry,1,46.9631,-80.1679,13,12,2021,2021-12,Day
2760,New York,2023-11-03,22:17,Low,Cloudy,Wet,1,44.2856,-104.6505,22,11,2023,2023-11,Night
2761,Chicago,2022-03-25,12:15,High,Clear,Under Construction,4,27.3995,-104.0121,12,3,2022,2022-03,Day
2762,New York,2022-06-19,09:56,Low,Clear,Dry,5,45.4822,-96.8031,9,6,2022,2022-06,Day
2763,Indianapolis,2022-07-02,21:52,Medium,Clear,Dry,3,42.2359,-101.4554,21,7,2022,2022-07,Night
2764,New York,2022-09-05,16:04,Medium,Fog,Icy,3,34.4017,-83.5779,16,9,2022,2022-09,Day
2765,Dallas,2021-11-11,19:23,Low,Clear,Slippery,3,47.3065,-84.4219,19,11,2021,2021-11,Night
2766,New York,2022-03-22,15:55,Medium,Clear,Dry,2,27.0548,-113.7468,15,3,2022,2022-03,Day
2767,Charlotte,2022-01-09,12:13,Low,Rain,Wet,3,42.2129,-121.8686,12,1,2022,2022-01,Day
2768,Chicago,2021-02-15,19:53,Medium,Cloudy,Wet,1,38.9644,-118.6369,19,2,2021,2021-02,Night
2769,Los Angeles,2023-09-17,11:04,Medium,Clear,Dry,3,38.8924,-113.409,11,9,2023,2023-09,Day
2770,Charlotte,2022-02-26,17:27,Medium,Clear,Icy,2,36.899,-88.5072,17,2,2022,2022-02,Day
2771,Houston,2023-09-02,09:28,Low,Clear,Slippery,4,25.4311,-105.0405,9,9,2023,2023-09,Day
2772,Los Angeles,2022-06-24,17:45,High,Clear,Icy,5,35.8273,-96.3833,17,6,2022,2022-06,Day
2773,Philadelphia,2022-11-20,20:51,High,Fog,Icy,3,42.6567,-77.353,20,11,2022,2022-11,Night
2774,Los Angeles,2021-04-21,13:44,High,Clear,Dry,4,35.7323,-70.3063,13,4,2021,2021-04,Day
2775,San Diego,2021-04-08,06:21,Medium,Snow,Icy,5,47.1016,-109.4996,6,4,2021,2021-04,Day
2776,Los Angeles,2021-05-27,19:42,Medium,Clear,Dry,3,35.7709,-95.975,19,5,2021,2021-05,Night
2777,Chicago,2023-04-02,09:14,Medium,Fog,Dry,1,34.0507,-104.9025,9,4,2023,2023-04,Day
2778,San Diego,2023-02-06,13:39,Low,Snow,Wet,3,33.0389,-121.082,13,2,2023,2023-02,Day
2779,Chicago,2022-12-06,13:38,Medium,Cloudy,Dry,4,34.2564,-113.92,13,12,2022,2022-12,Day
2780,San Antonio,2023-12-24,18:16,Low,Clear,Dry,2,42.0583,-87.9295,18,12,2023,2023-12,Night
2781,New York,2022-09-11,12:19,Low,Clear,Wet,4,39.5728,-117.0072,12,9,2022,2022-09,Day
2782,Dallas,2023-10-07,17:31,High,Rain,Under Construction,1,37.7873,-84.8905,17,10,2023,2023-10,Day
2783,Dallas,2022-11-28,23:33,Medium,Clear,Wet,4,25.8528,-98.0031,23,11,2022,2022-11,Night
2784,New York,2022-01-27,16:24,Low,Clear,Wet,1,42.4335,-99.2069,16,1,2022,2022-01,Day
2785,Philadelphia,2021-03-14,21:29,Medium,Rain,Dry,4,41.1168,-112.7389,21,3,2021,2021-03,Night
2786,New York,2023-12-20,10:43,High,Clear,Wet,3,38.3009,-81.4091,10,12,2023,2023-12,Day
2787,Los Angeles,2023-05-19,12:43,High,Fog,Dry,2,33.4643,-86.962,12,5,2023,2023-05,Day
2788,Houston,2022-12-31,17:38,Medium,Rain,Dry,5,29.9312,-81.4873,17,12,2022,2022-12,Day
2789,Austin,2022-03-14,08:22,Medium,Rain,Dry,2,26.084,-97.659,8,3,2022,2022-03,Day
2790,Chicago,2022-09-27,07:40,Medium,Clear,Slippery,2,32.2139,-84.9621,7,9,2022,2022-09,Day
2791,Columbus,2023-04-28,12:52,High,Clear,Under Construction,2,41.1827,-77.584,12,4,2023,2023-04,Day
2792,Houston,2021-01-23,17:58,Medium,Snow,Icy,4,44.4001,-92.8426,17,1,2021,2021-01,Day
2793,Phoenix,2021-11-11,12:01,High,Clear,Slippery,4,30.4575,-84.0681,12,11,2021,2021-11,Day
2794,New York,2022-06-26,18:51,High,Snow,Wet,4,46.5964,-116.6083,18,6,2022,2022-06,Night
2795,Austin,2021-09-16,17:12,Low,Clear,Wet,3,44.935,-80.1346,17,9,2021,2021-09,Day
2796,Phoenix,2021-06-19,21:37,Medium,Rain,Under Construction,3,43.6303,-77.0124,21,6,2021,2021-06,Night
2797,Chicago,2023-03-19,22:48,High,Rain,Dry,3,41.1015,-112.5951,22,3,2023,2023-03,Night
2798,New York,2022-10-12,09:59,Medium,Fog,Wet,3,26.9625,-102.1336,9,10,2022,2022-10,Day
2799,Dallas,2023-07-11,08:01,Low,Clear,Icy,5,27.3061,-91.1582,8,7,2023,2023-07,Day
2800,Houston,2023-06-30,19:46,Low,Clear,Icy,3,44.825,-73.1668,19,6,2023,2023-06,Night
2801,Los Angeles,2022-06-17,12:08,High,Clear,Wet,2,30.5875,-108.1179,12,6,2022,2022-06,Day
2802,Los Angeles,2021-05-03,20:07,Low,Clear,Dry,2,25.0372,-96.9525,20,5,2021,2021-05,Night
2803,Columbus,2023-03-20,21:29,Low,Rain,Under Construction,4,35.0163,-71.4911,21,3,2023,2023-03,Night
2804,New York,2022-05-01,18:24,Medium,Clear,Dry,4,40.848,-118.5846,18,5,2022,2022-05,Night
2805,Phoenix,2023-05-03,08:06,Low,Rain,Icy,4,37.901,-87.8479,8,5,2023,2023-05,Day
2806,Philadelphia,2021-07-30,14:52,Low,Cloudy,Wet,4,44.4339,-87.9743,14,7,2021,2021-07,Day
2807,Houston,2023-04-01,09:27,Low,Rain,Dry,3,41.5123,-86.3963,9,4,2023,2023-04,Day
2808,Chicago,2022-04-18,16:01,High,Fog,Wet,5,41.5443,-82.9642,16,4,2022,2022-04,Day
2809,Chicago,2021-02-01,08:08,Medium,Clear,Under Construction,4,40.7016,-115.5841,8,2,2021,2021-02,Day
2810,Philadelphia,2021-05-22,18:23,Low,Clear,Wet,5,33.999,-72.3668,18,5,2021,2021-05,Night
2811,Indianapolis,2023-08-05,09:07,High,Clear,Dry,4,41.7584,-81.3901,9,8,2023,2023-08,Day
2812,Austin,2022-11-30,22:25,Low,Clear,Wet,1,37.6593,-95.4777,22,11,2022,2022-11,Night
2813,New York,2023-01-22,19:32,High,Cloudy,Dry,3,37.5404,-82.6877,19,1,2023,2023-01,Night
2814,San Antonio,2022-09-03,08:53,Low,Clear,Dry,3,44.5795,-97.0391,8,9,2022,2022-09,Day
2815,Philadelphia,2022-11-24,21:24,Medium,Fog,Dry,2,41.8913,-106.1786,21,11,2022,2022-11,Night
2816,Los Angeles,2021-07-01,07:34,Low,Clear,Wet,5,41.2503,-92.5544,7,7,2021,2021-07,Day
2817,Austin,2021-01-25,21:21,High,Rain,Dry,4,26.8733,-96.7315,21,1,2021,2021-01,Night
2818,Houston,2021-02-24,08:22,Medium,Clear,Wet,1,27.9801,-74.676,8,2,2021,2021-02,Day
2819,Indianapolis,2023-02-22,00:05,Low,Snow,Icy,5,38.5837,-111.1406,0,2,2023,2023-02,Night
2820,New York,2023-07-07,12:16,Medium,Fog,Dry,4,44.9104,-99.3497,12,7,2023,2023-07,Day
2821,Los Angeles,2021-05-05,00:17,Low,Hail,Icy,5,43.3779,-98.3376,0,5,2021,2021-05,Night
2822,San Jose,2022-04-23,19:40,Medium,Clear,Dry,3,38.3433,-100.1497,19,4,2022,2022-04,Night
2823,Indianapolis,2023-07-14,11:48,High,Clear,Slippery,1,42.9281,-106.2859,11,7,2023,2023-07,Day
2824,New York,2022-07-30,20:54,Low,Snow,Dry,2,44.405,-93.8471,20,7,2022,2022-07,Night
2825,Chicago,2022-12-07,12:54,Low,Rain,Dry,5,45.493,-103.2863,12,12,2022,2022-12,Day
2826,Jacksonville,2022-09-05,19:26,Low,Clear,Under Construction,5,35.8711,-106.053,19,9,2022,2022-09,Night
2827,Dallas,2023-07-10,11:43,Medium,Rain,Wet,4,28.4891,-101.8551,11,7,2023,2023-07,Day
2828,Los Angeles,2022-03-07,10:21,High,Clear,Dry,1,39.0037,-108.5933,10,3,2022,2022-03,Day
2829,Dallas,2023-02-18,14:22,Low,Clear,Wet,5,29.1859,-76.9939,14,2,2023,2023-02,Day
2830,New York,2023-04-16,05:33,Medium,Rain,Dry,4,45.3125,-75.7007,5,4,2023,2023-04,Night
2831,New York,2023-06-19,16:29,Medium,Rain,Slippery,4,28.3192,-110.4133,16,6,2023,2023-06,Day
2832,Dallas,2023-08-18,16:56,Medium,Clear,Wet,1,26.269,-99.2341,16,8,2023,2023-08,Day
2833,New York,2022-05-04,23:07,Medium,Clear,Wet,1,34.3579,-71.7245,23,5,2022,2022-05,Night
2834,Los Angeles,2021-12-10,10:10,Medium,Fog,Dry,2,29.9605,-91.3519,10,12,2021,2021-12,Day
2835,New York,2022-04-16,09:24,Medium,Fog,Dry,4,38.018,-71.3358,9,4,2022,2022-04,Day
2836,Houston,2022-04-10,17:00,Low,Clear,Dry,5,45.239,-105.1978,17,4,2022,2022-04,Day
2837,New York,2021-10-15,16:05,Low,Rain,Icy,1,43.0658,-77.2027,16,10,2021,2021-10,Day
2838,Austin,2022-06-27,09:56,Low,Rain,Icy,3,30.6444,-115.9447,9,6,2022,2022-06,Day
2839,Los Angeles,2023-12-02,19:16,Low,Clear,Dry,1,32.4516,-71.3298,19,12,2023,2023-12,Night
2840,Indianapolis,2023-04-21,18:19,Low,Snow,Dry,4,37.6649,-88.8478,18,4,2023,2023-04,Night
2841,San Diego,2023-07-04,15:01,Low,Fog,Under Construction,2,27.8139,-75.8389,15,7,2023,2023-07,Day
2842,New York,2023-09-12,03:57,High,Cloudy,Wet,4,46.2176,-72.5261,3,9,2023,2023-09,Night
2843,Philadelphia,2021-09-27,14:30,Medium,Clear,Slippery,4,29.6686,-80.5258,14,9,2021,2021-09,Day
2844,Austin,2021-06-06,09:10,Medium,Fog,Dry,1,35.8995,-87.3403,9,6,2021,2021-06,Day
2845,Houston,2023-03-15,10:07,Low,Fog,Wet,5,25.1525,-121.7666,10,3,2023,2023-03,Day
2846,Los Angeles,2022-10-26,06:02,Medium,Clear,Dry,1,28.3842,-113.721,6,10,2022,2022-10,Day
2847,Phoenix,2021-01-08,06:56,Low,Cloudy,Dry,3,37.186,-89.7853,6,1,2021,2021-01,Day
2848,Los Angeles,2021-05-20,05:56,Medium,Snow,Dry,1,42.9381,-103.5134,5,5,2021,2021-05,Night
2849,Houston,2023-04-11,17:36,Low,Snow,Dry,4,26.2742,-94.2032,17,4,2023,2023-04,Day
2850,Charlotte,2022-12-01,10:34,High,Clear,Wet,3,36.6768,-96.3426,10,12,2022,2022-12,Day
2851,Houston,2022-05-03,17:13,Medium,Clear,Dry,1,44.8819,-104.5502,17,5,2022,2022-05,Day
2852,Phoenix,2021-11-11,08:25,Low,Rain,Dry,1,39.2821,-98.0642,8,11,2021,2021-11,Day
2853,New York,2021-07-15,11:46,Medium,Rain,Icy,4,40.3941,-120.5591,11,7,2021,2021-07,Day
2854,New York,2021-09-22,11:36,Low,Rain,Wet,3,27.9055,-110.2041,11,9,2021,2021-09,Day
2855,Jacksonville,2021-11-02,22:28,High,Rain,Slippery,4,38.4663,-95.7129,22,11,2021,2021-11,Night
2856,Columbus,2021-07-31,11:40,High,Snow,Dry,2,43.4477,-88.4119,11,7,2021,2021-07,Day
2857,Indianapolis,2021-06-20,09:10,High,Rain,Icy,4,31.9622,-77.321,9,6,2021,2021-06,Day
2858,Philadelphia,2022-09-27,21:19,Medium,Clear,Dry,4,27.9966,-90.7329,21,9,2022,2022-09,Night
2859,Dallas,2023-11-26,21:15,Low,Rain,Under Construction,4,41.7352,-109.747,21,11,2023,2023-11,Night
2860,Phoenix,2023-06-09,18:29,High,Clear,Dry,3,29.5437,-76.0662,18,6,2023,2023-06,Night
2861,Phoenix,2022-09-16,16:29,Low,Hail,Dry,4,27.5373,-74.9918,16,9,2022,2022-09,Day
2862,Jacksonville,2022-09-22,08:33,Medium,Snow,Wet,5,26.0781,-80.0838,8,9,2022,2022-09,Day
2863,New York,2022-07-08,21:41,Low,Clear,Wet,4,47.1032,-89.4228,21,7,2022,2022-07,Night
2864,San Antonio,2021-04-13,15:00,Medium,Clear,Dry,4,27.9312,-76.293,15,4,2021,2021-04,Day
2865,Indianapolis,2023-04-11,12:49,High,Clear,Dry,2,46.2254,-110.5172,12,4,2023,2023-04,Day
2866,New York,2022-04-18,04:48,High,Cloudy,Wet,1,45.9845,-86.704,4,4,2022,2022-04,Night
2867,Charlotte,2021-10-31,13:06,Low,Rain,Icy,4,32.147,-118.5767,13,10,2021,2021-10,Day
2868,Houston,2023-10-04,22:21,High,Clear,Dry,1,36.9992,-115.4546,22,10,2023,2023-10,Night
2869,San Antonio,2022-04-02,08:21,High,Clear,Icy,2,28.632,-93.9874,8,4,2022,2022-04,Day
2870,San Diego,2022-05-12,19:48,Low,Clear,Dry,4,43.1129,-80.543,19,5,2022,2022-05,Night
2871,Jacksonville,2021-06-18,23:15,Low,Clear,Dry,2,42.0603,-97.8214,23,6,2021,2021-06,Night
2872,New York,2022-04-29,12:00,Low,Rain,Dry,1,41.1729,-88.9199,12,4,2022,2022-04,Day
2873,Houston,2023-06-05,10:29,High,Rain,Dry,4,36.5745,-109.0302,10,6,2023,2023-06,Day
2874,Charlotte,2022-10-28,10:42,Medium,Clear,Wet,1,34.2127,-96.3791,10,10,2022,2022-10,Day
2875,New York,2021-10-22,18:47,Medium,Hail,Icy,3,46.7601,-110.319,18,10,2021,2021-10,Night
2876,Dallas,2022-02-07,10:14,Medium,Clear,Dry,2,42.0049,-87.0628,10,2,2022,2022-02,Day
2877,Chicago,2022-01-11,19:44,Medium,Rain,Dry,4,29.5569,-78.9838,19,1,2022,2022-01,Night
2878,Los Angeles,2023-11-13,06:14,High,Clear,Dry,2,26.1609,-70.7405,6,11,2023,2023-11,Day
2879,Los Angeles,2023-05-17,10:54,Low,Rain,Dry,5,37.3909,-112.0744,10,5,2023,2023-05,Day
2880,Los Angeles,2023-07-29,07:15,Low,Cloudy,Dry,2,30.7164,-115.1324,7,7,2023,2023-07,Day
2881,Dallas,2021-07-16,19:31,Low,Clear,Wet,4,26.2452,-91.4366,19,7,2021,2021-07,Night
2882,New York,2022-07-01,16:44,Low,Cloudy,Icy,3,46.765,-101.5499,16,7,2022,2022-07,Day
2883,Los Angeles,2021-05-26,06:39,High,Snow,Dry,2,36.7459,-79.7416,6,5,2021,2021-05,Day
2884,San Antonio,2023-09-23,18:04,High,Snow,Wet,3,45.7786,-103.8366,18,9,2023,2023-09,Night
2885,San Antonio,2022-04-03,18:19,Low,Fog,Dry,4,27.5317,-86.0157,18,4,2022,2022-04,Night
2886,Columbus,2022-10-06,11:07,Low,Fog,Dry,5,39.5315,-115.164,11,10,2022,2022-10,Day
2887,Jacksonville,2022-07-23,12:01,Medium,Fog,Dry,1,40.4411,-76.6244,12,7,2022,2022-07,Day
2888,Houston,2023-01-17,20:45,Low,Clear,Icy,4,35.0238,-118.1958,20,1,2023,2023-01,Night
2889,Chicago,2021-03-27,10:03,Medium,Clear,Icy,4,38.6999,-98.0499,10,3,2021,2021-03,Day
2890,Los Angeles,2021-06-08,10:43,High,Clear,Slippery,1,42.1387,-91.1712,10,6,2021,2021-06,Day
2891,Los Angeles,2021-08-12,04:58,Medium,Fog,Icy,2,38.7976,-96.7492,4,8,2021,2021-08,Night
2892,New York,2023-11-18,14:35,Medium,Clear,Icy,4,40.0982,-101.9346,14,11,2023,2023-11,Day
2893,Houston,2022-05-13,15:07,Medium,Fog,Wet,1,37.1312,-86.3773,15,5,2022,2022-05,Day
2894,Indianapolis,2023-05-12,21:02,Medium,Rain,Dry,4,42.4511,-94.1123,21,5,2023,2023-05,Night
2895,Phoenix,2021-11-25,11:11,Low,Cloudy,Wet,2,43.9548,-84.3519,11,11,2021,2021-11,Day
2896,Chicago,2021-08-18,17:55,Low,Clear,Dry,4,31.5025,-97.7623,17,8,2021,2021-08,Day
2897,San Jose,2022-04-03,18:45,High,Clear,Icy,5,35.1992,-76.016,18,4,2022,2022-04,Night
2898,Chicago,2023-01-31,06:16,Low,Rain,Dry,1,30.9849,-96.9981,6,1,2023,2023-01,Day
2899,Phoenix,2021-03-14,21:24,Medium,Clear,Dry,5,32.7654,-96.446,21,3,2021,2021-03,Night
2900,Chicago,2021-07-26,06:19,Low,Rain,Icy,4,29.7662,-106.2091,6,7,2021,2021-07,Day
2901,San Antonio,2021-07-03,14:58,Medium,Rain,Dry,1,28.0982,-94.4787,14,7,2021,2021-07,Day
2902,Austin,2022-12-10,12:48,Low,Rain,Dry,2,25.4239,-111.5967,12,12,2022,2022-12,Day
2903,Phoenix,2023-02-15,13:35,Medium,Clear,Dry,3,31.5129,-97.0147,13,2,2023,2023-02,Day
2904,New York,2021-11-11,01:06,Medium,Clear,Dry,3,32.7514,-120.7637,1,11,2021,2021-11,Night
2905,San Antonio,2021-04-29,23:18,Low,Windy,Wet,5,38.4814,-93.3708,23,4,2021,2021-04,Night
2906,Houston,2022-03-04,15:31,Medium,Rain,Dry,3,33.6827,-101.6302,15,3,2022,2022-03,Day
2907,San Jose,2021-01-28,08:50,Low,Clear,Wet,1,25.6879,-117.8677,8,1,2021,2021-01,Day
2908,Chicago,2022-04-03,10:39,High,Windy,Dry,3,27.4462,-70.4373,10,4,2022,2022-04,Day
2909,Houston,2023-04-26,10:17,Low,Rain,Dry,2,33.2622,-94.8628,10,4,2023,2023-04,Day
2910,Los Angeles,2023-02-13,07:21,Medium,Rain,Dry,2,27.9301,-120.0575,7,2,2023,2023-02,Day
2911,New York,2022-04-05,20:18,Low,Rain,Slippery,1,29.2424,-117.9017,20,4,2022,2022-04,Night
2912,New York,2023-01-26,14:47,Low,Cloudy,Slippery,2,42.7607,-95.6443,14,1,2023,2023-01,Day
2913,Houston,2021-01-25,11:26,Low,Rain,Dry,2,30.0027,-115.3913,11,1,2021,2021-01,Day
2914,Los Angeles,2023-12-16,15:49,Medium,Clear,Wet,2,34.5745,-105.028,15,12,2023,2023-12,Day
2915,Austin,2023-08-29,12:20,High,Snow,Dry,3,28.5717,-114.4731,12,8,2023,2023-08,Day
2916,Los Angeles,2022-06-16,17:09,Medium,Clear,Wet,2,44.971,-109.7953,17,6,2022,2022-06,Day
2917,Los Angeles,2021-06-07,10:02,Low,Snow,Dry,5,25.726,-114.07,10,6,2021,2021-06,Day
2918,New York,2023-02-19,16:51,Low,Clear,Icy,5,34.4016,-102.0718,16,2,2023,2023-02,Day
2919,San Jose,2021-02-20,09:59,Low,Rain,Icy,1,44.1088,-79.6417,9,2,2021,2021-02,Day
2920,Charlotte,2021-09-14,18:54,High,Rain,Dry,3,41.7045,-100.7212,18,9,2021,2021-09,Night
2921,Los Angeles,2022-03-09,10:02,Low,Clear,Icy,5,27.3838,-72.9189,10,3,2022,2022-03,Day
2922,Charlotte,2021-08-01,10:21,Medium,Clear,Dry,1,35.2335,-91.4632,10,8,2021,2021-08,Day
2923,New York,2021-01-05,10:28,Low,Clear,Wet,1,43.5535,-75.0578,10,1,2021,2021-01,Day
2924,Austin,2023-07-18,06:42,Medium,Clear,Dry,1,31.0416,-80.0235,6,7,2023,2023-07,Day
2925,New York,2023-03-10,09:30,Medium,Rain,Wet,4,38.7918,-80.8909,9,3,2023,2023-03,Day
2926,Los Angeles,2023-07-21,18:01,High,Cloudy,Dry,5,39.4299,-90.1013,18,7,2023,2023-07,Night
2927,Charlotte,2023-12-12,13:38,Low,Clear,Dry,5,31.6454,-112.3372,13,12,2023,2023-12,Day
2928,New York,2023-04-09,22:04,Low,Clear,Dry,4,33.0636,-73.1042,22,4,2023,2023-04,Night
2929,Charlotte,2021-04-04,11:59,Low,Rain,Dry,1,47.9184,-90.6668,11,4,2021,2021-04,Day
2930,New York,2022-11-12,10:50,Low,Clear,Dry,3,25.4903,-107.3933,10,11,2022,2022-11,Day
2931,Houston,2022-08-19,22:25,Low,Rain,Icy,5,43.7751,-91.271,22,8,2022,2022-08,Night
2932,Houston,2023-11-08,09:04,High,Clear,Icy,1,47.7292,-74.0896,9,11,2023,2023-11,Day
2933,San Jose,2023-07-23,19:00,Medium,Cloudy,Icy,2,40.0384,-105.7137,19,7,2023,2023-07,Night
2934,Los Angeles,2022-09-27,16:51,High,Clear,Wet,1,46.4263,-118.158,16,9,2022,2022-09,Day
2935,Houston,2021-08-07,15:48,Low,Clear,Wet,2,46.204,-108.0614,15,8,2021,2021-08,Day
2936,Chicago,2022-08-25,06:51,High,Clear,Dry,2,30.3658,-87.5771,6,8,2022,2022-08,Day
2937,Houston,2022-09-13,17:46,Medium,Clear,Slippery,2,38.0536,-116.3373,17,9,2022,2022-09,Day
2938,Los Angeles,2021-02-24,19:46,Low,Clear,Slippery,1,32.1557,-85.8739,19,2,2021,2021-02,Night
2939,Indianapolis,2022-01-04,12:25,Low,Clear,Dry,5,35.9853,-78.7635,12,1,2022,2022-01,Day
2940,Los Angeles,2022-04-28,06:29,Medium,Clear,Dry,2,31.2801,-96.2439,6,4,2022,2022-04,Day
2941,Austin,2021-11-08,21:12,High,Snow,Icy,4,44.7299,-71.5731,21,11,2021,2021-11,Night
2942,Jacksonville,2022-05-14,19:09,Medium,Clear,Dry,1,30.9978,-117.9315,19,5,2022,2022-05,Night
2943,Austin,2022-05-10,09:12,High,Rain,Wet,4,46.5562,-99.6181,9,5,2022,2022-05,Day
2944,New York,2023-01-19,11:41,High,Snow,Dry,2,27.7242,-84.7109,11,1,2023,2023-01,Day
2945,Houston,2023-03-07,07:01,High,Rain,Dry,3,42.2527,-101.5565,7,3,2023,2023-03,Day
2946,Philadelphia,2023-04-01,08:37,Medium,Clear,Slippery,3,33.2942,-121.7451,8,4,2023,2023-04,Day
2947,Los Angeles,2022-04-18,16:15,Low,Rain,Under Construction,5,47.668,-101.3283,16,4,2022,2022-04,Day
2948,San Antonio,2021-11-06,11:08,High,Clear,Dry,2,33.9569,-119.213,11,11,2021,2021-11,Day
2949,Indianapolis,2021-04-09,17:50,High,Rain,Wet,1,43.8135,-99.9451,17,4,2021,2021-04,Day
2950,Houston,2023-05-01,05:37,Medium,Fog,Under Construction,5,39.4164,-117.7412,5,5,2023,2023-05,Night
2951,New York,2021-06-29,20:00,Medium,Rain,Wet,2,37.2097,-106.2463,20,6,2021,2021-06,Night
2952,New York,2023-02-08,19:39,Medium,Hail,Slippery,5,44.612,-97.1403,19,2,2023,2023-02,Night
2953,New York,2022-02-07,17:13,Low,Clear,Dry,4,46.8198,-109.2594,17,2,2022,2022-02,Day
2954,Indianapolis,2023-04-26,20:23,Medium,Clear,Dry,1,42.7583,-94.4241,20,4,2023,2023-04,Night
2955,Houston,2021-10-06,20:01,Medium,Rain,Under Construction,3,27.796,-102.0109,20,10,2021,2021-10,Night
2956,Los Angeles,2022-04-03,19:09,Low,Clear,Wet,5,30.4909,-95.6494,19,4,2022,2022-04,Night
2957,San Antonio,2022-10-11,21:39,Medium,Rain,Dry,2,28.3889,-81.3593,21,10,2022,2022-10,Night
2958,Los Angeles,2021-05-19,18:46,Low,Clear,Icy,5,28.4313,-75.8827,18,5,2021,2021-05,Night
2959,New York,2023-04-04,19:58,Low,Rain,Dry,3,38.9153,-89.5199,19,4,2023,2023-04,Night
2960,Charlotte,2022-10-20,19:10,Low,Cloudy,Dry,3,30.9372,-86.4427,19,10,2022,2022-10,Night
2961,Austin,2022-07-25,18:15,Medium,Clear,Wet,5,35.0051,-116.1258,18,7,2022,2022-07,Night
2962,Indianapolis,2021-08-26,05:50,Low,Clear,Dry,5,25.564,-92.7797,5,8,2021,2021-08,Night
2963,Chicago,2023-09-08,06:21,Low,Rain,Icy,1,42.7312,-74.688,6,9,2023,2023-09,Day
2964,Phoenix,2021-12-08,18:33,Medium,Clear,Dry,1,40.8262,-121.1778,18,12,2021,2021-12,Night
2965,Houston,2022-06-30,22:15,Low,Clear,Wet,4,34.0912,-120.8307,22,6,2022,2022-06,Night
2966,Chicago,2021-10-26,08:32,Medium,Clear,Wet,3,40.1316,-91.3493,8,10,2021,2021-10,Day
2967,Dallas,2023-09-30,13:14,High,Fog,Dry,3,47.4652,-77.6588,13,9,2023,2023-09,Day
2968,Philadelphia,2022-10-09,18:04,Medium,Clear,Wet,3,40.6904,-118.1785,18,10,2022,2022-10,Night
2969,Indianapolis,2023-09-09,17:25,Medium,Clear,Wet,2,47.1099,-101.5669,17,9,2023,2023-09,Day
2970,New York,2023-08-07,20:06,Low,Rain,Wet,2,29.7216,-120.4073,20,8,2023,2023-08,Night
2971,Houston,2021-01-30,14:23,Low,Fog,Wet,2,38.2948,-113.3613,14,1,2021,2021-01,Day
2972,New York,2022-06-02,23:35,Medium,Hail,Icy,2,43.3855,-119.9556,23,6,2022,2022-06,Night
2973,Phoenix,2023-08-25,17:33,Low,Rain,Dry,4,47.5766,-82.3502,17,8,2023,2023-08,Day
2974,Los Angeles,2022-08-19,15:09,Medium,Clear,Wet,1,37.6595,-114.8382,15,8,2022,2022-08,Day
2975,New York,2023-08-21,09:43,Medium,Clear,Wet,4,42.5267,-111.1143,9,8,2023,2023-08,Day
2976,San Antonio,2023-03-22,11:10,Medium,Clear,Dry,1,25.4214,-103.1015,11,3,2023,2023-03,Day
2977,San Antonio,2021-06-15,02:07,Medium,Fog,Wet,2,34.8733,-113.0083,2,6,2021,2021-06,Night
2978,New York,2021-04-08,01:26,Medium,Clear,Dry,2,42.1539,-94.4948,1,4,2021,2021-04,Night
2979,San Diego,2021-01-06,17:12,Medium,Snow,Wet,2,47.9026,-104.7935,17,1,2021,2021-01,Day
2980,San Jose,2022-02-24,15:27,Low,Hail,Dry,5,27.5727,-100.3918,15,2,2022,2022-02,Day
2981,Jacksonville,2023-03-23,08:27,Medium,Rain,Icy,4,41.7183,-106.1115,8,3,2023,2023-03,Day
2982,Los Angeles,2022-05-25,08:00,Low,Clear,Slippery,4,27.2906,-101.6699,8,5,2022,2022-05,Day
2983,Philadelphia,2023-08-09,00:43,Low,Fog,Wet,1,32.5716,-87.8938,0,8,2023,2023-08,Night
2984,San Antonio,2023-10-01,12:09,Medium,Rain,Wet,5,27.9807,-117.0136,12,10,2023,2023-10,Day
2985,New York,2023-01-05,00:52,Medium,Snow,Wet,4,27.2705,-84.6204,0,1,2023,2023-01,Night
2986,Los Angeles,2022-02-04,07:53,Low,Clear,Dry,2,28.0627,-80.7545,7,2,2022,2022-02,Day
2987,Philadelphia,2021-04-09,10:53,High,Rain,Wet,2,33.0464,-107.9073,10,4,2021,2021-04,Day
2988,Dallas,2021-04-28,22:54,Medium,Clear,Slippery,2,38.7037,-119.5704,22,4,2021,2021-04,Night
2989,Chicago,2021-08-07,06:58,Low,Clear,Wet,4,44.201,-97.9236,6,8,2021,2021-08,Day
2990,New York,2021-12-29,12:14,Medium,Rain,Dry,2,25.4571,-74.7593,12,12,2021,2021-12,Day
2991,Columbus,2023-01-05,19:34,Medium,Fog,Wet,1,44.2457,-99.5481,19,1,2023,2023-01,Night
2992,Los Angeles,2022-09-26,19:08,High,Clear,Under Construction,3,47.0714,-82.0553,19,9,2022,2022-09,Night
2993,New York,2023-01-17,16:11,Medium,Clear,Dry,3,35.2331,-90.8216,16,1,2023,2023-01,Day
2994,San Jose,2021-06-30,06:12,High,Fog,Dry,3,42.4477,-97.6777,6,6,2021,2021-06,Day
2995,Chicago,2021-10-20,12:16,High,Clear,Under Construction,1,37.6383,-71.0969,12,10,2021,2021-10,Day
2996,Houston,2023-01-01,22:36,High,Fog,Dry,3,40.1638,-71.8584,22,1,2023,2023-01,Night
2997,Los Angeles,2022-01-07,06:13,Medium,Rain,Dry,1,46.0545,-111.8206,6,1,2022,2022-01,Day
2998,New York,2023-07-29,12:47,Medium,Rain,Slippery,5,39.2008,-110.1814,12,7,2023,2023-07,Day
2999,New York,2023-10-13,09:57,Low,Clear,Icy,5,42.3673,-97.0835,9,10,2023,2023-10,Day
3000,Columbus,2021-09-17,13:40,Low,Clear,Dry,2,29.8586,-86.8085,13,9,2021,2021-09,Day
3001,Austin,2023-11-30,17:56,Medium,Fog,Under Construction,5,44.7979,-95.3707,17,11,2023,2023-11,Day
3002,San Jose,2023-11-16,17:34,Low,Clear,Wet,4,41.0236,-119.3402,17,11,2023,2023-11,Day
3003,Los Angeles,2021-01-18,17:30,Medium,Rain,Under Construction,3,42.9822,-105.7431,17,1,2021,2021-01,Day
3004,Los Angeles,2022-06-02,20:19,High,Clear,Dry,2,42.1078,-114.9572,20,6,2022,2022-06,Night
3005,Chicago,2022-12-05,10:14,Medium,Clear,Wet,4,25.7128,-80.3827,10,12,2022,2022-12,Day
3006,San Diego,2022-06-15,09:37,Medium,Cloudy,Wet,5,42.0378,-97.9728,9,6,2022,2022-06,Day
3007,Chicago,2023-05-29,11:54,Medium,Clear,Wet,3,34.5827,-70.7164,11,5,2023,2023-05,Day
3008,Chicago,2021-05-28,11:33,High,Windy,Wet,4,44.3432,-85.942,11,5,2021,2021-05,Day
3009,San Diego,2021-04-27,23:41,High,Snow,Dry,4,27.1601,-74.0973,23,4,2021,2021-04,Night
3010,San Diego,2022-01-31,10:01,Low,Rain,Dry,5,28.6046,-112.0811,10,1,2022,2022-01,Day
3011,Los Angeles,2023-10-24,10:00,Low,Rain,Wet,2,46.9405,-104.6824,10,10,2023,2023-10,Day
3012,New York,2021-03-30,18:14,High,Clear,Icy,4,32.2464,-113.7517,18,3,2021,2021-03,Night
3013,Dallas,2022-05-03,10:42,High,Clear,Dry,3,38.6674,-119.2112,10,5,2022,2022-05,Day
3014,Los Angeles,2021-10-14,22:15,Medium,Clear,Icy,3,45.3833,-91.5717,22,10,2021,2021-10,Night
3015,Dallas,2023-01-02,10:22,High,Clear,Under Construction,1,25.942,-116.0956,10,1,2023,2023-01,Day
3016,Indianapolis,2022-05-31,05:26,Low,Cloudy,Dry,3,43.3844,-80.4418,5,5,2022,2022-05,Night
3017,Philadelphia,2021-08-16,18:06,Low,Rain,Dry,2,35.985,-83.9142,18,8,2021,2021-08,Night
3018,New York,2021-01-30,19:20,Medium,Clear,Dry,2,45.8461,-93.8669,19,1,2021,2021-01,Night
3019,New York,2022-05-01,17:40,Low,Clear,Wet,3,30.7116,-121.7727,17,5,2022,2022-05,Day
3020,Austin,2022-06-10,11:20,Low,Clear,Dry,4,29.8817,-104.6928,11,6,2022,2022-06,Day
3021,San Jose,2021-01-14,13:31,Medium,Rain,Slippery,2,30.338,-114.8813,13,1,2021,2021-01,Day
3022,Philadelphia,2023-04-20,20:12,Medium,Clear,Icy,1,25.6723,-112.747,20,4,2023,2023-04,Night
3023,Dallas,2022-05-16,12:24,High,Snow,Slippery,4,45.4652,-92.7341,12,5,2022,2022-05,Day
3024,New York,2022-01-12,22:11,Medium,Clear,Dry,1,34.2095,-98.1886,22,1,2022,2022-01,Night
3025,Houston,2021-03-18,12:58,High,Clear,Dry,1,28.9708,-119.0975,12,3,2021,2021-03,Day
3026,New York,2022-03-04,09:39,Medium,Rain,Dry,1,33.795,-84.138,9,3,2022,2022-03,Day
3027,Dallas,2022-02-01,17:48,Low,Fog,Slippery,1,42.0346,-113.8073,17,2,2022,2022-02,Day
3028,New York,2023-02-13,19:39,Low,Clear,Dry,1,28.6712,-74.1785,19,2,2023,2023-02,Night
3029,Philadelphia,2021-03-28,20:57,High,Rain,Wet,4,42.2177,-112.5448,20,3,2021,2021-03,Night
3030,Philadelphia,2021-04-21,10:39,Medium,Rain,Slippery,2,45.4853,-73.4563,10,4,2021,2021-04,Day
3031,Los Angeles,2021-05-08,12:09,Medium,Snow,Wet,1,47.0797,-70.9958,12,5,2021,2021-05,Day
3032,Philadelphia,2021-12-09,12:36,High,Clear,Wet,3,36.5752,-105.1497,12,12,2021,2021-12,Day
3033,Jacksonville,2022-07-09,13:00,Medium,Rain,Dry,4,45.3807,-72.558,13,7,2022,2022-07,Day
3034,Los Angeles,2023-06-21,07:40,High,Clear,Dry,2,35.4201,-97.7796,7,6,2023,2023-06,Day
3035,Columbus,2022-05-29,13:35,Low,Clear,Icy,5,31.2694,-105.4598,13,5,2022,2022-05,Day
3036,New York,2023-08-17,13:55,Medium,Clear,Wet,5,38.9533,-72.4182,13,8,2023,2023-08,Day
3037,Houston,2021-11-10,15:09,Low,Rain,Wet,2,45.5524,-86.2751,15,11,2021,2021-11,Day
3038,Chicago,2021-05-26,18:48,Low,Clear,Dry,4,26.7142,-95.1708,18,5,2021,2021-05,Night
3039,Dallas,2023-05-19,03:24,Low,Rain,Icy,1,40.8694,-71.8879,3,5,2023,2023-05,Night
3040,Indianapolis,2023-04-03,11:30,Medium,Clear,Dry,4,38.4006,-112.0728,11,4,2023,2023-04,Day
3041,San Jose,2021-09-10,20:48,Low,Rain,Dry,3,40.4618,-107.957,20,9,2021,2021-09,Night
3042,Philadelphia,2023-03-28,19:05,Low,Rain,Wet,5,25.4536,-99.1204,19,3,2023,2023-03,Night
3043,Phoenix,2021-08-31,13:44,Medium,Clear,Slippery,1,33.4414,-119.9507,13,8,2021,2021-08,Day
3044,Charlotte,2023-08-16,17:46,Medium,Clear,Dry,2,34.7669,-93.5055,17,8,2023,2023-08,Day
3045,Chicago,2023-02-03,18:38,Medium,Rain,Dry,1,40.4029,-104.9688,18,2,2023,2023-02,Night
3046,Austin,2021-05-18,06:59,High,Clear,Dry,1,36.4163,-83.6807,6,5,2021,2021-05,Day
3047,Chicago,2021-02-27,18:00,Low,Rain,Wet,2,40.7798,-73.6249,18,2,2021,2021-02,Night
3048,Los Angeles,2022-04-16,17:39,Low,Windy,Dry,4,33.3829,-89.5327,17,4,2022,2022-04,Day
3049,San Diego,2023-08-28,09:29,Medium,Snow,Dry,2,44.9676,-100.0424,9,8,2023,2023-08,Day
3050,Jacksonville,2023-07-14,18:16,Low,Clear,Wet,5,42.5617,-108.5884,18,7,2023,2023-07,Night
3051,Houston,2021-12-06,05:05,Low,Fog,Dry,3,25.905,-80.746,5,12,2021,2021-12,Night
3052,Indianapolis,2023-01-21,06:57,Low,Cloudy,Under Construction,2,44.9732,-80.9504,6,1,2023,2023-01,Day
3053,San Jose,2023-03-21,18:49,Medium,Clear,Dry,4,42.6438,-121.7505,18,3,2023,2023-03,Night
3054,San Jose,2023-12-22,10:31,High,Rain,Wet,1,43.3986,-94.9098,10,12,2023,2023-12,Day
3055,Los Angeles,2023-03-12,14:05,Medium,Clear,Dry,3,36.5763,-113.1124,14,3,2023,2023-03,Day
3056,Los Angeles,2021-04-03,17:28,Low,Rain,Wet,4,29.8093,-108.5613,17,4,2021,2021-04,Day
3057,Dallas,2022-05-14,10:28,Low,Cloudy,Dry,1,45.954,-95.0599,10,5,2022,2022-05,Day
3058,Houston,2021-05-26,22:16,Medium,Rain,Wet,3,38.7184,-79.4377,22,5,2021,2021-05,Night
3059,Philadelphia,2021-06-06,09:52,Low,Rain,Dry,4,41.6339,-111.6749,9,6,2021,2021-06,Day
3060,Philadelphia,2022-07-18,17:54,High,Clear,Dry,4,31.088,-103.9994,17,7,2022,2022-07,Day
3061,New York,2023-10-12,17:08,High,Clear,Icy,5,36.892,-76.0127,17,10,2023,2023-10,Day
3062,Jacksonville,2023-09-19,21:35,Medium,Clear,Dry,3,35.821,-86.4794,21,9,2023,2023-09,Night
3063,New York,2022-07-28,13:24,Low,Clear,Dry,1,36.0809,-93.5225,13,7,2022,2022-07,Day
3064,Columbus,2022-06-01,17:50,Low,Clear,Dry,4,32.7268,-119.5342,17,6,2022,2022-06,Day
3065,San Antonio,2022-07-10,11:09,High,Clear,Slippery,4,39.2525,-95.8208,11,7,2022,2022-07,Day
3066,Phoenix,2023-07-21,16:34,High,Clear,Dry,5,30.9336,-98.5002,16,7,2023,2023-07,Day
3067,Los Angeles,2022-08-27,22:15,Low,Rain,Under Construction,5,47.7959,-70.8465,22,8,2022,2022-08,Night
3068,New York,2023-05-02,23:58,Low,Rain,Dry,4,32.656,-70.4656,23,5,2023,2023-05,Night
3069,Los Angeles,2022-03-04,09:57,Medium,Clear,Icy,5,31.5859,-106.6805,9,3,2022,2022-03,Day
3070,San Diego,2022-05-12,12:50,Medium,Cloudy,Dry,3,34.4206,-80.2275,12,5,2022,2022-05,Day
3071,Charlotte,2021-10-06,17:44,High,Clear,Slippery,4,25.6491,-100.218,17,10,2021,2021-10,Day
3072,Chicago,2022-06-01,14:55,Low,Clear,Dry,2,35.3387,-73.9622,14,6,2022,2022-06,Day
3073,Jacksonville,2022-05-10,09:13,High,Clear,Slippery,4,26.5503,-100.4795,9,5,2022,2022-05,Day
3074,Columbus,2021-11-28,10:29,Low,Clear,Dry,1,27.9913,-118.0221,10,11,2021,2021-11,Day
3075,Los Angeles,2021-01-30,13:54,High,Rain,Icy,4,34.5725,-105.4146,13,1,2021,2021-01,Day
3076,Phoenix,2022-09-04,11:55,Medium,Clear,Dry,3,41.299,-106.5845,11,9,2022,2022-09,Day
3077,San Antonio,2023-12-07,21:10,Medium,Rain,Dry,1,46.5773,-74.4267,21,12,2023,2023-12,Night
3078,Houston,2023-12-08,17:24,Low,Cloudy,Icy,5,31.2677,-91.3547,17,12,2023,2023-12,Day
3079,Philadelphia,2023-12-14,18:11,High,Windy,Icy,3,35.3272,-120.1278,18,12,2023,2023-12,Night
3080,San Diego,2021-11-12,04:05,High,Clear,Wet,5,44.9421,-98.0659,4,11,2021,2021-11,Night
3081,Charlotte,2021-12-10,08:10,Low,Clear,Dry,4,47.5437,-115.4076,8,12,2021,2021-12,Day
3082,Phoenix,2023-06-26,21:47,Low,Clear,Wet,3,29.2815,-114.5107,21,6,2023,2023-06,Night
3083,Dallas,2023-08-06,18:01,Low,Rain,Slippery,4,37.9039,-78.7796,18,8,2023,2023-08,Night
3084,New York,2023-06-16,22:47,Low,Rain,Icy,3,39.6677,-103.9581,22,6,2023,2023-06,Night
3085,Columbus,2023-01-25,13:21,Low,Hail,Dry,4,36.4932,-84.8805,13,1,2023,2023-01,Day
3086,Los Angeles,2021-03-16,05:21,Medium,Fog,Dry,1,46.6549,-81.6506,5,3,2021,2021-03,Night
3087,Austin,2022-03-28,18:42,Low,Clear,Slippery,4,46.224,-120.8224,18,3,2022,2022-03,Night
3088,San Jose,2021-12-01,19:02,High,Clear,Dry,4,36.9878,-84.2248,19,12,2021,2021-12,Night
3089,Houston,2022-04-02,23:50,High,Rain,Dry,1,27.392,-97.2128,23,4,2022,2022-04,Night
3090,Houston,2021-05-22,11:37,Medium,Clear,Slippery,4,30.3555,-101.6693,11,5,2021,2021-05,Day
3091,Chicago,2022-12-05,11:00,High,Rain,Slippery,3,42.1609,-99.5758,11,12,2022,2022-12,Day
3092,Los Angeles,2022-04-13,08:45,High,Hail,Dry,5,38.8526,-103.683,8,4,2022,2022-04,Day
3093,New York,2023-08-11,21:28,Medium,Clear,Dry,5,31.0207,-105.7351,21,8,2023,2023-08,Night
3094,Los Angeles,2022-07-26,22:26,Medium,Clear,Wet,3,29.7456,-117.5726,22,7,2022,2022-07,Night
3095,Philadelphia,2021-04-07,08:15,Low,Clear,Wet,5,36.4724,-76.9085,8,4,2021,2021-04,Day
3096,Los Angeles,2023-02-09,07:14,Medium,Rain,Dry,5,42.8264,-118.0638,7,2,2023,2023-02,Day
3097,Austin,2021-02-04,22:23,Low,Clear,Icy,3,34.2851,-120.8989,22,2,2021,2021-02,Night
3098,San Jose,2023-07-11,13:32,Low,Clear,Dry,5,34.9243,-89.7083,13,7,2023,2023-07,Day
3099,San Diego,2023-08-06,17:37,Low,Hail,Dry,3,39.0669,-102.7156,17,8,2023,2023-08,Day
3100,Chicago,2023-01-24,02:21,Medium,Rain,Dry,5,41.3317,-117.6851,2,1,2023,2023-01,Night
3101,Columbus,2021-08-23,10:23,High,Clear,Dry,2,39.3581,-73.0129,10,8,2021,2021-08,Day
3102,San Diego,2022-10-03,07:54,Low,Snow,Dry,4,45.5671,-81.7707,7,10,2022,2022-10,Day
3103,New York,2023-10-23,07:48,Medium,Clear,Dry,2,27.1282,-78.724,7,10,2023,2023-10,Day
3104,Chicago,2023-02-06,13:45,Low,Snow,Dry,2,35.8924,-101.9427,13,2,2023,2023-02,Day
3105,Phoenix,2022-06-21,13:01,Medium,Clear,Under Construction,2,43.9183,-103.1564,13,6,2022,2022-06,Day
3106,New York,2022-05-11,07:59,Low,Windy,Slippery,3,25.221,-85.484,7,5,2022,2022-05,Day
3107,Los Angeles,2022-02-15,23:27,Medium,Fog,Dry,3,27.0758,-80.5447,23,2,2022,2022-02,Night
3108,New York,2021-07-01,19:57,Medium,Rain,Dry,5,32.2906,-92.4545,19,7,2021,2021-07,Night
3109,Phoenix,2021-02-25,09:52,High,Clear,Icy,2,45.7975,-105.1043,9,2,2021,2021-02,Day
3110,Columbus,2023-04-13,00:35,Low,Hail,Dry,3,42.0433,-84.0472,0,4,2023,2023-04,Night
3111,Dallas,2022-04-23,09:32,Medium,Clear,Wet,5,34.9453,-112.8532,9,4,2022,2022-04,Day
3112,New York,2023-08-04,12:26,Medium,Clear,Dry,1,28.467,-81.7899,12,8,2023,2023-08,Day
3113,Los Angeles,2021-06-26,20:45,Low,Clear,Dry,5,44.7638,-92.8549,20,6,2021,2021-06,Night
3114,New York,2021-11-30,16:38,Medium,Rain,Dry,4,40.5808,-106.295,16,11,2021,2021-11,Day
3115,Austin,2023-01-09,07:07,Low,Rain,Wet,5,28.5438,-87.1235,7,1,2023,2023-01,Day
3116,Dallas,2022-01-29,10:35,Medium,Clear,Under Construction,2,42.4886,-76.1879,10,1,2022,2022-01,Day
3117,Indianapolis,2023-03-28,13:19,Medium,Rain,Dry,4,26.9568,-77.3706,13,3,2023,2023-03,Day
3118,Philadelphia,2022-03-22,17:57,Medium,Cloudy,Icy,4,31.6829,-105.3049,17,3,2022,2022-03,Day
3119,Los Angeles,2021-03-03,06:46,Low,Fog,Under Construction,3,46.9118,-108.2982,6,3,2021,2021-03,Day
3120,New York,2023-01-24,12:31,High,Rain,Dry,1,44.0067,-96.2116,12,1,2023,2023-01,Day
3121,Chicago,2022-12-12,18:09,High,Rain,Dry,4,42.3858,-111.1337,18,12,2022,2022-12,Night
3122,San Diego,2023-03-19,02:12,High,Rain,Dry,1,32.2555,-75.7817,2,3,2023,2023-03,Night
3123,Indianapolis,2023-06-20,22:01,Medium,Rain,Dry,2,26.3898,-101.2553,22,6,2023,2023-06,Night
3124,San Antonio,2023-08-04,02:22,Low,Cloudy,Slippery,4,34.1359,-90.561,2,8,2023,2023-08,Night
3125,Los Angeles,2021-10-08,23:15,Medium,Clear,Dry,3,37.027,-121.5371,23,10,2021,2021-10,Night
3126,Charlotte,2021-02-24,15:55,Low,Clear,Dry,2,29.1999,-106.4913,15,2,2021,2021-02,Day
3127,Chicago,2021-03-04,19:25,Medium,Rain,Dry,5,40.9503,-93.2929,19,3,2021,2021-03,Night
3128,San Antonio,2021-12-17,09:21,Low,Rain,Dry,5,44.5711,-105.0988,9,12,2021,2021-12,Day
3129,Charlotte,2021-10-17,17:35,Medium,Clear,Under Construction,1,29.8662,-81.9966,17,10,2021,2021-10,Day
3130,Charlotte,2023-05-12,18:13,Medium,Clear,Icy,4,36.399,-92.8387,18,5,2023,2023-05,Night
3131,Los Angeles,2022-02-27,15:31,High,Snow,Dry,2,37.2334,-120.3078,15,2,2022,2022-02,Day
3132,Chicago,2022-04-28,12:28,Low,Clear,Icy,5,34.9067,-97.0604,12,4,2022,2022-04,Day
3133,Phoenix,2022-06-29,06:14,Low,Clear,Dry,4,32.6571,-75.7064,6,6,2022,2022-06,Day
3134,New York,2023-06-25,13:02,Low,Clear,Wet,1,42.2338,-107.9936,13,6,2023,2023-06,Day
3135,Philadelphia,2021-06-12,11:11,Medium,Fog,Wet,1,26.6719,-93.9712,11,6,2021,2021-06,Day
3136,Charlotte,2021-08-31,06:24,High,Snow,Dry,5,38.9742,-101.2172,6,8,2021,2021-08,Day
3137,Chicago,2021-02-15,19:21,Medium,Clear,Dry,3,29.0353,-101.2917,19,2,2021,2021-02,Night
3138,Los Angeles,2022-05-21,11:48,High,Fog,Icy,2,36.4961,-117.3457,11,5,2022,2022-05,Day
3139,Chicago,2022-07-01,19:12,Medium,Clear,Wet,3,47.8132,-77.9248,19,7,2022,2022-07,Night
3140,Houston,2022-12-27,17:50,Low,Windy,Slippery,1,38.8224,-100.4896,17,12,2022,2022-12,Day
3141,New York,2021-10-09,07:49,Low,Rain,Icy,4,45.8632,-86.2766,7,10,2021,2021-10,Day
3142,Indianapolis,2021-07-22,17:46,Medium,Snow,Dry,5,30.3303,-102.8822,17,7,2021,2021-07,Day
3143,Jacksonville,2021-04-24,21:20,Medium,Clear,Icy,2,30.9487,-81.3936,21,4,2021,2021-04,Night
3144,Columbus,2021-06-24,12:58,Low,Clear,Dry,3,44.691,-82.8119,12,6,2021,2021-06,Day
3145,Phoenix,2021-02-09,09:52,Low,Clear,Slippery,4,43.6979,-120.2358,9,2,2021,2021-02,Day
3146,Charlotte,2023-05-11,07:31,Low,Rain,Dry,1,32.0123,-112.5754,7,5,2023,2023-05,Day
3147,Dallas,2022-12-29,09:39,Medium,Clear,Dry,1,47.5623,-82.9182,9,12,2022,2022-12,Day
3148,Indianapolis,2023-09-02,19:44,High,Clear,Dry,5,25.1783,-121.377,19,9,2023,2023-09,Night
3149,Columbus,2023-04-30,22:47,High,Fog,Dry,4,29.708,-106.0863,22,4,2023,2023-04,Night
3150,San Antonio,2022-08-06,17:20,Low,Rain,Icy,2,37.6685,-79.1878,17,8,2022,2022-08,Day
3151,Phoenix,2023-05-16,09:46,Medium,Clear,Under Construction,1,26.2195,-98.8623,9,5,2023,2023-05,Day
3152,New York,2023-08-11,15:06,Medium,Clear,Wet,4,34.3158,-118.1056,15,8,2023,2023-08,Day
3153,Columbus,2022-05-06,03:17,Medium,Cloudy,Dry,3,27.0668,-74.1079,3,5,2022,2022-05,Night
3154,Columbus,2022-08-14,07:45,High,Snow,Dry,3,42.799,-81.0669,7,8,2022,2022-08,Day
3155,Los Angeles,2022-02-18,16:30,Medium,Rain,Dry,4,40.144,-92.1635,16,2,2022,2022-02,Day
3156,Charlotte,2021-09-13,17:03,Medium,Clear,Dry,4,46.8635,-97.4376,17,9,2021,2021-09,Day
3157,New York,2021-06-19,11:35,Medium,Windy,Icy,4,47.0751,-86.8929,11,6,2021,2021-06,Day
3158,New York,2023-12-05,19:17,Medium,Clear,Wet,1,27.6679,-100.3409,19,12,2023,2023-12,Night
3159,Los Angeles,2021-06-05,10:25,Low,Rain,Under Construction,5,44.6939,-109.4619,10,6,2021,2021-06,Day
3160,Los Angeles,2023-07-26,11:19,Medium,Snow,Dry,5,46.0967,-77.3851,11,7,2023,2023-07,Day
3161,Los Angeles,2022-11-21,22:11,High,Rain,Under Construction,5,40.5179,-71.493,22,11,2022,2022-11,Night
3162,Houston,2023-10-12,13:03,Medium,Clear,Dry,2,28.9694,-73.5661,13,10,2023,2023-10,Day
3163,Dallas,2021-11-18,06:41,Medium,Clear,Under Construction,2,34.3421,-92.2689,6,11,2021,2021-11,Day
3164,Houston,2021-05-04,16:42,Medium,Clear,Dry,2,37.6342,-110.8196,16,5,2021,2021-05,Day
3165,Chicago,2023-01-10,13:26,Medium,Rain,Dry,1,42.6763,-121.9395,13,1,2023,2023-01,Day
3166,Phoenix,2021-01-29,08:47,High,Fog,Icy,1,35.2814,-79.8414,8,1,2021,2021-01,Day
3167,Phoenix,2023-09-26,14:03,Medium,Fog,Slippery,4,42.2836,-73.1605,14,9,2023,2023-09,Day
3168,Austin,2022-04-06,07:31,Medium,Fog,Wet,5,30.3953,-95.7604,7,4,2022,2022-04,Day
3169,Houston,2021-11-13,17:44,Medium,Rain,Slippery,2,39.1609,-103.9241,17,11,2021,2021-11,Day
3170,Jacksonville,2023-08-31,19:43,High,Clear,Dry,4,35.8305,-103.2566,19,8,2023,2023-08,Night
3171,Phoenix,2022-07-20,06:38,Medium,Clear,Wet,4,35.9625,-103.7987,6,7,2022,2022-07,Day
3172,San Jose,2021-03-24,08:21,Medium,Clear,Dry,2,34.1356,-70.4318,8,3,2021,2021-03,Day
3173,Jacksonville,2022-04-08,05:08,Low,Hail,Dry,2,46.9197,-102.6967,5,4,2022,2022-04,Night
3174,San Antonio,2023-06-27,08:00,Medium,Clear,Under Construction,3,42.8379,-119.9604,8,6,2023,2023-06,Day
3175,Houston,2023-02-20,08:05,Low,Rain,Dry,4,42.1265,-102.859,8,2,2023,2023-02,Day
3176,Los Angeles,2021-09-14,11:35,Medium,Rain,Under Construction,1,41.5628,-103.3756,11,9,2021,2021-09,Day
3177,San Jose,2022-03-06,12:59,Medium,Clear,Dry,4,30.3026,-70.3687,12,3,2022,2022-03,Day
3178,Dallas,2021-09-23,07:22,Low,Cloudy,Wet,4,28.2157,-81.1008,7,9,2021,2021-09,Day
3179,Los Angeles,2022-03-25,13:11,Medium,Clear,Dry,2,41.5016,-79.1233,13,3,2022,2022-03,Day
3180,San Antonio,2021-04-19,00:44,Low,Clear,Slippery,1,29.7015,-98.8199,0,4,2021,2021-04,Night
3181,Columbus,2022-07-02,08:14,Low,Clear,Wet,5,29.8425,-107.3916,8,7,2022,2022-07,Day
3182,New York,2023-03-28,16:05,Medium,Cloudy,Wet,1,31.1958,-110.6057,16,3,2023,2023-03,Day
3183,Dallas,2021-07-26,16:51,Medium,Fog,Wet,1,35.9829,-100.1097,16,7,2021,2021-07,Day
3184,Indianapolis,2023-03-01,14:57,Medium,Clear,Icy,3,32.0648,-84.1489,14,3,2023,2023-03,Day
3185,San Diego,2021-10-23,06:31,Medium,Clear,Wet,2,35.0068,-120.4339,6,10,2021,2021-10,Day
3186,Austin,2022-02-27,18:40,Low,Hail,Under Construction,4,37.0151,-103.1417,18,2,2022,2022-02,Night
3187,Phoenix,2022-02-23,09:08,Medium,Rain,Wet,2,38.8743,-90.0923,9,2,2022,2022-02,Day
3188,San Diego,2023-08-18,21:43,High,Rain,Dry,3,25.5257,-113.421,21,8,2023,2023-08,Night
3189,Austin,2023-11-11,11:37,Medium,Clear,Dry,1,40.6615,-84.1708,11,11,2023,2023-11,Day
3190,Houston,2021-09-19,11:25,High,Fog,Wet,1,34.2753,-98.1974,11,9,2021,2021-09,Day
3191,New York,2022-09-02,13:30,Low,Rain,Wet,4,30.6721,-92.9053,13,9,2022,2022-09,Day
3192,Columbus,2023-01-04,18:05,Low,Rain,Dry,2,44.6999,-102.181,18,1,2023,2023-01,Night
3193,Philadelphia,2021-11-09,06:22,Medium,Cloudy,Dry,2,38.1735,-70.739,6,11,2021,2021-11,Day
3194,San Antonio,2022-04-12,16:16,High,Clear,Dry,5,33.0009,-81.0305,16,4,2022,2022-04,Day
3195,San Jose,2022-08-09,12:27,Medium,Clear,Dry,5,36.2838,-120.3718,12,8,2022,2022-08,Day
3196,New York,2021-11-03,18:05,Low,Snow,Dry,2,33.7439,-102.4458,18,11,2021,2021-11,Night
3197,San Diego,2021-12-10,11:24,Medium,Fog,Icy,2,46.7827,-111.3657,11,12,2021,2021-12,Day
3198,Los Angeles,2023-11-01,13:36,High,Clear,Dry,1,38.346,-120.264,13,11,2023,2023-11,Day
3199,Houston,2021-01-22,10:33,Medium,Fog,Wet,2,47.4517,-83.214,10,1,2021,2021-01,Day
3200,San Jose,2023-04-27,10:59,Medium,Rain,Wet,2,40.2829,-95.2669,10,4,2023,2023-04,Day
3201,New York,2023-01-14,16:17,High,Fog,Icy,5,40.4306,-90.8276,16,1,2023,2023-01,Day
3202,Chicago,2023-10-13,06:26,High,Fog,Wet,5,27.4712,-107.1507,6,10,2023,2023-10,Day
3203,Los Angeles,2023-10-03,19:45,Medium,Rain,Dry,4,43.2338,-86.1894,19,10,2023,2023-10,Night
3204,Philadelphia,2022-04-24,14:49,Low,Fog,Slippery,3,28.0077,-72.944,14,4,2022,2022-04,Day
3205,Houston,2021-03-03,17:24,High,Clear,Dry,5,43.3735,-106.247,17,3,2021,2021-03,Day
3206,Phoenix,2023-07-10,12:37,Medium,Rain,Under Construction,3,30.6468,-108.2708,12,7,2023,2023-07,Day
3207,Phoenix,2021-03-30,16:25,Medium,Rain,Dry,3,26.3284,-109.5333,16,3,2021,2021-03,Day
3208,San Antonio,2023-11-14,20:41,Medium,Clear,Icy,2,31.1,-110.4409,20,11,2023,2023-11,Night
3209,Houston,2022-04-21,11:33,Low,Windy,Dry,1,40.7787,-101.7785,11,4,2022,2022-04,Day
3210,New York,2022-04-27,14:04,Medium,Clear,Slippery,4,39.3036,-102.1484,14,4,2022,2022-04,Day
3211,Austin,2021-01-02,21:37,Low,Clear,Dry,4,34.8972,-74.4717,21,1,2021,2021-01,Night
3212,New York,2021-09-08,17:56,Low,Clear,Icy,1,47.6553,-109.6375,17,9,2021,2021-09,Day
3213,Philadelphia,2023-04-10,17:22,Medium,Rain,Slippery,1,39.6849,-75.0471,17,4,2023,2023-04,Day
3214,Chicago,2021-04-01,03:53,Low,Rain,Dry,3,28.0135,-93.722,3,4,2021,2021-04,Night
3215,Los Angeles,2023-04-02,00:52,Low,Fog,Icy,1,28.8491,-104.3857,0,4,2023,2023-04,Night
3216,New York,2023-09-14,08:33,High,Cloudy,Dry,3,43.6449,-77.4802,8,9,2023,2023-09,Day
3217,Charlotte,2021-07-13,22:05,Medium,Clear,Slippery,1,38.748,-90.4056,22,7,2021,2021-07,Night
3218,San Antonio,2021-08-26,08:25,Medium,Clear,Dry,1,38.2385,-87.0642,8,8,2021,2021-08,Day
3219,Houston,2022-04-01,19:36,Medium,Rain,Icy,4,26.7665,-121.5951,19,4,2022,2022-04,Night
3220,Charlotte,2021-01-24,17:39,Medium,Clear,Dry,5,45.865,-72.3805,17,1,2021,2021-01,Day
3221,Charlotte,2023-01-19,01:58,Low,Clear,Dry,5,30.0601,-79.7354,1,1,2023,2023-01,Night
3222,Philadelphia,2021-06-02,18:17,Low,Clear,Wet,3,25.951,-119.2876,18,6,2021,2021-06,Night
3223,New York,2022-03-13,13:43,High,Rain,Wet,3,33.8632,-84.7499,13,3,2022,2022-03,Day
3224,Houston,2022-06-07,14:24,Low,Cloudy,Slippery,2,45.8177,-80.9724,14,6,2022,2022-06,Day
3225,Los Angeles,2021-09-26,18:41,Low,Clear,Under Construction,3,46.6934,-99.675,18,9,2021,2021-09,Night
3226,New York,2023-10-02,17:10,Medium,Clear,Wet,5,26.883,-115.6852,17,10,2023,2023-10,Day
3227,San Diego,2021-09-27,20:45,Low,Rain,Icy,2,29.5003,-112.5303,20,9,2021,2021-09,Night
3228,Phoenix,2023-01-02,15:47,Medium,Fog,Dry,4,43.1247,-110.4996,15,1,2023,2023-01,Day
3229,San Antonio,2022-08-06,19:21,Medium,Rain,Wet,1,44.4538,-76.1634,19,8,2022,2022-08,Night
3230,San Jose,2023-03-04,16:36,High,Clear,Dry,1,32.9069,-117.3692,16,3,2023,2023-03,Day
3231,Los Angeles,2021-10-16,18:53,Medium,Rain,Dry,3,42.8474,-73.0459,18,10,2021,2021-10,Night
3232,Austin,2021-01-28,09:47,Medium,Clear,Wet,1,40.9112,-96.0227,9,1,2021,2021-01,Day
3233,San Jose,2021-07-29,09:51,High,Clear,Wet,3,31.4513,-76.4854,9,7,2021,2021-07,Day
3234,San Antonio,2021-03-03,19:00,High,Fog,Icy,5,25.7988,-78.9598,19,3,2021,2021-03,Night
3235,Houston,2023-07-25,09:25,Medium,Rain,Wet,3,38.1445,-119.8877,9,7,2023,2023-07,Day
3236,New York,2022-06-13,07:17,Low,Rain,Dry,5,33.259,-73.6445,7,6,2022,2022-06,Day
3237,Chicago,2023-06-27,21:11,Low,Fog,Wet,4,34.3434,-101.6922,21,6,2023,2023-06,Night
3238,Chicago,2021-06-25,20:51,Low,Clear,Slippery,3,36.3935,-94.7293,20,6,2021,2021-06,Night
3239,San Diego,2023-04-01,07:18,Low,Rain,Wet,1,28.0993,-81.3195,7,4,2023,2023-04,Day
3240,Houston,2023-03-05,07:51,Low,Clear,Dry,2,42.6807,-93.9125,7,3,2023,2023-03,Day
3241,Chicago,2023-06-11,00:12,Medium,Clear,Slippery,5,38.6734,-89.171,0,6,2023,2023-06,Night
3242,New York,2023-04-26,13:02,Low,Clear,Dry,4,43.895,-106.6417,13,4,2023,2023-04,Day
3243,Austin,2021-11-20,05:23,Medium,Clear,Dry,2,32.4127,-107.7771,5,11,2021,2021-11,Night
3244,Austin,2022-02-20,11:21,Low,Clear,Wet,5,44.2668,-105.9372,11,2,2022,2022-02,Day
3245,Los Angeles,2023-03-11,20:28,Low,Snow,Dry,2,25.1899,-103.281,20,3,2023,2023-03,Night
3246,New York,2022-04-12,11:49,Medium,Rain,Dry,4,25.3831,-90.1438,11,4,2022,2022-04,Day
3247,Los Angeles,2022-04-16,10:09,Low,Fog,Dry,5,26.9595,-114.362,10,4,2022,2022-04,Day
3248,Dallas,2022-07-09,21:56,Medium,Fog,Dry,1,31.4639,-120.3896,21,7,2022,2022-07,Night
3249,Dallas,2023-09-22,14:16,High,Clear,Icy,4,45.1469,-96.9509,14,9,2023,2023-09,Day
3250,New York,2021-11-06,17:19,Low,Cloudy,Dry,5,28.3873,-117.1781,17,11,2021,2021-11,Day
3251,Jacksonville,2023-10-05,16:36,High,Rain,Wet,1,47.0826,-80.191,16,10,2023,2023-10,Day
3252,Los Angeles,2023-02-24,07:19,Medium,Windy,Wet,5,42.3609,-99.3686,7,2,2023,2023-02,Day
3253,Phoenix,2022-03-21,17:23,Medium,Clear,Slippery,3,44.9374,-100.3154,17,3,2022,2022-03,Day
3254,New York,2022-09-08,14:34,Medium,Windy,Icy,2,32.235,-106.6378,14,9,2022,2022-09,Day
3255,Los Angeles,2022-01-16,07:20,Low,Cloudy,Under Construction,5,42.4162,-93.216,7,1,2022,2022-01,Day
3256,Los Angeles,2022-11-10,04:15,Low,Rain,Wet,5,47.1302,-113.7404,4,11,2022,2022-11,Night
3257,Houston,2022-06-21,12:30,High,Fog,Wet,5,37.5576,-96.2525,12,6,2022,2022-06,Day
3258,Phoenix,2022-10-20,18:52,Low,Rain,Dry,4,32.2083,-118.2427,18,10,2022,2022-10,Night
3259,Philadelphia,2022-03-17,18:24,Medium,Clear,Icy,2,34.111,-117.0453,18,3,2022,2022-03,Night
3260,Dallas,2021-03-12,13:18,High,Clear,Under Construction,2,25.0872,-79.41,13,3,2021,2021-03,Day
3261,Los Angeles,2021-02-01,19:05,Low,Clear,Icy,5,33.7849,-106.0937,19,2,2021,2021-02,Night
3262,Los Angeles,2023-08-03,10:59,Low,Fog,Slippery,1,43.6478,-86.4567,10,8,2023,2023-08,Day
3263,Los Angeles,2023-01-13,08:52,Low,Rain,Dry,5,34.9391,-90.0063,8,1,2023,2023-01,Day
3264,New York,2021-02-28,06:48,Low,Rain,Dry,3,38.7944,-96.1906,6,2,2021,2021-02,Day
3265,Houston,2022-12-30,19:45,Low,Rain,Wet,4,36.7699,-119.2083,19,12,2022,2022-12,Night
3266,San Antonio,2021-09-25,06:36,Medium,Clear,Dry,2,36.8443,-96.4657,6,9,2021,2021-09,Day
3267,Indianapolis,2022-08-14,15:02,Low,Clear,Dry,2,45.0317,-105.2824,15,8,2022,2022-08,Day
3268,New York,2021-03-25,21:28,Medium,Rain,Under Construction,5,30.0219,-101.3902,21,3,2021,2021-03,Night
3269,Dallas,2023-08-07,10:30,Medium,Clear,Dry,4,33.8549,-77.2993,10,8,2023,2023-08,Day
3270,San Diego,2022-12-25,12:00,Medium,Hail,Dry,5,44.6075,-115.7524,12,12,2022,2022-12,Day
3271,Philadelphia,2022-01-06,19:41,Low,Snow,Dry,5,34.5528,-72.1639,19,1,2022,2022-01,Night
3272,Los Angeles,2021-12-04,13:50,Medium,Clear,Wet,2,38.77,-111.7268,13,12,2021,2021-12,Day
3273,San Jose,2021-01-23,21:46,Medium,Windy,Dry,2,40.2319,-120.0924,21,1,2021,2021-01,Night
3274,New York,2023-04-04,12:25,Low,Clear,Dry,2,29.6548,-88.0215,12,4,2023,2023-04,Day
3275,Phoenix,2022-06-26,08:21,Medium,Rain,Under Construction,1,27.5867,-94.9156,8,6,2022,2022-06,Day
3276,Houston,2022-09-26,23:51,Low,Hail,Dry,1,45.0771,-83.0332,23,9,2022,2022-09,Night
3277,Phoenix,2023-08-16,15:05,Medium,Clear,Wet,2,43.1535,-108.8741,15,8,2023,2023-08,Day
3278,Houston,2023-12-20,06:44,Low,Clear,Dry,5,43.5493,-85.093,6,12,2023,2023-12,Day
3279,Los Angeles,2022-06-13,07:39,Medium,Clear,Dry,4,29.4487,-86.1539,7,6,2022,2022-06,Day
3280,Phoenix,2022-11-21,15:11,Medium,Rain,Dry,3,38.063,-103.2342,15,11,2022,2022-11,Day
3281,San Jose,2023-05-21,05:53,Low,Clear,Wet,5,32.9591,-81.7297,5,5,2023,2023-05,Night
3282,Philadelphia,2021-02-18,22:41,Low,Clear,Dry,2,29.4157,-90.3941,22,2,2021,2021-02,Night
3283,Jacksonville,2021-01-27,17:31,Low,Snow,Dry,1,26.8859,-90.2909,17,1,2021,2021-01,Day
3284,Chicago,2022-11-16,10:00,Low,Clear,Under Construction,4,39.2249,-82.5767,10,11,2022,2022-11,Day
3285,New York,2022-06-20,23:38,Low,Fog,Under Construction,1,43.4052,-102.0074,23,6,2022,2022-06,Night
3286,San Antonio,2022-05-28,19:45,Low,Rain,Icy,5,38.1258,-117.3428,19,5,2022,2022-05,Night
3287,Charlotte,2023-09-13,08:42,Low,Rain,Wet,4,40.3251,-101.8706,8,9,2023,2023-09,Day
3288,San Diego,2022-01-07,22:37,Low,Snow,Icy,4,29.1677,-106.1113,22,1,2022,2022-01,Night
3289,Austin,2021-12-22,05:32,Medium,Clear,Dry,3,45.9569,-89.7366,5,12,2021,2021-12,Night
3290,San Jose,2023-08-19,06:54,Low,Cloudy,Dry,2,28.61,-76.4249,6,8,2023,2023-08,Day
3291,Dallas,2023-08-15,00:07,Low,Rain,Icy,4,40.5463,-111.3087,0,8,2023,2023-08,Night
3292,Houston,2022-01-10,18:54,High,Rain,Wet,4,36.6929,-86.2313,18,1,2022,2022-01,Night
3293,Charlotte,2023-05-11,18:02,Medium,Rain,Dry,3,36.522,-70.7119,18,5,2023,2023-05,Night
3294,Charlotte,2023-09-08,20:52,Medium,Snow,Slippery,2,47.8358,-100.6425,20,9,2023,2023-09,Night
3295,Los Angeles,2022-07-11,20:03,Low,Rain,Icy,4,45.3555,-82.2088,20,7,2022,2022-07,Night
3296,Columbus,2022-12-20,16:51,Low,Clear,Dry,4,33.8553,-108.5173,16,12,2022,2022-12,Day
3297,New York,2022-06-27,22:47,Low,Rain,Wet,3,44.6344,-74.8295,22,6,2022,2022-06,Night
3298,San Diego,2022-10-17,17:45,Low,Fog,Dry,4,28.902,-88.3324,17,10,2022,2022-10,Day
3299,Phoenix,2022-07-13,17:47,Low,Snow,Wet,3,32.6536,-120.5968,17,7,2022,2022-07,Day
3300,Los Angeles,2023-06-23,19:22,High,Clear,Under Construction,5,25.1677,-110.0623,19,6,2023,2023-06,Night
3301,Chicago,2022-03-19,08:34,Medium,Clear,Wet,1,30.6965,-90.7565,8,3,2022,2022-03,Day
3302,New York,2022-09-13,22:33,High,Snow,Dry,2,35.5478,-119.1211,22,9,2022,2022-09,Night
3303,Dallas,2022-07-17,06:00,Low,Clear,Under Construction,3,44.2839,-105.6602,6,7,2022,2022-07,Day
3304,New York,2021-04-04,19:56,Low,Clear,Wet,5,34.9333,-111.4913,19,4,2021,2021-04,Night
3305,Los Angeles,2022-08-20,21:29,Medium,Rain,Under Construction,4,44.8667,-83.2305,21,8,2022,2022-08,Night
3306,Indianapolis,2022-05-23,08:54,High,Clear,Icy,5,35.9144,-116.2041,8,5,2022,2022-05,Day
3307,Indianapolis,2021-10-28,18:45,Medium,Snow,Dry,1,25.4864,-89.3292,18,10,2021,2021-10,Night
3308,Philadelphia,2023-06-13,04:51,Medium,Rain,Dry,3,47.4653,-108.3567,4,6,2023,2023-06,Night
3309,Houston,2023-08-04,13:40,Medium,Windy,Slippery,1,34.8237,-108.2935,13,8,2023,2023-08,Day
3310,Jacksonville,2022-03-17,20:28,Low,Fog,Dry,5,29.8386,-104.2475,20,3,2022,2022-03,Night
3311,San Diego,2022-12-06,17:49,Low,Clear,Icy,1,41.7026,-77.2427,17,12,2022,2022-12,Day
3312,Phoenix,2023-08-22,11:48,Medium,Rain,Slippery,5,40.6446,-115.773,11,8,2023,2023-08,Day
3313,Columbus,2021-11-24,16:15,Low,Clear,Dry,1,27.9296,-96.4168,16,11,2021,2021-11,Day
3314,San Antonio,2022-06-04,11:41,High,Hail,Dry,2,45.9122,-109.0801,11,6,2022,2022-06,Day
3315,New York,2023-04-23,21:28,High,Rain,Under Construction,4,38.3119,-82.5583,21,4,2023,2023-04,Night
3316,New York,2023-04-09,19:23,Low,Clear,Dry,1,47.2092,-94.5591,19,4,2023,2023-04,Night
3317,Los Angeles,2022-09-10,12:46,High,Snow,Dry,5,44.3528,-103.734,12,9,2022,2022-09,Day
3318,Chicago,2022-03-13,12:55,Low,Rain,Slippery,3,39.2644,-97.0811,12,3,2022,2022-03,Day
3319,Los Angeles,2023-11-19,05:00,High,Rain,Icy,2,43.2128,-81.1345,5,11,2023,2023-11,Night
3320,Houston,2022-06-09,09:05,Medium,Clear,Wet,3,46.8078,-70.3199,9,6,2022,2022-06,Day
3321,Philadelphia,2021-03-27,15:42,Low,Fog,Dry,2,47.9045,-71.4707,15,3,2021,2021-03,Day
3322,Chicago,2021-03-10,13:56,Low,Fog,Dry,4,39.2442,-81.3756,13,3,2021,2021-03,Day
3323,Los Angeles,2021-09-12,18:10,High,Clear,Dry,5,40.1431,-101.0853,18,9,2021,2021-09,Night
3324,Austin,2022-02-06,08:38,Low,Clear,Icy,4,33.1104,-71.6092,8,2,2022,2022-02,Day
3325,San Diego,2022-05-17,02:38,Low,Clear,Icy,1,43.4991,-86.5039,2,5,2022,2022-05,Night
3326,New York,2022-03-03,21:01,High,Rain,Dry,1,37.8438,-74.088,21,3,2022,2022-03,Night
3327,Los Angeles,2021-01-09,02:08,Medium,Rain,Wet,4,46.4654,-115.4316,2,1,2021,2021-01,Night
3328,New York,2021-04-24,10:55,Medium,Rain,Slippery,1,45.9195,-103.9773,10,4,2021,2021-04,Day
3329,Los Angeles,2023-12-23,10:28,Medium,Clear,Icy,5,35.2826,-111.3622,10,12,2023,2023-12,Day
3330,Los Angeles,2023-12-13,21:09,Medium,Rain,Dry,5,44.0869,-102.5131,21,12,2023,2023-12,Night
3331,New York,2021-06-23,14:31,Medium,Fog,Slippery,4,46.4313,-77.6985,14,6,2021,2021-06,Day
3332,Phoenix,2022-12-29,20:06,Low,Clear,Wet,4,42.8021,-81.261,20,12,2022,2022-12,Night
3333,San Antonio,2021-06-12,11:21,Low,Cloudy,Dry,4,41.7424,-77.6756,11,6,2021,2021-06,Day
3334,Dallas,2022-11-04,19:16,Medium,Clear,Icy,1,43.9648,-82.3652,19,11,2022,2022-11,Night
3335,Dallas,2023-11-16,15:37,High,Snow,Wet,5,38.1585,-87.9708,15,11,2023,2023-11,Day
3336,New York,2022-08-14,12:18,High,Clear,Slippery,4,38.7002,-103.2222,12,8,2022,2022-08,Day
3337,San Jose,2022-12-23,16:51,Low,Snow,Wet,1,44.7525,-95.5949,16,12,2022,2022-12,Day
3338,Houston,2021-10-02,17:28,Low,Clear,Icy,4,46.4768,-107.8815,17,10,2021,2021-10,Day
3339,Dallas,2022-01-04,11:56,Low,Rain,Dry,3,41.9432,-79.7638,11,1,2022,2022-01,Day
3340,San Antonio,2022-05-24,13:30,Low,Clear,Dry,3,45.5323,-90.808,13,5,2022,2022-05,Day
3341,Philadelphia,2022-08-06,15:19,Medium,Rain,Dry,1,35.0367,-115.1063,15,8,2022,2022-08,Day
3342,Jacksonville,2022-11-30,19:42,Low,Clear,Wet,3,45.7377,-73.6333,19,11,2022,2022-11,Night
3343,San Antonio,2023-07-12,12:16,Medium,Clear,Dry,2,45.9591,-70.742,12,7,2023,2023-07,Day
3344,Houston,2023-10-03,07:30,Low,Clear,Dry,3,46.814,-85.9416,7,10,2023,2023-10,Day
3345,Columbus,2022-02-18,09:31,Medium,Clear,Dry,3,32.737,-109.4857,9,2,2022,2022-02,Day
3346,Indianapolis,2022-08-17,11:39,High,Clear,Dry,2,47.039,-99.9539,11,8,2022,2022-08,Day
3347,Indianapolis,2022-03-16,08:50,Medium,Rain,Slippery,4,34.5395,-119.1936,8,3,2022,2022-03,Day
3348,Indianapolis,2022-12-31,18:19,Medium,Clear,Wet,1,31.7552,-117.8682,18,12,2022,2022-12,Night
3349,Dallas,2021-07-01,11:21,Medium,Fog,Dry,5,35.5062,-109.9613,11,7,2021,2021-07,Day
3350,New York,2023-03-12,15:56,High,Rain,Dry,1,40.3693,-100.1478,15,3,2023,2023-03,Day
3351,Phoenix,2023-12-09,15:56,Medium,Clear,Wet,1,25.7685,-102.6661,15,12,2023,2023-12,Day
3352,New York,2022-02-08,16:05,High,Clear,Dry,3,26.1152,-90.2234,16,2,2022,2022-02,Day
3353,Los Angeles,2022-01-24,17:46,Low,Rain,Dry,5,25.979,-74.6984,17,1,2022,2022-01,Day
3354,Houston,2022-04-29,14:40,Low,Rain,Under Construction,5,37.2428,-111.0147,14,4,2022,2022-04,Day
3355,Phoenix,2022-09-01,10:28,Medium,Clear,Dry,4,30.7147,-76.1376,10,9,2022,2022-09,Day
3356,Los Angeles,2021-10-04,18:34,Medium,Clear,Dry,4,35.0042,-97.0018,18,10,2021,2021-10,Night
3357,Chicago,2021-11-01,18:26,High,Clear,Wet,2,42.6294,-82.2208,18,11,2021,2021-11,Night
3358,Houston,2023-10-11,16:27,Medium,Fog,Dry,1,40.7113,-93.4174,16,10,2023,2023-10,Day
3359,Los Angeles,2023-06-28,19:19,Medium,Clear,Wet,1,32.037,-72.6066,19,6,2023,2023-06,Night
3360,Indianapolis,2023-02-26,19:13,Medium,Fog,Dry,3,32.5965,-99.2676,19,2,2023,2023-02,Night
3361,San Antonio,2022-09-29,17:12,Low,Clear,Dry,5,42.4571,-77.9617,17,9,2022,2022-09,Day
3362,Chicago,2023-02-08,09:37,Medium,Windy,Wet,1,40.2096,-94.0357,9,2,2023,2023-02,Day
3363,New York,2021-10-12,15:50,Medium,Rain,Under Construction,2,31.1247,-92.8704,15,10,2021,2021-10,Day
3364,Los Angeles,2021-10-09,08:03,Low,Rain,Wet,3,26.2244,-101.8861,8,10,2021,2021-10,Day
3365,Phoenix,2021-05-12,08:26,Low,Cloudy,Wet,3,36.4028,-109.2804,8,5,2021,2021-05,Day
3366,San Antonio,2022-06-28,19:20,Medium,Cloudy,Dry,4,40.2396,-88.1102,19,6,2022,2022-06,Night
3367,Phoenix,2023-02-01,19:29,Medium,Clear,Slippery,3,26.5434,-83.7924,19,2,2023,2023-02,Night
3368,San Diego,2023-03-22,16:30,Low,Clear,Wet,2,47.2666,-74.3946,16,3,2023,2023-03,Day
3369,Houston,2021-12-06,13:23,Low,Clear,Dry,3,43.3916,-112.7663,13,12,2021,2021-12,Day
3370,Indianapolis,2021-05-06,10:05,Medium,Clear,Dry,1,44.9056,-114.861,10,5,2021,2021-05,Day
3371,Philadelphia,2022-05-27,10:40,Medium,Rain,Wet,1,43.5027,-100.7399,10,5,2022,2022-05,Day
3372,Columbus,2021-07-27,08:20,Medium,Clear,Dry,3,47.7445,-74.5531,8,7,2021,2021-07,Day
3373,Jacksonville,2022-01-16,18:32,Medium,Clear,Wet,2,29.2818,-96.5216,18,1,2022,2022-01,Night
3374,Los Angeles,2021-04-08,18:08,Medium,Clear,Dry,5,39.1589,-117.9741,18,4,2021,2021-04,Night
3375,Los Angeles,2023-10-03,03:23,Medium,Rain,Dry,3,38.3487,-82.1356,3,10,2023,2023-10,Night
3376,Chicago,2023-01-12,16:01,Low,Clear,Dry,5,39.27,-117.0245,16,1,2023,2023-01,Day
3377,Chicago,2021-08-20,19:13,High,Snow,Dry,1,39.4328,-97.085,19,8,2021,2021-08,Night
3378,Houston,2023-01-21,07:02,Low,Fog,Slippery,2,27.5009,-93.4125,7,1,2023,2023-01,Day
3379,Charlotte,2023-07-23,10:51,High,Clear,Under Construction,2,47.2278,-113.9401,10,7,2023,2023-07,Day
3380,New York,2022-08-04,09:39,Low,Fog,Dry,4,34.4584,-101.2965,9,8,2022,2022-08,Day
3381,Houston,2021-03-30,07:12,High,Hail,Dry,1,34.626,-114.4316,7,3,2021,2021-03,Day
3382,New York,2023-07-19,10:21,Medium,Clear,Dry,2,34.3192,-75.6343,10,7,2023,2023-07,Day
3383,Chicago,2021-04-28,07:46,Low,Cloudy,Dry,4,37.6468,-119.8332,7,4,2021,2021-04,Day
3384,San Jose,2021-01-06,10:04,High,Clear,Wet,4,35.4337,-86.2159,10,1,2021,2021-01,Day
3385,Chicago,2022-02-19,19:15,Medium,Rain,Dry,2,25.3841,-77.018,19,2,2022,2022-02,Night
3386,San Antonio,2022-07-13,14:46,Low,Clear,Slippery,3,35.8808,-119.0846,14,7,2022,2022-07,Day
3387,New York,2023-06-25,15:12,Low,Rain,Dry,3,29.0627,-86.463,15,6,2023,2023-06,Day
3388,Chicago,2023-04-25,18:50,High,Clear,Dry,1,28.2817,-120.2049,18,4,2023,2023-04,Night
3389,Columbus,2021-05-21,20:41,Low,Clear,Wet,3,27.2661,-90.4468,20,5,2021,2021-05,Night
3390,Chicago,2022-01-25,10:49,Low,Windy,Dry,2,25.1498,-96.9363,10,1,2022,2022-01,Day
3391,Houston,2023-01-25,17:12,High,Clear,Icy,3,27.7489,-81.9044,17,1,2023,2023-01,Day
3392,Houston,2022-06-24,08:59,Medium,Clear,Icy,1,44.0545,-83.1721,8,6,2022,2022-06,Day
3393,Los Angeles,2023-06-22,05:52,Medium,Snow,Dry,2,44.84,-74.1379,5,6,2023,2023-06,Night
3394,Jacksonville,2023-08-22,06:41,Medium,Clear,Dry,4,38.918,-102.5013,6,8,2023,2023-08,Day
3395,Indianapolis,2022-12-28,16:31,Low,Rain,Wet,1,42.5599,-118.4022,16,12,2022,2022-12,Day
3396,Chicago,2021-04-28,17:46,High,Clear,Dry,5,29.3517,-84.6913,17,4,2021,2021-04,Day
3397,Indianapolis,2021-05-31,13:13,Low,Rain,Dry,5,41.4079,-108.5996,13,5,2021,2021-05,Day
3398,Dallas,2022-09-07,03:22,High,Clear,Under Construction,3,44.0448,-71.0859,3,9,2022,2022-09,Night
3399,Jacksonville,2022-11-16,15:59,Medium,Rain,Slippery,4,44.8951,-121.6513,15,11,2022,2022-11,Day
3400,New York,2022-06-19,12:55,Medium,Rain,Dry,2,35.3538,-91.7897,12,6,2022,2022-06,Day
3401,New York,2021-11-24,12:48,High,Rain,Dry,1,27.7895,-99.3223,12,11,2021,2021-11,Day
3402,Indianapolis,2021-02-10,18:01,High,Fog,Dry,1,38.5156,-118.4638,18,2,2021,2021-02,Night
3403,Austin,2022-07-25,19:00,Low,Rain,Dry,2,47.8773,-96.0211,19,7,2022,2022-07,Night
3404,New York,2023-04-12,17:33,High,Snow,Wet,5,35.6221,-79.1894,17,4,2023,2023-04,Day
3405,Los Angeles,2023-10-13,19:05,Medium,Clear,Dry,2,45.2616,-116.7711,19,10,2023,2023-10,Night
3406,San Jose,2022-11-19,12:41,Medium,Clear,Dry,4,35.3408,-88.9415,12,11,2022,2022-11,Day
3407,Philadelphia,2023-01-12,12:51,Low,Rain,Dry,1,33.1443,-79.5704,12,1,2023,2023-01,Day
3408,Houston,2021-09-04,22:23,High,Fog,Wet,4,43.3329,-84.0084,22,9,2021,2021-09,Night
3409,Phoenix,2021-12-24,11:03,Low,Rain,Dry,5,34.5695,-97.41,11,12,2021,2021-12,Day
3410,New York,2023-01-14,14:35,Low,Fog,Dry,4,46.7091,-107.328,14,1,2023,2023-01,Day
3411,Jacksonville,2023-07-13,16:23,Medium,Rain,Wet,3,40.0559,-106.0415,16,7,2023,2023-07,Day
3412,Philadelphia,2022-04-27,11:38,Medium,Clear,Dry,1,44.3741,-90.195,11,4,2022,2022-04,Day
3413,Los Angeles,2021-05-07,17:57,Medium,Clear,Dry,4,27.5745,-117.3696,17,5,2021,2021-05,Day
3414,Los Angeles,2023-05-11,22:36,Low,Rain,Dry,1,30.6423,-93.1341,22,5,2023,2023-05,Night
3415,Houston,2022-03-20,03:41,Low,Fog,Wet,4,33.6,-109.7581,3,3,2022,2022-03,Night
3416,Los Angeles,2022-11-10,07:44,Low,Rain,Icy,4,30.8324,-95.7826,7,11,2022,2022-11,Day
3417,Houston,2021-08-21,08:10,High,Rain,Dry,3,27.8111,-110.0006,8,8,2021,2021-08,Day
3418,Philadelphia,2021-12-05,19:08,Low,Rain,Wet,3,45.8303,-121.5801,19,12,2021,2021-12,Night
3419,Dallas,2022-05-16,15:17,High,Clear,Icy,1,32.2741,-71.7973,15,5,2022,2022-05,Day
3420,Jacksonville,2023-10-11,18:49,Low,Clear,Dry,2,40.3943,-110.9925,18,10,2023,2023-10,Night
3421,Phoenix,2022-10-16,08:15,Medium,Clear,Dry,3,25.7281,-91.4443,8,10,2022,2022-10,Day
3422,Los Angeles,2023-07-30,07:39,Low,Fog,Dry,3,35.3663,-103.6784,7,7,2023,2023-07,Day
3423,Los Angeles,2023-05-06,08:39,Low,Clear,Wet,4,47.4591,-80.0575,8,5,2023,2023-05,Day
3424,Philadelphia,2022-10-08,10:25,Low,Fog,Wet,3,31.1185,-116.4799,10,10,2022,2022-10,Day
3425,Jacksonville,2021-05-19,01:09,Medium,Rain,Dry,2,33.0226,-78.2423,1,5,2021,2021-05,Night
3426,New York,2021-11-04,06:00,Medium,Clear,Wet,5,34.5602,-75.5302,6,11,2021,2021-11,Day
3427,San Jose,2021-08-21,08:09,High,Rain,Dry,3,29.8332,-106.0523,8,8,2021,2021-08,Day
3428,New York,2023-10-27,20:04,Low,Rain,Slippery,3,35.5353,-101.4277,20,10,2023,2023-10,Night
3429,Houston,2021-07-09,20:53,High,Snow,Dry,2,31.9434,-73.078,20,7,2021,2021-07,Night
3430,New York,2022-10-25,10:10,Low,Clear,Dry,3,43.2401,-89.6049,10,10,2022,2022-10,Day
3431,Philadelphia,2021-12-14,07:15,Low,Snow,Dry,4,30.6608,-106.6546,7,12,2021,2021-12,Day
3432,New York,2022-07-20,12:58,High,Rain,Dry,3,35.8625,-119.4215,12,7,2022,2022-07,Day
3433,Austin,2021-04-14,12:50,High,Rain,Under Construction,1,35.1544,-70.2489,12,4,2021,2021-04,Day
3434,Chicago,2023-01-03,06:12,Low,Rain,Wet,2,25.0105,-113.1362,6,1,2023,2023-01,Day
3435,Chicago,2022-08-20,16:31,Low,Rain,Slippery,3,35.0308,-87.4482,16,8,2022,2022-08,Day
3436,Chicago,2021-06-25,14:58,Low,Clear,Dry,4,33.2721,-80.2118,14,6,2021,2021-06,Day
3437,Austin,2021-10-15,14:38,Low,Cloudy,Wet,3,37.6943,-99.1593,14,10,2021,2021-10,Day
3438,Phoenix,2021-07-22,17:46,Low,Clear,Dry,3,38.6309,-113.1504,17,7,2021,2021-07,Day
3439,San Diego,2021-08-26,17:06,Low,Rain,Wet,5,27.5968,-116.2718,17,8,2021,2021-08,Day
3440,Austin,2021-01-15,18:13,High,Rain,Dry,5,38.3649,-91.8146,18,1,2021,2021-01,Night
3441,Chicago,2022-08-06,20:26,Low,Clear,Dry,1,27.4857,-106.2975,20,8,2022,2022-08,Night
3442,Columbus,2021-03-29,07:39,Medium,Fog,Dry,5,36.8103,-94.9303,7,3,2021,2021-03,Day
3443,Philadelphia,2023-04-06,11:19,Medium,Clear,Dry,5,27.8664,-87.5721,11,4,2023,2023-04,Day
3444,Charlotte,2023-07-26,20:20,High,Cloudy,Dry,3,40.9585,-92.0109,20,7,2023,2023-07,Night
3445,Dallas,2022-10-04,08:09,Medium,Clear,Dry,2,26.4176,-105.6384,8,10,2022,2022-10,Day
3446,Houston,2021-10-09,08:22,High,Fog,Slippery,2,31.6659,-93.7565,8,10,2021,2021-10,Day
3447,Columbus,2021-01-26,18:09,High,Cloudy,Dry,4,35.9621,-117.753,18,1,2021,2021-01,Night
3448,New York,2022-05-13,23:10,Low,Clear,Icy,3,28.6553,-94.0814,23,5,2022,2022-05,Night
3449,Houston,2023-06-23,19:52,Low,Clear,Dry,2,39.9917,-89.007,19,6,2023,2023-06,Night
3450,Columbus,2023-10-08,16:58,Medium,Cloudy,Dry,5,41.1184,-75.4241,16,10,2023,2023-10,Day
3451,New York,2023-10-20,13:08,Medium,Clear,Icy,1,25.4707,-78.7069,13,10,2023,2023-10,Day
3452,Jacksonville,2021-03-15,20:23,Low,Rain,Icy,5,41.4377,-96.3616,20,3,2021,2021-03,Night
3453,Austin,2021-10-24,10:29,Low,Clear,Dry,3,45.3633,-99.2829,10,10,2021,2021-10,Day
3454,San Antonio,2023-12-26,16:13,Medium,Snow,Icy,2,38.3614,-105.4087,16,12,2023,2023-12,Day
3455,New York,2022-01-15,08:42,Medium,Fog,Wet,2,45.8802,-88.2986,8,1,2022,2022-01,Day
3456,Philadelphia,2021-12-07,18:29,Medium,Clear,Slippery,1,31.3065,-88.1629,18,12,2021,2021-12,Night
3457,Houston,2022-04-21,11:58,Medium,Clear,Wet,3,38.3127,-118.3196,11,4,2022,2022-04,Day
3458,Philadelphia,2021-06-15,18:43,Low,Clear,Dry,2,32.1866,-97.6859,18,6,2021,2021-06,Night
3459,Houston,2021-04-27,11:52,High,Rain,Dry,3,25.141,-92.9533,11,4,2021,2021-04,Day
3460,Philadelphia,2022-09-02,15:42,Medium,Cloudy,Dry,3,35.4896,-95.7624,15,9,2022,2022-09,Day
3461,Los Angeles,2023-04-30,07:04,High,Snow,Slippery,3,26.6781,-81.3806,7,4,2023,2023-04,Day
3462,Chicago,2022-06-11,15:47,Medium,Clear,Dry,3,32.7429,-111.8005,15,6,2022,2022-06,Day
3463,Chicago,2022-01-22,18:47,Low,Clear,Wet,2,40.1673,-103.5719,18,1,2022,2022-01,Night
3464,Phoenix,2021-07-23,02:26,Low,Rain,Under Construction,4,30.2757,-82.6719,2,7,2021,2021-07,Night
3465,Dallas,2021-01-21,21:21,Low,Rain,Dry,2,28.2353,-108.4376,21,1,2021,2021-01,Night
3466,Jacksonville,2023-05-10,20:31,Medium,Rain,Under Construction,1,47.8401,-111.6665,20,5,2023,2023-05,Night
3467,Philadelphia,2021-12-20,08:52,Low,Clear,Dry,5,43.7682,-88.0003,8,12,2021,2021-12,Day
3468,Chicago,2022-04-17,11:55,Medium,Rain,Wet,2,46.947,-115.7597,11,4,2022,2022-04,Day
3469,Charlotte,2021-11-27,12:20,Medium,Fog,Dry,2,26.6176,-106.0977,12,11,2021,2021-11,Day
3470,Columbus,2022-02-26,08:06,High,Rain,Dry,2,26.2383,-99.5368,8,2,2022,2022-02,Day
3471,Columbus,2022-11-16,18:37,Medium,Clear,Dry,5,27.1971,-80.3393,18,11,2022,2022-11,Night
3472,Philadelphia,2022-05-14,17:19,Low,Clear,Dry,1,27.9668,-95.9584,17,5,2022,2022-05,Day
3473,New York,2022-09-16,05:16,Low,Clear,Wet,4,26.4417,-89.0108,5,9,2022,2022-09,Night
3474,Austin,2023-08-22,14:41,Low,Fog,Dry,5,38.2007,-77.1823,14,8,2023,2023-08,Day
3475,Indianapolis,2021-01-23,08:08,Low,Rain,Wet,3,29.9,-111.3436,8,1,2021,2021-01,Day
3476,Houston,2022-09-18,07:02,Low,Clear,Dry,4,25.0447,-121.3767,7,9,2022,2022-09,Day
3477,Los Angeles,2022-08-22,06:07,Low,Hail,Dry,3,28.0626,-84.5209,6,8,2022,2022-08,Day
3478,San Diego,2021-10-28,17:08,Medium,Clear,Icy,4,28.001,-117.5755,17,10,2021,2021-10,Day
3479,Dallas,2023-02-13,19:04,High,Rain,Icy,5,37.7493,-84.8037,19,2,2023,2023-02,Night
3480,Dallas,2023-07-19,13:30,High,Snow,Dry,4,35.6885,-118.0243,13,7,2023,2023-07,Day
3481,Philadelphia,2022-03-13,16:05,Medium,Rain,Wet,2,25.9596,-95.6527,16,3,2022,2022-03,Day
3482,New York,2022-04-06,03:23,Low,Clear,Wet,5,43.5952,-117.6063,3,4,2022,2022-04,Night
3483,Los Angeles,2023-07-24,19:14,Medium,Cloudy,Dry,5,40.1184,-81.4993,19,7,2023,2023-07,Night
3484,Austin,2021-03-24,09:40,Low,Rain,Dry,3,39.2558,-74.827,9,3,2021,2021-03,Day
3485,San Diego,2021-08-06,18:34,Low,Clear,Dry,3,45.7121,-78.9836,18,8,2021,2021-08,Night
3486,Los Angeles,2022-01-27,18:37,Low,Rain,Dry,4,30.2418,-105.6713,18,1,2022,2022-01,Night
3487,New York,2023-05-12,20:00,Low,Rain,Wet,3,29.5361,-92.9361,20,5,2023,2023-05,Night
3488,Columbus,2022-07-26,08:43,Low,Rain,Wet,2,40.4967,-108.117,8,7,2022,2022-07,Day
3489,Phoenix,2021-03-15,13:58,Medium,Clear,Dry,5,45.1141,-94.0216,13,3,2021,2021-03,Day
3490,Dallas,2021-12-04,17:57,High,Fog,Icy,1,42.0261,-98.3123,17,12,2021,2021-12,Day
3491,Charlotte,2021-10-14,17:00,Low,Fog,Dry,1,47.7048,-81.3209,17,10,2021,2021-10,Day
3492,Houston,2022-08-28,12:44,Medium,Rain,Dry,3,27.1799,-75.8384,12,8,2022,2022-08,Day
3493,Phoenix,2022-09-29,15:26,Medium,Clear,Dry,4,27.8999,-106.7981,15,9,2022,2022-09,Day
3494,Philadelphia,2023-10-17,05:16,Medium,Clear,Icy,1,36.5479,-97.7575,5,10,2023,2023-10,Night
3495,Chicago,2021-01-29,08:10,Medium,Rain,Wet,2,43.0741,-120.4843,8,1,2021,2021-01,Day
3496,Chicago,2022-05-16,07:53,Medium,Rain,Under Construction,4,40.1172,-108.6689,7,5,2022,2022-05,Day
3497,San Jose,2021-05-03,18:40,Low,Hail,Wet,1,43.4644,-98.9999,18,5,2021,2021-05,Night
3498,New York,2023-10-22,21:36,Medium,Rain,Dry,1,31.4977,-94.5754,21,10,2023,2023-10,Night
3499,Los Angeles,2021-08-04,21:43,Low,Clear,Under Construction,2,28.1257,-117.6456,21,8,2021,2021-08,Night
3500,Chicago,2022-06-26,21:44,Low,Rain,Dry,4,33.4457,-117.805,21,6,2022,2022-06,Night
3501,Los Angeles,2023-08-31,05:15,High,Rain,Dry,2,33.1443,-102.1707,5,8,2023,2023-08,Night
3502,Austin,2023-08-19,10:52,Medium,Clear,Dry,3,27.1024,-88.231,10,8,2023,2023-08,Day
3503,Austin,2021-11-14,08:04,Low,Rain,Dry,1,39.7218,-120.5561,8,11,2021,2021-11,Day
3504,Dallas,2021-01-24,13:15,Medium,Clear,Icy,3,45.0363,-112.8201,13,1,2021,2021-01,Day
3505,Jacksonville,2022-09-26,09:41,Medium,Clear,Under Construction,2,42.21,-102.9921,9,9,2022,2022-09,Day
3506,New York,2022-02-14,15:42,Medium,Clear,Icy,1,47.1564,-105.7412,15,2,2022,2022-02,Day
3507,Houston,2022-09-30,09:09,Medium,Rain,Slippery,3,32.2354,-99.1934,9,9,2022,2022-09,Day
3508,Houston,2022-10-11,14:09,Low,Rain,Dry,5,27.4487,-77.7213,14,10,2022,2022-10,Day
3509,Austin,2022-09-29,22:11,Low,Clear,Dry,2,43.986,-95.4188,22,9,2022,2022-09,Night
3510,Charlotte,2022-02-27,22:47,Low,Rain,Wet,1,32.7295,-73.845,22,2,2022,2022-02,Night
3511,Phoenix,2023-10-13,10:55,Medium,Clear,Wet,4,43.5908,-103.243,10,10,2023,2023-10,Day
3512,Los Angeles,2022-08-27,21:22,Medium,Rain,Dry,3,31.5613,-74.6932,21,8,2022,2022-08,Night
3513,Los Angeles,2023-03-11,09:37,Low,Clear,Dry,4,25.2003,-92.4484,9,3,2023,2023-03,Day
3514,Chicago,2023-11-13,21:24,Medium,Hail,Wet,3,43.5432,-80.279,21,11,2023,2023-11,Night
3515,San Jose,2023-10-15,13:14,High,Rain,Slippery,3,40.0242,-102.2484,13,10,2023,2023-10,Day
3516,Columbus,2021-07-26,07:01,Low,Rain,Slippery,3,43.626,-103.5802,7,7,2021,2021-07,Day
3517,New York,2022-02-10,16:02,Medium,Rain,Under Construction,2,28.2507,-89.1239,16,2,2022,2022-02,Day
3518,Philadelphia,2022-06-02,13:28,Low,Clear,Wet,1,41.2532,-106.5743,13,6,2022,2022-06,Day
3519,New York,2021-09-12,17:49,Low,Clear,Icy,5,31.8344,-86.9527,17,9,2021,2021-09,Day
3520,Charlotte,2023-11-08,21:16,High,Rain,Wet,2,40.7706,-109.3745,21,11,2023,2023-11,Night
3521,San Antonio,2021-07-05,19:31,Low,Clear,Dry,3,38.9034,-83.0803,19,7,2021,2021-07,Night
3522,Jacksonville,2022-12-27,18:22,Medium,Snow,Dry,2,41.6899,-96.3634,18,12,2022,2022-12,Night
3523,San Diego,2022-08-13,17:55,Low,Fog,Wet,2,44.5501,-73.5477,17,8,2022,2022-08,Day
3524,Los Angeles,2022-07-28,21:10,High,Clear,Wet,2,35.9433,-116.6772,21,7,2022,2022-07,Night
3525,Dallas,2023-04-17,21:17,Medium,Clear,Dry,4,32.7362,-102.9377,21,4,2023,2023-04,Night
3526,Los Angeles,2021-06-15,07:24,Low,Clear,Dry,1,46.5676,-85.2178,7,6,2021,2021-06,Day
3527,Los Angeles,2021-09-26,14:38,Medium,Rain,Wet,3,38.5162,-113.1752,14,9,2021,2021-09,Day
3528,Houston,2023-12-14,22:08,High,Clear,Dry,3,29.1989,-89.5026,22,12,2023,2023-12,Night
3529,Charlotte,2022-10-14,17:13,Low,Rain,Slippery,2,41.8224,-115.0739,17,10,2022,2022-10,Day
3530,San Antonio,2023-06-22,14:13,Medium,Rain,Dry,3,27.753,-121.3802,14,6,2023,2023-06,Day
3531,San Jose,2023-02-16,00:28,Low,Clear,Wet,3,46.9365,-85.7608,0,2,2023,2023-02,Night
3532,San Diego,2023-03-01,22:36,Low,Fog,Icy,2,45.1155,-118.4493,22,3,2023,2023-03,Night
3533,Indianapolis,2023-01-01,13:07,Low,Clear,Wet,2,26.5063,-98.4348,13,1,2023,2023-01,Day
3534,Indianapolis,2021-03-04,17:36,Low,Rain,Icy,4,35.3337,-78.8607,17,3,2021,2021-03,Day
3535,San Antonio,2022-04-12,06:08,High,Cloudy,Dry,1,42.0678,-95.1059,6,4,2022,2022-04,Day
3536,Los Angeles,2021-04-16,20:49,Medium,Rain,Under Construction,5,39.6947,-75.4537,20,4,2021,2021-04,Night
3537,Philadelphia,2021-02-24,14:26,Low,Rain,Dry,2,25.6329,-87.9291,14,2,2021,2021-02,Day
3538,Charlotte,2023-09-06,06:10,Low,Rain,Icy,3,32.9849,-109.2438,6,9,2023,2023-09,Day
3539,New York,2022-10-25,15:49,Low,Clear,Dry,5,45.8595,-75.5292,15,10,2022,2022-10,Day
3540,New York,2023-11-23,18:22,Low,Fog,Dry,2,29.5221,-79.4093,18,11,2023,2023-11,Night
3541,Houston,2023-12-13,14:50,Low,Rain,Slippery,4,32.7331,-113.1964,14,12,2023,2023-12,Day
3542,Charlotte,2022-07-27,07:14,Low,Rain,Wet,4,39.9414,-95.1849,7,7,2022,2022-07,Day
3543,Philadelphia,2023-09-20,10:43,High,Clear,Dry,1,31.9842,-119.7591,10,9,2023,2023-09,Day
3544,Houston,2023-06-16,07:15,Medium,Rain,Dry,2,36.5392,-72.3174,7,6,2023,2023-06,Day
3545,Los Angeles,2021-08-02,14:07,Medium,Clear,Icy,2,39.9799,-107.9397,14,8,2021,2021-08,Day
3546,Indianapolis,2022-10-26,21:43,Low,Clear,Dry,4,30.9982,-111.9443,21,10,2022,2022-10,Night
3547,Jacksonville,2022-08-29,16:12,High,Clear,Icy,4,35.33,-71.6301,16,8,2022,2022-08,Day
3548,Philadelphia,2023-06-24,15:43,High,Clear,Wet,3,37.2567,-98.781,15,6,2023,2023-06,Day
3549,New York,2021-06-04,22:05,Medium,Cloudy,Dry,2,47.5018,-106.9358,22,6,2021,2021-06,Night
3550,Los Angeles,2021-07-07,14:39,Medium,Rain,Slippery,2,35.4538,-119.276,14,7,2021,2021-07,Day
3551,Columbus,2021-11-24,09:13,Low,Fog,Dry,5,36.9954,-114.3446,9,11,2021,2021-11,Day
3552,Houston,2022-06-14,23:59,Low,Clear,Dry,4,39.4501,-111.5529,23,6,2022,2022-06,Night
3553,Jacksonville,2022-12-07,05:32,Low,Fog,Dry,4,45.6985,-75.0561,5,12,2022,2022-12,Night
3554,Indianapolis,2021-10-13,18:53,Medium,Hail,Wet,2,35.8013,-111.1662,18,10,2021,2021-10,Night
3555,New York,2022-12-03,18:07,Low,Rain,Dry,1,28.5489,-109.0433,18,12,2022,2022-12,Night
3556,Houston,2021-02-25,15:21,Medium,Rain,Icy,1,33.4504,-114.6232,15,2,2021,2021-02,Day
3557,Chicago,2022-09-17,07:49,Low,Rain,Icy,1,45.1356,-104.6505,7,9,2022,2022-09,Day
3558,Houston,2023-10-03,19:13,Medium,Rain,Dry,2,45.7431,-108.0293,19,10,2023,2023-10,Night
3559,Chicago,2022-05-19,19:25,Low,Rain,Dry,5,31.1403,-75.7187,19,5,2022,2022-05,Night
3560,Houston,2023-06-28,20:51,High,Fog,Icy,4,26.0115,-96.0666,20,6,2023,2023-06,Night
3561,San Jose,2023-02-12,06:17,Low,Clear,Under Construction,3,41.8649,-117.8741,6,2,2023,2023-02,Day
3562,Indianapolis,2023-09-27,23:57,Low,Rain,Dry,4,30.4823,-74.6579,23,9,2023,2023-09,Night
3563,New York,2023-07-28,12:55,Low,Rain,Dry,3,44.1463,-83.5692,12,7,2023,2023-07,Day
3564,Phoenix,2022-06-07,22:53,Medium,Rain,Dry,5,41.662,-106.0045,22,6,2022,2022-06,Night
3565,Chicago,2022-07-16,07:32,Low,Clear,Dry,5,36.5716,-97.5535,7,7,2022,2022-07,Day
3566,Dallas,2023-05-07,08:16,Low,Rain,Dry,2,38.2536,-91.568,8,5,2023,2023-05,Day
3567,Charlotte,2023-12-10,20:52,Low,Rain,Dry,4,41.0696,-115.608,20,12,2023,2023-12,Night
3568,Los Angeles,2021-10-11,17:00,Low,Rain,Slippery,3,34.6579,-73.9696,17,10,2021,2021-10,Day
3569,Austin,2023-09-17,05:53,Low,Fog,Dry,4,33.9835,-106.5716,5,9,2023,2023-09,Night
3570,Los Angeles,2023-05-06,15:53,Low,Clear,Wet,3,33.5234,-88.0488,15,5,2023,2023-05,Day
3571,San Diego,2023-10-04,21:52,Medium,Snow,Slippery,4,41.5503,-101.9869,21,10,2023,2023-10,Night
3572,New York,2022-05-31,13:25,Low,Clear,Wet,3,44.547,-114.7367,13,5,2022,2022-05,Day
3573,Chicago,2023-06-12,10:56,Low,Rain,Dry,5,39.3337,-94.9908,10,6,2023,2023-06,Day
3574,Phoenix,2023-12-20,07:35,High,Rain,Dry,3,28.2601,-121.7428,7,12,2023,2023-12,Day
3575,Chicago,2021-06-07,17:35,Low,Cloudy,Dry,5,35.7505,-86.6692,17,6,2021,2021-06,Day
3576,Los Angeles,2023-12-14,12:43,Low,Snow,Dry,4,44.7993,-99.5468,12,12,2023,2023-12,Day
3577,Jacksonville,2021-03-18,09:51,Low,Clear,Dry,2,47.996,-79.3204,9,3,2021,2021-03,Day
3578,Columbus,2022-05-05,09:01,Low,Clear,Slippery,3,40.3774,-101.1748,9,5,2022,2022-05,Day
3579,Chicago,2022-05-31,14:20,Medium,Clear,Wet,3,28.53,-101.5798,14,5,2022,2022-05,Day
3580,Houston,2022-12-05,05:12,Medium,Clear,Dry,5,29.8558,-118.2114,5,12,2022,2022-12,Night
3581,Philadelphia,2023-07-17,22:56,Medium,Rain,Slippery,2,32.5481,-71.6183,22,7,2023,2023-07,Night
3582,Indianapolis,2023-05-19,21:27,Low,Windy,Icy,5,41.3771,-92.0913,21,5,2023,2023-05,Night
3583,Houston,2023-06-15,17:04,Medium,Clear,Slippery,4,45.791,-85.99,17,6,2023,2023-06,Day
3584,Dallas,2021-08-16,18:58,Low,Snow,Slippery,3,39.5779,-100.1129,18,8,2021,2021-08,Night
3585,Austin,2021-12-11,16:25,Medium,Rain,Dry,5,44.7801,-78.5015,16,12,2021,2021-12,Day
3586,Los Angeles,2023-09-21,22:29,Medium,Fog,Wet,1,27.0805,-76.3583,22,9,2023,2023-09,Night
3587,Austin,2021-09-26,17:59,Medium,Clear,Icy,5,32.1946,-84.5445,17,9,2021,2021-09,Day
3588,Philadelphia,2021-09-18,19:12,Medium,Clear,Slippery,1,42.8444,-80.3141,19,9,2021,2021-09,Night
3589,Los Angeles,2021-06-04,15:40,Low,Fog,Dry,3,43.7567,-84.3974,15,6,2021,2021-06,Day
3590,New York,2023-05-05,17:09,Low,Clear,Dry,2,38.8374,-70.7586,17,5,2023,2023-05,Day
3591,Los Angeles,2022-12-24,03:09,Medium,Clear,Dry,5,27.1009,-107.6212,3,12,2022,2022-12,Night
3592,Chicago,2022-04-27,04:31,High,Rain,Wet,3,26.5076,-107.77,4,4,2022,2022-04,Night
3593,Los Angeles,2021-11-23,05:56,Low,Fog,Dry,4,31.4405,-121.2469,5,11,2021,2021-11,Night
3594,Charlotte,2022-03-11,18:15,Medium,Snow,Wet,5,38.9863,-97.7872,18,3,2022,2022-03,Night
3595,Chicago,2021-10-14,09:00,Medium,Clear,Slippery,1,35.7653,-116.998,9,10,2021,2021-10,Day
3596,Dallas,2021-12-23,08:21,Low,Cloudy,Icy,4,35.9184,-88.5604,8,12,2021,2021-12,Day
3597,Los Angeles,2023-09-30,12:21,Low,Clear,Dry,4,46.7813,-104.4472,12,9,2023,2023-09,Day
3598,Los Angeles,2022-09-27,15:06,High,Clear,Dry,4,27.4323,-75.6516,15,9,2022,2022-09,Day
3599,San Jose,2022-05-21,15:51,Medium,Clear,Dry,4,41.2795,-78.722,15,5,2022,2022-05,Day
3600,San Diego,2021-05-22,11:59,Low,Clear,Slippery,2,38.0961,-99.2935,11,5,2021,2021-05,Day
3601,Philadelphia,2023-08-26,16:47,Medium,Cloudy,Wet,3,43.6842,-97.396,16,8,2023,2023-08,Day
3602,Philadelphia,2022-03-17,17:53,High,Rain,Wet,1,30.0841,-74.2141,17,3,2022,2022-03,Day
3603,Chicago,2021-08-13,07:28,Low,Rain,Dry,4,40.363,-117.4482,7,8,2021,2021-08,Day
3604,San Jose,2022-08-13,19:05,Low,Cloudy,Dry,2,25.7727,-73.8408,19,8,2022,2022-08,Night
3605,San Diego,2023-03-13,20:46,Medium,Clear,Wet,3,29.3606,-108.9383,20,3,2023,2023-03,Night
3606,Los Angeles,2022-03-18,12:18,High,Fog,Wet,4,38.5295,-108.8501,12,3,2022,2022-03,Day
3607,Dallas,2021-11-17,17:59,Medium,Rain,Dry,4,34.1534,-95.9883,17,11,2021,2021-11,Day
3608,New York,2022-10-16,07:32,Medium,Cloudy,Slippery,5,32.351,-96.915,7,10,2022,2022-10,Day
3609,Los Angeles,2021-04-26,16:13,Medium,Clear,Dry,5,25.9979,-118.8802,16,4,2021,2021-04,Day
3610,Chicago,2023-05-17,08:08,Medium,Clear,Under Construction,4,45.3483,-107.2483,8,5,2023,2023-05,Day
3611,Phoenix,2023-01-28,15:07,Medium,Clear,Dry,1,30.5506,-107.7407,15,1,2023,2023-01,Day
3612,Los Angeles,2023-05-13,16:14,Low,Clear,Wet,4,44.6804,-94.5252,16,5,2023,2023-05,Day
3613,Houston,2021-05-14,11:47,Low,Clear,Dry,2,32.2124,-70.6182,11,5,2021,2021-05,Day
3614,Chicago,2021-05-20,19:32,Medium,Snow,Dry,5,40.5162,-103.3333,19,5,2021,2021-05,Night
3615,Chicago,2023-01-10,21:26,Medium,Clear,Slippery,2,41.2228,-98.7194,21,1,2023,2023-01,Night
3616,Jacksonville,2022-10-07,07:36,Medium,Rain,Wet,1,25.2002,-113.6927,7,10,2022,2022-10,Day
3617,Los Angeles,2021-09-19,10:46,Low,Cloudy,Wet,2,35.4227,-115.216,10,9,2021,2021-09,Day
3618,Los Angeles,2023-09-20,12:02,Low,Cloudy,Dry,1,29.2524,-77.9948,12,9,2023,2023-09,Day
3619,Austin,2021-04-05,15:14,Low,Rain,Dry,1,39.2585,-111.5836,15,4,2021,2021-04,Day
3620,Los Angeles,2021-11-01,10:42,Low,Rain,Dry,1,41.4749,-86.9672,10,11,2021,2021-11,Day
3621,New York,2022-09-18,15:57,Low,Rain,Dry,5,43.6297,-111.6969,15,9,2022,2022-09,Day
3622,Philadelphia,2021-04-22,21:29,Low,Windy,Dry,4,34.2661,-86.274,21,4,2021,2021-04,Night
3623,Phoenix,2021-02-19,04:28,Low,Clear,Under Construction,4,38.974,-86.2327,4,2,2021,2021-02,Night
3624,Austin,2022-03-31,12:43,Medium,Rain,Dry,5,34.3949,-113.744,12,3,2022,2022-03,Day
3625,Phoenix,2022-12-31,21:01,Low,Clear,Icy,4,28.7988,-97.2103,21,12,2022,2022-12,Night
3626,San Jose,2022-01-13,11:36,Low,Snow,Icy,3,35.3023,-79.6399,11,1,2022,2022-01,Day
3627,Dallas,2023-09-27,09:19,High,Cloudy,Icy,5,41.3669,-97.374,9,9,2023,2023-09,Day
3628,Houston,2021-04-23,18:17,Low,Rain,Dry,3,45.1305,-71.1367,18,4,2021,2021-04,Night
3629,Chicago,2023-05-03,12:02,High,Clear,Wet,4,26.9995,-119.4937,12,5,2023,2023-05,Day
3630,Los Angeles,2023-02-15,20:25,High,Clear,Wet,5,40.9941,-72.3021,20,2,2023,2023-02,Night
3631,San Antonio,2021-12-13,09:16,High,Cloudy,Icy,5,33.2852,-94.9526,9,12,2021,2021-12,Day
3632,Houston,2023-05-25,16:20,Low,Rain,Dry,5,47.4254,-110.1514,16,5,2023,2023-05,Day
3633,Los Angeles,2022-04-27,20:34,Low,Clear,Wet,3,35.7851,-91.5479,20,4,2022,2022-04,Night
3634,Charlotte,2021-10-04,17:50,Medium,Rain,Under Construction,2,39.5277,-90.2841,17,10,2021,2021-10,Day
3635,Columbus,2021-01-05,06:43,Low,Fog,Dry,2,27.2034,-82.2521,6,1,2021,2021-01,Day
3636,Los Angeles,2022-01-05,02:40,Medium,Clear,Dry,2,30.5744,-79.0496,2,1,2022,2022-01,Night
3637,San Jose,2022-03-21,17:18,Medium,Clear,Dry,1,29.2226,-115.646,17,3,2022,2022-03,Day
3638,Jacksonville,2023-05-24,13:02,Low,Clear,Dry,2,27.2467,-81.7893,13,5,2023,2023-05,Day
3639,Columbus,2023-09-23,16:25,Medium,Clear,Wet,1,40.0916,-88.7796,16,9,2023,2023-09,Day
3640,Jacksonville,2021-06-12,22:24,High,Cloudy,Icy,2,46.5973,-77.8033,22,6,2021,2021-06,Night
3641,San Jose,2023-12-21,08:13,Medium,Fog,Dry,1,32.1902,-84.6233,8,12,2023,2023-12,Day
3642,New York,2022-09-16,12:07,High,Clear,Wet,5,35.4005,-115.0645,12,9,2022,2022-09,Day
3643,Columbus,2021-10-16,14:11,High,Clear,Wet,5,25.2224,-76.7824,14,10,2021,2021-10,Day
3644,Philadelphia,2022-02-18,10:45,Low,Snow,Dry,4,40.3195,-121.3438,10,2,2022,2022-02,Day
3645,Dallas,2023-02-07,20:55,Low,Rain,Wet,2,40.7145,-82.7852,20,2,2023,2023-02,Night
3646,Los Angeles,2022-01-18,18:24,Low,Snow,Slippery,1,30.0656,-116.8661,18,1,2022,2022-01,Night
3647,Chicago,2023-08-16,15:46,Medium,Cloudy,Dry,4,36.3645,-120.6182,15,8,2023,2023-08,Day
3648,New York,2021-06-20,12:32,High,Windy,Dry,5,34.463,-114.9436,12,6,2021,2021-06,Day
3649,Chicago,2021-01-15,07:06,Medium,Snow,Icy,4,35.1757,-81.4549,7,1,2021,2021-01,Day
3650,Philadelphia,2021-12-16,07:39,Low,Rain,Slippery,3,29.8005,-77.4292,7,12,2021,2021-12,Day
3651,Chicago,2022-08-03,21:00,Low,Rain,Dry,1,26.3949,-104.1787,21,8,2022,2022-08,Night
3652,New York,2023-07-06,10:20,Low,Clear,Wet,4,46.369,-98.7778,10,7,2023,2023-07,Day
3653,Los Angeles,2022-04-22,18:32,Medium,Rain,Wet,5,40.0662,-110.1845,18,4,2022,2022-04,Night
3654,Los Angeles,2021-02-18,17:25,Low,Clear,Slippery,2,32.4044,-84.6699,17,2,2021,2021-02,Day
3655,Los Angeles,2021-01-16,06:57,Low,Rain,Under Construction,2,46.3865,-114.8476,6,1,2021,2021-01,Day
3656,Jacksonville,2022-01-19,15:07,Medium,Clear,Dry,1,27.0698,-113.8022,15,1,2022,2022-01,Day
3657,Columbus,2022-01-31,09:27,High,Rain,Dry,5,38.7204,-103.0784,9,1,2022,2022-01,Day
3658,Chicago,2022-01-02,10:25,Low,Rain,Wet,3,44.6848,-97.3198,10,1,2022,2022-01,Day
3659,New York,2021-06-09,18:29,Low,Rain,Slippery,4,38.035,-74.5573,18,6,2021,2021-06,Night
3660,San Diego,2023-04-11,22:40,Low,Hail,Icy,1,35.3001,-87.6673,22,4,2023,2023-04,Night
3661,Philadelphia,2021-02-21,10:19,Low,Clear,Under Construction,5,27.7708,-118.7531,10,2,2021,2021-02,Day
3662,Charlotte,2021-09-12,06:48,Low,Cloudy,Wet,4,43.3018,-101.0899,6,9,2021,2021-09,Day
3663,San Antonio,2023-06-19,12:04,Low,Clear,Dry,1,27.218,-119.9715,12,6,2023,2023-06,Day
3664,Houston,2021-11-10,19:28,Low,Cloudy,Dry,4,42.4428,-119.9137,19,11,2021,2021-11,Night
3665,New York,2021-11-09,17:35,Medium,Clear,Dry,4,36.6104,-113.5675,17,11,2021,2021-11,Day
3666,Jacksonville,2023-08-01,17:20,Medium,Clear,Slippery,5,39.8197,-112.5055,17,8,2023,2023-08,Day
3667,Phoenix,2022-07-03,14:35,Low,Fog,Dry,4,47.0183,-89.7912,14,7,2022,2022-07,Day
3668,Chicago,2022-01-25,08:46,Medium,Rain,Dry,3,25.6903,-79.59,8,1,2022,2022-01,Day
3669,San Diego,2022-05-13,15:25,Low,Rain,Wet,4,31.5822,-107.1281,15,5,2022,2022-05,Day
3670,San Antonio,2021-10-05,17:15,Low,Fog,Dry,3,28.01,-109.5332,17,10,2021,2021-10,Day
3671,Houston,2021-06-08,15:35,Medium,Clear,Under Construction,4,30.7254,-71.3879,15,6,2021,2021-06,Day
3672,Chicago,2022-04-08,19:54,Low,Clear,Dry,1,34.4533,-111.8896,19,4,2022,2022-04,Night
3673,Los Angeles,2022-07-08,18:07,High,Clear,Dry,2,30.8748,-86.1702,18,7,2022,2022-07,Night
3674,Houston,2022-12-05,07:55,Medium,Fog,Wet,4,29.1848,-110.7082,7,12,2022,2022-12,Day
3675,Los Angeles,2023-01-17,13:18,Low,Fog,Dry,3,29.6779,-76.6943,13,1,2023,2023-01,Day
3676,Houston,2021-10-29,06:06,Low,Rain,Dry,5,32.6463,-88.6397,6,10,2021,2021-10,Day
3677,San Diego,2021-12-08,18:05,Medium,Clear,Slippery,3,33.707,-95.7053,18,12,2021,2021-12,Night
3678,New York,2023-01-22,05:39,High,Clear,Icy,5,28.9937,-108.9129,5,1,2023,2023-01,Night
3679,San Antonio,2023-03-05,10:37,Medium,Clear,Dry,2,32.4338,-88.1057,10,3,2023,2023-03,Day
3680,San Jose,2023-12-18,20:23,Medium,Clear,Dry,1,26.4066,-105.5636,20,12,2023,2023-12,Night
3681,New York,2021-09-02,09:41,Medium,Snow,Dry,5,29.0807,-86.2571,9,9,2021,2021-09,Day
3682,Austin,2022-04-26,04:29,Medium,Clear,Wet,1,25.5914,-95.835,4,4,2022,2022-04,Night
3683,Columbus,2021-10-15,09:19,Low,Rain,Wet,4,46.6147,-105.956,9,10,2021,2021-10,Day
3684,New York,2021-04-08,23:40,Low,Clear,Dry,5,33.9529,-84.2795,23,4,2021,2021-04,Night
3685,San Antonio,2023-02-13,19:38,Low,Clear,Dry,1,45.2619,-114.3542,19,2,2023,2023-02,Night
3686,San Antonio,2021-05-11,14:31,Medium,Clear,Dry,4,26.7831,-81.8174,14,5,2021,2021-05,Day
3687,New York,2023-06-16,06:37,Low,Clear,Dry,2,26.8721,-119.7068,6,6,2023,2023-06,Day
3688,Charlotte,2022-06-05,18:11,Medium,Rain,Icy,5,34.5594,-70.2584,18,6,2022,2022-06,Night
3689,New York,2023-11-14,22:40,High,Clear,Dry,1,31.0783,-85.4952,22,11,2023,2023-11,Night
3690,Jacksonville,2022-08-28,07:02,Medium,Fog,Wet,4,36.6209,-108.414,7,8,2022,2022-08,Day
3691,New York,2021-03-08,21:41,Low,Snow,Dry,4,25.3183,-97.2643,21,3,2021,2021-03,Night
3692,Jacksonville,2023-09-28,07:45,High,Clear,Under Construction,5,33.4689,-95.0214,7,9,2023,2023-09,Day
3693,Jacksonville,2022-10-22,18:45,Low,Hail,Wet,4,29.9068,-82.8169,18,10,2022,2022-10,Night
3694,Phoenix,2023-10-01,17:38,Medium,Clear,Dry,4,38.22,-87.676,17,10,2023,2023-10,Day
3695,Chicago,2023-12-31,20:13,Medium,Rain,Wet,1,25.9283,-91.4952,20,12,2023,2023-12,Night
3696,New York,2022-07-13,18:34,Low,Clear,Icy,5,26.2805,-109.7081,18,7,2022,2022-07,Night
3697,New York,2023-06-08,18:55,Low,Rain,Dry,4,34.7873,-121.2159,18,6,2023,2023-06,Night
3698,San Diego,2023-05-09,08:19,High,Clear,Slippery,3,44.441,-80.5457,8,5,2023,2023-05,Day
3699,Chicago,2021-06-28,05:32,Low,Rain,Dry,3,46.0422,-94.6274,5,6,2021,2021-06,Night
3700,San Antonio,2021-09-25,20:22,Low,Clear,Icy,2,32.398,-102.5779,20,9,2021,2021-09,Night
3701,San Diego,2022-11-20,07:17,Medium,Rain,Wet,5,32.6096,-79.2062,7,11,2022,2022-11,Day
3702,Chicago,2023-05-05,21:59,Medium,Rain,Dry,3,37.883,-83.0268,21,5,2023,2023-05,Night
3703,Los Angeles,2022-12-24,18:47,Low,Clear,Dry,5,44.0773,-100.1959,18,12,2022,2022-12,Night
3704,Austin,2021-04-16,06:31,Medium,Snow,Slippery,5,42.2848,-74.7955,6,4,2021,2021-04,Day
3705,Jacksonville,2022-07-15,15:48,Medium,Snow,Dry,5,34.1404,-108.7506,15,7,2022,2022-07,Day
3706,Los Angeles,2021-04-19,07:52,Medium,Clear,Dry,1,37.8862,-82.5004,7,4,2021,2021-04,Day
3707,Charlotte,2022-12-03,15:05,Low,Clear,Wet,4,45.4457,-110.4884,15,12,2022,2022-12,Day
3708,San Diego,2022-11-29,05:12,Medium,Rain,Wet,3,28.7036,-107.2153,5,11,2022,2022-11,Night
3709,Houston,2021-05-25,10:46,Low,Clear,Wet,2,25.5157,-80.8886,10,5,2021,2021-05,Day
3710,New York,2022-02-23,09:26,Medium,Rain,Dry,4,28.3102,-112.663,9,2,2022,2022-02,Day
3711,Columbus,2023-02-23,20:38,Low,Clear,Wet,3,27.3554,-72.3687,20,2,2023,2023-02,Night
3712,Columbus,2021-05-16,13:51,Low,Windy,Dry,2,26.4066,-79.6095,13,5,2021,2021-05,Day
3713,San Diego,2022-08-21,09:33,Low,Rain,Slippery,1,40.2943,-86.7969,9,8,2022,2022-08,Day
3714,Charlotte,2022-02-12,06:30,Medium,Fog,Wet,1,25.7225,-109.5046,6,2,2022,2022-02,Day
3715,Charlotte,2023-05-01,13:46,Medium,Rain,Dry,2,44.6262,-104.2125,13,5,2023,2023-05,Day
3716,Chicago,2023-07-24,11:22,Low,Cloudy,Dry,5,27.549,-104.7972,11,7,2023,2023-07,Day
3717,Dallas,2022-05-28,08:49,Low,Cloudy,Dry,5,29.6993,-105.613,8,5,2022,2022-05,Day
3718,Philadelphia,2022-02-25,08:03,Medium,Clear,Wet,2,40.0144,-76.3035,8,2,2022,2022-02,Day
3719,Indianapolis,2022-02-26,11:47,Low,Rain,Dry,1,35.6837,-114.5507,11,2,2022,2022-02,Day
3720,Austin,2022-05-28,01:08,Medium,Clear,Dry,1,32.356,-70.0481,1,5,2022,2022-05,Night
3721,Phoenix,2022-09-01,10:32,Low,Cloudy,Slippery,4,47.0612,-92.7507,10,9,2022,2022-09,Day
3722,San Diego,2022-05-17,18:16,Medium,Snow,Slippery,4,30.7327,-112.9382,18,5,2022,2022-05,Night
3723,Chicago,2022-08-01,04:36,Medium,Clear,Dry,1,28.6267,-83.4926,4,8,2022,2022-08,Night
3724,Houston,2023-01-10,14:13,Medium,Clear,Wet,5,31.0828,-70.7091,14,1,2023,2023-01,Day
3725,Austin,2021-06-23,16:56,Medium,Hail,Icy,3,46.8891,-102.0272,16,6,2021,2021-06,Day
3726,Dallas,2022-11-15,16:04,Medium,Clear,Icy,4,40.1067,-106.7533,16,11,2022,2022-11,Day
3727,Chicago,2022-09-04,12:49,Low,Rain,Dry,1,47.2763,-113.1665,12,9,2022,2022-09,Day
3728,Jacksonville,2021-11-16,23:56,Medium,Rain,Dry,3,36.3553,-121.5146,23,11,2021,2021-11,Night
3729,San Jose,2021-05-22,14:30,Medium,Clear,Dry,3,33.6423,-73.1779,14,5,2021,2021-05,Day
3730,San Jose,2022-04-13,12:09,High,Cloudy,Wet,5,41.0466,-119.0206,12,4,2022,2022-04,Day
3731,Phoenix,2022-09-27,17:29,Medium,Snow,Dry,3,41.1242,-99.9854,17,9,2022,2022-09,Day
3732,Los Angeles,2022-05-24,06:06,Low,Fog,Wet,2,43.4435,-83.2207,6,5,2022,2022-05,Day
3733,Phoenix,2023-03-01,20:22,High,Rain,Dry,2,41.5038,-84.9952,20,3,2023,2023-03,Night
3734,Philadelphia,2022-02-17,20:48,Low,Rain,Wet,1,47.0679,-86.6371,20,2,2022,2022-02,Night
3735,Phoenix,2023-05-17,21:25,Medium,Clear,Wet,1,40.9291,-103.0301,21,5,2023,2023-05,Night
3736,Jacksonville,2023-05-02,17:05,Medium,Windy,Slippery,1,38.0105,-100.13,17,5,2023,2023-05,Day
3737,San Diego,2022-05-05,12:26,Low,Cloudy,Dry,4,27.681,-74.8614,12,5,2022,2022-05,Day
3738,Houston,2022-03-25,08:21,Low,Clear,Slippery,1,36.7475,-102.594,8,3,2022,2022-03,Day
3739,New York,2023-04-08,05:08,Low,Fog,Slippery,4,44.4503,-75.617,5,4,2023,2023-04,Night
3740,Chicago,2023-03-06,15:35,Medium,Fog,Wet,5,47.7792,-83.5447,15,3,2023,2023-03,Day
3741,Los Angeles,2021-06-24,15:59,Low,Rain,Dry,2,33.9397,-76.4972,15,6,2021,2021-06,Day
3742,Austin,2022-01-11,07:22,Medium,Clear,Dry,1,46.6497,-115.0246,7,1,2022,2022-01,Day
3743,Dallas,2022-07-31,12:58,Low,Rain,Dry,1,42.3224,-117.2952,12,7,2022,2022-07,Day
3744,Houston,2023-10-26,20:15,Medium,Clear,Wet,3,30.2031,-101.8081,20,10,2023,2023-10,Night
3745,Los Angeles,2023-05-11,19:11,Medium,Clear,Dry,3,36.2776,-102.5669,19,5,2023,2023-05,Night
3746,Phoenix,2022-08-16,07:38,High,Clear,Dry,1,44.2762,-85.0834,7,8,2022,2022-08,Day
3747,Houston,2022-03-21,20:10,Low,Fog,Dry,5,29.0046,-98.8866,20,3,2022,2022-03,Night
3748,Chicago,2023-02-20,08:50,Medium,Clear,Dry,4,26.8599,-93.047,8,2,2023,2023-02,Day
3749,Jacksonville,2021-11-06,01:15,Medium,Rain,Dry,5,32.5788,-87.3578,1,11,2021,2021-11,Night
3750,New York,2023-04-26,22:42,Low,Cloudy,Under Construction,1,41.3339,-117.1179,22,4,2023,2023-04,Night
3751,Houston,2021-12-02,14:05,Medium,Clear,Slippery,4,34.7497,-101.5513,14,12,2021,2021-12,Day
3752,Chicago,2023-03-15,17:39,Low,Clear,Dry,4,46.8881,-105.0288,17,3,2023,2023-03,Day
3753,Los Angeles,2023-11-22,09:00,High,Rain,Dry,2,40.3604,-90.7367,9,11,2023,2023-11,Day
3754,Chicago,2021-03-05,19:31,Low,Rain,Wet,1,40.1835,-113.9244,19,3,2021,2021-03,Night
3755,Jacksonville,2022-05-29,18:08,Medium,Rain,Dry,1,38.3871,-104.2002,18,5,2022,2022-05,Night
3756,Phoenix,2022-05-27,05:25,Medium,Rain,Dry,4,32.5845,-107.23,5,5,2022,2022-05,Night
3757,New York,2022-08-22,19:38,Low,Fog,Wet,5,30.4731,-95.8552,19,8,2022,2022-08,Night
3758,Dallas,2021-12-13,21:58,Low,Clear,Dry,4,34.5141,-92.1341,21,12,2021,2021-12,Night
3759,Houston,2022-05-19,12:05,Low,Clear,Dry,5,45.7512,-113.3408,12,5,2022,2022-05,Day
3760,San Jose,2021-10-02,17:51,Low,Rain,Dry,3,41.294,-92.6952,17,10,2021,2021-10,Day
3761,Philadelphia,2021-02-18,20:08,Medium,Clear,Icy,2,40.4308,-83.2766,20,2,2021,2021-02,Night
3762,Houston,2022-06-09,18:20,High,Windy,Slippery,1,41.6021,-109.6389,18,6,2022,2022-06,Night
3763,New York,2023-06-14,11:21,Medium,Cloudy,Dry,5,44.5688,-85.7331,11,6,2023,2023-06,Day
3764,Houston,2022-12-11,18:47,Low,Cloudy,Wet,3,47.0633,-82.6468,18,12,2022,2022-12,Night
3765,Charlotte,2022-01-21,12:00,Medium,Clear,Dry,4,25.7059,-102.0912,12,1,2022,2022-01,Day
3766,New York,2022-11-02,17:26,Medium,Rain,Under Construction,4,28.1237,-87.2151,17,11,2022,2022-11,Day
3767,Los Angeles,2021-03-01,21:57,Medium,Clear,Slippery,1,46.7006,-113.7869,21,3,2021,2021-03,Night
3768,Houston,2023-05-25,12:30,Low,Clear,Dry,4,30.1415,-81.7341,12,5,2023,2023-05,Day
3769,Chicago,2023-10-28,08:57,Medium,Clear,Wet,5,39.4653,-121.8695,8,10,2023,2023-10,Day
3770,Phoenix,2023-04-11,17:20,Low,Snow,Dry,4,36.2497,-120.2337,17,4,2023,2023-04,Day
3771,Los Angeles,2022-06-18,12:28,Low,Clear,Wet,1,38.5779,-83.3798,12,6,2022,2022-06,Day
3772,Columbus,2022-12-01,09:27,Medium,Rain,Under Construction,1,42.3662,-95.0908,9,12,2022,2022-12,Day
3773,New York,2023-10-27,12:07,Low,Clear,Dry,5,43.4185,-100.0341,12,10,2023,2023-10,Day
3774,Indianapolis,2023-05-10,07:17,Medium,Cloudy,Wet,5,32.5389,-119.3091,7,5,2023,2023-05,Day
3775,Chicago,2021-01-29,20:49,Low,Clear,Icy,1,25.9404,-118.3423,20,1,2021,2021-01,Night
3776,New York,2021-04-24,22:59,Low,Rain,Dry,4,35.1436,-82.5696,22,4,2021,2021-04,Night
3777,Phoenix,2022-04-20,16:46,Low,Clear,Wet,5,39.6332,-120.3135,16,4,2022,2022-04,Day
3778,Philadelphia,2022-07-20,06:06,Low,Rain,Dry,5,30.0378,-116.3211,6,7,2022,2022-07,Day
3779,Charlotte,2021-01-28,11:08,Medium,Clear,Icy,2,33.2446,-118.4763,11,1,2021,2021-01,Day
3780,San Diego,2021-06-27,22:37,Low,Clear,Dry,1,38.2899,-113.3653,22,6,2021,2021-06,Night
3781,Chicago,2022-08-02,05:11,Medium,Rain,Icy,1,41.7601,-110.13,5,8,2022,2022-08,Night
3782,Dallas,2021-10-13,09:34,Medium,Windy,Dry,4,25.8343,-89.0967,9,10,2021,2021-10,Day
3783,Philadelphia,2021-12-05,19:33,Low,Windy,Dry,2,42.9653,-78.7647,19,12,2021,2021-12,Night
3784,San Antonio,2021-02-04,17:36,High,Rain,Wet,3,31.6745,-85.6145,17,2,2021,2021-02,Day
3785,Phoenix,2022-02-03,01:06,Medium,Clear,Icy,2,39.5737,-76.6249,1,2,2022,2022-02,Night
3786,Chicago,2023-07-06,17:11,Low,Rain,Slippery,4,27.8154,-73.4629,17,7,2023,2023-07,Day
3787,Los Angeles,2021-06-13,15:07,High,Clear,Icy,5,34.5441,-104.2617,15,6,2021,2021-06,Day
3788,Phoenix,2023-07-09,12:28,Medium,Windy,Icy,5,37.7115,-114.9918,12,7,2023,2023-07,Day
3789,Charlotte,2021-03-10,20:03,Medium,Windy,Dry,4,31.2058,-103.4089,20,3,2021,2021-03,Night
3790,New York,2022-01-16,08:53,Medium,Clear,Dry,4,27.5476,-76.6605,8,1,2022,2022-01,Day
3791,Phoenix,2021-12-14,09:38,High,Clear,Dry,4,26.4753,-73.9817,9,12,2021,2021-12,Day
3792,Phoenix,2022-08-01,15:26,Low,Clear,Wet,3,32.2762,-98.4644,15,8,2022,2022-08,Day
3793,Chicago,2021-12-30,11:46,High,Rain,Slippery,5,37.2324,-70.8789,11,12,2021,2021-12,Day
3794,San Diego,2022-10-24,07:26,High,Rain,Dry,1,43.7766,-103.0044,7,10,2022,2022-10,Day
3795,Austin,2021-08-02,18:06,Low,Clear,Slippery,2,37.4993,-104.0954,18,8,2021,2021-08,Night
3796,Dallas,2022-10-17,13:18,Medium,Clear,Dry,4,42.2708,-77.9861,13,10,2022,2022-10,Day
3797,Philadelphia,2023-12-26,00:38,Medium,Clear,Dry,5,30.1368,-99.4363,0,12,2023,2023-12,Night
3798,Chicago,2021-05-04,07:31,High,Clear,Slippery,3,42.1707,-75.2027,7,5,2021,2021-05,Day
3799,Jacksonville,2023-02-11,08:15,Medium,Rain,Dry,5,47.3461,-103.3026,8,2,2023,2023-02,Day
3800,New York,2022-07-26,18:28,Low,Snow,Slippery,4,44.6243,-73.1945,18,7,2022,2022-07,Night
3801,Philadelphia,2021-10-01,12:34,High,Clear,Dry,3,47.8935,-83.5727,12,10,2021,2021-10,Day
3802,New York,2021-10-25,13:24,Medium,Rain,Icy,5,45.9133,-102.3527,13,10,2021,2021-10,Day
3803,Phoenix,2023-08-06,22:16,Medium,Clear,Slippery,2,39.5497,-120.7216,22,8,2023,2023-08,Night
3804,Houston,2022-12-07,17:17,Medium,Fog,Wet,4,37.112,-92.3185,17,12,2022,2022-12,Day
3805,San Antonio,2022-01-23,21:50,Low,Rain,Dry,2,46.4627,-85.5117,21,1,2022,2022-01,Night
3806,New York,2021-10-13,14:44,High,Windy,Dry,3,30.535,-91.8522,14,10,2021,2021-10,Day
3807,Los Angeles,2021-07-14,21:23,Low,Clear,Wet,2,32.3208,-75.3279,21,7,2021,2021-07,Night
3808,New York,2022-05-05,06:49,High,Clear,Dry,2,45.8053,-113.7573,6,5,2022,2022-05,Day
3809,Chicago,2021-11-05,12:12,Low,Rain,Dry,4,38.3302,-82.7395,12,11,2021,2021-11,Day
3810,Houston,2023-02-18,11:06,Medium,Rain,Dry,2,27.1247,-114.3165,11,2,2023,2023-02,Day
3811,Los Angeles,2023-01-21,05:26,Medium,Cloudy,Dry,3,47.0896,-111.063,5,1,2023,2023-01,Night
3812,Dallas,2023-06-17,12:43,High,Cloudy,Dry,1,38.2623,-77.746,12,6,2023,2023-06,Day
3813,Austin,2023-06-19,07:38,Medium,Clear,Slippery,2,34.0374,-117.9422,7,6,2023,2023-06,Day
3814,Philadelphia,2022-02-19,09:54,Low,Clear,Dry,4,47.2513,-114.0831,9,2,2022,2022-02,Day
3815,Dallas,2021-01-30,08:13,Medium,Rain,Wet,3,43.0065,-87.2905,8,1,2021,2021-01,Day
3816,New York,2022-07-31,15:40,High,Clear,Slippery,2,44.7443,-86.6498,15,7,2022,2022-07,Day
3817,Dallas,2022-04-14,21:03,Medium,Clear,Dry,4,34.9253,-70.7939,21,4,2022,2022-04,Night
3818,Jacksonville,2021-10-22,14:23,Low,Clear,Dry,3,35.4354,-74.483,14,10,2021,2021-10,Day
3819,Philadelphia,2023-02-14,07:57,Low,Snow,Wet,5,32.1806,-99.7965,7,2,2023,2023-02,Day
3820,Houston,2021-03-16,12:49,Low,Rain,Dry,4,45.4932,-106.5979,12,3,2021,2021-03,Day
3821,Los Angeles,2021-02-06,16:28,Medium,Clear,Icy,5,27.4369,-79.213,16,2,2021,2021-02,Day
3822,Columbus,2023-02-17,20:08,Low,Hail,Dry,4,37.5508,-107.0297,20,2,2023,2023-02,Night
3823,Jacksonville,2023-08-22,20:14,Low,Clear,Dry,2,45.957,-107.7621,20,8,2023,2023-08,Night
3824,Los Angeles,2022-03-10,18:36,Low,Clear,Icy,4,26.7541,-118.4811,18,3,2022,2022-03,Night
3825,Los Angeles,2021-02-01,17:48,Medium,Clear,Dry,1,47.7808,-88.7879,17,2,2021,2021-02,Day
3826,Houston,2021-03-04,19:27,Low,Clear,Slippery,2,42.8527,-96.02,19,3,2021,2021-03,Night
3827,San Jose,2021-06-15,09:36,Low,Fog,Dry,5,46.1395,-76.949,9,6,2021,2021-06,Day
3828,Philadelphia,2021-12-06,10:48,Low,Snow,Dry,5,26.6612,-81.1208,10,12,2021,2021-12,Day
3829,Jacksonville,2022-01-06,04:37,Medium,Clear,Icy,4,37.5935,-115.7497,4,1,2022,2022-01,Night
3830,Los Angeles,2021-11-20,12:27,High,Snow,Icy,4,41.9434,-70.6837,12,11,2021,2021-11,Day
3831,San Antonio,2021-10-06,09:58,Low,Rain,Dry,2,43.8217,-86.224,9,10,2021,2021-10,Day
3832,San Jose,2021-12-12,11:47,Medium,Rain,Icy,2,37.9065,-95.6969,11,12,2021,2021-12,Day
3833,Charlotte,2022-07-31,10:48,High,Hail,Icy,4,39.7742,-103.5514,10,7,2022,2022-07,Day
3834,Los Angeles,2022-03-08,16:37,High,Rain,Dry,5,25.4406,-110.3122,16,3,2022,2022-03,Day
3835,Los Angeles,2021-02-23,14:40,Low,Rain,Wet,2,38.588,-119.566,14,2,2021,2021-02,Day
3836,Indianapolis,2022-10-16,19:21,Medium,Clear,Wet,4,40.1982,-104.6018,19,10,2022,2022-10,Night
3837,Philadelphia,2021-02-26,19:07,High,Rain,Dry,1,39.1286,-96.8683,19,2,2021,2021-02,Night
3838,Dallas,2022-08-15,09:36,Medium,Rain,Dry,4,46.6121,-77.5863,9,8,2022,2022-08,Day
3839,Los Angeles,2021-01-21,02:45,Low,Rain,Wet,3,46.0532,-94.4422,2,1,2021,2021-01,Night
3840,San Jose,2022-11-06,17:31,Medium,Fog,Wet,4,33.6719,-121.7446,17,11,2022,2022-11,Day
3841,Dallas,2021-10-04,08:24,Medium,Snow,Icy,3,27.3813,-121.6526,8,10,2021,2021-10,Day
3842,Houston,2021-08-05,14:12,Medium,Rain,Dry,2,43.1819,-86.7242,14,8,2021,2021-08,Day
3843,San Antonio,2022-08-01,00:13,Medium,Clear,Dry,4,38.9771,-85.1553,0,8,2022,2022-08,Night
3844,New York,2023-09-17,22:23,High,Clear,Dry,5,46.5124,-110.7145,22,9,2023,2023-09,Night
3845,Houston,2021-07-22,12:25,Low,Clear,Dry,5,26.5423,-104.4082,12,7,2021,2021-07,Day
3846,Los Angeles,2023-09-26,12:17,High,Cloudy,Dry,5,30.0649,-111.122,12,9,2023,2023-09,Day
3847,New York,2023-01-03,09:23,Medium,Snow,Dry,5,47.5787,-112.2133,9,1,2023,2023-01,Day
3848,Dallas,2023-08-17,20:18,Low,Clear,Wet,5,36.2432,-84.57,20,8,2023,2023-08,Night
3849,Dallas,2023-07-22,23:17,Low,Snow,Dry,4,25.8496,-82.4357,23,7,2023,2023-07,Night
3850,Houston,2021-03-23,15:26,Low,Clear,Icy,4,47.4632,-104.5076,15,3,2021,2021-03,Day
3851,San Antonio,2023-09-09,22:14,Low,Cloudy,Wet,3,25.4885,-97.5526,22,9,2023,2023-09,Night
3852,Dallas,2023-04-03,14:54,Low,Clear,Slippery,1,31.7468,-116.3057,14,4,2023,2023-04,Day
3853,Houston,2023-10-15,22:20,Medium,Cloudy,Dry,2,43.5177,-75.3122,22,10,2023,2023-10,Night
3854,Houston,2023-10-27,17:32,Medium,Clear,Wet,5,38.5285,-101.8653,17,10,2023,2023-10,Day
3855,Houston,2023-11-03,13:14,Low,Clear,Dry,5,44.7573,-99.138,13,11,2023,2023-11,Day
3856,New York,2023-05-10,13:58,Low,Clear,Dry,2,37.632,-118.5329,13,5,2023,2023-05,Day
3857,Jacksonville,2021-10-22,19:37,Low,Rain,Wet,5,36.7045,-74.5866,19,10,2021,2021-10,Night
3858,San Antonio,2021-12-04,09:43,Medium,Clear,Wet,3,27.2982,-85.8242,9,12,2021,2021-12,Day
3859,Houston,2022-11-17,20:12,Low,Fog,Dry,4,45.6816,-111.4335,20,11,2022,2022-11,Night
3860,Houston,2023-12-21,10:36,Medium,Rain,Dry,5,44.196,-108.726,10,12,2023,2023-12,Day
3861,New York,2021-07-15,09:19,Low,Fog,Dry,4,33.5006,-119.6529,9,7,2021,2021-07,Day
3862,New York,2022-05-04,18:07,Medium,Hail,Dry,5,36.1841,-91.6158,18,5,2022,2022-05,Night
3863,Dallas,2023-12-10,18:11,Medium,Cloudy,Wet,3,28.539,-73.9556,18,12,2023,2023-12,Night
3864,Dallas,2022-07-02,09:37,Medium,Fog,Dry,3,27.6429,-77.6598,9,7,2022,2022-07,Day
3865,Houston,2023-09-11,17:51,Medium,Snow,Under Construction,4,41.8536,-102.9563,17,9,2023,2023-09,Day
3866,Indianapolis,2023-08-04,19:44,Medium,Fog,Under Construction,4,45.9251,-74.6666,19,8,2023,2023-08,Night
3867,Dallas,2022-10-23,08:37,Low,Rain,Wet,4,40.9436,-96.2306,8,10,2022,2022-10,Day
3868,Dallas,2021-09-04,15:12,Low,Rain,Dry,2,41.1147,-108.6264,15,9,2021,2021-09,Day
3869,New York,2021-11-20,11:50,Low,Clear,Dry,4,44.4746,-97.8279,11,11,2021,2021-11,Day
3870,Houston,2021-10-30,13:00,High,Cloudy,Wet,4,27.3595,-99.6413,13,10,2021,2021-10,Day
3871,Austin,2022-10-30,00:55,Low,Windy,Dry,5,41.5761,-74.3277,0,10,2022,2022-10,Night
3872,San Antonio,2022-08-26,08:35,Medium,Fog,Dry,2,46.4572,-113.2666,8,8,2022,2022-08,Day
3873,Chicago,2023-06-17,03:47,Low,Clear,Wet,2,38.2147,-105.4345,3,6,2023,2023-06,Night
3874,Columbus,2022-09-25,23:17,Low,Clear,Icy,4,43.5587,-70.5809,23,9,2022,2022-09,Night
3875,New York,2023-11-16,07:41,Low,Rain,Dry,1,32.3663,-80.632,7,11,2023,2023-11,Day
3876,Los Angeles,2022-12-20,03:52,High,Clear,Dry,5,45.0295,-97.4942,3,12,2022,2022-12,Night
3877,Austin,2021-07-11,20:09,Medium,Snow,Wet,4,35.0982,-100.8909,20,7,2021,2021-07,Night
3878,Chicago,2022-10-24,10:00,Medium,Clear,Dry,1,40.9069,-100.5826,10,10,2022,2022-10,Day
3879,Dallas,2022-07-23,08:14,High,Rain,Dry,1,35.7263,-87.3925,8,7,2022,2022-07,Day
3880,Los Angeles,2023-01-19,15:04,High,Clear,Dry,2,29.2962,-110.3739,15,1,2023,2023-01,Day
3881,Charlotte,2023-06-28,20:48,Medium,Clear,Dry,3,28.0678,-116.2689,20,6,2023,2023-06,Night
3882,Indianapolis,2021-09-02,02:00,Low,Clear,Dry,3,47.1725,-113.8651,2,9,2021,2021-09,Night
3883,Philadelphia,2023-02-04,03:25,High,Clear,Dry,2,32.9045,-86.9712,3,2,2023,2023-02,Night
3884,Charlotte,2023-06-08,17:59,Medium,Rain,Slippery,2,32.2138,-120.7023,17,6,2023,2023-06,Day
3885,San Diego,2023-02-24,17:21,Low,Clear,Icy,5,45.0688,-98.7697,17,2,2023,2023-02,Day
3886,Los Angeles,2023-01-14,05:37,High,Clear,Dry,1,44.2076,-113.0218,5,1,2023,2023-01,Night
3887,Los Angeles,2022-02-10,09:55,High,Rain,Dry,1,39.3615,-96.3893,9,2,2022,2022-02,Day
3888,Houston,2021-11-23,06:17,Low,Clear,Dry,3,28.42,-85.6045,6,11,2021,2021-11,Day
3889,Los Angeles,2023-06-03,18:15,Low,Snow,Icy,4,25.8999,-86.8216,18,6,2023,2023-06,Night
3890,New York,2021-07-14,23:00,Medium,Clear,Wet,4,26.6629,-92.9648,23,7,2021,2021-07,Night
3891,Philadelphia,2022-07-13,04:53,High,Rain,Dry,3,37.7375,-82.2559,4,7,2022,2022-07,Night
3892,Houston,2021-09-02,19:57,Low,Fog,Wet,1,41.74,-94.8978,19,9,2021,2021-09,Night
3893,Austin,2021-02-07,10:34,Medium,Clear,Slippery,5,25.9614,-115.7216,10,2,2021,2021-02,Day
3894,Dallas,2021-02-02,08:18,Low,Windy,Wet,1,40.9822,-75.5544,8,2,2021,2021-02,Day
3895,Los Angeles,2022-11-26,11:45,High,Rain,Icy,4,43.6383,-91.2519,11,11,2022,2022-11,Day
3896,San Jose,2021-03-19,16:06,High,Clear,Wet,5,31.9796,-120.8539,16,3,2021,2021-03,Day
3897,Los Angeles,2021-10-08,22:04,High,Clear,Dry,4,44.0776,-81.6595,22,10,2021,2021-10,Night
3898,Dallas,2021-10-23,14:09,Medium,Clear,Wet,2,34.1204,-113.748,14,10,2021,2021-10,Day
3899,San Antonio,2023-07-26,19:17,High,Fog,Dry,3,38.7728,-77.9438,19,7,2023,2023-07,Night
3900,New York,2023-03-08,00:37,Low,Clear,Icy,4,33.4972,-71.6318,0,3,2023,2023-03,Night
3901,Columbus,2022-12-26,13:57,Medium,Clear,Dry,5,39.5295,-111.0237,13,12,2022,2022-12,Day
3902,Chicago,2022-08-08,23:39,Low,Clear,Wet,4,31.6861,-116.7778,23,8,2022,2022-08,Night
3903,Chicago,2022-07-09,11:33,High,Fog,Wet,3,29.3707,-75.8402,11,7,2022,2022-07,Day
3904,Phoenix,2021-09-18,19:01,Low,Clear,Wet,5,46.1016,-101.9515,19,9,2021,2021-09,Night
3905,New York,2021-07-12,21:26,Low,Snow,Dry,3,36.2702,-105.3291,21,7,2021,2021-07,Night
3906,New York,2023-03-24,06:47,Low,Rain,Wet,3,45.3438,-120.1209,6,3,2023,2023-03,Day
3907,Austin,2022-03-26,11:40,Low,Clear,Wet,5,37.1992,-92.6409,11,3,2022,2022-03,Day
3908,New York,2023-11-11,07:11,Medium,Clear,Wet,2,33.5205,-74.4009,7,11,2023,2023-11,Day
3909,Houston,2023-04-30,19:29,Low,Clear,Wet,1,43.5426,-97.5594,19,4,2023,2023-04,Night
3910,Philadelphia,2022-04-18,21:07,Medium,Rain,Icy,3,47.2008,-88.9914,21,4,2022,2022-04,Night
3911,Dallas,2023-08-22,19:52,High,Clear,Under Construction,2,45.5624,-121.0771,19,8,2023,2023-08,Night
3912,Indianapolis,2023-07-20,13:43,Medium,Rain,Dry,1,28.0709,-101.8981,13,7,2023,2023-07,Day
3913,San Jose,2022-08-10,09:14,Medium,Clear,Under Construction,3,41.0199,-89.6932,9,8,2022,2022-08,Day
3914,Charlotte,2021-03-04,18:11,Medium,Clear,Wet,4,47.2256,-77.4493,18,3,2021,2021-03,Night
3915,San Diego,2021-04-13,20:27,High,Clear,Dry,2,42.2766,-84.9536,20,4,2021,2021-04,Night
3916,New York,2021-07-19,06:55,Low,Clear,Dry,4,44.4622,-112.9823,6,7,2021,2021-07,Day
3917,Philadelphia,2021-02-06,19:41,Medium,Rain,Wet,3,39.8201,-112.2038,19,2,2021,2021-02,Night
3918,Los Angeles,2022-08-02,07:20,Low,Rain,Dry,2,33.2819,-82.2628,7,8,2022,2022-08,Day
3919,Houston,2023-09-04,13:11,Low,Clear,Dry,2,47.8878,-87.7648,13,9,2023,2023-09,Day
3920,Los Angeles,2023-12-04,14:22,Low,Cloudy,Wet,4,47.8915,-110.1817,14,12,2023,2023-12,Day
3921,San Antonio,2023-02-15,08:14,Low,Fog,Dry,5,45.0832,-112.83,8,2,2023,2023-02,Day
3922,San Diego,2021-02-02,18:50,Medium,Cloudy,Wet,5,42.7527,-109.1776,18,2,2021,2021-02,Night
3923,Houston,2023-10-28,19:19,Medium,Cloudy,Wet,2,40.6968,-112.7618,19,10,2023,2023-10,Night
3924,San Diego,2022-11-29,09:41,Low,Hail,Dry,4,26.8679,-100.1763,9,11,2022,2022-11,Day
3925,Houston,2023-08-30,16:18,High,Rain,Wet,1,36.9558,-82.3909,16,8,2023,2023-08,Day
3926,Dallas,2023-11-25,19:13,Medium,Clear,Dry,5,32.4881,-84.6304,19,11,2023,2023-11,Night
3927,New York,2022-11-03,22:37,High,Clear,Wet,4,28.9771,-72.4516,22,11,2022,2022-11,Night
3928,New York,2022-11-12,22:03,Low,Clear,Dry,4,28.1657,-86.9164,22,11,2022,2022-11,Night
3929,Chicago,2023-11-01,21:37,High,Clear,Under Construction,5,45.1908,-86.6937,21,11,2023,2023-11,Night
3930,San Antonio,2021-06-25,18:35,Low,Snow,Dry,1,37.6532,-88.4702,18,6,2021,2021-06,Night
3931,Dallas,2021-02-17,19:06,Low,Snow,Wet,5,26.3273,-112.5253,19,2,2021,2021-02,Night
3932,San Antonio,2021-06-25,10:20,Low,Snow,Icy,1,37.9964,-101.328,10,6,2021,2021-06,Day
3933,San Diego,2021-07-21,16:50,High,Rain,Dry,3,39.5167,-103.642,16,7,2021,2021-07,Day
3934,Los Angeles,2023-09-18,20:17,Low,Snow,Slippery,3,45.1611,-84.5238,20,9,2023,2023-09,Night
3935,San Diego,2023-03-19,12:45,Medium,Snow,Dry,1,46.8466,-104.0428,12,3,2023,2023-03,Day
3936,Los Angeles,2023-07-25,07:29,Low,Clear,Dry,3,29.7305,-72.9636,7,7,2023,2023-07,Day
3937,Houston,2022-11-02,08:27,Medium,Rain,Dry,2,30.7659,-84.4464,8,11,2022,2022-11,Day
3938,San Jose,2021-09-24,12:53,Medium,Rain,Dry,1,25.2087,-85.1393,12,9,2021,2021-09,Day
3939,New York,2023-06-16,16:16,High,Clear,Slippery,2,44.9514,-120.448,16,6,2023,2023-06,Day
3940,Indianapolis,2023-04-26,06:42,Medium,Rain,Dry,4,34.0398,-85.1849,6,4,2023,2023-04,Day
3941,Jacksonville,2023-04-25,16:31,Low,Clear,Icy,1,35.5677,-82.9637,16,4,2023,2023-04,Day
3942,Chicago,2021-12-15,10:14,Medium,Rain,Dry,1,30.0145,-103.8902,10,12,2021,2021-12,Day
3943,Charlotte,2022-02-08,12:54,Low,Clear,Dry,5,35.2463,-83.7318,12,2,2022,2022-02,Day
3944,Dallas,2023-02-17,13:20,Medium,Rain,Dry,1,40.2073,-112.8554,13,2,2023,2023-02,Day
3945,Austin,2022-04-04,17:19,High,Clear,Wet,1,29.2185,-102.2984,17,4,2022,2022-04,Day
3946,San Jose,2022-06-18,16:40,Low,Clear,Slippery,1,42.7315,-101.4673,16,6,2022,2022-06,Day
3947,Chicago,2023-06-23,11:44,Low,Snow,Dry,3,26.4636,-90.5319,11,6,2023,2023-06,Day
3948,Los Angeles,2022-11-21,12:25,Low,Rain,Dry,2,41.3531,-115.8577,12,11,2022,2022-11,Day
3949,Chicago,2021-04-21,11:04,Low,Rain,Slippery,1,45.0352,-78.3577,11,4,2021,2021-04,Day
3950,Dallas,2023-10-24,06:13,Low,Snow,Icy,4,42.2184,-70.3327,6,10,2023,2023-10,Day
3951,Charlotte,2022-05-20,16:23,Medium,Rain,Dry,5,32.2888,-83.0364,16,5,2022,2022-05,Day
3952,Dallas,2023-03-15,12:30,Low,Clear,Wet,1,35.9067,-70.7441,12,3,2023,2023-03,Day
3953,Charlotte,2023-02-26,16:38,Low,Fog,Dry,4,25.2177,-87.8434,16,2,2023,2023-02,Day
3954,Austin,2022-05-22,08:44,Low,Clear,Wet,2,35.8322,-108.3854,8,5,2022,2022-05,Day
3955,Houston,2021-02-10,07:15,Medium,Rain,Dry,4,36.0867,-85.9542,7,2,2021,2021-02,Day
3956,Dallas,2021-05-19,14:11,Medium,Clear,Wet,4,42.3164,-97.4081,14,5,2021,2021-05,Day
3957,Los Angeles,2023-01-17,11:38,Low,Clear,Slippery,5,32.4328,-96.5072,11,1,2023,2023-01,Day
3958,Houston,2021-02-22,20:57,Low,Rain,Icy,5,42.8998,-84.8981,20,2,2021,2021-02,Night
3959,Indianapolis,2022-04-02,19:22,Medium,Clear,Wet,1,33.615,-75.5238,19,4,2022,2022-04,Night
3960,San Diego,2022-12-20,19:38,Low,Cloudy,Dry,3,44.5613,-96.0605,19,12,2022,2022-12,Night
3961,Chicago,2023-04-25,09:23,Medium,Clear,Wet,1,42.4384,-73.9883,9,4,2023,2023-04,Day
3962,Dallas,2021-09-09,23:22,Low,Rain,Slippery,4,32.2701,-83.5182,23,9,2021,2021-09,Night
3963,San Diego,2022-12-20,18:47,Medium,Rain,Dry,1,27.5041,-92.7754,18,12,2022,2022-12,Night
3964,Austin,2023-05-12,13:31,Low,Rain,Dry,2,35.2703,-79.8114,13,5,2023,2023-05,Day
3965,Chicago,2023-05-25,11:53,Medium,Clear,Dry,2,30.3813,-79.5036,11,5,2023,2023-05,Day
3966,Houston,2023-06-26,09:36,Low,Hail,Wet,2,28.593,-77.0039,9,6,2023,2023-06,Day
3967,Phoenix,2023-06-01,21:10,Medium,Clear,Dry,2,36.1532,-111.2497,21,6,2023,2023-06,Night
3968,New York,2023-10-19,09:20,High,Clear,Dry,3,45.8905,-121.7969,9,10,2023,2023-10,Day
3969,New York,2023-08-28,07:26,Medium,Cloudy,Wet,2,38.689,-107.9766,7,8,2023,2023-08,Day
3970,Chicago,2023-09-24,13:26,Medium,Fog,Slippery,5,27.6416,-93.0542,13,9,2023,2023-09,Day
3971,Indianapolis,2023-06-19,18:31,Low,Clear,Dry,4,39.8475,-94.588,18,6,2023,2023-06,Night
3972,Phoenix,2023-12-10,13:19,Medium,Rain,Slippery,3,35.4117,-109.2735,13,12,2023,2023-12,Day
3973,Indianapolis,2022-06-03,22:16,Medium,Cloudy,Dry,4,30.5926,-92.6467,22,6,2022,2022-06,Night
3974,Phoenix,2022-01-06,11:16,Medium,Clear,Wet,1,28.2569,-95.6054,11,1,2022,2022-01,Day
3975,Chicago,2023-11-22,13:23,High,Fog,Slippery,1,46.3388,-82.6904,13,11,2023,2023-11,Day
3976,Phoenix,2023-11-30,13:23,High,Rain,Under Construction,2,41.8008,-79.6733,13,11,2023,2023-11,Day
3977,Charlotte,2021-03-24,16:01,Low,Clear,Dry,1,35.0775,-102.2512,16,3,2021,2021-03,Day
3978,Dallas,2023-01-17,10:20,Low,Clear,Dry,2,31.6803,-115.4644,10,1,2023,2023-01,Day
3979,Los Angeles,2023-08-20,06:08,Low,Cloudy,Slippery,4,32.7334,-111.4867,6,8,2023,2023-08,Day
3980,San Antonio,2022-02-03,20:23,Medium,Cloudy,Icy,5,25.4631,-101.4105,20,2,2022,2022-02,Night
3981,Dallas,2021-11-17,14:46,Medium,Cloudy,Wet,5,36.2423,-89.2813,14,11,2021,2021-11,Day
3982,Philadelphia,2023-08-22,14:55,Medium,Fog,Under Construction,4,44.5946,-99.904,14,8,2023,2023-08,Day
3983,Houston,2021-04-08,16:30,Medium,Snow,Wet,4,44.4475,-100.5804,16,4,2021,2021-04,Day
3984,Phoenix,2023-10-21,17:31,Low,Clear,Dry,1,40.7807,-106.7985,17,10,2023,2023-10,Day
3985,Dallas,2023-01-16,17:28,Medium,Clear,Wet,1,40.7842,-121.1047,17,1,2023,2023-01,Day
3986,Los Angeles,2023-06-24,16:45,High,Clear,Dry,5,28.6418,-106.9382,16,6,2023,2023-06,Day
3987,Chicago,2022-05-02,01:39,Low,Clear,Dry,1,35.5527,-105.3866,1,5,2022,2022-05,Night
3988,San Diego,2023-06-25,07:51,Medium,Fog,Wet,5,35.5881,-120.2165,7,6,2023,2023-06,Day
3989,New York,2023-11-03,17:19,Low,Clear,Dry,5,43.5475,-103.0426,17,11,2023,2023-11,Day
3990,Phoenix,2023-03-14,11:40,Medium,Clear,Wet,3,25.7644,-98.4212,11,3,2023,2023-03,Day
3991,Los Angeles,2021-02-19,11:51,Low,Rain,Dry,1,42.9281,-94.1941,11,2,2021,2021-02,Day
3992,Philadelphia,2022-10-13,12:15,Medium,Snow,Dry,5,46.548,-110.3315,12,10,2022,2022-10,Day
3993,Philadelphia,2021-11-15,06:46,Low,Clear,Dry,2,25.058,-75.909,6,11,2021,2021-11,Day
3994,Indianapolis,2022-01-29,15:53,Low,Clear,Dry,3,40.7198,-95.9033,15,1,2022,2022-01,Day
3995,Phoenix,2023-05-21,18:48,Low,Clear,Dry,4,34.788,-87.3312,18,5,2023,2023-05,Night
3996,Phoenix,2021-04-05,21:30,High,Clear,Dry,2,41.9053,-82.823,21,4,2021,2021-04,Night
3997,New York,2022-11-01,10:51,High,Fog,Wet,4,36.072,-87.7351,10,11,2022,2022-11,Day
3998,New York,2022-12-26,22:18,Low,Snow,Wet,5,41.9599,-93.4976,22,12,2022,2022-12,Night
3999,Chicago,2021-02-22,16:58,Low,Clear,Dry,4,36.5886,-82.6843,16,2,2021,2021-02,Day
4000,Phoenix,2023-08-26,16:02,Low,Cloudy,Dry,3,26.9699,-118.9181,16,8,2023,2023-08,Day
4001,San Jose,2023-08-15,18:59,Medium,Clear,Dry,5,40.4357,-99.7376,18,8,2023,2023-08,Night
4002,Chicago,2021-08-23,06:40,Low,Clear,Dry,3,25.3829,-107.6744,6,8,2021,2021-08,Day
4003,Columbus,2022-12-31,04:02,Low,Rain,Dry,5,38.5047,-115.2336,4,12,2022,2022-12,Night
4004,Columbus,2023-09-06,02:55,Medium,Clear,Wet,3,38.9606,-105.997,2,9,2023,2023-09,Night
4005,Chicago,2022-05-11,11:41,Medium,Cloudy,Icy,1,46.1672,-110.2863,11,5,2022,2022-05,Day
4006,Houston,2023-03-18,08:13,Medium,Snow,Dry,3,42.738,-74.3522,8,3,2023,2023-03,Day
4007,Dallas,2021-07-19,13:33,Low,Clear,Icy,3,45.0371,-87.2701,13,7,2021,2021-07,Day
4008,Columbus,2022-06-18,09:40,Medium,Snow,Dry,2,40.4375,-120.1687,9,6,2022,2022-06,Day
4009,Chicago,2021-03-25,18:16,Medium,Cloudy,Wet,3,41.1339,-76.6049,18,3,2021,2021-03,Night
4010,Jacksonville,2023-05-05,13:10,Low,Clear,Wet,1,41.991,-119.3517,13,5,2023,2023-05,Day
4011,New York,2023-10-26,21:13,High,Hail,Wet,1,45.4134,-71.5791,21,10,2023,2023-10,Night
4012,Los Angeles,2023-12-29,21:06,Low,Snow,Wet,4,38.863,-86.6731,21,12,2023,2023-12,Night
4013,Chicago,2021-07-16,11:06,Low,Cloudy,Dry,2,33.5029,-109.955,11,7,2021,2021-07,Day
4014,Houston,2021-11-14,20:14,Low,Clear,Wet,4,28.961,-76.9196,20,11,2021,2021-11,Night
4015,Dallas,2022-12-28,21:50,Medium,Clear,Dry,1,37.7736,-89.1948,21,12,2022,2022-12,Night
4016,New York,2023-11-02,16:28,High,Rain,Dry,3,42.8022,-117.1095,16,11,2023,2023-11,Day
4017,Los Angeles,2023-05-19,03:17,High,Snow,Dry,3,35.2993,-75.374,3,5,2023,2023-05,Night
4018,Los Angeles,2022-11-13,03:16,Low,Clear,Dry,3,40.6903,-95.9883,3,11,2022,2022-11,Night
4019,Houston,2021-10-21,16:50,Medium,Fog,Dry,1,40.1768,-78.3575,16,10,2021,2021-10,Day
4020,Dallas,2021-08-23,19:59,Medium,Clear,Wet,4,44.0553,-114.9781,19,8,2021,2021-08,Night
4021,Los Angeles,2022-01-23,19:51,Low,Clear,Dry,2,32.1865,-112.9718,19,1,2022,2022-01,Night
4022,Dallas,2023-09-01,17:00,Medium,Rain,Dry,4,31.0152,-82.3292,17,9,2023,2023-09,Day
4023,Houston,2022-07-08,00:10,Low,Clear,Dry,3,33.1241,-101.9599,0,7,2022,2022-07,Night
4024,Dallas,2022-02-09,07:27,High,Clear,Dry,1,44.851,-103.2756,7,2,2022,2022-02,Day
4025,San Diego,2021-05-29,19:36,Low,Clear,Under Construction,3,42.7728,-76.9539,19,5,2021,2021-05,Night
4026,Columbus,2022-11-26,00:25,Medium,Clear,Slippery,5,46.2212,-85.7496,0,11,2022,2022-11,Night
4027,Los Angeles,2023-06-18,07:04,Low,Clear,Wet,2,40.1012,-110.9816,7,6,2023,2023-06,Day
4028,San Jose,2023-12-21,21:46,Low,Rain,Dry,2,28.557,-100.7098,21,12,2023,2023-12,Night
4029,Houston,2023-07-09,13:46,Low,Cloudy,Dry,5,43.2503,-77.2842,13,7,2023,2023-07,Day
4030,Indianapolis,2022-08-23,18:34,Medium,Rain,Dry,2,47.4395,-106.9445,18,8,2022,2022-08,Night
4031,Houston,2022-02-02,19:12,Low,Cloudy,Dry,4,34.404,-108.447,19,2,2022,2022-02,Night
4032,Los Angeles,2021-01-10,21:21,Medium,Cloudy,Wet,2,42.5549,-120.3491,21,1,2021,2021-01,Night
4033,Dallas,2021-06-04,12:57,Medium,Snow,Dry,5,25.3407,-109.3471,12,6,2021,2021-06,Day
4034,Dallas,2021-03-26,21:35,Low,Clear,Wet,1,36.7781,-116.5192,21,3,2021,2021-03,Night
4035,New York,2023-04-05,09:52,Low,Clear,Dry,1,45.04,-110.4518,9,4,2023,2023-04,Day
4036,Charlotte,2023-12-19,19:47,Medium,Clear,Dry,1,33.1331,-81.7055,19,12,2023,2023-12,Night
4037,Columbus,2022-05-09,15:34,Low,Clear,Icy,3,38.3354,-117.6081,15,5,2022,2022-05,Day
4038,Phoenix,2023-02-13,18:00,High,Clear,Dry,1,31.6632,-120.0306,18,2,2023,2023-02,Night
4039,Los Angeles,2021-10-17,12:41,Low,Snow,Dry,5,28.032,-73.4788,12,10,2021,2021-10,Day
4040,Philadelphia,2022-11-21,06:50,Medium,Snow,Slippery,1,46.6836,-81.6298,6,11,2022,2022-11,Day
4041,New York,2022-11-22,03:26,Low,Clear,Dry,4,44.4201,-75.7196,3,11,2022,2022-11,Night
4042,Houston,2023-10-14,21:01,Medium,Cloudy,Dry,5,47.9731,-97.1641,21,10,2023,2023-10,Night
4043,Philadelphia,2022-12-26,07:27,Medium,Clear,Under Construction,2,34.6312,-117.167,7,12,2022,2022-12,Day
4044,San Diego,2023-03-13,15:51,Low,Clear,Dry,2,35.834,-111.8098,15,3,2023,2023-03,Day
4045,New York,2023-12-13,17:29,Low,Clear,Dry,5,25.2303,-75.5297,17,12,2023,2023-12,Day
4046,Chicago,2021-11-14,02:03,Medium,Rain,Dry,1,36.0946,-89.1104,2,11,2021,2021-11,Night
4047,Austin,2022-08-06,13:32,High,Clear,Wet,5,44.3917,-89.9657,13,8,2022,2022-08,Day
4048,Los Angeles,2021-05-10,08:29,Low,Clear,Dry,5,43.0474,-111.2249,8,5,2021,2021-05,Day
4049,San Diego,2021-10-04,15:42,High,Clear,Dry,3,38.6312,-77.6185,15,10,2021,2021-10,Day
4050,Columbus,2022-05-25,15:54,Medium,Cloudy,Dry,1,36.6348,-101.1054,15,5,2022,2022-05,Day
4051,Houston,2022-09-30,11:17,Low,Rain,Wet,5,28.9951,-70.9186,11,9,2022,2022-09,Day
4052,Indianapolis,2023-05-28,08:26,High,Clear,Icy,3,47.4956,-88.2225,8,5,2023,2023-05,Day
4053,Chicago,2021-02-04,09:58,Low,Rain,Dry,4,42.1966,-71.5961,9,2,2021,2021-02,Day
4054,Houston,2021-04-22,18:07,Low,Rain,Dry,2,42.6153,-70.4484,18,4,2021,2021-04,Night
4055,Los Angeles,2023-10-22,00:12,Low,Fog,Wet,5,34.6721,-121.0439,0,10,2023,2023-10,Night
4056,New York,2021-04-10,06:25,High,Rain,Under Construction,2,32.5181,-121.629,6,4,2021,2021-04,Day
4057,Austin,2023-06-10,07:11,Low,Rain,Dry,4,42.0945,-115.2165,7,6,2023,2023-06,Day
4058,Los Angeles,2023-03-03,12:59,Low,Clear,Dry,5,46.929,-112.1043,12,3,2023,2023-03,Day
4059,Dallas,2021-01-16,05:05,Low,Fog,Dry,4,46.1885,-108.9975,5,1,2021,2021-01,Night
4060,San Diego,2022-11-16,18:38,Medium,Clear,Dry,1,25.1306,-78.8376,18,11,2022,2022-11,Night
4061,Austin,2022-11-13,12:28,Low,Clear,Icy,2,33.3904,-102.8078,12,11,2022,2022-11,Day
4062,Chicago,2023-08-25,19:15,Low,Clear,Slippery,2,41.2041,-80.0731,19,8,2023,2023-08,Night
4063,Phoenix,2023-12-16,19:24,Low,Clear,Dry,4,25.4991,-106.6677,19,12,2023,2023-12,Night
4064,Columbus,2021-12-10,22:23,Medium,Clear,Wet,5,26.0084,-97.5174,22,12,2021,2021-12,Night
4065,New York,2023-10-18,11:09,Medium,Rain,Slippery,4,40.9643,-86.7601,11,10,2023,2023-10,Day
4066,Chicago,2022-12-14,07:07,Medium,Cloudy,Wet,5,38.6798,-84.8615,7,12,2022,2022-12,Day
4067,Jacksonville,2023-04-02,19:35,Low,Hail,Dry,1,27.1532,-108.581,19,4,2023,2023-04,Night
4068,Dallas,2022-06-23,06:18,Medium,Windy,Slippery,4,35.1108,-118.1331,6,6,2022,2022-06,Day
4069,Dallas,2022-02-22,12:59,High,Cloudy,Dry,5,45.5012,-121.9716,12,2,2022,2022-02,Day
4070,Chicago,2023-04-20,12:20,High,Rain,Wet,4,42.0264,-121.7444,12,4,2023,2023-04,Day
4071,San Diego,2022-06-05,00:07,Medium,Cloudy,Dry,1,35.6146,-101.8785,0,6,2022,2022-06,Night
4072,New York,2022-02-27,17:02,Medium,Rain,Wet,1,40.2873,-94.8379,17,2,2022,2022-02,Day
4073,Charlotte,2021-06-29,13:01,High,Rain,Dry,4,30.9691,-120.4061,13,6,2021,2021-06,Day
4074,San Diego,2021-05-11,17:54,Medium,Clear,Slippery,4,41.6244,-85.1004,17,5,2021,2021-05,Day
4075,Jacksonville,2023-06-16,15:09,Low,Clear,Dry,3,42.5329,-113.0285,15,6,2023,2023-06,Day
4076,Columbus,2021-05-23,19:16,Medium,Snow,Wet,4,28.3234,-74.7022,19,5,2021,2021-05,Night
4077,Indianapolis,2023-12-18,07:14,Low,Clear,Under Construction,3,27.9048,-118.1891,7,12,2023,2023-12,Day
4078,Los Angeles,2021-06-12,12:32,Low,Rain,Slippery,5,43.6058,-116.9146,12,6,2021,2021-06,Day
4079,Los Angeles,2022-11-24,16:15,Medium,Clear,Dry,4,31.5924,-108.6297,16,11,2022,2022-11,Day
4080,New York,2022-01-21,18:14,Medium,Snow,Wet,3,25.2196,-120.2459,18,1,2022,2022-01,Night
4081,New York,2022-10-25,17:18,Medium,Clear,Under Construction,1,46.421,-88.6232,17,10,2022,2022-10,Day
4082,Columbus,2022-08-19,16:47,Low,Clear,Wet,4,37.4964,-77.9129,16,8,2022,2022-08,Day
4083,Houston,2021-04-04,16:34,High,Fog,Dry,4,26.2308,-93.0137,16,4,2021,2021-04,Day
4084,Los Angeles,2023-12-16,08:00,Medium,Clear,Slippery,3,39.6907,-96.6004,8,12,2023,2023-12,Day
4085,Dallas,2023-10-18,09:17,Low,Rain,Wet,5,35.7823,-99.535,9,10,2023,2023-10,Day
4086,Houston,2023-09-06,03:42,Medium,Clear,Under Construction,2,26.7596,-79.9502,3,9,2023,2023-09,Night
4087,New York,2023-09-18,19:20,High,Fog,Dry,1,26.8999,-83.123,19,9,2023,2023-09,Night
4088,Philadelphia,2023-11-28,11:25,Medium,Clear,Dry,5,33.2448,-92.6377,11,11,2023,2023-11,Day
4089,Charlotte,2022-11-02,18:42,Low,Clear,Slippery,2,36.5504,-94.4068,18,11,2022,2022-11,Night
4090,Houston,2023-07-05,18:24,Low,Cloudy,Wet,5,38.9289,-75.6296,18,7,2023,2023-07,Night
4091,New York,2022-08-13,06:40,Medium,Snow,Dry,4,29.0825,-96.6257,6,8,2022,2022-08,Day
4092,Indianapolis,2021-02-23,14:34,Medium,Clear,Wet,2,27.0477,-115.6176,14,2,2021,2021-02,Day
4093,Chicago,2021-08-30,13:37,Low,Rain,Icy,2,29.8223,-72.3103,13,8,2021,2021-08,Day
4094,Phoenix,2022-01-15,11:31,Low,Snow,Wet,2,36.9394,-104.1102,11,1,2022,2022-01,Day
4095,Dallas,2023-05-29,07:11,Medium,Hail,Dry,2,31.4232,-112.9276,7,5,2023,2023-05,Day
4096,Chicago,2023-10-10,08:12,Medium,Rain,Slippery,2,45.8886,-116.736,8,10,2023,2023-10,Day
4097,San Antonio,2022-09-26,18:00,Low,Clear,Dry,4,31.0008,-102.78,18,9,2022,2022-09,Night
4098,Dallas,2023-11-07,13:39,Low,Clear,Under Construction,3,47.9166,-114.931,13,11,2023,2023-11,Day
4099,Columbus,2022-11-07,08:55,High,Clear,Icy,3,33.2546,-77.8839,8,11,2022,2022-11,Day
4100,Indianapolis,2023-10-04,13:51,Medium,Clear,Wet,2,36.237,-98.0627,13,10,2023,2023-10,Day
4101,Phoenix,2022-12-15,13:14,Medium,Clear,Wet,1,27.9362,-114.2734,13,12,2022,2022-12,Day
4102,San Diego,2022-05-06,10:06,Medium,Clear,Dry,1,25.6758,-104.935,10,5,2022,2022-05,Day
4103,New York,2023-02-03,21:43,High,Clear,Wet,5,44.1426,-79.7497,21,2,2023,2023-02,Night
4104,Austin,2021-08-01,07:08,Low,Clear,Dry,1,37.8275,-81.1617,7,8,2021,2021-08,Day
4105,Dallas,2023-12-09,18:56,High,Clear,Icy,5,32.0013,-91.5921,18,12,2023,2023-12,Night
4106,Indianapolis,2021-08-03,09:00,High,Rain,Dry,5,29.7173,-89.8655,9,8,2021,2021-08,Day
4107,Houston,2021-09-11,08:07,High,Rain,Dry,1,36.8649,-89.9019,8,9,2021,2021-09,Day
4108,New York,2022-03-05,13:23,Low,Cloudy,Icy,3,31.209,-90.8745,13,3,2022,2022-03,Day
4109,Houston,2022-05-20,14:12,Low,Rain,Slippery,2,37.5058,-117.0227,14,5,2022,2022-05,Day
4110,Los Angeles,2022-03-04,12:42,Low,Clear,Icy,3,32.0975,-99.1397,12,3,2022,2022-03,Day
4111,New York,2023-09-27,20:00,High,Cloudy,Dry,5,36.932,-77.5891,20,9,2023,2023-09,Night
4112,San Diego,2022-06-25,15:06,Medium,Clear,Wet,2,37.987,-83.2063,15,6,2022,2022-06,Day
4113,Austin,2023-11-26,23:03,Low,Cloudy,Dry,4,38.6059,-93.2267,23,11,2023,2023-11,Night
4114,Phoenix,2021-12-06,22:32,Low,Rain,Under Construction,4,42.7133,-116.7836,22,12,2021,2021-12,Night
4115,Houston,2022-04-26,08:02,Low,Clear,Wet,4,26.3996,-75.7113,8,4,2022,2022-04,Day
4116,Los Angeles,2023-04-03,08:57,Low,Fog,Dry,4,41.0301,-70.0572,8,4,2023,2023-04,Day
4117,New York,2022-11-12,11:14,Low,Clear,Dry,2,30.8796,-119.0322,11,11,2022,2022-11,Day
4118,Indianapolis,2023-09-26,13:04,Low,Cloudy,Dry,2,25.6321,-116.9288,13,9,2023,2023-09,Day
4119,New York,2021-10-08,20:57,High,Clear,Dry,4,28.3092,-116.982,20,10,2021,2021-10,Night
4120,Indianapolis,2022-01-09,19:28,Low,Clear,Wet,4,30.6082,-103.2703,19,1,2022,2022-01,Night
4121,Charlotte,2022-10-20,05:27,High,Rain,Wet,3,41.4796,-110.6201,5,10,2022,2022-10,Night
4122,New York,2023-06-23,16:07,High,Windy,Slippery,1,39.2922,-97.2123,16,6,2023,2023-06,Day
4123,Dallas,2021-02-16,19:20,Medium,Clear,Under Construction,1,38.0725,-82.8165,19,2,2021,2021-02,Night
4124,Charlotte,2023-04-29,14:51,Medium,Clear,Dry,4,47.9746,-83.3059,14,4,2023,2023-04,Day
4125,Los Angeles,2021-06-12,19:28,High,Clear,Dry,1,46.3106,-88.9362,19,6,2021,2021-06,Night
4126,Chicago,2021-06-23,22:58,Medium,Clear,Dry,3,25.2213,-81.0727,22,6,2021,2021-06,Night
4127,San Diego,2021-04-10,06:25,Medium,Rain,Wet,2,25.815,-70.9897,6,4,2021,2021-04,Day
4128,Jacksonville,2021-05-27,08:16,Low,Snow,Dry,5,26.1998,-89.2359,8,5,2021,2021-05,Day
4129,Los Angeles,2021-02-09,15:53,Medium,Hail,Dry,5,30.9198,-71.2338,15,2,2021,2021-02,Day
4130,New York,2021-01-28,03:18,Low,Clear,Icy,3,39.3352,-101.9777,3,1,2021,2021-01,Night
4131,Austin,2022-03-09,10:34,Low,Clear,Dry,5,38.3621,-114.6176,10,3,2022,2022-03,Day
4132,Chicago,2022-08-01,12:08,Medium,Clear,Dry,1,41.0236,-90.6732,12,8,2022,2022-08,Day
4133,New York,2021-06-12,06:32,Medium,Clear,Icy,3,29.0683,-87.7905,6,6,2021,2021-06,Day
4134,Chicago,2021-05-03,15:07,Low,Clear,Dry,3,46.6219,-99.162,15,5,2021,2021-05,Day
4135,New York,2021-05-25,18:16,Medium,Clear,Slippery,4,44.7054,-71.5269,18,5,2021,2021-05,Night
4136,San Jose,2023-03-05,20:52,High,Rain,Wet,2,42.8685,-113.8719,20,3,2023,2023-03,Night
4137,Houston,2022-05-22,07:29,Low,Clear,Under Construction,1,34.5058,-108.7931,7,5,2022,2022-05,Day
4138,Houston,2022-08-23,09:37,Low,Cloudy,Wet,2,30.7798,-105.9678,9,8,2022,2022-08,Day
4139,San Jose,2022-04-12,08:57,High,Snow,Icy,4,39.5524,-107.8635,8,4,2022,2022-04,Day
4140,Dallas,2022-07-26,18:59,High,Clear,Wet,3,47.5201,-117.1995,18,7,2022,2022-07,Night
4141,Indianapolis,2022-06-30,21:19,High,Rain,Dry,1,38.2119,-105.9041,21,6,2022,2022-06,Night
4142,Philadelphia,2022-11-27,20:55,High,Clear,Under Construction,5,28.5573,-83.0636,20,11,2022,2022-11,Night
4143,San Diego,2023-10-28,13:01,Medium,Clear,Dry,4,34.6154,-108.7585,13,10,2023,2023-10,Day
4144,Philadelphia,2023-08-21,21:28,Low,Clear,Dry,1,37.9468,-77.5399,21,8,2023,2023-08,Night
4145,Jacksonville,2023-07-20,07:08,Medium,Clear,Dry,4,34.9482,-85.9016,7,7,2023,2023-07,Day
4146,San Antonio,2023-03-31,18:44,Medium,Rain,Slippery,2,33.7526,-108.8378,18,3,2023,2023-03,Night
4147,San Antonio,2022-12-03,15:41,Low,Clear,Wet,1,37.2118,-103.5381,15,12,2022,2022-12,Day
4148,New York,2023-07-06,10:07,Low,Rain,Wet,2,43.3196,-83.8484,10,7,2023,2023-07,Day
4149,Chicago,2023-05-02,13:42,Low,Clear,Under Construction,1,31.2489,-103.5172,13,5,2023,2023-05,Day
4150,Charlotte,2023-07-12,19:29,Low,Hail,Under Construction,1,41.0359,-103.2813,19,7,2023,2023-07,Night
4151,New York,2022-08-01,09:18,High,Rain,Wet,5,32.3763,-79.7634,9,8,2022,2022-08,Day
4152,Los Angeles,2021-09-28,11:40,Low,Cloudy,Slippery,5,31.189,-104.4951,11,9,2021,2021-09,Day
4153,Phoenix,2022-11-21,18:41,High,Cloudy,Wet,2,30.5666,-104.4103,18,11,2022,2022-11,Night
4154,Dallas,2022-07-11,22:00,High,Clear,Wet,3,46.8963,-81.422,22,7,2022,2022-07,Night
4155,Dallas,2023-07-10,07:59,Low,Rain,Wet,2,35.9205,-92.2672,7,7,2023,2023-07,Day
4156,New York,2023-11-06,20:31,Medium,Rain,Dry,2,41.9138,-88.4541,20,11,2023,2023-11,Night
4157,Los Angeles,2023-05-24,19:01,High,Snow,Wet,2,42.891,-99.3707,19,5,2023,2023-05,Night
4158,San Diego,2022-09-20,09:11,Medium,Hail,Icy,3,29.5206,-103.2613,9,9,2022,2022-09,Day
4159,Jacksonville,2021-04-26,22:38,High,Clear,Dry,4,45.0254,-97.7142,22,4,2021,2021-04,Night
4160,Phoenix,2023-12-13,09:17,Medium,Clear,Under Construction,5,27.569,-111.9617,9,12,2023,2023-12,Day
4161,Jacksonville,2023-05-28,15:01,Medium,Snow,Dry,2,32.9182,-116.8464,15,5,2023,2023-05,Day
4162,Phoenix,2021-06-01,11:39,Low,Rain,Dry,1,35.9997,-119.6038,11,6,2021,2021-06,Day
4163,San Jose,2023-12-09,05:13,Medium,Snow,Wet,2,29.7955,-81.9191,5,12,2023,2023-12,Night
4164,Indianapolis,2022-09-06,08:53,Medium,Fog,Icy,3,39.3409,-116.9212,8,9,2022,2022-09,Day
4165,San Diego,2021-01-08,06:24,Medium,Cloudy,Wet,1,39.8318,-112.9237,6,1,2021,2021-01,Day
4166,New York,2022-09-08,12:16,Low,Clear,Dry,4,47.8504,-74.9046,12,9,2022,2022-09,Day
4167,San Antonio,2022-06-23,12:22,Low,Clear,Dry,2,44.0072,-92.7301,12,6,2022,2022-06,Day
4168,Indianapolis,2021-05-02,23:38,High,Rain,Wet,3,28.5462,-92.1542,23,5,2021,2021-05,Night
4169,San Diego,2022-08-18,19:35,Medium,Clear,Slippery,3,45.3921,-94.4451,19,8,2022,2022-08,Night
4170,Dallas,2022-09-07,12:30,Low,Rain,Wet,3,26.2353,-109.3307,12,9,2022,2022-09,Day
4171,Austin,2022-01-03,20:30,Medium,Clear,Dry,2,43.7225,-101.1464,20,1,2022,2022-01,Night
4172,Chicago,2023-01-03,04:53,Low,Clear,Wet,2,31.3922,-78.2212,4,1,2023,2023-01,Night
4173,Phoenix,2022-09-18,17:44,Medium,Clear,Under Construction,4,42.5328,-96.6544,17,9,2022,2022-09,Day
4174,San Diego,2022-05-08,18:56,Medium,Clear,Wet,2,44.6657,-71.6888,18,5,2022,2022-05,Night
4175,Phoenix,2023-06-26,07:31,Medium,Rain,Slippery,1,26.1962,-121.0634,7,6,2023,2023-06,Day
4176,San Jose,2023-02-17,17:54,Medium,Snow,Under Construction,4,32.2104,-78.5878,17,2,2023,2023-02,Day
4177,Phoenix,2022-07-31,06:20,Low,Rain,Dry,3,25.4643,-117.9704,6,7,2022,2022-07,Day
4178,Philadelphia,2021-01-17,13:06,Low,Fog,Dry,2,35.497,-70.6043,13,1,2021,2021-01,Day
4179,Phoenix,2022-01-04,12:28,Low,Rain,Dry,3,32.3106,-117.8947,12,1,2022,2022-01,Day
4180,New York,2022-03-06,11:57,Low,Cloudy,Wet,5,31.9493,-101.4253,11,3,2022,2022-03,Day
4181,Austin,2022-04-07,22:05,Medium,Rain,Wet,1,47.7033,-85.9612,22,4,2022,2022-04,Night
4182,Columbus,2022-07-18,15:05,Medium,Clear,Dry,4,47.9753,-121.6458,15,7,2022,2022-07,Day
4183,Indianapolis,2021-08-01,17:44,High,Clear,Dry,2,44.1778,-96.9841,17,8,2021,2021-08,Day
4184,Columbus,2021-04-01,06:56,Low,Cloudy,Dry,2,34.5158,-118.009,6,4,2021,2021-04,Day
4185,Charlotte,2021-11-20,21:10,Medium,Clear,Under Construction,4,26.7789,-94.7407,21,11,2021,2021-11,Night
4186,San Antonio,2022-11-17,09:44,High,Clear,Slippery,3,44.669,-71.2558,9,11,2022,2022-11,Day
4187,Dallas,2022-07-09,09:34,High,Snow,Dry,5,41.3581,-120.3912,9,7,2022,2022-07,Day
4188,New York,2021-03-08,22:21,High,Fog,Slippery,1,38.16,-104.9451,22,3,2021,2021-03,Night
4189,Phoenix,2023-04-13,05:09,Medium,Clear,Slippery,3,43.3239,-70.9792,5,4,2023,2023-04,Night
4190,Houston,2023-10-10,23:38,Low,Clear,Slippery,3,33.6486,-105.5251,23,10,2023,2023-10,Night
4191,Los Angeles,2022-12-18,00:17,Low,Snow,Icy,4,38.5852,-108.3005,0,12,2022,2022-12,Night
4192,San Jose,2023-10-22,12:07,Medium,Clear,Dry,1,41.9908,-113.7133,12,10,2023,2023-10,Day
4193,Chicago,2023-10-19,06:07,Medium,Fog,Dry,3,47.1837,-120.9048,6,10,2023,2023-10,Day
4194,San Jose,2021-06-04,15:42,Low,Cloudy,Dry,2,34.2344,-83.6231,15,6,2021,2021-06,Day
4195,Columbus,2023-02-21,20:20,Low,Fog,Dry,3,45.8411,-107.4924,20,2,2023,2023-02,Night
4196,Los Angeles,2021-10-09,16:59,Low,Clear,Icy,1,37.1908,-118.8496,16,10,2021,2021-10,Day
4197,Chicago,2022-12-11,20:04,Low,Clear,Wet,4,47.5273,-76.1367,20,12,2022,2022-12,Night
4198,San Antonio,2023-04-22,14:56,High,Clear,Dry,1,34.4526,-92.7011,14,4,2023,2023-04,Day
4199,Columbus,2023-11-01,06:09,High,Clear,Dry,5,26.8077,-88.0242,6,11,2023,2023-11,Day
4200,Columbus,2021-04-01,12:04,Low,Clear,Dry,2,38.7073,-88.171,12,4,2021,2021-04,Day
4201,New York,2023-08-16,12:47,Low,Clear,Slippery,1,32.4163,-120.4766,12,8,2023,2023-08,Day
4202,Dallas,2023-10-10,12:05,High,Clear,Under Construction,5,45.2533,-121.7169,12,10,2023,2023-10,Day
4203,Los Angeles,2023-07-09,21:35,Medium,Hail,Dry,4,27.3609,-89.4931,21,7,2023,2023-07,Night
4204,Houston,2023-09-17,13:02,Medium,Rain,Wet,2,43.3628,-112.8024,13,9,2023,2023-09,Day
4205,New York,2022-04-22,10:55,Low,Hail,Wet,2,27.5471,-113.7611,10,4,2022,2022-04,Day
4206,Phoenix,2021-12-28,18:39,Low,Clear,Icy,3,43.0583,-119.172,18,12,2021,2021-12,Night
4207,Los Angeles,2023-12-09,17:06,Medium,Clear,Wet,3,43.5871,-86.2202,17,12,2023,2023-12,Day
4208,Philadelphia,2023-03-12,16:54,High,Clear,Dry,2,32.8716,-100.9398,16,3,2023,2023-03,Day
4209,Houston,2021-09-22,05:13,Medium,Snow,Wet,2,33.2266,-79.1623,5,9,2021,2021-09,Night
4210,Houston,2021-03-20,19:54,Medium,Fog,Wet,4,41.5202,-98.2007,19,3,2021,2021-03,Night
4211,Chicago,2022-04-09,20:59,Low,Cloudy,Dry,1,34.0028,-75.2514,20,4,2022,2022-04,Night
4212,Los Angeles,2021-06-07,12:26,Medium,Snow,Under Construction,5,44.772,-73.968,12,6,2021,2021-06,Day
4213,New York,2022-01-30,12:03,Low,Windy,Dry,4,29.3242,-114.4967,12,1,2022,2022-01,Day
4214,Chicago,2021-05-05,16:11,Low,Clear,Wet,1,33.9058,-108.0519,16,5,2021,2021-05,Day
4215,Houston,2023-06-19,15:59,Low,Hail,Wet,5,36.4544,-116.9612,15,6,2023,2023-06,Day
4216,Columbus,2022-02-14,16:18,Medium,Windy,Wet,4,33.9587,-93.9245,16,2,2022,2022-02,Day
4217,Jacksonville,2023-11-22,10:15,Medium,Fog,Dry,1,42.3988,-107.614,10,11,2023,2023-11,Day
4218,Chicago,2021-05-07,08:51,Medium,Clear,Wet,5,41.0152,-72.51,8,5,2021,2021-05,Day
4219,Los Angeles,2023-10-14,20:24,High,Rain,Dry,5,43.3265,-107.1993,20,10,2023,2023-10,Night
4220,San Diego,2023-08-16,20:03,High,Fog,Icy,1,31.0445,-121.2327,20,8,2023,2023-08,Night
4221,New York,2023-09-28,17:36,High,Clear,Dry,2,25.1008,-72.9094,17,9,2023,2023-09,Day
4222,Austin,2021-04-08,10:40,High,Clear,Wet,3,46.0578,-104.923,10,4,2021,2021-04,Day
4223,Phoenix,2023-09-15,08:34,Low,Clear,Dry,1,33.8046,-95.4529,8,9,2023,2023-09,Day
4224,Houston,2023-10-24,10:00,Low,Clear,Dry,2,47.1273,-103.2421,10,10,2023,2023-10,Day
4225,New York,2022-10-17,19:57,Low,Clear,Dry,1,43.4224,-93.2514,19,10,2022,2022-10,Night
4226,Chicago,2023-08-29,17:49,Medium,Clear,Under Construction,5,42.162,-115.7411,17,8,2023,2023-08,Day
4227,Phoenix,2023-12-23,16:05,Low,Clear,Dry,2,25.5075,-84.9144,16,12,2023,2023-12,Day
4228,Charlotte,2021-01-07,13:40,High,Fog,Dry,3,34.8399,-90.6072,13,1,2021,2021-01,Day
4229,Los Angeles,2022-03-12,08:49,Medium,Rain,Icy,4,37.9204,-75.5489,8,3,2022,2022-03,Day
4230,Houston,2022-06-28,13:32,Medium,Clear,Slippery,3,29.0979,-111.4099,13,6,2022,2022-06,Day
4231,Chicago,2021-04-10,11:03,Low,Snow,Dry,2,31.9384,-79.7231,11,4,2021,2021-04,Day
4232,San Antonio,2021-09-10,08:13,Low,Clear,Wet,5,47.7347,-118.385,8,9,2021,2021-09,Day
4233,Philadelphia,2022-03-31,20:24,High,Clear,Dry,4,33.0487,-85.9462,20,3,2022,2022-03,Night
4234,Dallas,2021-06-22,17:57,Low,Hail,Under Construction,3,33.5752,-100.1229,17,6,2021,2021-06,Day
4235,Philadelphia,2021-08-29,11:48,Low,Clear,Dry,2,43.1648,-73.6875,11,8,2021,2021-08,Day
4236,Philadelphia,2021-08-09,14:39,Medium,Clear,Dry,1,27.9607,-121.5926,14,8,2021,2021-08,Day
4237,Los Angeles,2021-11-15,19:13,Low,Rain,Wet,2,27.3838,-92.3601,19,11,2021,2021-11,Night
4238,New York,2021-01-09,18:20,Medium,Rain,Dry,3,25.1327,-81.533,18,1,2021,2021-01,Night
4239,Charlotte,2022-05-18,18:34,High,Clear,Dry,1,43.671,-88.0795,18,5,2022,2022-05,Night
4240,Houston,2023-03-08,03:10,Medium,Rain,Dry,4,29.6584,-95.8198,3,3,2023,2023-03,Night
4241,Los Angeles,2023-01-01,08:31,Low,Rain,Wet,2,29.6287,-76.0878,8,1,2023,2023-01,Day
4242,New York,2021-03-30,15:01,Medium,Rain,Dry,4,36.4997,-89.193,15,3,2021,2021-03,Day
4243,Dallas,2023-08-14,11:33,Low,Clear,Wet,4,44.3084,-101.0042,11,8,2023,2023-08,Day
4244,Los Angeles,2023-12-17,21:43,Medium,Clear,Dry,5,33.9058,-121.2839,21,12,2023,2023-12,Night
4245,Dallas,2023-03-29,20:32,Medium,Snow,Dry,5,26.0798,-84.2006,20,3,2023,2023-03,Night
4246,San Diego,2021-12-01,11:34,Low,Rain,Dry,5,42.8536,-86.764,11,12,2021,2021-12,Day
4247,New York,2021-10-02,07:18,Medium,Fog,Under Construction,4,25.1929,-115.5878,7,10,2021,2021-10,Day
4248,Philadelphia,2021-05-08,14:16,Low,Rain,Slippery,3,30.9205,-94.4032,14,5,2021,2021-05,Day
4249,Charlotte,2023-07-23,15:02,Medium,Clear,Slippery,2,29.4251,-100.3432,15,7,2023,2023-07,Day
4250,Dallas,2022-10-14,14:58,High,Rain,Dry,2,27.2991,-118.3473,14,10,2022,2022-10,Day
4251,Dallas,2023-10-30,17:27,Medium,Clear,Dry,5,45.3353,-97.2202,17,10,2023,2023-10,Day
4252,Philadelphia,2022-09-14,08:01,Medium,Clear,Wet,4,37.0529,-74.038,8,9,2022,2022-09,Day
4253,Los Angeles,2022-11-16,17:53,Low,Clear,Slippery,5,37.1326,-120.7975,17,11,2022,2022-11,Day
4254,Phoenix,2021-06-14,11:20,High,Clear,Wet,4,29.6066,-117.953,11,6,2021,2021-06,Day
4255,Jacksonville,2021-12-09,22:07,Medium,Clear,Dry,4,38.6666,-107.6718,22,12,2021,2021-12,Night
4256,New York,2022-06-01,09:53,High,Clear,Dry,1,33.0927,-77.0709,9,6,2022,2022-06,Day
4257,New York,2023-09-06,12:08,Low,Clear,Slippery,5,31.3076,-74.3942,12,9,2023,2023-09,Day
4258,New York,2022-06-03,20:48,Medium,Clear,Under Construction,2,27.6874,-90.0481,20,6,2022,2022-06,Night
4259,Jacksonville,2023-09-22,14:20,Low,Clear,Slippery,3,28.4428,-104.6268,14,9,2023,2023-09,Day
4260,San Antonio,2023-05-15,12:11,Medium,Clear,Dry,2,47.6016,-100.1588,12,5,2023,2023-05,Day
4261,New York,2022-07-10,04:42,Low,Fog,Dry,5,28.7637,-84.702,4,7,2022,2022-07,Night
4262,Philadelphia,2022-04-23,15:42,Low,Clear,Dry,2,44.1893,-87.3467,15,4,2022,2022-04,Day
4263,Chicago,2023-12-11,12:09,High,Clear,Wet,4,29.2945,-100.5614,12,12,2023,2023-12,Day
4264,Los Angeles,2023-06-02,23:03,Medium,Rain,Wet,1,37.8699,-105.7679,23,6,2023,2023-06,Night
4265,Dallas,2023-10-02,17:05,High,Rain,Dry,4,30.3317,-102.9871,17,10,2023,2023-10,Day
4266,New York,2023-03-28,02:46,High,Clear,Dry,4,39.644,-120.1085,2,3,2023,2023-03,Night
4267,San Jose,2023-06-08,05:38,Medium,Snow,Dry,5,27.4467,-101.6042,5,6,2023,2023-06,Night
4268,Charlotte,2022-10-24,10:19,Low,Clear,Dry,5,44.9936,-77.581,10,10,2022,2022-10,Day
4269,Phoenix,2021-09-24,17:55,Low,Fog,Wet,1,45.9607,-105.6309,17,9,2021,2021-09,Day
4270,Philadelphia,2021-09-25,11:43,Medium,Cloudy,Wet,2,26.2995,-81.7661,11,9,2021,2021-09,Day
4271,Indianapolis,2022-02-11,07:26,Low,Fog,Dry,1,26.0545,-98.7334,7,2,2022,2022-02,Day
4272,San Jose,2023-12-26,17:25,Low,Clear,Dry,2,40.3857,-108.853,17,12,2023,2023-12,Day
4273,Houston,2021-10-28,11:01,Low,Hail,Under Construction,3,30.6396,-78.7335,11,10,2021,2021-10,Day
4274,Chicago,2022-09-20,18:26,High,Rain,Slippery,1,44.4894,-71.3959,18,9,2022,2022-09,Night
4275,San Diego,2022-08-06,13:31,Low,Clear,Dry,2,36.6919,-85.5418,13,8,2022,2022-08,Day
4276,Indianapolis,2022-12-23,08:53,High,Rain,Dry,3,38.7886,-75.1864,8,12,2022,2022-12,Day
4277,Charlotte,2023-10-08,21:36,Low,Clear,Dry,3,45.2769,-113.4902,21,10,2023,2023-10,Night
4278,Charlotte,2023-12-21,18:53,Medium,Clear,Slippery,4,46.2435,-107.7635,18,12,2023,2023-12,Night
4279,Los Angeles,2022-04-19,01:42,High,Clear,Under Construction,4,41.2129,-106.6646,1,4,2022,2022-04,Night
4280,Dallas,2022-08-12,08:49,Low,Fog,Dry,4,37.0819,-72.6676,8,8,2022,2022-08,Day
4281,Los Angeles,2023-10-19,17:46,Medium,Clear,Slippery,4,46.6911,-115.2671,17,10,2023,2023-10,Day
4282,San Antonio,2023-03-17,18:58,Low,Snow,Wet,5,29.8551,-81.7752,18,3,2023,2023-03,Night
4283,Houston,2021-07-30,15:00,Medium,Fog,Slippery,1,25.7404,-92.2401,15,7,2021,2021-07,Day
4284,San Antonio,2022-08-21,10:11,Low,Rain,Dry,3,28.0161,-115.3088,10,8,2022,2022-08,Day
4285,Chicago,2021-09-17,12:32,Medium,Hail,Dry,2,31.5363,-91.2087,12,9,2021,2021-09,Day
4286,Houston,2021-01-04,11:23,Medium,Clear,Icy,5,42.0977,-110.1131,11,1,2021,2021-01,Day
4287,Indianapolis,2022-12-20,20:22,Medium,Windy,Dry,2,46.1399,-107.6879,20,12,2022,2022-12,Night
4288,San Jose,2023-08-16,17:32,Medium,Rain,Dry,2,38.5912,-90.2617,17,8,2023,2023-08,Day
4289,Houston,2022-08-22,08:59,Medium,Rain,Dry,3,39.2457,-83.3938,8,8,2022,2022-08,Day
4290,Jacksonville,2022-03-05,23:46,Low,Clear,Wet,1,29.1972,-105.9545,23,3,2022,2022-03,Night
4291,Phoenix,2021-11-08,06:42,Low,Clear,Dry,5,36.6201,-110.6947,6,11,2021,2021-11,Day
4292,New York,2023-08-10,16:29,Low,Snow,Dry,5,33.5336,-88.4436,16,8,2023,2023-08,Day
4293,New York,2021-02-10,16:59,Medium,Clear,Dry,3,41.4173,-76.5768,16,2,2021,2021-02,Day
4294,Houston,2022-02-19,07:21,Low,Fog,Wet,1,30.8727,-96.4634,7,2,2022,2022-02,Day
4295,Dallas,2023-09-13,14:50,Medium,Clear,Slippery,4,36.3765,-104.9018,14,9,2023,2023-09,Day
4296,Houston,2022-01-26,16:39,High,Clear,Icy,5,31.9125,-107.5902,16,1,2022,2022-01,Day
4297,San Antonio,2021-08-09,20:51,Medium,Windy,Slippery,4,47.3812,-75.7046,20,8,2021,2021-08,Night
4298,Austin,2021-11-11,14:25,Medium,Clear,Dry,3,27.4072,-90.6296,14,11,2021,2021-11,Day
4299,Los Angeles,2022-10-05,07:59,High,Rain,Wet,4,47.0281,-103.2219,7,10,2022,2022-10,Day
4300,Indianapolis,2022-11-10,18:12,Low,Rain,Wet,2,26.6384,-87.4126,18,11,2022,2022-11,Night
4301,Columbus,2022-09-04,19:21,High,Rain,Dry,1,44.7655,-102.2681,19,9,2022,2022-09,Night
4302,New York,2021-04-14,07:51,Low,Clear,Dry,4,32.0769,-90.2381,7,4,2021,2021-04,Day
4303,Phoenix,2023-01-01,20:52,High,Snow,Dry,1,33.0738,-88.902,20,1,2023,2023-01,Night
4304,San Diego,2022-10-29,08:57,High,Fog,Dry,5,41.1041,-104.7929,8,10,2022,2022-10,Day
4305,Columbus,2022-03-18,20:53,High,Clear,Wet,4,39.575,-74.8431,20,3,2022,2022-03,Night
4306,Indianapolis,2021-12-10,18:59,Low,Snow,Dry,2,29.1167,-74.6369,18,12,2021,2021-12,Night
4307,New York,2023-09-02,10:05,High,Clear,Dry,2,37.3984,-115.0321,10,9,2023,2023-09,Day
4308,San Antonio,2021-02-23,12:28,Medium,Clear,Wet,3,40.0452,-108.0819,12,2,2021,2021-02,Day
4309,Chicago,2021-08-24,16:36,Low,Hail,Wet,4,29.0436,-108.3396,16,8,2021,2021-08,Day
4310,Indianapolis,2022-02-19,15:00,High,Fog,Dry,4,35.2754,-87.4287,15,2,2022,2022-02,Day
4311,Los Angeles,2022-12-28,13:59,Medium,Rain,Dry,4,26.3522,-86.9569,13,12,2022,2022-12,Day
4312,Columbus,2021-11-16,11:41,Medium,Cloudy,Dry,5,34.9949,-115.2098,11,11,2021,2021-11,Day
4313,New York,2021-02-08,13:37,Low,Fog,Dry,1,39.2425,-80.087,13,2,2021,2021-02,Day
4314,New York,2023-07-30,17:50,Low,Clear,Wet,2,31.2585,-121.9236,17,7,2023,2023-07,Day
4315,Houston,2021-06-16,00:11,Low,Rain,Wet,4,33.5133,-78.1038,0,6,2021,2021-06,Night
4316,Columbus,2023-03-20,11:29,Medium,Rain,Dry,3,26.9225,-118.9498,11,3,2023,2023-03,Day
4317,San Antonio,2021-01-06,12:20,Medium,Snow,Dry,2,26.2539,-81.2621,12,1,2021,2021-01,Day
4318,New York,2023-05-23,18:11,Medium,Rain,Slippery,1,44.267,-72.5598,18,5,2023,2023-05,Night
4319,Columbus,2022-11-16,08:53,Low,Snow,Dry,2,42.8487,-76.5652,8,11,2022,2022-11,Day
4320,Indianapolis,2021-12-04,14:00,Medium,Clear,Slippery,4,28.4255,-111.4756,14,12,2021,2021-12,Day
4321,New York,2023-02-13,06:55,Low,Snow,Dry,1,34.1381,-119.1617,6,2,2023,2023-02,Day
4322,New York,2023-06-07,19:29,Medium,Clear,Dry,5,39.7151,-86.5854,19,6,2023,2023-06,Night
4323,Los Angeles,2023-06-27,16:43,Medium,Hail,Dry,1,38.0574,-89.6597,16,6,2023,2023-06,Day
4324,San Antonio,2021-04-10,15:17,High,Snow,Dry,5,30.0367,-95.318,15,4,2021,2021-04,Day
4325,Dallas,2023-10-01,14:19,Medium,Rain,Wet,5,28.522,-81.5604,14,10,2023,2023-10,Day
4326,Indianapolis,2023-07-22,11:25,Medium,Rain,Dry,2,35.2808,-108.8109,11,7,2023,2023-07,Day
4327,Los Angeles,2023-10-26,08:44,High,Cloudy,Wet,4,26.4905,-105.1284,8,10,2023,2023-10,Day
4328,Indianapolis,2023-09-27,19:37,Low,Snow,Dry,2,33.8468,-77.3894,19,9,2023,2023-09,Night
4329,Chicago,2021-06-29,05:20,Medium,Rain,Dry,1,37.3211,-74.8727,5,6,2021,2021-06,Night
4330,Jacksonville,2022-01-09,22:48,Low,Rain,Icy,1,39.7364,-98.6322,22,1,2022,2022-01,Night
4331,Philadelphia,2023-05-11,19:03,Medium,Clear,Icy,2,40.1952,-102.5676,19,5,2023,2023-05,Night
4332,Indianapolis,2023-04-17,16:30,Low,Clear,Slippery,5,26.4429,-116.4772,16,4,2023,2023-04,Day
4333,Austin,2021-06-02,18:24,High,Clear,Slippery,5,26.1077,-99.5251,18,6,2021,2021-06,Night
4334,New York,2022-09-18,09:16,Low,Snow,Dry,1,38.9115,-110.4176,9,9,2022,2022-09,Day
4335,Philadelphia,2022-06-07,21:31,High,Windy,Wet,1,39.3117,-86.3444,21,6,2022,2022-06,Night
4336,San Antonio,2023-06-08,19:34,Low,Rain,Under Construction,1,39.7313,-79.003,19,6,2023,2023-06,Night
4337,Chicago,2023-12-07,05:53,High,Clear,Wet,4,27.2084,-97.2008,5,12,2023,2023-12,Night
4338,San Antonio,2023-08-14,17:53,Low,Clear,Slippery,4,26.1535,-71.6083,17,8,2023,2023-08,Day
4339,Indianapolis,2022-12-03,18:47,Medium,Clear,Wet,3,39.3308,-97.0598,18,12,2022,2022-12,Night
4340,Los Angeles,2022-10-23,17:11,Low,Clear,Dry,3,26.4835,-81.1084,17,10,2022,2022-10,Day
4341,San Antonio,2023-04-28,06:22,Medium,Clear,Dry,3,39.0478,-89.0493,6,4,2023,2023-04,Day
4342,Indianapolis,2023-08-17,12:41,Medium,Rain,Icy,5,46.4407,-112.5802,12,8,2023,2023-08,Day
4343,New York,2023-01-14,05:36,Low,Snow,Icy,2,29.8818,-73.5222,5,1,2023,2023-01,Night
4344,Charlotte,2021-10-02,23:28,Medium,Fog,Dry,3,38.2769,-77.7826,23,10,2021,2021-10,Night
4345,Los Angeles,2021-12-05,12:11,Medium,Clear,Dry,2,40.9649,-108.6845,12,12,2021,2021-12,Day
4346,San Diego,2022-01-08,06:33,Low,Clear,Slippery,4,34.3242,-107.6239,6,1,2022,2022-01,Day
4347,Columbus,2021-07-24,17:23,Low,Rain,Icy,3,47.6014,-80.0888,17,7,2021,2021-07,Day
4348,Los Angeles,2022-05-24,07:59,Low,Rain,Dry,4,30.5709,-97.932,7,5,2022,2022-05,Day
4349,Dallas,2021-12-08,19:09,Medium,Clear,Dry,2,27.2081,-111.3652,19,12,2021,2021-12,Night
4350,Austin,2022-12-17,19:30,High,Clear,Dry,5,25.1492,-111.7415,19,12,2022,2022-12,Night
4351,Houston,2022-04-02,11:00,Low,Rain,Icy,5,26.0189,-75.5508,11,4,2022,2022-04,Day
4352,Chicago,2023-11-28,07:57,Medium,Rain,Dry,4,29.3052,-83.7971,7,11,2023,2023-11,Day
4353,Philadelphia,2023-12-05,12:11,High,Fog,Dry,4,45.1629,-113.8242,12,12,2023,2023-12,Day
4354,Dallas,2023-01-10,20:29,Low,Rain,Dry,5,28.0585,-86.8252,20,1,2023,2023-01,Night
4355,Charlotte,2023-05-07,07:12,Medium,Hail,Under Construction,3,44.5314,-118.6972,7,5,2023,2023-05,Day
4356,San Diego,2023-01-28,08:08,Medium,Clear,Icy,3,42.6405,-78.8696,8,1,2023,2023-01,Day
4357,Phoenix,2022-08-08,21:28,Low,Clear,Wet,5,41.0217,-100.0857,21,8,2022,2022-08,Night
4358,Indianapolis,2023-09-26,06:28,Medium,Rain,Wet,3,30.708,-112.4158,6,9,2023,2023-09,Day
4359,Los Angeles,2021-06-04,19:45,Medium,Clear,Wet,5,33.978,-78.9627,19,6,2021,2021-06,Night
4360,Jacksonville,2023-07-17,17:23,Medium,Rain,Icy,3,43.548,-104.7269,17,7,2023,2023-07,Day
4361,Chicago,2021-11-21,16:59,High,Clear,Wet,2,43.0533,-81.8763,16,11,2021,2021-11,Day
4362,Indianapolis,2022-06-10,17:51,Medium,Rain,Dry,2,36.9096,-98.7265,17,6,2022,2022-06,Day
4363,Houston,2023-02-10,04:46,Medium,Rain,Wet,3,32.817,-120.0792,4,2,2023,2023-02,Night
4364,Los Angeles,2023-02-27,17:33,Medium,Rain,Dry,2,47.4102,-95.1526,17,2,2023,2023-02,Day
4365,Los Angeles,2023-02-13,01:44,Medium,Fog,Icy,1,42.2546,-109.2357,1,2,2023,2023-02,Night
4366,Chicago,2022-01-26,16:23,Low,Hail,Icy,2,32.2675,-120.2028,16,1,2022,2022-01,Day
4367,New York,2023-02-25,16:04,Low,Rain,Wet,5,40.5276,-79.2069,16,2,2023,2023-02,Day
4368,Charlotte,2023-11-20,18:33,Medium,Rain,Dry,1,35.589,-107.3181,18,11,2023,2023-11,Night
4369,Dallas,2021-12-24,21:13,Low,Fog,Dry,1,36.6746,-104.6479,21,12,2021,2021-12,Night
4370,San Jose,2023-11-02,10:50,Low,Snow,Dry,1,44.3295,-112.9631,10,11,2023,2023-11,Day
4371,Houston,2023-10-10,23:54,High,Fog,Dry,1,41.4474,-118.052,23,10,2023,2023-10,Night
4372,Los Angeles,2023-10-30,05:19,High,Rain,Dry,5,47.6176,-92.3603,5,10,2023,2023-10,Night
4373,Chicago,2023-09-27,11:49,Medium,Clear,Dry,1,37.7912,-72.0403,11,9,2023,2023-09,Day
4374,Dallas,2021-05-15,19:54,Low,Clear,Dry,2,27.4103,-113.7066,19,5,2021,2021-05,Night
4375,Houston,2023-03-03,11:44,Low,Clear,Dry,2,27.4584,-118.2473,11,3,2023,2023-03,Day
4376,San Jose,2023-12-17,06:50,Low,Fog,Slippery,4,44.6884,-94.6541,6,12,2023,2023-12,Day
4377,Chicago,2021-07-08,20:34,High,Clear,Dry,3,27.676,-104.1084,20,7,2021,2021-07,Night
4378,New York,2023-07-18,07:25,High,Clear,Wet,2,27.2279,-119.7888,7,7,2023,2023-07,Day
4379,Jacksonville,2021-05-23,13:42,Medium,Clear,Dry,2,28.5903,-93.7526,13,5,2021,2021-05,Day
4380,Houston,2021-02-06,05:42,Low,Clear,Wet,5,45.4161,-117.2694,5,2,2021,2021-02,Night
4381,Charlotte,2022-10-01,00:55,Low,Rain,Dry,2,43.7671,-120.1356,0,10,2022,2022-10,Night
4382,Phoenix,2023-08-12,13:57,Low,Fog,Dry,5,46.9863,-121.6256,13,8,2023,2023-08,Day
4383,Columbus,2022-02-24,17:56,Low,Hail,Dry,1,46.9585,-85.0666,17,2,2022,2022-02,Day
4384,New York,2023-05-13,07:04,High,Rain,Dry,1,36.163,-120.1542,7,5,2023,2023-05,Day
4385,Dallas,2023-01-14,17:51,Low,Clear,Wet,1,38.6087,-98.9572,17,1,2023,2023-01,Day
4386,San Antonio,2021-04-23,20:59,High,Fog,Dry,1,35.9885,-117.1451,20,4,2021,2021-04,Night
4387,Dallas,2022-02-17,11:40,Medium,Clear,Wet,2,43.2932,-110.285,11,2,2022,2022-02,Day
4388,Phoenix,2023-11-26,22:23,Low,Rain,Wet,5,25.447,-121.3935,22,11,2023,2023-11,Night
4389,Dallas,2022-09-04,06:09,Medium,Clear,Wet,4,36.9488,-88.284,6,9,2022,2022-09,Day
4390,Indianapolis,2022-07-03,12:00,Medium,Clear,Dry,3,44.9467,-103.2408,12,7,2022,2022-07,Day
4391,Los Angeles,2022-08-18,12:47,Low,Clear,Dry,5,25.4889,-110.8923,12,8,2022,2022-08,Day
4392,New York,2021-01-05,06:22,Medium,Cloudy,Dry,1,44.3907,-116.1713,6,1,2021,2021-01,Day
4393,Houston,2023-09-24,18:02,Low,Cloudy,Wet,2,33.9673,-75.0125,18,9,2023,2023-09,Night
4394,New York,2023-08-28,16:51,Medium,Cloudy,Wet,2,40.4937,-74.8112,16,8,2023,2023-08,Day
4395,San Antonio,2022-08-05,23:46,Medium,Clear,Slippery,5,44.1274,-88.7728,23,8,2022,2022-08,Night
4396,New York,2021-12-04,00:56,High,Cloudy,Under Construction,1,45.4646,-78.9229,0,12,2021,2021-12,Night
4397,Los Angeles,2023-02-25,19:21,Medium,Fog,Dry,3,43.0595,-84.4257,19,2,2023,2023-02,Night
4398,San Antonio,2023-08-19,06:58,Medium,Clear,Dry,3,33.3565,-102.8534,6,8,2023,2023-08,Day
4399,New York,2021-02-01,22:03,Medium,Cloudy,Under Construction,5,33.0521,-97.5355,22,2,2021,2021-02,Night
4400,Los Angeles,2022-10-08,12:58,High,Rain,Wet,2,34.4951,-117.1725,12,10,2022,2022-10,Day
4401,Los Angeles,2021-02-20,15:10,Low,Rain,Dry,4,40.2953,-99.0184,15,2,2021,2021-02,Day
4402,New York,2021-11-05,19:26,Low,Rain,Icy,1,28.8504,-103.1237,19,11,2021,2021-11,Night
4403,Los Angeles,2022-11-19,10:58,Medium,Clear,Wet,4,34.689,-70.3143,10,11,2022,2022-11,Day
4404,Chicago,2021-02-27,21:22,Low,Clear,Wet,1,33.9325,-71.1718,21,2,2021,2021-02,Night
4405,San Jose,2023-07-09,16:22,Low,Clear,Dry,2,39.112,-111.0131,16,7,2023,2023-07,Day
4406,New York,2023-04-12,16:57,Medium,Hail,Slippery,5,28.7636,-91.5778,16,4,2023,2023-04,Day
4407,New York,2022-12-26,12:06,Low,Snow,Dry,4,31.3889,-100.7428,12,12,2022,2022-12,Day
4408,Philadelphia,2023-09-10,11:29,Low,Clear,Slippery,5,31.0141,-103.6444,11,9,2023,2023-09,Day
4409,Charlotte,2021-06-09,17:56,Low,Windy,Under Construction,5,37.9901,-103.4785,17,6,2021,2021-06,Day
4410,Columbus,2021-02-01,20:37,Medium,Clear,Dry,3,39.4588,-82.2351,20,2,2021,2021-02,Night
4411,San Diego,2021-08-08,09:33,Low,Rain,Dry,2,29.2701,-73.874,9,8,2021,2021-08,Day
4412,New York,2023-04-19,11:36,Medium,Clear,Icy,5,25.8124,-103.8578,11,4,2023,2023-04,Day
4413,San Antonio,2023-12-22,20:51,High,Clear,Slippery,2,25.3476,-99.4807,20,12,2023,2023-12,Night
4414,San Diego,2022-03-26,20:46,Low,Clear,Wet,5,31.6587,-116.5606,20,3,2022,2022-03,Night
4415,Austin,2023-06-02,16:29,Medium,Rain,Slippery,5,44.8965,-115.603,16,6,2023,2023-06,Day
4416,Phoenix,2021-02-05,11:54,Low,Rain,Wet,4,31.7445,-74.6125,11,2,2021,2021-02,Day
4417,Los Angeles,2022-09-20,11:45,High,Rain,Under Construction,1,45.4614,-109.1438,11,9,2022,2022-09,Day
4418,Los Angeles,2023-07-21,19:30,Medium,Clear,Icy,3,42.1375,-102.6218,19,7,2023,2023-07,Night
4419,San Antonio,2023-10-12,12:20,Medium,Clear,Dry,4,30.2114,-84.7682,12,10,2023,2023-10,Day
4420,Charlotte,2022-03-24,07:16,Medium,Clear,Wet,5,26.8135,-87.3276,7,3,2022,2022-03,Day
4421,San Jose,2021-03-24,11:25,Medium,Hail,Slippery,3,26.4465,-109.8542,11,3,2021,2021-03,Day
4422,Houston,2022-01-27,01:28,Medium,Clear,Slippery,5,35.211,-79.8457,1,1,2022,2022-01,Night
4423,Houston,2021-06-25,16:47,High,Snow,Wet,5,27.3753,-80.7931,16,6,2021,2021-06,Day
4424,Jacksonville,2021-11-24,17:11,Medium,Clear,Dry,2,35.6374,-94.2261,17,11,2021,2021-11,Day
4425,Phoenix,2021-05-18,08:04,Low,Clear,Dry,4,41.4622,-80.1508,8,5,2021,2021-05,Day
4426,New York,2021-10-20,12:04,High,Rain,Slippery,2,25.579,-111.3414,12,10,2021,2021-10,Day
4427,Austin,2023-08-03,14:56,Low,Clear,Dry,3,46.43,-80.7379,14,8,2023,2023-08,Day
4428,Columbus,2023-05-06,20:28,High,Clear,Dry,4,36.7727,-105.0056,20,5,2023,2023-05,Night
4429,Phoenix,2021-12-27,12:14,Medium,Clear,Slippery,5,45.4242,-108.0362,12,12,2021,2021-12,Day
4430,Philadelphia,2022-02-03,04:19,Low,Rain,Under Construction,1,34.3058,-75.0974,4,2,2022,2022-02,Night
4431,Columbus,2021-01-21,14:03,Medium,Clear,Dry,5,25.8682,-72.6066,14,1,2021,2021-01,Day
4432,Austin,2021-09-23,09:25,Low,Rain,Dry,1,35.7476,-108.3603,9,9,2021,2021-09,Day
4433,Philadelphia,2023-02-13,03:51,Low,Snow,Icy,1,31.0239,-111.8524,3,2,2023,2023-02,Night
4434,Houston,2021-07-11,14:12,Low,Clear,Wet,5,42.1218,-121.6405,14,7,2021,2021-07,Day
4435,New York,2022-11-27,00:14,High,Rain,Wet,3,38.0568,-87.9643,0,11,2022,2022-11,Night
4436,Los Angeles,2023-04-03,10:26,Low,Rain,Wet,4,37.7646,-117.0205,10,4,2023,2023-04,Day
4437,San Diego,2022-04-24,21:30,High,Clear,Dry,5,27.3751,-118.09,21,4,2022,2022-04,Night
4438,Philadelphia,2022-12-09,20:42,Low,Rain,Dry,2,27.0326,-101.3287,20,12,2022,2022-12,Night
4439,Los Angeles,2021-05-10,12:41,Medium,Clear,Wet,5,35.4668,-121.3064,12,5,2021,2021-05,Day
4440,Indianapolis,2023-11-13,13:38,Medium,Clear,Wet,3,37.2073,-118.3103,13,11,2023,2023-11,Day
4441,San Antonio,2022-11-25,17:15,Medium,Rain,Dry,5,40.3916,-98.9001,17,11,2022,2022-11,Day
4442,Chicago,2022-03-30,16:34,Medium,Clear,Icy,1,42.8732,-75.5765,16,3,2022,2022-03,Day
4443,Indianapolis,2022-01-12,19:41,Low,Clear,Dry,5,32.2841,-78.9682,19,1,2022,2022-01,Night
4444,New York,2023-05-14,16:46,High,Fog,Dry,2,39.5438,-79.6606,16,5,2023,2023-05,Day
4445,New York,2023-04-29,06:43,Medium,Cloudy,Icy,2,30.3176,-119.2967,6,4,2023,2023-04,Day
4446,New York,2023-03-08,13:01,Medium,Clear,Dry,1,31.3699,-70.8515,13,3,2023,2023-03,Day
4447,Los Angeles,2021-11-05,15:00,Medium,Windy,Slippery,2,25.8544,-92.7843,15,11,2021,2021-11,Day
4448,Houston,2023-05-10,07:35,Medium,Clear,Dry,4,37.5244,-71.2917,7,5,2023,2023-05,Day
4449,Charlotte,2023-05-22,17:30,High,Clear,Dry,4,25.5827,-100.3672,17,5,2023,2023-05,Day
4450,Dallas,2022-01-21,16:41,Medium,Fog,Dry,5,44.7757,-119.4397,16,1,2022,2022-01,Day
4451,New York,2023-01-07,18:18,Medium,Rain,Wet,4,34.3073,-85.165,18,1,2023,2023-01,Night
4452,Jacksonville,2022-05-21,13:53,Medium,Clear,Slippery,3,33.1315,-104.182,13,5,2022,2022-05,Day
4453,Columbus,2023-07-17,13:31,Low,Clear,Wet,3,36.6173,-100.4721,13,7,2023,2023-07,Day
4454,Houston,2023-11-17,21:12,Low,Snow,Slippery,2,42.4474,-75.8922,21,11,2023,2023-11,Night
4455,Los Angeles,2023-02-12,03:08,Low,Clear,Icy,4,36.4202,-118.7636,3,2,2023,2023-02,Night
4456,Phoenix,2021-09-04,23:51,Medium,Fog,Wet,5,45.9987,-74.5168,23,9,2021,2021-09,Night
4457,Houston,2021-08-11,18:14,Medium,Fog,Wet,1,30.1242,-80.8008,18,8,2021,2021-08,Night
4458,Los Angeles,2021-03-05,10:31,Medium,Clear,Slippery,5,46.5697,-95.3496,10,3,2021,2021-03,Day
4459,New York,2023-02-08,10:54,Medium,Fog,Dry,5,35.6379,-71.0064,10,2,2023,2023-02,Day
4460,Phoenix,2023-10-13,20:47,Medium,Clear,Dry,2,39.3171,-120.3215,20,10,2023,2023-10,Night
4461,Chicago,2023-08-23,19:37,Low,Clear,Slippery,4,33.59,-103.0491,19,8,2023,2023-08,Night
4462,Chicago,2022-10-17,13:33,Medium,Rain,Under Construction,4,40.4017,-82.7672,13,10,2022,2022-10,Day
4463,Columbus,2022-11-30,12:55,High,Rain,Wet,3,27.6633,-92.2433,12,11,2022,2022-11,Day
4464,Houston,2021-01-14,18:47,Low,Clear,Slippery,1,40.1798,-111.9287,18,1,2021,2021-01,Night
4465,New York,2021-06-12,12:25,Medium,Clear,Wet,4,38.819,-85.4762,12,6,2021,2021-06,Day
4466,Los Angeles,2021-07-07,14:18,Medium,Cloudy,Icy,5,47.4277,-104.9367,14,7,2021,2021-07,Day
4467,Los Angeles,2022-11-12,19:23,Medium,Clear,Dry,2,34.6122,-102.6185,19,11,2022,2022-11,Night
4468,Los Angeles,2022-04-28,20:34,Medium,Rain,Wet,4,38.5329,-102.3873,20,4,2022,2022-04,Night
4469,Jacksonville,2021-04-13,15:50,Medium,Rain,Wet,3,36.9032,-120.1177,15,4,2021,2021-04,Day
4470,Los Angeles,2021-08-10,10:01,High,Cloudy,Wet,3,32.6738,-114.8181,10,8,2021,2021-08,Day
4471,Columbus,2023-03-11,07:36,High,Rain,Slippery,2,40.064,-75.52,7,3,2023,2023-03,Day
4472,San Diego,2022-03-03,20:38,Low,Clear,Slippery,2,26.9496,-111.7405,20,3,2022,2022-03,Night
4473,San Antonio,2022-10-25,11:28,Medium,Cloudy,Dry,3,34.2247,-81.3546,11,10,2022,2022-10,Day
4474,New York,2023-09-21,07:15,Medium,Cloudy,Dry,5,47.4297,-99.0129,7,9,2023,2023-09,Day
4475,New York,2021-05-31,17:23,Medium,Clear,Dry,4,35.4749,-72.3715,17,5,2021,2021-05,Day
4476,San Antonio,2023-09-24,16:51,Medium,Clear,Dry,2,31.2401,-90.7232,16,9,2023,2023-09,Day
4477,San Antonio,2023-09-09,08:05,Medium,Clear,Dry,1,43.6083,-120.4344,8,9,2023,2023-09,Day
4478,New York,2022-09-19,11:42,Low,Fog,Slippery,3,45.7496,-111.4244,11,9,2022,2022-09,Day
4479,San Antonio,2023-12-19,07:53,Medium,Clear,Dry,4,33.8983,-107.9841,7,12,2023,2023-12,Day
4480,San Antonio,2023-12-03,12:32,Medium,Rain,Dry,4,36.919,-109.9389,12,12,2023,2023-12,Day
4481,New York,2021-06-11,23:19,Medium,Clear,Dry,5,31.562,-119.2472,23,6,2021,2021-06,Night
4482,Houston,2022-07-31,19:16,Low,Clear,Dry,3,31.272,-84.2302,19,7,2022,2022-07,Night
4483,New York,2023-09-11,15:04,Low,Rain,Wet,5,35.9308,-74.9488,15,9,2023,2023-09,Day
4484,Columbus,2023-07-24,10:05,Low,Clear,Dry,1,30.5024,-93.6008,10,7,2023,2023-07,Day
4485,Phoenix,2021-03-05,08:26,Medium,Rain,Wet,1,37.8761,-88.3701,8,3,2021,2021-03,Day
4486,Columbus,2023-10-11,13:00,Medium,Clear,Dry,5,29.9563,-80.2615,13,10,2023,2023-10,Day
4487,Indianapolis,2021-12-22,23:25,Medium,Rain,Under Construction,4,40.9071,-106.167,23,12,2021,2021-12,Night
4488,San Jose,2023-03-19,19:05,Medium,Rain,Wet,2,34.3456,-83.9818,19,3,2023,2023-03,Night
4489,Columbus,2023-12-17,12:25,Medium,Fog,Dry,5,27.7457,-121.4618,12,12,2023,2023-12,Day
4490,Houston,2022-02-10,07:51,Low,Snow,Wet,3,25.6262,-108.851,7,2,2022,2022-02,Day
4491,Los Angeles,2023-03-24,11:52,Medium,Clear,Dry,4,31.8297,-71.8833,11,3,2023,2023-03,Day
4492,San Diego,2022-05-24,19:36,Low,Clear,Wet,4,28.9189,-74.9372,19,5,2022,2022-05,Night
4493,Los Angeles,2021-03-06,20:44,Medium,Clear,Dry,5,28.761,-121.5241,20,3,2021,2021-03,Night
4494,Los Angeles,2021-02-18,19:37,Low,Clear,Dry,1,31.6432,-103.5455,19,2,2021,2021-02,Night
4495,San Antonio,2023-12-11,12:26,Low,Clear,Dry,2,29.3273,-81.147,12,12,2023,2023-12,Day
4496,New York,2022-10-10,07:19,Low,Hail,Slippery,4,32.5222,-86.1454,7,10,2022,2022-10,Day
4497,Houston,2021-10-25,13:33,High,Rain,Dry,4,43.726,-84.132,13,10,2021,2021-10,Day
4498,Los Angeles,2022-02-09,19:14,Low,Cloudy,Wet,2,25.4582,-93.3266,19,2,2022,2022-02,Night
4499,Houston,2022-06-10,19:28,Low,Clear,Icy,2,45.3374,-78.2559,19,6,2022,2022-06,Night
4500,Los Angeles,2023-01-16,04:26,Low,Clear,Dry,4,45.4181,-87.245,4,1,2023,2023-01,Night
4501,Los Angeles,2023-04-16,11:08,Medium,Clear,Wet,3,31.4732,-83.116,11,4,2023,2023-04,Day
4502,New York,2021-09-19,19:51,Medium,Rain,Wet,4,35.4641,-112.9768,19,9,2021,2021-09,Night
4503,New York,2022-06-18,10:03,Medium,Snow,Wet,2,41.2233,-95.473,10,6,2022,2022-06,Day
4504,Los Angeles,2021-08-23,20:43,Low,Clear,Slippery,3,43.9877,-104.1717,20,8,2021,2021-08,Night
4505,San Diego,2023-05-31,07:34,Medium,Fog,Dry,5,26.9471,-82.5522,7,5,2023,2023-05,Day
4506,Houston,2023-11-04,10:45,Low,Clear,Wet,3,42.8162,-97.9137,10,11,2023,2023-11,Day
4507,Jacksonville,2022-07-14,16:32,Low,Clear,Slippery,2,40.4072,-119.3069,16,7,2022,2022-07,Day
4508,San Jose,2022-12-10,17:20,Medium,Clear,Dry,4,39.1869,-87.5826,17,12,2022,2022-12,Day
4509,Charlotte,2023-06-02,06:39,Medium,Fog,Dry,4,28.5773,-109.6031,6,6,2023,2023-06,Day
4510,Philadelphia,2021-01-03,08:20,Low,Clear,Icy,3,31.2437,-78.6359,8,1,2021,2021-01,Day
4511,Chicago,2021-09-19,15:44,Medium,Clear,Under Construction,2,27.4717,-103.5441,15,9,2021,2021-09,Day
4512,Phoenix,2021-04-08,22:35,Low,Snow,Wet,5,25.6204,-120.0268,22,4,2021,2021-04,Night
4513,San Diego,2022-07-11,16:48,High,Fog,Dry,4,28.2703,-75.5325,16,7,2022,2022-07,Day
4514,Dallas,2023-01-17,18:23,High,Fog,Dry,2,45.4266,-106.3203,18,1,2023,2023-01,Night
4515,Chicago,2023-10-17,11:50,High,Rain,Dry,2,38.6689,-90.6772,11,10,2023,2023-10,Day
4516,Philadelphia,2022-08-16,08:01,Low,Hail,Wet,3,42.5228,-93.5588,8,8,2022,2022-08,Day
4517,Columbus,2023-12-23,21:50,High,Clear,Icy,3,36.0928,-84.2458,21,12,2023,2023-12,Night
4518,Phoenix,2023-11-10,09:28,Low,Snow,Wet,5,34.9398,-103.209,9,11,2023,2023-11,Day
4519,Austin,2023-12-07,10:48,Medium,Clear,Dry,3,32.8539,-100.1831,10,12,2023,2023-12,Day
4520,San Diego,2022-10-17,17:24,Low,Clear,Dry,1,46.6038,-80.0239,17,10,2022,2022-10,Day
4521,Houston,2023-11-06,13:33,Low,Fog,Wet,1,40.2842,-120.2031,13,11,2023,2023-11,Day
4522,Columbus,2022-12-01,20:42,Low,Clear,Slippery,1,45.3934,-70.9946,20,12,2022,2022-12,Night
4523,Houston,2022-03-03,15:40,Low,Rain,Dry,4,29.3733,-113.2772,15,3,2022,2022-03,Day
4524,Los Angeles,2021-11-02,10:50,High,Clear,Wet,2,39.6154,-92.1438,10,11,2021,2021-11,Day
4525,San Antonio,2021-06-15,21:41,Medium,Clear,Dry,2,42.4182,-96.6085,21,6,2021,2021-06,Night
4526,New York,2022-01-04,16:41,Low,Snow,Dry,2,45.5438,-117.7072,16,1,2022,2022-01,Day
4527,Los Angeles,2023-03-15,12:26,Low,Clear,Wet,2,32.9711,-98.9657,12,3,2023,2023-03,Day
4528,Dallas,2023-05-11,11:44,Medium,Clear,Wet,2,25.263,-121.7314,11,5,2023,2023-05,Day
4529,Phoenix,2023-03-03,06:55,Low,Clear,Under Construction,1,26.3665,-72.3527,6,3,2023,2023-03,Day
4530,Chicago,2022-08-28,05:47,Low,Rain,Dry,1,37.6463,-120.7416,5,8,2022,2022-08,Night
4531,San Diego,2022-08-31,07:54,Low,Rain,Dry,3,33.7857,-83.5468,7,8,2022,2022-08,Day
4532,Chicago,2022-07-30,13:02,Medium,Clear,Dry,2,36.3032,-98.4373,13,7,2022,2022-07,Day
4533,New York,2023-12-25,20:10,Low,Clear,Dry,2,43.5453,-120.6779,20,12,2023,2023-12,Night
4534,Charlotte,2022-06-11,13:51,Medium,Clear,Dry,1,35.4903,-83.7878,13,6,2022,2022-06,Day
4535,Jacksonville,2023-03-12,09:40,Medium,Clear,Wet,4,42.396,-98.6072,9,3,2023,2023-03,Day
4536,Dallas,2021-02-13,20:51,Low,Rain,Wet,5,42.2582,-74.0899,20,2,2021,2021-02,Night
4537,Jacksonville,2023-09-29,21:05,Low,Rain,Wet,5,38.4314,-89.4576,21,9,2023,2023-09,Night
4538,Dallas,2023-09-17,14:34,Medium,Clear,Icy,5,25.1026,-105.5775,14,9,2023,2023-09,Day
4539,Los Angeles,2022-03-15,08:56,Low,Snow,Dry,4,44.5191,-121.8885,8,3,2022,2022-03,Day
4540,Houston,2021-11-12,12:49,Low,Clear,Dry,5,34.9858,-106.8881,12,11,2021,2021-11,Day
4541,Phoenix,2021-07-03,22:13,Low,Clear,Slippery,2,43.8645,-88.9979,22,7,2021,2021-07,Night
4542,Chicago,2021-04-18,08:51,Low,Rain,Under Construction,4,47.0031,-86.3718,8,4,2021,2021-04,Day
4543,New York,2021-03-01,15:58,High,Cloudy,Wet,1,37.3111,-86.0485,15,3,2021,2021-03,Day
4544,New York,2023-05-30,20:05,Medium,Rain,Dry,2,26.3818,-70.9582,20,5,2023,2023-05,Night
4545,New York,2023-08-10,21:08,Low,Clear,Dry,1,25.0182,-94.3983,21,8,2023,2023-08,Night
4546,San Diego,2021-07-14,22:54,Medium,Clear,Dry,2,45.9958,-115.3078,22,7,2021,2021-07,Night
4547,Phoenix,2022-11-15,07:26,High,Rain,Dry,4,42.5911,-73.3283,7,11,2022,2022-11,Day
4548,Houston,2023-12-30,12:41,Medium,Fog,Dry,3,35.8712,-109.7681,12,12,2023,2023-12,Day
4549,Chicago,2022-09-29,12:36,Medium,Clear,Dry,2,32.3027,-98.8986,12,9,2022,2022-09,Day
4550,Philadelphia,2023-02-17,14:53,Medium,Fog,Icy,2,40.6518,-92.2278,14,2,2023,2023-02,Day
4551,Chicago,2021-07-01,12:57,Low,Clear,Wet,2,40.1015,-83.5409,12,7,2021,2021-07,Day
4552,Dallas,2021-03-03,06:43,High,Clear,Wet,1,40.6144,-80.6069,6,3,2021,2021-03,Day
4553,New York,2021-06-07,11:49,Medium,Clear,Wet,2,28.2392,-118.9864,11,6,2021,2021-06,Day
4554,Los Angeles,2022-09-21,13:31,Medium,Clear,Wet,3,39.6886,-88.593,13,9,2022,2022-09,Day
4555,Jacksonville,2022-12-07,17:40,Low,Fog,Icy,1,34.0516,-73.9484,17,12,2022,2022-12,Day
4556,Dallas,2021-02-05,12:35,Medium,Clear,Wet,4,34.1449,-87.5947,12,2,2021,2021-02,Day
4557,Philadelphia,2022-01-31,02:59,Low,Cloudy,Wet,2,31.0503,-111.5982,2,1,2022,2022-01,Night
4558,Houston,2022-02-24,12:20,Low,Windy,Wet,4,39.1574,-74.2048,12,2,2022,2022-02,Day
4559,Chicago,2022-05-25,10:09,Medium,Clear,Dry,4,28.3177,-80.3616,10,5,2022,2022-05,Day
4560,New York,2023-10-03,18:15,Medium,Rain,Dry,2,28.2214,-94.5301,18,10,2023,2023-10,Night
4561,San Antonio,2022-09-11,14:01,High,Clear,Icy,1,34.6744,-113.2229,14,9,2022,2022-09,Day
4562,Los Angeles,2021-03-24,15:22,Medium,Clear,Dry,2,30.1346,-77.1993,15,3,2021,2021-03,Day
4563,New York,2022-01-19,11:06,Medium,Snow,Slippery,4,47.6045,-110.4071,11,1,2022,2022-01,Day
4564,San Antonio,2021-01-15,09:06,High,Fog,Dry,4,34.7825,-84.8186,9,1,2021,2021-01,Day
4565,San Antonio,2021-09-22,10:54,Medium,Clear,Icy,4,38.6325,-118.5404,10,9,2021,2021-09,Day
4566,Los Angeles,2023-01-30,05:06,Medium,Clear,Wet,3,30.9927,-98.3775,5,1,2023,2023-01,Night
4567,Chicago,2022-11-01,00:01,High,Clear,Dry,5,46.9649,-96.7958,0,11,2022,2022-11,Night
4568,Phoenix,2023-05-10,10:29,Low,Rain,Dry,2,35.4912,-119.5839,10,5,2023,2023-05,Day
4569,Los Angeles,2022-04-27,08:38,Low,Cloudy,Icy,3,33.3331,-107.0792,8,4,2022,2022-04,Day
4570,San Diego,2021-09-01,12:00,High,Snow,Dry,4,34.7501,-78.8544,12,9,2021,2021-09,Day
4571,Los Angeles,2022-09-30,12:51,Low,Fog,Wet,1,40.0448,-106.7691,12,9,2022,2022-09,Day
4572,San Diego,2023-08-06,20:36,Medium,Clear,Dry,5,36.6482,-88.0817,20,8,2023,2023-08,Night
4573,Philadelphia,2022-10-04,14:18,High,Clear,Dry,4,35.921,-114.9559,14,10,2022,2022-10,Day
4574,New York,2023-06-26,23:44,Low,Rain,Under Construction,2,44.0344,-90.7181,23,6,2023,2023-06,Night
4575,Los Angeles,2021-07-16,17:18,Medium,Cloudy,Dry,5,25.0458,-112.0004,17,7,2021,2021-07,Day
4576,New York,2021-11-24,07:40,Medium,Snow,Wet,4,32.4932,-83.0598,7,11,2021,2021-11,Day
4577,Los Angeles,2021-03-09,07:36,Medium,Clear,Icy,3,37.7672,-71.759,7,3,2021,2021-03,Day
4578,Los Angeles,2023-12-11,01:10,High,Clear,Dry,4,26.0062,-121.3043,1,12,2023,2023-12,Night
4579,New York,2021-01-17,11:34,High,Snow,Icy,5,25.3107,-85.6518,11,1,2021,2021-01,Day
4580,Los Angeles,2021-01-01,00:59,Medium,Rain,Dry,5,41.9318,-89.2593,0,1,2021,2021-01,Night
4581,Indianapolis,2021-11-13,04:48,Low,Clear,Under Construction,5,26.438,-82.2931,4,11,2021,2021-11,Night
4582,Columbus,2021-12-15,21:13,Medium,Clear,Wet,2,27.5955,-108.0061,21,12,2021,2021-12,Night
4583,New York,2022-12-15,20:44,Medium,Rain,Dry,2,35.4499,-115.0273,20,12,2022,2022-12,Night
4584,San Antonio,2021-12-08,19:44,High,Cloudy,Wet,4,29.9832,-94.0272,19,12,2021,2021-12,Night
4585,Dallas,2022-05-02,10:10,Low,Rain,Icy,5,36.2085,-87.9395,10,5,2022,2022-05,Day
4586,New York,2022-10-26,11:05,Low,Fog,Dry,2,33.2675,-77.8426,11,10,2022,2022-10,Day
4587,Indianapolis,2023-10-30,11:54,High,Rain,Dry,2,39.8957,-79.5659,11,10,2023,2023-10,Day
4588,San Diego,2021-07-19,20:05,Low,Clear,Slippery,4,33.4106,-121.0354,20,7,2021,2021-07,Night
4589,Los Angeles,2021-11-03,16:05,Medium,Rain,Dry,5,31.8461,-99.713,16,11,2021,2021-11,Day
4590,San Diego,2022-11-03,16:10,Low,Rain,Slippery,5,40.6913,-86.1344,16,11,2022,2022-11,Day
4591,Charlotte,2022-07-17,11:16,Low,Clear,Under Construction,1,35.8837,-113.5897,11,7,2022,2022-07,Day
4592,Chicago,2022-07-27,11:33,Medium,Clear,Dry,1,38.2553,-112.9359,11,7,2022,2022-07,Day
4593,Phoenix,2022-01-12,15:49,Low,Fog,Icy,4,40.1061,-70.6609,15,1,2022,2022-01,Day
4594,New York,2021-04-25,15:42,Medium,Clear,Wet,4,31.5602,-111.0633,15,4,2021,2021-04,Day
4595,New York,2022-10-22,13:43,High,Clear,Dry,3,45.0846,-100.0733,13,10,2022,2022-10,Day
4596,Los Angeles,2021-02-20,17:35,High,Fog,Dry,3,40.9749,-92.7695,17,2,2021,2021-02,Day
4597,Jacksonville,2021-09-19,18:24,Low,Clear,Wet,3,43.0486,-86.724,18,9,2021,2021-09,Night
4598,Chicago,2021-01-10,07:58,Medium,Clear,Slippery,4,45.7954,-105.9702,7,1,2021,2021-01,Day
4599,San Antonio,2022-07-06,18:03,Low,Hail,Wet,2,44.2657,-94.3018,18,7,2022,2022-07,Night
4600,Los Angeles,2023-09-20,10:24,High,Clear,Wet,2,32.6659,-115.1344,10,9,2023,2023-09,Day
4601,Jacksonville,2021-03-02,21:06,Medium,Clear,Wet,4,30.7465,-88.6709,21,3,2021,2021-03,Night
4602,New York,2022-09-22,16:43,Low,Clear,Icy,1,40.593,-113.8418,16,9,2022,2022-09,Day
4603,Philadelphia,2021-02-01,10:55,High,Rain,Dry,4,47.8311,-81.7191,10,2,2021,2021-02,Day
4604,Phoenix,2022-01-19,21:54,Low,Clear,Wet,3,28.192,-95.536,21,1,2022,2022-01,Night
4605,Philadelphia,2022-10-26,21:56,Low,Hail,Icy,3,47.6725,-95.9499,21,10,2022,2022-10,Night
4606,Chicago,2023-12-12,07:25,High,Rain,Dry,1,26.2363,-104.143,7,12,2023,2023-12,Day
4607,Chicago,2022-06-19,12:16,Low,Clear,Wet,3,28.1333,-108.1937,12,6,2022,2022-06,Day
4608,New York,2023-11-08,10:29,High,Rain,Dry,1,32.5656,-83.2502,10,11,2023,2023-11,Day
4609,New York,2022-03-11,18:30,Medium,Clear,Dry,1,37.0192,-91.292,18,3,2022,2022-03,Night
4610,Houston,2021-09-05,08:41,High,Rain,Dry,5,31.4264,-112.7355,8,9,2021,2021-09,Day
4611,Los Angeles,2023-12-11,21:42,High,Rain,Dry,5,40.3579,-98.0662,21,12,2023,2023-12,Night
4612,Phoenix,2023-08-05,18:05,High,Fog,Dry,4,31.7738,-79.468,18,8,2023,2023-08,Night
4613,Philadelphia,2023-02-16,04:16,High,Snow,Wet,5,28.5708,-116.8332,4,2,2023,2023-02,Night
4614,Philadelphia,2022-06-13,08:26,Low,Clear,Wet,3,42.8376,-101.6973,8,6,2022,2022-06,Day
4615,Dallas,2023-11-25,14:13,Medium,Clear,Wet,5,40.302,-80.131,14,11,2023,2023-11,Day
4616,Chicago,2023-02-24,10:46,Medium,Rain,Dry,5,34.528,-105.4605,10,2,2023,2023-02,Day
4617,Jacksonville,2021-05-18,21:28,Medium,Rain,Dry,3,29.4555,-118.6311,21,5,2021,2021-05,Night
4618,Dallas,2023-05-10,01:20,Medium,Clear,Slippery,5,42.3075,-106.2964,1,5,2023,2023-05,Night
4619,San Jose,2022-11-20,16:34,High,Clear,Dry,5,45.0323,-117.1083,16,11,2022,2022-11,Day
4620,Los Angeles,2021-12-16,12:05,Medium,Clear,Slippery,1,42.9697,-85.864,12,12,2021,2021-12,Day
4621,Chicago,2022-05-11,11:58,Low,Clear,Wet,3,32.539,-84.7263,11,5,2022,2022-05,Day
4622,Dallas,2022-02-18,07:23,Low,Fog,Dry,3,44.244,-117.9668,7,2,2022,2022-02,Day
4623,Austin,2021-07-28,18:11,Medium,Fog,Dry,3,38.7294,-95.2551,18,7,2021,2021-07,Night
4624,Dallas,2023-04-24,08:31,Low,Clear,Dry,1,27.9834,-83.3323,8,4,2023,2023-04,Day
4625,San Jose,2021-04-02,22:00,High,Clear,Icy,3,29.7803,-107.4486,22,4,2021,2021-04,Night
4626,Indianapolis,2023-05-01,00:41,High,Clear,Under Construction,2,41.6649,-101.2999,0,5,2023,2023-05,Night
4627,Los Angeles,2021-06-01,18:40,High,Rain,Dry,2,32.6078,-117.0788,18,6,2021,2021-06,Night
4628,Indianapolis,2021-06-30,09:40,Low,Clear,Slippery,4,28.0062,-111.7045,9,6,2021,2021-06,Day
4629,New York,2023-02-20,21:23,Medium,Fog,Dry,3,28.8979,-119.3328,21,2,2023,2023-02,Night
4630,Chicago,2021-10-18,19:15,Medium,Clear,Dry,1,45.5064,-73.7648,19,10,2021,2021-10,Night
4631,Los Angeles,2023-01-08,19:57,Medium,Cloudy,Under Construction,2,39.0946,-121.7781,19,1,2023,2023-01,Night
4632,San Antonio,2023-01-19,17:58,Medium,Snow,Dry,3,26.1846,-96.4256,17,1,2023,2023-01,Day
4633,Columbus,2023-02-06,12:50,High,Clear,Dry,3,34.2424,-95.5258,12,2,2023,2023-02,Day
4634,Philadelphia,2021-05-10,14:09,High,Rain,Icy,3,37.1871,-101.7435,14,5,2021,2021-05,Day
4635,Dallas,2021-03-28,04:22,Medium,Hail,Icy,2,45.8711,-121.8285,4,3,2021,2021-03,Night
4636,New York,2021-09-15,12:24,Medium,Clear,Dry,3,25.6032,-98.341,12,9,2021,2021-09,Day
4637,San Diego,2022-10-07,01:26,Low,Fog,Wet,5,39.5782,-83.1247,1,10,2022,2022-10,Night
4638,Houston,2023-03-26,10:59,Medium,Snow,Wet,2,28.7675,-113.1995,10,3,2023,2023-03,Day
4639,New York,2022-01-08,03:15,Low,Rain,Wet,1,44.0122,-77.666,3,1,2022,2022-01,Night
4640,Dallas,2023-08-20,19:06,Low,Fog,Dry,1,42.5208,-80.5576,19,8,2023,2023-08,Night
4641,New York,2021-07-06,19:45,Low,Snow,Wet,1,28.0723,-114.4905,19,7,2021,2021-07,Night
4642,Jacksonville,2021-11-20,15:43,High,Clear,Dry,2,39.6284,-73.6456,15,11,2021,2021-11,Day
4643,Dallas,2022-09-03,07:16,Low,Clear,Dry,2,40.901,-81.7521,7,9,2022,2022-09,Day
4644,Los Angeles,2021-04-25,01:06,Medium,Cloudy,Dry,2,31.0894,-109.7387,1,4,2021,2021-04,Night
4645,Phoenix,2021-05-06,16:53,Low,Cloudy,Dry,2,38.8958,-71.3948,16,5,2021,2021-05,Day
4646,Indianapolis,2021-08-27,16:31,Low,Clear,Wet,5,31.3203,-83.7669,16,8,2021,2021-08,Day
4647,San Jose,2023-02-09,10:57,Medium,Cloudy,Wet,4,35.5426,-73.4351,10,2,2023,2023-02,Day
4648,Los Angeles,2022-03-18,11:57,Medium,Clear,Dry,5,26.2363,-109.2088,11,3,2022,2022-03,Day
4649,Phoenix,2022-05-02,11:08,Low,Clear,Under Construction,4,35.8073,-84.3502,11,5,2022,2022-05,Day
4650,Charlotte,2023-05-14,05:47,Medium,Clear,Wet,3,32.3888,-90.8927,5,5,2023,2023-05,Night
4651,Houston,2023-08-22,18:55,Medium,Fog,Wet,2,46.7659,-113.8776,18,8,2023,2023-08,Night
4652,Los Angeles,2022-07-27,12:38,Low,Clear,Wet,2,29.5262,-84.5225,12,7,2022,2022-07,Day
4653,Chicago,2021-06-19,08:59,Medium,Clear,Wet,1,33.85,-96.762,8,6,2021,2021-06,Day
4654,Dallas,2021-02-26,18:55,High,Snow,Dry,1,47.9694,-106.4367,18,2,2021,2021-02,Night
4655,Los Angeles,2021-12-18,10:59,Medium,Clear,Icy,4,35.1838,-120.6333,10,12,2021,2021-12,Day
4656,Columbus,2022-03-28,15:14,Medium,Clear,Dry,2,40.9652,-90.0924,15,3,2022,2022-03,Day
4657,Los Angeles,2022-01-23,08:29,Low,Clear,Dry,2,29.7661,-94.841,8,1,2022,2022-01,Day
4658,Chicago,2023-11-08,17:37,Medium,Fog,Icy,5,25.4975,-109.3999,17,11,2023,2023-11,Day
4659,Los Angeles,2021-03-08,15:47,Medium,Clear,Dry,5,41.0842,-112.3714,15,3,2021,2021-03,Day
4660,Dallas,2023-09-04,07:11,Medium,Clear,Dry,5,34.6915,-75.799,7,9,2023,2023-09,Day
4661,Phoenix,2023-06-12,16:19,Low,Rain,Dry,3,28.8683,-89.7719,16,6,2023,2023-06,Day
4662,Chicago,2022-07-05,15:47,Medium,Snow,Dry,4,38.1417,-87.4423,15,7,2022,2022-07,Day
4663,Charlotte,2021-10-13,13:55,Low,Clear,Icy,3,43.4655,-88.9727,13,10,2021,2021-10,Day
4664,Austin,2022-06-26,20:06,Medium,Clear,Icy,3,33.167,-100.6551,20,6,2022,2022-06,Night
4665,Houston,2022-09-14,23:09,Medium,Clear,Wet,1,43.0769,-73.4531,23,9,2022,2022-09,Night
4666,Chicago,2022-06-28,22:47,Medium,Rain,Dry,4,43.8944,-113.1327,22,6,2022,2022-06,Night
4667,San Jose,2022-08-15,19:20,High,Clear,Dry,3,44.558,-83.9098,19,8,2022,2022-08,Night
4668,New York,2021-10-15,23:40,High,Clear,Dry,2,36.0045,-104.048,23,10,2021,2021-10,Night
4669,New York,2022-06-30,08:07,Low,Rain,Slippery,5,30.6915,-74.6618,8,6,2022,2022-06,Day
4670,Dallas,2023-01-18,09:04,Low,Windy,Dry,4,31.3396,-98.9008,9,1,2023,2023-01,Day
4671,Houston,2023-06-17,15:03,Medium,Rain,Dry,2,36.644,-89.3827,15,6,2023,2023-06,Day
4672,Dallas,2022-04-22,03:42,Medium,Clear,Dry,1,41.8627,-116.3249,3,4,2022,2022-04,Night
4673,Phoenix,2022-08-26,23:18,Low,Clear,Wet,2,27.4101,-83.5777,23,8,2022,2022-08,Night
4674,San Diego,2023-09-15,10:37,Low,Clear,Dry,1,40.1316,-81.4778,10,9,2023,2023-09,Day
4675,Los Angeles,2021-05-07,12:44,Low,Snow,Dry,5,28.9787,-120.4001,12,5,2021,2021-05,Day
4676,Los Angeles,2022-03-02,01:26,High,Clear,Dry,4,25.9223,-77.9348,1,3,2022,2022-03,Night
4677,Chicago,2022-02-28,05:51,Medium,Clear,Dry,5,36.812,-93.419,5,2,2022,2022-02,Night
4678,San Jose,2021-03-21,12:00,Medium,Snow,Wet,3,27.6684,-94.8359,12,3,2021,2021-03,Day
4679,Houston,2022-12-09,21:21,Medium,Clear,Wet,4,35.905,-86.3644,21,12,2022,2022-12,Night
4680,Philadelphia,2021-05-14,11:14,Low,Hail,Dry,1,45.8659,-99.4098,11,5,2021,2021-05,Day
4681,Los Angeles,2023-08-23,19:16,Low,Clear,Dry,4,27.4159,-77.4356,19,8,2023,2023-08,Night
4682,Indianapolis,2022-10-29,00:16,High,Clear,Dry,2,27.7942,-85.6642,0,10,2022,2022-10,Night
4683,New York,2023-10-15,08:57,Low,Clear,Dry,1,37.552,-70.6004,8,10,2023,2023-10,Day
4684,Los Angeles,2022-10-20,19:47,High,Rain,Dry,1,42.0129,-99.7173,19,10,2022,2022-10,Night
4685,Austin,2021-09-20,10:14,Medium,Clear,Dry,5,41.9138,-90.1188,10,9,2021,2021-09,Day
4686,Columbus,2022-05-02,18:53,High,Cloudy,Wet,3,42.7696,-120.6615,18,5,2022,2022-05,Night
4687,Dallas,2023-11-01,06:53,Medium,Cloudy,Dry,5,28.1215,-85.5581,6,11,2023,2023-11,Day
4688,Jacksonville,2022-01-14,14:28,Low,Clear,Wet,3,39.3203,-80.3729,14,1,2022,2022-01,Day
4689,Dallas,2022-06-27,16:19,High,Clear,Dry,2,36.0217,-94.3076,16,6,2022,2022-06,Day
4690,Houston,2023-06-07,16:54,Medium,Clear,Dry,1,25.8631,-118.3564,16,6,2023,2023-06,Day
4691,New York,2021-12-17,15:46,High,Clear,Dry,1,41.9263,-96.3791,15,12,2021,2021-12,Day
4692,San Diego,2023-10-17,16:14,Medium,Rain,Dry,1,36.7457,-75.6801,16,10,2023,2023-10,Day
4693,San Antonio,2022-05-30,22:32,Low,Clear,Wet,2,29.3929,-82.3774,22,5,2022,2022-05,Night
4694,New York,2022-12-29,13:11,Low,Clear,Dry,1,44.0585,-101.8565,13,12,2022,2022-12,Day
4695,Austin,2021-12-02,01:28,High,Rain,Under Construction,1,40.6218,-102.1695,1,12,2021,2021-12,Night
4696,Philadelphia,2023-04-02,05:43,High,Hail,Dry,1,47.4837,-77.7555,5,4,2023,2023-04,Night
4697,San Diego,2021-02-10,15:00,Medium,Fog,Dry,4,33.9948,-96.8628,15,2,2021,2021-02,Day
4698,Houston,2023-04-24,01:33,High,Clear,Icy,5,39.9079,-103.9853,1,4,2023,2023-04,Night
4699,San Diego,2023-03-13,12:25,Medium,Clear,Wet,3,25.4554,-88.4292,12,3,2023,2023-03,Day
4700,New York,2021-03-17,11:58,Medium,Rain,Dry,5,29.2968,-119.5063,11,3,2021,2021-03,Day
4701,Indianapolis,2023-11-01,19:22,High,Cloudy,Slippery,3,43.3997,-91.578,19,11,2023,2023-11,Night
4702,New York,2022-08-13,18:54,Low,Clear,Dry,1,41.0808,-90.9963,18,8,2022,2022-08,Night
4703,San Antonio,2021-03-28,12:05,Medium,Rain,Wet,3,39.0599,-94.0968,12,3,2021,2021-03,Day
4704,San Antonio,2023-04-26,13:16,Low,Snow,Dry,4,31.4189,-78.6568,13,4,2023,2023-04,Day
4705,Phoenix,2021-07-11,22:49,Medium,Clear,Under Construction,1,31.4188,-79.0621,22,7,2021,2021-07,Night
4706,Dallas,2022-11-26,17:12,Low,Snow,Dry,2,45.5421,-89.7187,17,11,2022,2022-11,Day
4707,Austin,2021-04-18,18:15,Low,Cloudy,Slippery,1,29.8969,-96.2235,18,4,2021,2021-04,Night
4708,Columbus,2023-05-30,12:23,Medium,Clear,Dry,3,46.6775,-75.7925,12,5,2023,2023-05,Day
4709,Indianapolis,2022-05-24,09:44,Medium,Clear,Slippery,4,25.0239,-116.558,9,5,2022,2022-05,Day
4710,San Jose,2021-04-27,13:02,Medium,Clear,Wet,1,27.6606,-109.0479,13,4,2021,2021-04,Day
4711,Phoenix,2021-10-21,19:00,High,Clear,Dry,4,25.2215,-86.3613,19,10,2021,2021-10,Night
4712,Phoenix,2021-02-20,15:22,Medium,Snow,Dry,4,34.1675,-92.7496,15,2,2021,2021-02,Day
4713,Chicago,2023-10-19,20:16,High,Clear,Dry,5,31.6454,-87.0875,20,10,2023,2023-10,Night
4714,Indianapolis,2023-03-28,18:27,Low,Rain,Under Construction,4,28.0414,-116.558,18,3,2023,2023-03,Night
4715,Austin,2022-11-29,09:41,High,Clear,Dry,2,37.0341,-106.2817,9,11,2022,2022-11,Day
4716,San Antonio,2023-04-25,11:21,High,Fog,Wet,4,37.4414,-79.9683,11,4,2023,2023-04,Day
4717,Philadelphia,2022-05-28,20:39,Low,Clear,Wet,3,33.1024,-76.4052,20,5,2022,2022-05,Night
4718,Los Angeles,2021-05-10,14:11,Low,Clear,Dry,3,31.9842,-110.3594,14,5,2021,2021-05,Day
4719,Houston,2022-04-05,17:49,Low,Fog,Wet,5,47.2907,-118.7793,17,4,2022,2022-04,Day
4720,San Jose,2022-11-06,12:14,Medium,Clear,Dry,2,27.4078,-84.803,12,11,2022,2022-11,Day
4721,New York,2022-06-07,07:36,Low,Cloudy,Dry,4,37.3561,-80.5991,7,6,2022,2022-06,Day
4722,Houston,2021-11-18,19:18,High,Clear,Dry,2,27.5613,-79.6587,19,11,2021,2021-11,Night
4723,Austin,2023-10-05,12:00,High,Clear,Dry,4,46.7448,-99.7857,12,10,2023,2023-10,Day
4724,Houston,2022-10-12,14:39,Medium,Fog,Dry,3,44.4932,-103.2523,14,10,2022,2022-10,Day
4725,Philadelphia,2021-09-25,18:13,Low,Fog,Slippery,3,41.6037,-89.4476,18,9,2021,2021-09,Night
4726,Philadelphia,2021-02-06,17:56,Low,Rain,Slippery,3,33.6712,-72.6794,17,2,2021,2021-02,Day
4727,Phoenix,2023-03-10,16:01,High,Clear,Wet,1,28.1613,-85.0208,16,3,2023,2023-03,Day
4728,Dallas,2022-11-09,23:11,Medium,Clear,Dry,2,25.5097,-121.134,23,11,2022,2022-11,Night
4729,Chicago,2021-08-02,16:50,Medium,Rain,Dry,1,26.7412,-118.77,16,8,2021,2021-08,Day
4730,Charlotte,2022-04-08,21:15,Low,Clear,Dry,5,28.4263,-70.4272,21,4,2022,2022-04,Night
4731,New York,2022-05-31,11:48,Low,Fog,Wet,1,31.9993,-96.4444,11,5,2022,2022-05,Day
4732,New York,2022-09-22,07:22,High,Clear,Wet,2,26.0539,-111.6,7,9,2022,2022-09,Day
4733,San Diego,2022-12-30,19:03,High,Clear,Dry,4,44.9448,-104.6295,19,12,2022,2022-12,Night
4734,Indianapolis,2021-03-12,18:12,Low,Fog,Slippery,4,41.3985,-88.0799,18,3,2021,2021-03,Night
4735,Los Angeles,2023-03-15,20:13,Low,Clear,Under Construction,4,31.4593,-70.2552,20,3,2023,2023-03,Night
4736,Los Angeles,2021-07-10,19:47,Medium,Clear,Wet,3,36.691,-81.9941,19,7,2021,2021-07,Night
4737,San Diego,2021-11-17,22:16,Medium,Rain,Dry,5,28.7252,-98.6207,22,11,2021,2021-11,Night
4738,Los Angeles,2023-01-11,18:30,Medium,Clear,Slippery,4,25.6781,-96.3848,18,1,2023,2023-01,Night
4739,Chicago,2022-06-07,18:38,Low,Fog,Dry,5,28.5669,-100.5594,18,6,2022,2022-06,Night
4740,Jacksonville,2023-11-13,19:57,Low,Rain,Slippery,2,35.2605,-109.0309,19,11,2023,2023-11,Night
4741,Chicago,2023-08-29,13:24,Low,Clear,Slippery,4,42.5239,-107.2778,13,8,2023,2023-08,Day
4742,Los Angeles,2021-08-23,20:28,High,Fog,Wet,2,34.6175,-103.484,20,8,2021,2021-08,Night
4743,Philadelphia,2023-06-03,22:11,High,Clear,Dry,2,35.4483,-82.3946,22,6,2023,2023-06,Night
4744,New York,2022-11-30,17:16,Medium,Rain,Under Construction,5,30.6764,-98.6551,17,11,2022,2022-11,Day
4745,San Diego,2023-01-04,11:25,Medium,Clear,Wet,5,31.0261,-120.2514,11,1,2023,2023-01,Day
4746,Jacksonville,2022-06-11,20:31,Low,Snow,Wet,5,40.2161,-82.1063,20,6,2022,2022-06,Night
4747,Dallas,2021-01-23,05:35,Medium,Fog,Slippery,2,44.2009,-118.7533,5,1,2021,2021-01,Night
4748,Columbus,2022-05-07,14:21,Low,Snow,Dry,3,42.6941,-95.0793,14,5,2022,2022-05,Day
4749,San Jose,2022-07-10,17:41,Low,Clear,Wet,4,45.6675,-109.5168,17,7,2022,2022-07,Day
4750,Jacksonville,2022-10-14,10:55,High,Clear,Wet,3,43.863,-94.1479,10,10,2022,2022-10,Day
4751,Phoenix,2021-01-16,10:27,Low,Fog,Wet,5,39.6342,-119.5684,10,1,2021,2021-01,Day
4752,Columbus,2023-07-14,12:56,Low,Rain,Dry,3,35.1015,-97.8018,12,7,2023,2023-07,Day
4753,Houston,2021-08-17,11:35,Medium,Cloudy,Dry,4,27.8197,-76.0716,11,8,2021,2021-08,Day
4754,Los Angeles,2021-11-18,05:31,High,Snow,Dry,5,41.6174,-111.7306,5,11,2021,2021-11,Night
4755,Indianapolis,2022-08-21,01:40,High,Rain,Icy,4,34.7787,-76.9091,1,8,2022,2022-08,Night
4756,Dallas,2021-09-04,12:19,Medium,Rain,Wet,5,39.7901,-99.5578,12,9,2021,2021-09,Day
4757,New York,2023-03-17,07:47,Low,Clear,Wet,2,27.8971,-96.3102,7,3,2023,2023-03,Day
4758,Houston,2023-05-18,12:43,Low,Clear,Wet,5,40.3086,-103.316,12,5,2023,2023-05,Day
4759,Chicago,2021-10-16,11:34,Low,Hail,Under Construction,5,36.5634,-70.9835,11,10,2021,2021-10,Day
4760,Chicago,2021-02-23,19:12,Low,Fog,Dry,3,31.1959,-70.2274,19,2,2021,2021-02,Night
4761,San Jose,2023-09-07,19:52,High,Clear,Dry,2,44.7224,-72.6712,19,9,2023,2023-09,Night
4762,New York,2021-08-20,19:21,Low,Rain,Dry,1,35.0001,-97.448,19,8,2021,2021-08,Night
4763,Los Angeles,2023-05-26,22:38,High,Clear,Icy,4,45.7401,-106.5177,22,5,2023,2023-05,Night
4764,Houston,2022-05-15,15:12,Low,Clear,Under Construction,2,47.1029,-109.269,15,5,2022,2022-05,Day
4765,New York,2021-12-25,19:05,Low,Cloudy,Wet,4,32.5326,-77.4972,19,12,2021,2021-12,Night
4766,San Diego,2021-05-22,10:37,Low,Rain,Slippery,4,35.8382,-109.9114,10,5,2021,2021-05,Day
4767,Philadelphia,2023-09-11,00:27,Medium,Clear,Dry,1,26.5404,-108.1808,0,9,2023,2023-09,Night
4768,Chicago,2022-03-20,11:23,High,Clear,Dry,4,39.1698,-95.1879,11,3,2022,2022-03,Day
4769,Los Angeles,2022-04-17,12:27,Medium,Snow,Under Construction,3,41.5452,-75.3166,12,4,2022,2022-04,Day
4770,San Diego,2023-11-06,20:01,High,Clear,Dry,4,44.767,-82.4094,20,11,2023,2023-11,Night
4771,Austin,2021-10-13,16:24,Medium,Clear,Slippery,5,31.7741,-89.9685,16,10,2021,2021-10,Day
4772,San Antonio,2021-10-15,18:05,Low,Clear,Under Construction,3,26.1531,-90.6933,18,10,2021,2021-10,Night
4773,New York,2023-09-17,14:10,Medium,Clear,Dry,1,27.1712,-73.5853,14,9,2023,2023-09,Day
4774,San Antonio,2022-03-18,14:46,Medium,Rain,Icy,5,45.2473,-74.3283,14,3,2022,2022-03,Day
4775,San Jose,2021-08-03,11:00,High,Rain,Dry,3,46.6254,-96.5163,11,8,2021,2021-08,Day
4776,Indianapolis,2023-05-23,06:35,Low,Rain,Dry,1,46.8505,-120.0177,6,5,2023,2023-05,Day
4777,Dallas,2021-03-05,00:20,Medium,Snow,Wet,1,43.4886,-82.0229,0,3,2021,2021-03,Night
4778,Los Angeles,2021-08-31,19:57,High,Clear,Slippery,4,31.0258,-112.3402,19,8,2021,2021-08,Night
4779,Los Angeles,2021-08-09,07:22,Low,Rain,Wet,5,27.9912,-117.7359,7,8,2021,2021-08,Day
4780,San Antonio,2023-08-29,16:06,High,Windy,Wet,1,38.8522,-118.5441,16,8,2023,2023-08,Day
4781,San Diego,2023-02-16,10:31,Low,Rain,Dry,3,47.5002,-106.2633,10,2,2023,2023-02,Day
4782,Columbus,2022-02-22,19:01,High,Cloudy,Under Construction,4,43.9635,-121.2932,19,2,2022,2022-02,Night
4783,San Diego,2021-06-18,11:52,High,Clear,Wet,3,29.8349,-106.432,11,6,2021,2021-06,Day
4784,San Antonio,2022-02-05,17:57,Low,Clear,Slippery,4,25.7676,-115.94,17,2,2022,2022-02,Day
4785,San Diego,2022-02-07,11:51,High,Clear,Dry,3,47.2003,-83.259,11,2,2022,2022-02,Day
4786,Philadelphia,2022-09-24,17:35,High,Rain,Wet,5,25.4011,-80.4281,17,9,2022,2022-09,Day
4787,Los Angeles,2023-10-12,03:26,High,Clear,Dry,1,40.7126,-92.3511,3,10,2023,2023-10,Night
4788,New York,2022-03-07,07:18,Low,Fog,Slippery,3,27.2941,-74.5937,7,3,2022,2022-03,Day
4789,New York,2022-02-24,11:36,Low,Rain,Icy,1,40.9531,-79.6552,11,2,2022,2022-02,Day
4790,New York,2023-03-31,13:43,High,Windy,Dry,5,46.019,-104.722,13,3,2023,2023-03,Day
4791,Philadelphia,2023-10-30,20:24,Medium,Clear,Under Construction,5,30.9899,-91.3244,20,10,2023,2023-10,Night
4792,San Diego,2021-03-08,23:32,Medium,Windy,Dry,5,44.0541,-105.1282,23,3,2021,2021-03,Night
4793,Dallas,2023-11-19,19:38,High,Clear,Dry,2,35.4005,-111.2802,19,11,2023,2023-11,Night
4794,Indianapolis,2021-06-19,07:23,Medium,Clear,Wet,3,36.9453,-111.3269,7,6,2021,2021-06,Day
4795,Houston,2021-05-07,13:33,Medium,Snow,Dry,1,41.6245,-103.8481,13,5,2021,2021-05,Day
4796,Chicago,2021-08-29,21:00,Medium,Rain,Dry,4,26.7242,-76.3107,21,8,2021,2021-08,Night
4797,Phoenix,2021-01-05,03:17,Low,Fog,Dry,2,40.6864,-87.3971,3,1,2021,2021-01,Night
4798,Columbus,2023-11-03,21:00,Medium,Rain,Dry,3,45.334,-85.6146,21,11,2023,2023-11,Night
4799,Chicago,2023-02-28,07:53,Low,Clear,Slippery,5,37.4677,-118.8152,7,2,2023,2023-02,Day
4800,New York,2021-04-30,16:42,Low,Rain,Dry,4,27.5206,-116.9956,16,4,2021,2021-04,Day
4801,Los Angeles,2022-09-23,14:14,Medium,Clear,Dry,3,46.3458,-114.9527,14,9,2022,2022-09,Day
4802,New York,2023-04-23,19:08,High,Clear,Wet,3,36.8741,-74.3228,19,4,2023,2023-04,Night
4803,Los Angeles,2021-05-04,00:04,Low,Hail,Dry,4,35.4594,-79.0692,0,5,2021,2021-05,Night
4804,Indianapolis,2022-11-22,23:40,Medium,Cloudy,Dry,5,41.7205,-80.4616,23,11,2022,2022-11,Night
4805,New York,2022-01-29,12:19,Low,Clear,Slippery,2,43.4449,-120.8235,12,1,2022,2022-01,Day
4806,San Diego,2023-09-24,09:38,Low,Clear,Wet,5,42.9101,-121.2922,9,9,2023,2023-09,Day
4807,Columbus,2023-01-23,00:48,Medium,Clear,Wet,1,35.0278,-109.9655,0,1,2023,2023-01,Night
4808,Phoenix,2021-11-09,11:28,Low,Fog,Dry,4,31.5938,-73.935,11,11,2021,2021-11,Day
4809,San Antonio,2021-04-14,19:23,High,Cloudy,Wet,5,36.7055,-78.4604,19,4,2021,2021-04,Night
4810,New York,2021-06-22,11:21,Low,Clear,Under Construction,3,28.8517,-99.9429,11,6,2021,2021-06,Day
4811,New York,2022-05-21,16:08,Medium,Clear,Dry,3,42.8684,-97.0636,16,5,2022,2022-05,Day
4812,San Diego,2021-12-18,15:03,Low,Clear,Dry,4,47.7467,-102.0342,15,12,2021,2021-12,Day
4813,Dallas,2021-08-06,17:15,Low,Clear,Dry,4,36.861,-116.2169,17,8,2021,2021-08,Day
4814,Indianapolis,2022-05-16,06:23,High,Clear,Dry,1,30.0296,-76.047,6,5,2022,2022-05,Day
4815,New York,2022-07-29,20:14,Low,Clear,Dry,3,44.1553,-112.3845,20,7,2022,2022-07,Night
4816,Phoenix,2022-08-01,09:41,Medium,Rain,Under Construction,3,32.7238,-74.766,9,8,2022,2022-08,Day
4817,Phoenix,2021-10-10,18:57,Medium,Cloudy,Dry,1,42.0312,-92.7051,18,10,2021,2021-10,Night
4818,Phoenix,2023-03-30,16:41,Medium,Hail,Slippery,2,33.0853,-87.0635,16,3,2023,2023-03,Day
4819,New York,2023-06-13,17:19,Low,Clear,Dry,4,43.084,-89.8574,17,6,2023,2023-06,Day
4820,Houston,2023-02-18,13:44,Medium,Clear,Dry,1,46.7481,-98.9696,13,2,2023,2023-02,Day
4821,Phoenix,2021-08-06,16:18,Low,Cloudy,Dry,2,27.9471,-117.0522,16,8,2021,2021-08,Day
4822,Jacksonville,2021-10-22,20:50,High,Hail,Wet,2,27.9575,-85.616,20,10,2021,2021-10,Night
4823,Columbus,2022-04-03,08:45,Low,Rain,Icy,2,29.8805,-100.8734,8,4,2022,2022-04,Day
4824,Dallas,2021-06-02,12:25,Medium,Rain,Dry,3,45.958,-100.5075,12,6,2021,2021-06,Day
4825,New York,2023-09-24,03:07,High,Snow,Wet,1,43.2116,-115.8794,3,9,2023,2023-09,Night
4826,New York,2023-10-09,15:29,Medium,Cloudy,Dry,3,39.8852,-73.3394,15,10,2023,2023-10,Day
4827,Houston,2023-11-23,12:11,Low,Clear,Dry,3,32.7951,-95.5069,12,11,2023,2023-11,Day
4828,San Antonio,2022-08-08,18:47,Low,Clear,Dry,5,36.4279,-77.0556,18,8,2022,2022-08,Night
4829,San Diego,2023-11-30,17:22,Medium,Clear,Slippery,4,37.1582,-89.1291,17,11,2023,2023-11,Day
4830,Dallas,2022-07-26,04:09,High,Fog,Wet,2,31.3522,-73.2662,4,7,2022,2022-07,Night
4831,Houston,2023-06-24,16:13,Medium,Clear,Dry,4,43.0738,-83.7997,16,6,2023,2023-06,Day
4832,New York,2021-08-28,06:33,Low,Clear,Dry,4,39.8262,-106.6159,6,8,2021,2021-08,Day
4833,Houston,2023-07-02,13:37,High,Fog,Dry,2,35.6447,-109.777,13,7,2023,2023-07,Day
4834,New York,2022-05-12,17:40,Medium,Snow,Wet,3,34.5541,-104.9912,17,5,2022,2022-05,Day
4835,Austin,2022-08-07,07:13,Low,Fog,Wet,3,40.2231,-90.947,7,8,2022,2022-08,Day
4836,San Jose,2021-03-03,18:38,Low,Cloudy,Wet,3,39.511,-102.5894,18,3,2021,2021-03,Night
4837,New York,2022-03-08,02:01,Low,Fog,Dry,2,35.8274,-72.0,2,3,2022,2022-03,Night
4838,Philadelphia,2021-12-26,06:11,Medium,Clear,Wet,3,26.2021,-102.9666,6,12,2021,2021-12,Day
4839,New York,2021-11-29,11:53,Medium,Rain,Dry,3,28.5883,-88.1957,11,11,2021,2021-11,Day
4840,Columbus,2022-09-23,21:48,Low,Clear,Dry,2,42.9885,-120.7691,21,9,2022,2022-09,Night
4841,New York,2021-09-18,04:04,Low,Rain,Dry,2,33.6478,-113.868,4,9,2021,2021-09,Night
4842,Dallas,2021-05-07,22:56,Medium,Rain,Dry,5,34.4575,-72.569,22,5,2021,2021-05,Night
4843,New York,2023-06-19,07:02,Low,Clear,Dry,5,32.8768,-84.525,7,6,2023,2023-06,Day
4844,Chicago,2022-02-04,19:03,Low,Fog,Dry,5,33.9302,-89.325,19,2,2022,2022-02,Night
4845,Los Angeles,2022-11-19,21:33,Medium,Clear,Dry,5,45.8603,-118.2461,21,11,2022,2022-11,Night
4846,Columbus,2021-02-25,19:50,Low,Rain,Dry,4,42.175,-106.5313,19,2,2021,2021-02,Night
4847,New York,2023-04-24,07:11,Low,Rain,Icy,3,27.866,-102.432,7,4,2023,2023-04,Day
4848,New York,2022-01-02,20:26,Medium,Clear,Dry,3,40.6111,-110.9866,20,1,2022,2022-01,Night
4849,Austin,2021-12-31,07:31,High,Clear,Icy,1,46.4307,-98.2145,7,12,2021,2021-12,Day
4850,Los Angeles,2021-12-06,07:29,High,Rain,Dry,5,38.0275,-83.8386,7,12,2021,2021-12,Day
4851,Philadelphia,2023-09-24,21:10,Low,Clear,Icy,4,40.3566,-94.451,21,9,2023,2023-09,Night
4852,Columbus,2022-03-14,21:48,Low,Clear,Icy,1,40.0171,-113.0495,21,3,2022,2022-03,Night
4853,Los Angeles,2021-11-05,21:33,High,Clear,Dry,4,32.7148,-107.9725,21,11,2021,2021-11,Night
4854,San Diego,2023-12-10,19:25,Medium,Clear,Wet,5,34.1798,-108.982,19,12,2023,2023-12,Night
4855,Charlotte,2021-03-12,09:07,Medium,Clear,Dry,3,32.4723,-105.8284,9,3,2021,2021-03,Day
4856,San Diego,2023-08-15,15:12,Medium,Clear,Dry,3,40.4178,-117.9752,15,8,2023,2023-08,Day
4857,San Jose,2023-03-01,16:47,Low,Rain,Dry,2,47.1986,-77.4203,16,3,2023,2023-03,Day
4858,San Antonio,2023-01-22,09:05,Low,Fog,Dry,4,44.9381,-113.3182,9,1,2023,2023-01,Day
4859,New York,2023-04-29,13:56,Low,Clear,Icy,2,30.4663,-98.5426,13,4,2023,2023-04,Day
4860,Houston,2022-01-18,23:17,Low,Clear,Under Construction,4,25.221,-94.0608,23,1,2022,2022-01,Night
4861,San Antonio,2023-01-02,20:05,Low,Clear,Icy,2,29.0467,-112.321,20,1,2023,2023-01,Night
4862,San Jose,2023-04-08,13:04,Low,Rain,Dry,2,32.9957,-85.006,13,4,2023,2023-04,Day
4863,New York,2023-07-20,07:37,Medium,Cloudy,Icy,2,45.2478,-90.4398,7,7,2023,2023-07,Day
4864,New York,2022-12-15,09:16,Medium,Fog,Dry,4,26.9927,-100.9289,9,12,2022,2022-12,Day
4865,Los Angeles,2023-09-20,07:42,High,Clear,Wet,5,47.4678,-76.4173,7,9,2023,2023-09,Day
4866,San Antonio,2023-06-12,12:31,Low,Windy,Dry,5,29.6235,-79.6906,12,6,2023,2023-06,Day
4867,Houston,2022-02-03,13:13,Medium,Clear,Wet,2,44.5937,-100.4383,13,2,2022,2022-02,Day
4868,New York,2023-04-12,12:33,High,Rain,Dry,3,30.4874,-120.6873,12,4,2023,2023-04,Day
4869,Indianapolis,2022-01-17,19:31,Low,Clear,Dry,1,31.461,-76.5663,19,1,2022,2022-01,Night
4870,Columbus,2021-11-15,15:15,Medium,Clear,Dry,1,29.9662,-97.4419,15,11,2021,2021-11,Day
4871,Austin,2023-07-10,19:31,Low,Clear,Dry,4,47.7553,-85.4241,19,7,2023,2023-07,Night
4872,Los Angeles,2022-07-25,20:20,Medium,Clear,Slippery,5,30.6667,-84.097,20,7,2022,2022-07,Night
4873,Philadelphia,2022-05-20,21:46,High,Clear,Icy,1,40.6181,-112.9592,21,5,2022,2022-05,Night
4874,Austin,2023-11-21,06:39,Medium,Clear,Slippery,4,46.1639,-87.4307,6,11,2023,2023-11,Day
4875,Austin,2021-02-22,16:32,Low,Rain,Wet,3,25.4465,-111.1915,16,2,2021,2021-02,Day
4876,New York,2023-03-18,18:28,Low,Clear,Icy,2,36.1298,-90.6807,18,3,2023,2023-03,Night
4877,Austin,2021-10-06,12:14,Medium,Fog,Dry,2,45.6,-116.7007,12,10,2021,2021-10,Day
4878,New York,2022-10-08,23:15,Low,Clear,Wet,5,29.3147,-76.5647,23,10,2022,2022-10,Night
4879,New York,2023-06-26,09:06,Medium,Clear,Wet,1,34.7079,-93.5744,9,6,2023,2023-06,Day
4880,Jacksonville,2021-12-22,18:18,Medium,Snow,Dry,5,34.7803,-79.706,18,12,2021,2021-12,Night
4881,Austin,2021-01-10,22:21,Low,Clear,Wet,4,42.109,-74.8485,22,1,2021,2021-01,Night
4882,New York,2023-09-08,05:43,Low,Cloudy,Dry,1,35.4299,-111.948,5,9,2023,2023-09,Night
4883,Philadelphia,2021-09-01,15:05,High,Clear,Dry,1,42.8314,-73.2624,15,9,2021,2021-09,Day
4884,Jacksonville,2023-06-06,15:42,Low,Cloudy,Dry,4,35.5369,-83.6545,15,6,2023,2023-06,Day
4885,Chicago,2023-05-12,17:23,Medium,Fog,Dry,5,33.7191,-79.1135,17,5,2023,2023-05,Day
4886,Los Angeles,2023-06-26,12:47,Low,Clear,Dry,5,43.2383,-103.9321,12,6,2023,2023-06,Day
4887,Houston,2021-08-02,19:15,Low,Clear,Slippery,3,47.3982,-106.5686,19,8,2021,2021-08,Night
4888,Houston,2021-08-01,20:09,Low,Rain,Icy,3,28.402,-114.4535,20,8,2021,2021-08,Night
4889,Indianapolis,2022-01-16,17:08,Low,Fog,Wet,4,29.4114,-95.3129,17,1,2022,2022-01,Day
4890,Houston,2021-02-27,21:16,Low,Clear,Dry,2,38.5912,-103.0016,21,2,2021,2021-02,Night
4891,New York,2022-04-30,18:20,Medium,Clear,Dry,1,31.8637,-111.2219,18,4,2022,2022-04,Night
4892,Chicago,2022-10-23,06:13,Medium,Clear,Wet,3,47.9132,-118.5972,6,10,2022,2022-10,Day
4893,San Diego,2023-06-20,22:38,Medium,Clear,Under Construction,2,46.3846,-111.829,22,6,2023,2023-06,Night
4894,New York,2022-12-15,09:40,Low,Clear,Under Construction,2,46.5461,-89.0445,9,12,2022,2022-12,Day
4895,Phoenix,2021-12-07,10:06,Medium,Rain,Dry,2,25.7499,-74.0016,10,12,2021,2021-12,Day
4896,San Antonio,2021-09-30,15:41,Medium,Clear,Wet,1,28.9957,-95.3645,15,9,2021,2021-09,Day
4897,San Diego,2022-09-14,11:07,Medium,Hail,Under Construction,5,40.2676,-95.2602,11,9,2022,2022-09,Day
4898,Chicago,2021-06-24,12:11,Low,Rain,Dry,3,32.4116,-84.0582,12,6,2021,2021-06,Day
4899,Charlotte,2022-11-25,06:13,High,Clear,Dry,4,40.9236,-77.8674,6,11,2022,2022-11,Day
4900,Austin,2021-06-17,12:27,Low,Clear,Dry,1,36.1343,-87.2541,12,6,2021,2021-06,Day
4901,New York,2022-05-01,12:05,Medium,Rain,Dry,3,47.155,-80.1614,12,5,2022,2022-05,Day
4902,Phoenix,2021-12-23,06:50,Medium,Clear,Dry,4,39.3012,-98.5453,6,12,2021,2021-12,Day
4903,Jacksonville,2023-05-23,13:09,Low,Rain,Dry,2,26.4992,-82.6926,13,5,2023,2023-05,Day
4904,Houston,2021-08-05,17:56,High,Rain,Dry,5,33.8579,-108.592,17,8,2021,2021-08,Day
4905,Columbus,2022-06-14,01:49,Medium,Clear,Dry,2,45.1715,-98.4413,1,6,2022,2022-06,Night
4906,Los Angeles,2022-11-17,11:00,High,Clear,Dry,2,37.4545,-83.8746,11,11,2022,2022-11,Day
4907,Columbus,2022-07-11,04:38,Low,Clear,Dry,3,35.1202,-79.4367,4,7,2022,2022-07,Night
4908,Los Angeles,2021-04-28,15:05,Low,Rain,Dry,3,34.0233,-100.7484,15,4,2021,2021-04,Day
4909,San Diego,2021-04-26,08:21,Low,Fog,Dry,1,46.6326,-114.2744,8,4,2021,2021-04,Day
4910,Columbus,2023-05-26,13:13,High,Clear,Dry,3,39.2046,-116.3803,13,5,2023,2023-05,Day
4911,Houston,2023-08-07,20:29,Medium,Rain,Dry,5,28.4047,-104.6266,20,8,2023,2023-08,Night
4912,Houston,2022-07-07,08:44,Medium,Clear,Dry,1,35.6136,-115.9745,8,7,2022,2022-07,Day
4913,Indianapolis,2023-06-15,11:13,Low,Fog,Dry,2,38.9264,-73.8872,11,6,2023,2023-06,Day
4914,Phoenix,2021-04-08,12:36,Low,Fog,Dry,3,37.3767,-109.7555,12,4,2021,2021-04,Day
4915,Houston,2021-05-06,16:46,Low,Clear,Wet,3,27.7922,-91.8199,16,5,2021,2021-05,Day
4916,Chicago,2022-09-05,21:05,Medium,Clear,Dry,1,33.1931,-105.8789,21,9,2022,2022-09,Night
4917,Jacksonville,2021-03-09,15:29,Low,Cloudy,Wet,3,36.3763,-120.2843,15,3,2021,2021-03,Day
4918,Los Angeles,2021-02-16,22:23,Medium,Rain,Wet,1,29.6244,-108.9226,22,2,2021,2021-02,Night
4919,Austin,2023-08-04,12:59,High,Clear,Dry,4,38.1178,-90.4017,12,8,2023,2023-08,Day
4920,New York,2022-10-19,06:41,Low,Fog,Dry,1,39.2936,-107.2868,6,10,2022,2022-10,Day
4921,Indianapolis,2023-09-26,07:51,Low,Snow,Dry,1,31.2548,-84.9686,7,9,2023,2023-09,Day
4922,Los Angeles,2021-05-09,13:32,Low,Clear,Dry,3,27.0249,-85.6003,13,5,2021,2021-05,Day
4923,Dallas,2021-02-28,00:37,Low,Fog,Dry,4,30.9044,-86.929,0,2,2021,2021-02,Night
4924,New York,2023-07-02,07:36,Low,Clear,Dry,4,36.5924,-85.9003,7,7,2023,2023-07,Day
4925,Phoenix,2021-02-27,09:58,Medium,Fog,Dry,5,31.5136,-114.9071,9,2,2021,2021-02,Day
4926,Austin,2023-02-22,08:13,Low,Cloudy,Wet,5,45.5074,-76.0156,8,2,2023,2023-02,Day
4927,Charlotte,2023-04-29,11:36,Low,Clear,Dry,1,37.8605,-106.6814,11,4,2023,2023-04,Day
4928,Austin,2022-03-03,03:27,Medium,Fog,Dry,3,43.5045,-119.8669,3,3,2022,2022-03,Night
4929,Los Angeles,2023-01-20,16:36,High,Cloudy,Dry,4,40.7055,-83.5571,16,1,2023,2023-01,Day
4930,Dallas,2022-02-03,08:45,Low,Fog,Wet,4,27.5537,-84.575,8,2,2022,2022-02,Day
4931,San Antonio,2021-11-08,19:06,Medium,Clear,Dry,1,45.3451,-87.4121,19,11,2021,2021-11,Night
4932,Phoenix,2021-12-04,22:04,Low,Windy,Wet,1,40.5287,-87.6063,22,12,2021,2021-12,Night
4933,New York,2021-02-25,15:59,High,Clear,Wet,2,45.4084,-70.1443,15,2,2021,2021-02,Day
4934,San Diego,2023-09-10,21:49,Medium,Rain,Dry,5,45.3033,-109.5319,21,9,2023,2023-09,Night
4935,San Diego,2023-01-03,12:17,High,Rain,Wet,3,31.7156,-81.4255,12,1,2023,2023-01,Day
4936,San Antonio,2022-01-14,14:15,Medium,Clear,Dry,1,40.2619,-109.9598,14,1,2022,2022-01,Day
4937,New York,2022-06-22,22:09,Low,Rain,Wet,3,32.3779,-90.4254,22,6,2022,2022-06,Night
4938,San Diego,2021-02-18,17:39,Medium,Clear,Slippery,5,30.5552,-104.3205,17,2,2021,2021-02,Day
4939,Dallas,2021-07-03,02:54,Low,Clear,Wet,4,33.832,-70.7082,2,7,2021,2021-07,Night
4940,Philadelphia,2022-03-20,22:18,Low,Clear,Dry,4,33.9978,-89.9818,22,3,2022,2022-03,Night
4941,Chicago,2021-12-17,08:35,Low,Clear,Dry,1,25.0371,-74.0129,8,12,2021,2021-12,Day
4942,San Jose,2023-01-16,17:19,Medium,Clear,Wet,1,35.2714,-119.039,17,1,2023,2023-01,Day
4943,Dallas,2021-08-03,19:52,High,Rain,Under Construction,2,28.9114,-84.4261,19,8,2021,2021-08,Night
4944,San Antonio,2023-07-15,13:39,Low,Fog,Wet,5,46.5787,-94.4599,13,7,2023,2023-07,Day
4945,Los Angeles,2021-06-02,02:13,Medium,Clear,Dry,4,28.0185,-82.3792,2,6,2021,2021-06,Night
4946,San Jose,2021-04-23,23:58,Medium,Clear,Dry,4,32.5148,-103.4257,23,4,2021,2021-04,Night
4947,Houston,2021-08-23,07:13,Medium,Rain,Wet,2,29.7805,-120.799,7,8,2021,2021-08,Day
4948,Houston,2022-01-06,07:06,Medium,Snow,Wet,2,27.7158,-113.4599,7,1,2022,2022-01,Day
4949,Jacksonville,2022-08-09,12:06,Low,Clear,Slippery,3,37.9195,-88.7727,12,8,2022,2022-08,Day
4950,Chicago,2023-01-23,22:59,Low,Rain,Dry,3,44.4345,-120.2904,22,1,2023,2023-01,Night
4951,San Jose,2022-09-15,20:04,Medium,Cloudy,Icy,4,44.4573,-82.7251,20,9,2022,2022-09,Night
4952,Charlotte,2021-12-26,11:26,Medium,Clear,Dry,3,47.8883,-99.2777,11,12,2021,2021-12,Day
4953,San Diego,2023-01-04,20:20,Medium,Clear,Dry,4,44.8161,-73.0648,20,1,2023,2023-01,Night
4954,Dallas,2021-04-18,12:38,Medium,Cloudy,Slippery,1,27.287,-91.5333,12,4,2021,2021-04,Day
4955,Columbus,2021-01-11,10:08,High,Clear,Dry,3,45.0694,-99.9129,10,1,2021,2021-01,Day
4956,San Antonio,2023-02-13,22:31,Low,Fog,Dry,3,40.8388,-100.8239,22,2,2023,2023-02,Night
4957,Chicago,2021-01-14,17:40,Medium,Fog,Icy,5,33.5395,-84.7667,17,1,2021,2021-01,Day
4958,Houston,2021-07-29,12:48,Low,Fog,Wet,1,39.7062,-113.7891,12,7,2021,2021-07,Day
4959,San Jose,2022-11-17,07:11,High,Rain,Dry,3,31.1055,-79.3543,7,11,2022,2022-11,Day
4960,Los Angeles,2021-10-03,20:24,High,Clear,Slippery,5,35.6728,-91.3142,20,10,2021,2021-10,Night
4961,San Diego,2023-08-24,16:20,Low,Rain,Dry,3,42.3372,-92.8641,16,8,2023,2023-08,Day
4962,Chicago,2022-05-08,18:34,High,Windy,Dry,5,44.865,-106.7488,18,5,2022,2022-05,Night
4963,Los Angeles,2021-05-17,12:22,Low,Fog,Wet,3,28.2925,-93.3935,12,5,2021,2021-05,Day
4964,New York,2023-08-28,17:20,High,Rain,Dry,5,27.0657,-87.2969,17,8,2023,2023-08,Day
4965,New York,2023-07-26,09:04,Low,Rain,Dry,4,44.564,-92.6444,9,7,2023,2023-07,Day
4966,Chicago,2021-07-17,21:03,Low,Rain,Icy,5,42.2941,-88.9742,21,7,2021,2021-07,Night
4967,Columbus,2021-07-28,16:28,High,Clear,Icy,3,39.1912,-102.9147,16,7,2021,2021-07,Day
4968,San Diego,2023-12-01,08:58,Low,Rain,Dry,1,25.379,-106.4162,8,12,2023,2023-12,Day
4969,Chicago,2021-02-04,17:57,Low,Rain,Wet,4,32.3724,-92.3458,17,2,2021,2021-02,Day
4970,Chicago,2023-08-11,15:11,Low,Clear,Dry,1,38.943,-92.1642,15,8,2023,2023-08,Day
4971,San Jose,2023-07-27,11:28,High,Windy,Slippery,5,47.8921,-87.8168,11,7,2023,2023-07,Day
4972,Houston,2021-03-02,23:43,High,Clear,Dry,2,42.4901,-79.5538,23,3,2021,2021-03,Night
4973,San Jose,2021-12-18,19:16,Medium,Clear,Wet,3,38.5233,-103.0465,19,12,2021,2021-12,Night
4974,New York,2021-11-24,13:47,Medium,Rain,Dry,2,34.5647,-78.3822,13,11,2021,2021-11,Day
4975,Philadelphia,2021-08-15,19:24,Medium,Clear,Dry,1,44.5712,-88.4598,19,8,2021,2021-08,Night
4976,New York,2023-10-16,12:01,Medium,Clear,Dry,2,25.6239,-89.5567,12,10,2023,2023-10,Day
4977,Dallas,2022-06-15,11:37,Low,Clear,Under Construction,4,29.7264,-108.4321,11,6,2022,2022-06,Day
4978,Chicago,2022-06-20,20:35,Medium,Clear,Dry,3,38.043,-95.3804,20,6,2022,2022-06,Night
4979,Los Angeles,2022-07-05,16:05,Medium,Rain,Wet,4,45.0263,-116.1241,16,7,2022,2022-07,Day
4980,San Diego,2023-11-23,06:50,High,Rain,Dry,2,30.3739,-97.3909,6,11,2023,2023-11,Day
4981,Los Angeles,2022-10-30,20:59,Low,Clear,Dry,1,39.4785,-99.007,20,10,2022,2022-10,Night
4982,New York,2023-08-11,20:48,Medium,Rain,Wet,2,30.6508,-95.4857,20,8,2023,2023-08,Night
4983,New York,2021-03-25,19:46,Medium,Clear,Wet,5,46.5794,-112.5854,19,3,2021,2021-03,Night
4984,Chicago,2021-04-21,10:33,High,Clear,Dry,5,36.2886,-81.632,10,4,2021,2021-04,Day
4985,San Antonio,2021-07-20,12:16,Medium,Snow,Dry,3,47.365,-87.232,12,7,2021,2021-07,Day
4986,New York,2022-11-29,23:37,Medium,Snow,Dry,3,28.7734,-107.7003,23,11,2022,2022-11,Night
4987,New York,2021-07-19,13:45,High,Rain,Slippery,2,44.5925,-81.1663,13,7,2021,2021-07,Day
4988,Los Angeles,2022-05-04,13:43,Low,Clear,Slippery,1,44.3114,-83.5793,13,5,2022,2022-05,Day
4989,Dallas,2023-08-27,15:21,Medium,Rain,Dry,3,36.9728,-109.9026,15,8,2023,2023-08,Day
4990,New York,2023-10-23,07:10,Medium,Clear,Dry,4,39.1742,-93.2422,7,10,2023,2023-10,Day
4991,New York,2022-08-13,12:05,High,Clear,Dry,2,26.0018,-114.881,12,8,2022,2022-08,Day
4992,New York,2021-08-05,19:17,High,Rain,Dry,3,40.3598,-110.9196,19,8,2021,2021-08,Night
4993,New York,2021-11-09,19:08,Medium,Cloudy,Dry,1,27.4121,-107.9151,19,11,2021,2021-11,Night
4994,Indianapolis,2023-02-12,14:44,High,Rain,Dry,2,43.8566,-117.7038,14,2,2023,2023-02,Day
4995,Charlotte,2023-12-15,10:37,Low,Clear,Slippery,5,31.3941,-91.1224,10,12,2023,2023-12,Day
4996,Jacksonville,2021-10-16,11:29,Medium,Fog,Dry,3,43.0983,-106.055,11,10,2021,2021-10,Day
4997,Jacksonville,2021-09-15,17:28,Medium,Rain,Wet,3,43.7061,-105.0708,17,9,2021,2021-09,Day
4998,Houston,2022-08-04,10:19,High,Rain,Wet,3,42.0026,-113.6773,10,8,2022,2022-08,Day
4999,San Jose,2021-10-03,17:32,Medium,Fog,Dry,3,44.8856,-75.9915,17,10,2021,2021-10,Day
5000,Los Angeles,2022-04-15,20:16,Low,Cloudy,Dry,1,30.4647,-91.0105,20,4,2022,2022-04,Night
5001,San Antonio,2022-04-04,18:44,High,Clear,Wet,5,29.9371,-96.7855,18,4,2022,2022-04,Night
5002,Dallas,2021-09-29,18:28,High,Clear,Dry,3,27.6585,-70.2322,18,9,2021,2021-09,Night
5003,Phoenix,2021-01-04,18:54,Low,Fog,Dry,4,28.1612,-110.0617,18,1,2021,2021-01,Night
5004,Houston,2023-07-22,21:02,High,Rain,Dry,4,26.1338,-86.9109,21,7,2023,2023-07,Night
5005,San Antonio,2023-05-30,08:15,High,Rain,Wet,4,46.5741,-111.0937,8,5,2023,2023-05,Day
5006,Philadelphia,2023-02-03,07:00,High,Clear,Wet,3,33.1967,-73.6998,7,2,2023,2023-02,Day
5007,Los Angeles,2022-01-03,22:14,Low,Rain,Icy,3,45.2175,-84.1824,22,1,2022,2022-01,Night
5008,Philadelphia,2023-12-08,11:32,Medium,Rain,Wet,1,37.1387,-74.5799,11,12,2023,2023-12,Day
5009,Phoenix,2022-07-08,07:07,High,Rain,Dry,1,34.47,-112.1356,7,7,2022,2022-07,Day
5010,Chicago,2022-10-16,11:51,Low,Rain,Dry,1,42.679,-98.8698,11,10,2022,2022-10,Day
5011,Charlotte,2021-01-26,09:53,Medium,Cloudy,Dry,2,31.3717,-111.8093,9,1,2021,2021-01,Day
5012,San Diego,2021-03-07,20:39,Medium,Hail,Dry,1,33.6521,-110.4794,20,3,2021,2021-03,Night
5013,San Diego,2022-08-24,17:00,Medium,Rain,Icy,2,32.033,-97.0337,17,8,2022,2022-08,Day
5014,New York,2022-05-05,19:47,Medium,Cloudy,Dry,2,33.4135,-89.79,19,5,2022,2022-05,Night
5015,New York,2023-06-04,21:04,Low,Clear,Under Construction,2,35.8275,-113.5326,21,6,2023,2023-06,Night
5016,Chicago,2022-07-30,10:39,High,Clear,Wet,1,33.1802,-79.5619,10,7,2022,2022-07,Day
5017,San Jose,2022-03-08,06:59,Medium,Rain,Dry,4,34.3309,-77.5675,6,3,2022,2022-03,Day
5018,Philadelphia,2021-04-26,21:56,Low,Clear,Under Construction,2,35.7357,-101.7277,21,4,2021,2021-04,Night
5019,Los Angeles,2021-08-28,17:08,Low,Clear,Dry,1,25.5636,-120.2512,17,8,2021,2021-08,Day
5020,San Jose,2022-03-18,12:26,Low,Snow,Dry,4,47.8557,-109.6877,12,3,2022,2022-03,Day
5021,Indianapolis,2022-07-08,20:28,High,Clear,Wet,3,43.4444,-102.9627,20,7,2022,2022-07,Night
5022,Jacksonville,2021-06-02,20:14,High,Clear,Wet,1,37.327,-112.016,20,6,2021,2021-06,Night
5023,Indianapolis,2022-02-01,23:30,Low,Clear,Dry,5,46.4873,-83.3153,23,2,2022,2022-02,Night
5024,New York,2022-02-26,22:46,Low,Clear,Dry,3,25.8523,-81.3189,22,2,2022,2022-02,Night
5025,Los Angeles,2022-08-27,15:59,Low,Snow,Dry,2,32.4982,-77.8593,15,8,2022,2022-08,Day
5026,San Jose,2023-03-17,11:52,Medium,Rain,Dry,1,34.9474,-117.2034,11,3,2023,2023-03,Day
5027,Indianapolis,2023-01-29,11:38,Low,Clear,Dry,3,28.6468,-73.5723,11,1,2023,2023-01,Day
5028,Houston,2023-06-23,07:16,Medium,Clear,Icy,2,34.4149,-85.7062,7,6,2023,2023-06,Day
5029,San Diego,2023-03-10,05:19,Medium,Clear,Dry,3,46.6129,-82.6813,5,3,2023,2023-03,Night
5030,Dallas,2022-08-26,18:10,Low,Fog,Dry,2,33.4231,-90.577,18,8,2022,2022-08,Night
5031,Los Angeles,2023-12-27,04:17,Low,Snow,Under Construction,4,25.92,-88.3659,4,12,2023,2023-12,Night
5032,Phoenix,2022-08-18,20:51,Medium,Cloudy,Dry,4,26.0669,-103.9052,20,8,2022,2022-08,Night
5033,Philadelphia,2022-12-04,08:56,Low,Cloudy,Dry,3,31.4391,-112.4549,8,12,2022,2022-12,Day
5034,San Diego,2021-01-10,06:01,Low,Snow,Dry,1,41.1862,-100.3736,6,1,2021,2021-01,Day
5035,Los Angeles,2021-02-24,14:32,Medium,Fog,Slippery,5,39.8325,-72.6215,14,2,2021,2021-02,Day
5036,San Diego,2023-05-25,09:16,Medium,Fog,Dry,5,42.7548,-85.0115,9,5,2023,2023-05,Day
5037,Chicago,2022-06-17,07:46,Low,Rain,Under Construction,3,29.8989,-94.4298,7,6,2022,2022-06,Day
5038,Los Angeles,2023-09-05,11:32,High,Cloudy,Wet,1,43.5564,-75.7288,11,9,2023,2023-09,Day
5039,Columbus,2023-07-17,14:41,High,Rain,Dry,3,30.3491,-82.5127,14,7,2023,2023-07,Day
5040,Philadelphia,2021-08-08,11:00,Medium,Clear,Wet,5,31.0154,-116.368,11,8,2021,2021-08,Day
5041,Los Angeles,2022-04-01,17:54,Low,Rain,Wet,5,39.1889,-113.9763,17,4,2022,2022-04,Day
5042,Columbus,2022-11-20,07:28,Low,Clear,Dry,5,47.1109,-102.8561,7,11,2022,2022-11,Day
5043,Austin,2023-03-01,08:04,Medium,Rain,Dry,3,29.6899,-112.5811,8,3,2023,2023-03,Day
5044,Dallas,2022-05-19,11:14,Low,Clear,Icy,3,43.179,-116.3658,11,5,2022,2022-05,Day
5045,Jacksonville,2023-09-15,07:36,Medium,Clear,Dry,4,36.3405,-94.4095,7,9,2023,2023-09,Day
5046,Dallas,2021-01-30,12:49,Low,Fog,Icy,5,45.5266,-108.1592,12,1,2021,2021-01,Day
5047,New York,2021-05-26,22:29,Low,Clear,Dry,4,25.643,-98.0849,22,5,2021,2021-05,Night
5048,Houston,2023-12-20,09:53,Low,Rain,Icy,2,35.9434,-71.5029,9,12,2023,2023-12,Day
5049,Philadelphia,2021-08-05,22:51,Low,Clear,Dry,3,34.5169,-119.5399,22,8,2021,2021-08,Night
5050,San Diego,2021-03-30,01:25,High,Snow,Dry,1,25.0372,-86.1699,1,3,2021,2021-03,Night
5051,New York,2021-04-23,05:13,Medium,Rain,Dry,1,37.5161,-102.3478,5,4,2021,2021-04,Night
5052,San Jose,2021-01-07,14:21,High,Clear,Dry,1,27.3054,-74.2007,14,1,2021,2021-01,Day
5053,Los Angeles,2021-10-15,07:07,Low,Snow,Slippery,5,25.9623,-117.0185,7,10,2021,2021-10,Day
5054,New York,2021-03-15,07:53,High,Rain,Dry,4,38.0247,-80.9353,7,3,2021,2021-03,Day
5055,Charlotte,2021-08-18,00:24,Medium,Rain,Dry,1,25.9123,-71.0019,0,8,2021,2021-08,Night
5056,New York,2022-07-31,16:05,High,Fog,Dry,2,37.8488,-83.3284,16,7,2022,2022-07,Day
5057,Los Angeles,2023-01-14,06:24,Low,Hail,Wet,3,36.658,-101.9204,6,1,2023,2023-01,Day
5058,New York,2023-06-06,13:06,High,Clear,Icy,3,30.8233,-106.326,13,6,2023,2023-06,Day
5059,Indianapolis,2023-03-11,10:02,Medium,Cloudy,Dry,1,44.4232,-87.5045,10,3,2023,2023-03,Day
5060,Austin,2021-10-18,21:53,Medium,Clear,Wet,3,39.2068,-71.5131,21,10,2021,2021-10,Night
5061,Chicago,2021-01-05,23:10,High,Rain,Dry,2,30.6375,-102.5104,23,1,2021,2021-01,Night
5062,San Antonio,2022-04-11,06:29,Low,Clear,Slippery,2,28.5336,-113.9623,6,4,2022,2022-04,Day
5063,San Antonio,2023-04-01,06:13,Medium,Clear,Dry,5,34.5524,-99.8838,6,4,2023,2023-04,Day
5064,Columbus,2023-08-05,09:33,Low,Fog,Wet,4,45.9765,-90.0231,9,8,2023,2023-08,Day
5065,Chicago,2021-03-31,21:57,Medium,Clear,Wet,4,34.6006,-76.9179,21,3,2021,2021-03,Night
5066,New York,2023-06-14,07:24,Low,Fog,Wet,4,46.7459,-105.7819,7,6,2023,2023-06,Day
5067,New York,2021-05-24,21:40,Medium,Rain,Under Construction,3,43.9,-91.0416,21,5,2021,2021-05,Night
5068,San Diego,2022-06-11,23:20,High,Fog,Slippery,3,35.7588,-84.7177,23,6,2022,2022-06,Night
5069,Columbus,2021-08-30,09:52,Medium,Clear,Dry,4,36.5457,-91.7353,9,8,2021,2021-08,Day
5070,Houston,2021-12-24,14:54,Low,Cloudy,Icy,4,42.6527,-99.835,14,12,2021,2021-12,Day
5071,Philadelphia,2022-10-19,09:46,Low,Rain,Dry,5,42.7202,-106.9386,9,10,2022,2022-10,Day
5072,San Antonio,2023-05-28,17:21,Medium,Clear,Wet,1,28.5724,-116.7935,17,5,2023,2023-05,Day
5073,Chicago,2022-09-07,08:26,High,Hail,Dry,2,37.7449,-93.2371,8,9,2022,2022-09,Day
5074,Chicago,2022-03-17,07:15,High,Fog,Dry,4,34.5964,-79.929,7,3,2022,2022-03,Day
5075,San Antonio,2021-09-29,18:33,Medium,Clear,Dry,4,40.4294,-106.2302,18,9,2021,2021-09,Night
5076,Indianapolis,2021-11-01,17:50,High,Rain,Dry,2,30.3535,-88.9509,17,11,2021,2021-11,Day
5077,New York,2023-03-24,05:39,Low,Rain,Under Construction,1,46.0272,-76.4143,5,3,2023,2023-03,Night
5078,Dallas,2021-08-24,21:22,Medium,Rain,Icy,2,26.5901,-109.3458,21,8,2021,2021-08,Night
5079,New York,2022-07-14,07:04,Medium,Snow,Slippery,3,25.8982,-81.6593,7,7,2022,2022-07,Day
5080,Houston,2023-02-10,08:38,Medium,Clear,Slippery,5,42.3237,-82.4948,8,2,2023,2023-02,Day
5081,New York,2021-09-05,20:23,Medium,Rain,Icy,1,25.6998,-91.9311,20,9,2021,2021-09,Night
5082,New York,2022-06-27,10:00,Medium,Clear,Icy,4,32.7257,-92.5753,10,6,2022,2022-06,Day
5083,San Antonio,2021-10-27,13:26,Medium,Snow,Wet,4,44.8607,-73.4196,13,10,2021,2021-10,Day
5084,Dallas,2023-03-18,19:26,Medium,Clear,Dry,1,42.1719,-98.1427,19,3,2023,2023-03,Night
5085,Jacksonville,2022-04-14,20:32,High,Rain,Dry,1,31.1211,-71.2081,20,4,2022,2022-04,Night
5086,Chicago,2022-01-16,12:57,Medium,Clear,Dry,3,41.8023,-75.7923,12,1,2022,2022-01,Day
5087,Dallas,2022-07-31,21:32,High,Fog,Slippery,1,34.4997,-106.3759,21,7,2022,2022-07,Night
5088,San Antonio,2021-10-03,17:46,Low,Clear,Dry,5,31.5409,-97.3221,17,10,2021,2021-10,Day
5089,Chicago,2022-05-20,15:37,High,Clear,Wet,5,36.1394,-79.173,15,5,2022,2022-05,Day
5090,Houston,2022-09-18,11:38,Medium,Cloudy,Wet,2,46.2927,-107.0378,11,9,2022,2022-09,Day
5091,Dallas,2022-12-08,17:01,High,Clear,Dry,1,31.9048,-91.2393,17,12,2022,2022-12,Day
5092,Austin,2023-03-30,06:48,Medium,Rain,Icy,3,29.8011,-83.5767,6,3,2023,2023-03,Day
5093,Dallas,2021-03-06,18:28,Medium,Clear,Dry,4,38.6748,-77.8215,18,3,2021,2021-03,Night
5094,Austin,2022-03-17,08:21,High,Fog,Dry,2,40.0501,-83.6119,8,3,2022,2022-03,Day
5095,San Diego,2022-02-05,16:55,High,Clear,Wet,4,44.3814,-96.6506,16,2,2022,2022-02,Day
5096,Chicago,2022-03-23,06:52,Low,Rain,Icy,1,27.8293,-70.0097,6,3,2022,2022-03,Day
5097,New York,2021-08-28,05:22,Low,Clear,Wet,4,28.2676,-106.7128,5,8,2021,2021-08,Night
5098,Chicago,2021-12-28,07:05,Medium,Clear,Wet,5,35.9387,-98.2043,7,12,2021,2021-12,Day
5099,Columbus,2021-05-21,08:43,Low,Cloudy,Wet,5,26.928,-119.0669,8,5,2021,2021-05,Day
5100,Philadelphia,2022-12-18,19:17,Medium,Windy,Dry,2,41.5964,-96.8367,19,12,2022,2022-12,Night
5101,San Diego,2023-05-20,19:12,Low,Clear,Dry,2,25.0045,-90.8278,19,5,2023,2023-05,Night
5102,San Diego,2021-10-17,21:26,Medium,Fog,Wet,2,40.3328,-97.45,21,10,2021,2021-10,Night
5103,Houston,2022-11-08,06:14,Medium,Clear,Wet,4,44.8104,-83.0712,6,11,2022,2022-11,Day
5104,Chicago,2022-12-26,03:24,Medium,Rain,Wet,5,32.2158,-77.5263,3,12,2022,2022-12,Night
5105,Jacksonville,2023-03-22,14:36,Low,Clear,Icy,2,29.7256,-82.1755,14,3,2023,2023-03,Day
5106,San Jose,2021-06-21,06:24,Medium,Clear,Under Construction,2,33.8973,-78.1624,6,6,2021,2021-06,Day
5107,Dallas,2021-07-23,14:25,Medium,Clear,Dry,4,30.7459,-109.9934,14,7,2021,2021-07,Day
5108,Chicago,2023-01-27,18:35,Low,Rain,Dry,3,34.1765,-111.638,18,1,2023,2023-01,Night
5109,Austin,2021-05-07,19:47,Medium,Rain,Dry,3,36.7569,-86.556,19,5,2021,2021-05,Night
5110,Los Angeles,2022-07-09,10:55,Low,Rain,Icy,4,41.976,-97.6184,10,7,2022,2022-07,Day
5111,Chicago,2022-08-19,07:56,Medium,Snow,Icy,3,44.9598,-95.9258,7,8,2022,2022-08,Day
5112,San Jose,2021-07-18,12:12,High,Clear,Icy,2,41.2332,-111.7636,12,7,2021,2021-07,Day
5113,Houston,2022-11-12,13:22,Medium,Clear,Slippery,4,47.9914,-112.2844,13,11,2022,2022-11,Day
5114,Indianapolis,2022-11-21,02:46,Medium,Clear,Dry,3,25.4435,-73.3022,2,11,2022,2022-11,Night
5115,Houston,2021-10-31,12:03,Medium,Clear,Slippery,2,28.1267,-82.3113,12,10,2021,2021-10,Day
5116,New York,2022-06-06,13:55,Medium,Clear,Wet,1,40.5105,-78.4326,13,6,2022,2022-06,Day
5117,Los Angeles,2022-02-05,15:33,High,Clear,Icy,4,26.1519,-121.722,15,2,2022,2022-02,Day
5118,Los Angeles,2021-05-18,15:43,High,Rain,Dry,2,37.2167,-93.3272,15,5,2021,2021-05,Day
5119,San Diego,2022-03-18,18:37,Low,Clear,Dry,5,38.2411,-110.5399,18,3,2022,2022-03,Night
5120,Phoenix,2021-08-05,22:34,Medium,Clear,Dry,1,44.4962,-72.3349,22,8,2021,2021-08,Night
5121,Houston,2023-08-12,18:29,Low,Rain,Under Construction,4,41.3943,-86.4489,18,8,2023,2023-08,Night
5122,Houston,2022-10-17,18:08,Low,Fog,Dry,5,39.1375,-113.2611,18,10,2022,2022-10,Night
5123,Houston,2021-08-08,21:53,Medium,Fog,Dry,4,29.6211,-111.2762,21,8,2021,2021-08,Night
5124,Los Angeles,2023-08-02,20:36,Low,Clear,Under Construction,4,40.5564,-99.8102,20,8,2023,2023-08,Night
5125,Chicago,2022-01-09,19:22,Low,Rain,Wet,1,27.135,-95.0289,19,1,2022,2022-01,Night
5126,Columbus,2021-09-19,10:48,Medium,Clear,Dry,5,27.5234,-113.1856,10,9,2021,2021-09,Day
5127,Philadelphia,2021-07-15,18:16,Low,Clear,Dry,2,31.6085,-109.8178,18,7,2021,2021-07,Night
5128,Los Angeles,2022-11-15,02:12,Low,Rain,Under Construction,4,44.4478,-72.0174,2,11,2022,2022-11,Night
5129,San Diego,2023-06-23,10:19,Low,Rain,Dry,3,37.3935,-116.0252,10,6,2023,2023-06,Day
5130,San Diego,2023-09-28,08:35,Low,Clear,Dry,3,36.7324,-73.1495,8,9,2023,2023-09,Day
5131,Columbus,2023-08-23,09:02,Low,Clear,Dry,1,29.7839,-82.2643,9,8,2023,2023-08,Day
5132,Dallas,2023-02-16,11:34,Medium,Rain,Wet,4,40.8639,-110.6046,11,2,2023,2023-02,Day
5133,Phoenix,2023-10-02,19:18,Medium,Clear,Dry,3,42.1181,-88.6572,19,10,2023,2023-10,Night
5134,Columbus,2023-11-29,19:59,Medium,Clear,Icy,1,34.7505,-81.6202,19,11,2023,2023-11,Night
5135,Indianapolis,2021-10-05,16:46,Medium,Clear,Icy,3,34.7015,-113.836,16,10,2021,2021-10,Day
5136,Phoenix,2021-03-29,20:52,Low,Clear,Wet,2,47.5161,-99.0888,20,3,2021,2021-03,Night
5137,Jacksonville,2023-09-25,13:19,Low,Fog,Under Construction,5,30.7943,-91.5587,13,9,2023,2023-09,Day
5138,New York,2021-09-07,18:48,Low,Fog,Slippery,2,40.4391,-74.4414,18,9,2021,2021-09,Night
5139,Chicago,2021-03-14,16:15,Medium,Clear,Wet,1,46.1487,-96.7473,16,3,2021,2021-03,Day
5140,New York,2021-10-04,19:58,Low,Clear,Dry,3,45.7262,-85.4792,19,10,2021,2021-10,Night
5141,Charlotte,2021-07-17,19:32,Medium,Fog,Dry,5,35.7411,-93.4464,19,7,2021,2021-07,Night
5142,San Antonio,2022-09-16,11:32,Medium,Rain,Slippery,4,41.1131,-97.1913,11,9,2022,2022-09,Day
5143,New York,2021-07-22,10:38,High,Rain,Dry,1,39.888,-90.169,10,7,2021,2021-07,Day
5144,Charlotte,2023-02-09,16:58,Medium,Rain,Wet,3,27.218,-93.9767,16,2,2023,2023-02,Day
5145,Phoenix,2022-02-23,22:48,Medium,Clear,Wet,4,37.466,-87.6654,22,2,2022,2022-02,Night
5146,New York,2023-12-12,10:01,Low,Clear,Icy,1,39.754,-70.206,10,12,2023,2023-12,Day
5147,New York,2022-10-11,21:16,Low,Clear,Wet,4,33.6001,-117.0502,21,10,2022,2022-10,Night
5148,Jacksonville,2022-04-02,08:11,Low,Clear,Dry,2,41.3759,-89.217,8,4,2022,2022-04,Day
5149,Indianapolis,2023-05-06,20:04,Medium,Fog,Slippery,5,28.7855,-84.638,20,5,2023,2023-05,Night
5150,Chicago,2023-09-06,04:49,Medium,Clear,Dry,1,28.3,-82.9454,4,9,2023,2023-09,Night
5151,Los Angeles,2023-07-08,12:24,High,Cloudy,Dry,3,39.5135,-100.9906,12,7,2023,2023-07,Day
5152,Los Angeles,2021-05-20,23:46,High,Clear,Dry,5,39.4194,-86.4343,23,5,2021,2021-05,Night
5153,San Diego,2022-09-15,15:53,High,Fog,Dry,1,29.0998,-70.7914,15,9,2022,2022-09,Day
5154,Chicago,2021-04-14,02:49,High,Clear,Under Construction,1,44.9559,-107.4573,2,4,2021,2021-04,Night
5155,Dallas,2023-07-13,02:25,Low,Clear,Dry,2,30.0078,-111.363,2,7,2023,2023-07,Night
5156,Columbus,2021-11-02,10:18,Medium,Snow,Wet,4,45.0358,-101.5365,10,11,2021,2021-11,Day
5157,Columbus,2021-06-03,18:50,Medium,Cloudy,Icy,3,41.7343,-71.9854,18,6,2021,2021-06,Night
5158,New York,2021-12-30,06:52,Low,Cloudy,Wet,2,26.8609,-104.2861,6,12,2021,2021-12,Day
5159,Chicago,2021-06-27,21:49,Low,Cloudy,Wet,4,30.4267,-110.3046,21,6,2021,2021-06,Night
5160,Jacksonville,2022-07-15,17:42,High,Rain,Icy,5,45.7077,-85.647,17,7,2022,2022-07,Day
5161,Houston,2022-10-16,06:25,Medium,Clear,Dry,4,32.2775,-86.1138,6,10,2022,2022-10,Day
5162,Los Angeles,2023-06-07,18:27,Medium,Snow,Dry,3,41.0148,-98.6751,18,6,2023,2023-06,Night
5163,New York,2021-07-17,17:29,Low,Rain,Under Construction,5,43.1178,-96.382,17,7,2021,2021-07,Day
5164,San Jose,2023-09-07,00:55,Medium,Clear,Dry,4,38.2807,-99.9575,0,9,2023,2023-09,Night
5165,Chicago,2021-11-26,18:19,Medium,Windy,Dry,2,25.0018,-71.5936,18,11,2021,2021-11,Night
5166,Phoenix,2022-03-26,16:31,Medium,Clear,Icy,3,34.7436,-72.5235,16,3,2022,2022-03,Day
5167,San Diego,2022-09-22,18:05,High,Clear,Wet,3,38.8242,-95.4175,18,9,2022,2022-09,Night
5168,Dallas,2022-07-11,16:12,Low,Fog,Dry,4,37.7169,-73.5631,16,7,2022,2022-07,Day
5169,Dallas,2023-10-24,13:41,Medium,Clear,Under Construction,4,37.2198,-81.1212,13,10,2023,2023-10,Day
5170,Dallas,2022-08-11,11:45,Low,Clear,Dry,2,30.9952,-72.4275,11,8,2022,2022-08,Day
5171,Phoenix,2022-08-13,08:58,Low,Clear,Dry,4,33.5248,-108.5484,8,8,2022,2022-08,Day
5172,Chicago,2021-10-10,07:25,Low,Fog,Wet,1,38.1559,-78.4084,7,10,2021,2021-10,Day
5173,San Diego,2022-10-08,11:47,Medium,Clear,Icy,2,40.1684,-99.9547,11,10,2022,2022-10,Day
5174,Los Angeles,2021-12-30,07:42,Medium,Clear,Under Construction,2,43.5257,-71.7273,7,12,2021,2021-12,Day
5175,New York,2021-05-02,13:04,Low,Clear,Icy,5,40.5705,-99.7141,13,5,2021,2021-05,Day
5176,San Antonio,2021-08-20,16:41,Medium,Snow,Wet,5,30.6261,-76.5846,16,8,2021,2021-08,Day
5177,San Jose,2022-04-04,18:39,Low,Clear,Dry,4,43.8355,-93.1964,18,4,2022,2022-04,Night
5178,Houston,2022-03-07,15:50,Medium,Rain,Dry,1,47.0706,-111.0595,15,3,2022,2022-03,Day
5179,Charlotte,2023-06-08,22:06,Low,Clear,Dry,3,25.8543,-79.97,22,6,2023,2023-06,Night
5180,Los Angeles,2022-04-28,13:31,Medium,Clear,Wet,5,25.5765,-73.0163,13,4,2022,2022-04,Day
5181,Houston,2022-06-08,21:38,Medium,Cloudy,Slippery,2,38.6679,-78.4384,21,6,2022,2022-06,Night
5182,Houston,2022-12-20,05:25,High,Clear,Wet,4,29.2573,-117.4148,5,12,2022,2022-12,Night
5183,Houston,2021-04-26,13:28,High,Snow,Wet,4,47.122,-87.1242,13,4,2021,2021-04,Day
5184,New York,2022-04-14,17:30,High,Windy,Dry,5,35.0705,-74.8163,17,4,2022,2022-04,Day
5185,Columbus,2023-10-24,22:36,Low,Clear,Dry,4,31.4545,-87.2311,22,10,2023,2023-10,Night
5186,Chicago,2021-11-20,22:08,Low,Clear,Dry,5,40.9372,-96.0989,22,11,2021,2021-11,Night
5187,Philadelphia,2023-03-09,11:33,Medium,Clear,Wet,4,42.3487,-117.7848,11,3,2023,2023-03,Day
5188,Houston,2021-10-17,15:01,High,Hail,Dry,4,34.268,-111.3975,15,10,2021,2021-10,Day
5189,Austin,2022-12-15,13:09,Medium,Rain,Dry,4,28.217,-73.7051,13,12,2022,2022-12,Day
5190,San Diego,2022-09-05,19:32,Medium,Rain,Slippery,1,25.6214,-89.6604,19,9,2022,2022-09,Night
5191,Dallas,2023-11-13,12:57,Medium,Clear,Wet,3,39.8321,-76.4219,12,11,2023,2023-11,Day
5192,Chicago,2022-10-04,17:59,High,Rain,Dry,4,42.1957,-104.0735,17,10,2022,2022-10,Day
5193,Jacksonville,2023-09-26,11:14,High,Clear,Under Construction,3,39.2283,-101.6289,11,9,2023,2023-09,Day
5194,Charlotte,2021-05-06,13:46,Medium,Clear,Dry,2,28.2519,-99.6774,13,5,2021,2021-05,Day
5195,San Jose,2023-02-15,18:05,Low,Clear,Slippery,1,28.3985,-121.4224,18,2,2023,2023-02,Night
5196,New York,2023-08-01,18:47,High,Snow,Icy,5,35.8185,-75.5715,18,8,2023,2023-08,Night
5197,Jacksonville,2023-06-14,17:15,Medium,Cloudy,Dry,3,30.5274,-93.1874,17,6,2023,2023-06,Day
5198,Phoenix,2021-01-21,06:27,High,Clear,Under Construction,1,36.4531,-76.6376,6,1,2021,2021-01,Day
5199,Jacksonville,2021-04-22,02:39,High,Rain,Under Construction,3,37.1841,-73.7787,2,4,2021,2021-04,Night
5200,San Diego,2022-03-25,20:57,High,Snow,Dry,3,46.7087,-104.3866,20,3,2022,2022-03,Night
5201,Chicago,2022-03-11,07:06,High,Windy,Dry,1,29.3593,-80.3118,7,3,2022,2022-03,Day
5202,Houston,2023-02-05,17:58,Medium,Clear,Slippery,2,37.6875,-105.5248,17,2,2023,2023-02,Day
5203,Phoenix,2022-11-01,16:02,Low,Rain,Icy,5,33.4947,-118.6114,16,11,2022,2022-11,Day
5204,Houston,2023-06-03,19:13,Low,Fog,Icy,5,44.5867,-106.854,19,6,2023,2023-06,Night
5205,Houston,2023-10-27,17:04,Low,Clear,Dry,5,30.2716,-94.4209,17,10,2023,2023-10,Day
5206,Philadelphia,2021-05-22,09:08,High,Snow,Wet,5,45.4423,-101.3808,9,5,2021,2021-05,Day
5207,New York,2023-11-01,15:15,Medium,Rain,Dry,2,26.7185,-103.323,15,11,2023,2023-11,Day
5208,Philadelphia,2022-10-19,12:03,Low,Clear,Dry,4,26.2276,-85.5119,12,10,2022,2022-10,Day
5209,Philadelphia,2022-12-26,18:33,Low,Rain,Wet,5,47.3853,-107.8383,18,12,2022,2022-12,Night
5210,Philadelphia,2021-02-01,16:15,High,Clear,Under Construction,4,26.5958,-81.92,16,2,2021,2021-02,Day
5211,Dallas,2023-10-21,17:03,Low,Rain,Dry,4,25.8495,-101.2462,17,10,2023,2023-10,Day
5212,San Jose,2021-11-10,08:54,Medium,Snow,Dry,1,38.4415,-70.0379,8,11,2021,2021-11,Day
5213,New York,2022-07-12,16:55,Low,Clear,Icy,2,46.0904,-119.263,16,7,2022,2022-07,Day
5214,Chicago,2023-03-20,16:55,High,Snow,Icy,1,47.6438,-89.8861,16,3,2023,2023-03,Day
5215,Chicago,2023-11-14,20:41,Medium,Clear,Wet,5,29.8935,-80.1698,20,11,2023,2023-11,Night
5216,San Antonio,2022-05-25,15:59,Medium,Clear,Dry,5,44.3966,-119.8333,15,5,2022,2022-05,Day
5217,New York,2022-01-26,10:09,Medium,Fog,Wet,4,43.5846,-121.0495,10,1,2022,2022-01,Day
5218,Houston,2021-09-13,02:29,Medium,Rain,Slippery,3,29.3077,-86.87,2,9,2021,2021-09,Night
5219,New York,2022-04-12,07:06,Medium,Clear,Dry,4,42.524,-115.0498,7,4,2022,2022-04,Day
5220,Charlotte,2023-09-21,13:40,Low,Clear,Slippery,2,25.171,-74.8754,13,9,2023,2023-09,Day
5221,Chicago,2022-05-14,06:16,Low,Rain,Slippery,1,29.7676,-101.9344,6,5,2022,2022-05,Day
5222,Phoenix,2022-02-06,18:11,Low,Clear,Dry,3,34.2785,-75.2582,18,2,2022,2022-02,Night
5223,New York,2023-03-16,12:34,Medium,Clear,Wet,1,26.1413,-103.264,12,3,2023,2023-03,Day
5224,San Jose,2022-12-18,21:44,Medium,Clear,Icy,1,45.9959,-77.6315,21,12,2022,2022-12,Night
5225,Indianapolis,2022-07-07,08:34,Medium,Hail,Dry,1,37.8758,-119.4352,8,7,2022,2022-07,Day
5226,Dallas,2023-09-12,13:58,Low,Cloudy,Slippery,3,45.238,-71.0467,13,9,2023,2023-09,Day
5227,Jacksonville,2021-08-23,11:48,High,Snow,Under Construction,3,34.8368,-117.1818,11,8,2021,2021-08,Day
5228,New York,2022-11-30,09:29,Low,Snow,Slippery,4,44.3985,-74.6436,9,11,2022,2022-11,Day
5229,Chicago,2023-03-12,12:35,High,Clear,Dry,4,30.0561,-73.5796,12,3,2023,2023-03,Day
5230,San Antonio,2023-10-14,12:23,High,Rain,Dry,2,31.3372,-74.0168,12,10,2023,2023-10,Day
5231,Philadelphia,2021-09-29,08:51,High,Clear,Dry,3,36.7386,-105.8943,8,9,2021,2021-09,Day
5232,New York,2021-08-09,14:25,Low,Clear,Wet,4,30.0122,-104.5721,14,8,2021,2021-08,Day
5233,Los Angeles,2021-05-03,17:48,Low,Clear,Wet,1,40.5838,-111.7573,17,5,2021,2021-05,Day
5234,Charlotte,2023-06-02,06:06,High,Clear,Wet,4,29.3162,-106.0507,6,6,2023,2023-06,Day
5235,Los Angeles,2022-01-28,12:47,Medium,Cloudy,Wet,4,42.5641,-118.0406,12,1,2022,2022-01,Day
5236,Los Angeles,2023-04-15,15:56,Medium,Clear,Slippery,3,40.2151,-115.7538,15,4,2023,2023-04,Day
5237,Phoenix,2022-10-06,17:43,Low,Clear,Dry,1,44.9009,-111.8441,17,10,2022,2022-10,Day
5238,Houston,2023-09-04,07:40,Medium,Clear,Dry,4,38.5647,-79.8794,7,9,2023,2023-09,Day
5239,Columbus,2021-04-24,12:32,Medium,Clear,Dry,1,36.6389,-90.9393,12,4,2021,2021-04,Day
5240,San Antonio,2022-06-18,11:04,High,Clear,Dry,2,36.8191,-99.5365,11,6,2022,2022-06,Day
5241,New York,2022-09-30,15:00,Medium,Fog,Wet,1,45.4873,-88.1956,15,9,2022,2022-09,Day
5242,New York,2023-02-19,09:58,Low,Clear,Dry,3,44.3924,-120.9563,9,2,2023,2023-02,Day
5243,Los Angeles,2023-01-07,12:06,High,Clear,Wet,3,47.8558,-103.7634,12,1,2023,2023-01,Day
5244,Houston,2023-08-29,08:30,High,Clear,Wet,1,29.637,-118.2715,8,8,2023,2023-08,Day
5245,San Antonio,2023-10-04,14:00,Medium,Rain,Dry,1,40.1107,-106.4472,14,10,2023,2023-10,Day
5246,Chicago,2022-12-08,06:37,Low,Snow,Wet,3,37.241,-112.1499,6,12,2022,2022-12,Day
5247,Philadelphia,2023-09-24,20:24,High,Rain,Wet,4,41.7089,-78.065,20,9,2023,2023-09,Night
5248,Los Angeles,2023-11-26,04:16,Medium,Cloudy,Dry,5,32.1515,-114.7241,4,11,2023,2023-11,Night
5249,San Diego,2023-08-18,18:12,Low,Rain,Dry,1,43.1158,-84.3799,18,8,2023,2023-08,Night
5250,New York,2023-02-28,09:21,Low,Clear,Wet,3,33.2252,-84.3664,9,2,2023,2023-02,Day
5251,Phoenix,2021-04-08,14:53,Low,Clear,Dry,4,30.5007,-70.2763,14,4,2021,2021-04,Day
5252,San Jose,2023-07-25,07:13,Low,Clear,Slippery,1,31.0196,-111.2079,7,7,2023,2023-07,Day
5253,San Antonio,2023-03-02,20:21,Low,Clear,Dry,2,28.779,-82.6037,20,3,2023,2023-03,Night
5254,New York,2023-01-20,09:13,Medium,Fog,Slippery,5,35.7695,-112.1286,9,1,2023,2023-01,Day
5255,Los Angeles,2022-09-18,19:06,Medium,Snow,Wet,3,28.3365,-118.9197,19,9,2022,2022-09,Night
5256,New York,2023-02-17,19:45,Medium,Fog,Dry,3,45.2972,-85.5658,19,2,2023,2023-02,Night
5257,Los Angeles,2021-07-03,09:44,High,Clear,Dry,1,38.9842,-77.5597,9,7,2021,2021-07,Day
5258,Chicago,2022-02-14,12:26,Low,Rain,Icy,3,46.2568,-75.9686,12,2,2022,2022-02,Day
5259,Houston,2021-12-21,12:02,Medium,Rain,Wet,2,29.3548,-108.4929,12,12,2021,2021-12,Day
5260,Charlotte,2023-01-08,20:38,Low,Rain,Dry,5,31.9141,-76.4476,20,1,2023,2023-01,Night
5261,San Diego,2021-12-09,07:04,Low,Rain,Dry,3,39.3214,-98.1621,7,12,2021,2021-12,Day
5262,Los Angeles,2023-03-27,11:06,High,Snow,Wet,5,40.4394,-70.2475,11,3,2023,2023-03,Day
5263,Phoenix,2022-02-18,14:27,Medium,Fog,Dry,1,41.9095,-117.9296,14,2,2022,2022-02,Day
5264,Los Angeles,2021-09-19,16:15,Medium,Rain,Wet,3,43.0786,-88.6677,16,9,2021,2021-09,Day
5265,Los Angeles,2022-06-21,07:19,Medium,Snow,Dry,3,42.354,-98.3884,7,6,2022,2022-06,Day
5266,Los Angeles,2023-11-04,14:40,Medium,Rain,Dry,2,33.3264,-102.6743,14,11,2023,2023-11,Day
5267,Jacksonville,2022-08-10,08:39,High,Rain,Slippery,3,28.9762,-118.6686,8,8,2022,2022-08,Day
5268,Indianapolis,2021-05-10,13:43,Medium,Clear,Icy,4,46.9157,-84.3646,13,5,2021,2021-05,Day
5269,Phoenix,2021-11-07,22:16,High,Rain,Dry,1,25.3953,-119.5859,22,11,2021,2021-11,Night
5270,Austin,2021-06-07,03:13,Low,Cloudy,Wet,2,38.3889,-72.0188,3,6,2021,2021-06,Night
5271,Austin,2021-08-07,07:55,Medium,Clear,Dry,5,33.1671,-108.5131,7,8,2021,2021-08,Day
5272,Los Angeles,2022-06-21,22:59,High,Rain,Dry,2,27.6172,-108.2677,22,6,2022,2022-06,Night
5273,Chicago,2022-02-20,21:06,Low,Clear,Icy,4,36.2355,-77.1826,21,2,2022,2022-02,Night
5274,New York,2023-10-09,15:51,High,Clear,Dry,3,42.5158,-116.7782,15,10,2023,2023-10,Day
5275,Los Angeles,2022-01-01,12:19,High,Fog,Dry,3,33.1726,-108.0267,12,1,2022,2022-01,Day
5276,Chicago,2021-03-25,08:45,Medium,Fog,Dry,3,35.2219,-92.4862,8,3,2021,2021-03,Day
5277,Philadelphia,2022-05-22,07:45,Low,Clear,Dry,5,41.7803,-99.2739,7,5,2022,2022-05,Day
5278,Columbus,2021-11-28,16:00,High,Clear,Dry,5,30.3526,-89.6282,16,11,2021,2021-11,Day
5279,Indianapolis,2023-12-30,12:38,Medium,Clear,Dry,5,35.0424,-73.2244,12,12,2023,2023-12,Day
5280,Philadelphia,2023-03-14,15:38,Medium,Hail,Under Construction,1,45.3991,-89.3615,15,3,2023,2023-03,Day
5281,Charlotte,2022-08-18,15:52,Medium,Clear,Dry,1,38.7684,-87.5687,15,8,2022,2022-08,Day
5282,Chicago,2021-03-15,07:05,Low,Snow,Dry,4,45.8387,-75.2703,7,3,2021,2021-03,Day
5283,Los Angeles,2023-07-17,08:13,High,Clear,Wet,5,38.9043,-100.7632,8,7,2023,2023-07,Day
5284,Columbus,2023-06-09,14:51,Medium,Snow,Icy,3,29.8882,-117.3775,14,6,2023,2023-06,Day
5285,Dallas,2021-11-27,21:03,Medium,Clear,Icy,1,32.008,-89.9809,21,11,2021,2021-11,Night
5286,Charlotte,2023-08-04,08:39,Medium,Rain,Dry,2,26.798,-104.3245,8,8,2023,2023-08,Day
5287,New York,2023-06-18,13:42,Low,Clear,Wet,2,35.6018,-92.1899,13,6,2023,2023-06,Day
5288,Philadelphia,2021-03-26,15:40,Medium,Clear,Dry,4,38.9818,-70.5898,15,3,2021,2021-03,Day
5289,Columbus,2023-12-04,10:16,Low,Clear,Dry,3,28.8426,-116.7261,10,12,2023,2023-12,Day
5290,Philadelphia,2022-12-09,18:59,Low,Clear,Under Construction,1,42.4017,-75.4402,18,12,2022,2022-12,Night
5291,Los Angeles,2021-08-09,15:43,Medium,Snow,Wet,5,38.4492,-105.5178,15,8,2021,2021-08,Day
5292,New York,2022-09-11,18:18,Medium,Rain,Dry,1,41.1928,-86.926,18,9,2022,2022-09,Night
5293,Los Angeles,2023-09-09,16:45,Medium,Clear,Dry,4,30.8571,-75.7714,16,9,2023,2023-09,Day
5294,Houston,2021-12-18,19:19,Low,Clear,Dry,5,42.0154,-112.7281,19,12,2021,2021-12,Night
5295,Dallas,2022-11-29,08:59,Low,Clear,Dry,5,46.9502,-98.4154,8,11,2022,2022-11,Day
5296,Los Angeles,2022-07-21,07:43,Medium,Fog,Wet,4,37.1422,-104.4541,7,7,2022,2022-07,Day
5297,Charlotte,2022-01-16,13:52,Medium,Snow,Dry,1,37.6059,-93.4558,13,1,2022,2022-01,Day
5298,Indianapolis,2021-12-05,07:50,Low,Clear,Dry,2,42.9249,-94.0814,7,12,2021,2021-12,Day
5299,San Antonio,2023-09-27,00:00,High,Rain,Dry,4,40.5038,-103.3867,0,9,2023,2023-09,Night
5300,Chicago,2021-07-27,19:43,Low,Rain,Wet,2,27.6979,-119.1465,19,7,2021,2021-07,Night
5301,Phoenix,2022-12-19,20:15,Medium,Rain,Dry,2,35.7574,-97.1129,20,12,2022,2022-12,Night
5302,San Jose,2022-12-09,15:11,Low,Clear,Dry,1,32.4366,-109.5134,15,12,2022,2022-12,Day
5303,Jacksonville,2021-02-20,00:59,Low,Clear,Slippery,4,31.247,-82.2983,0,2,2021,2021-02,Night
5304,Los Angeles,2021-05-18,08:57,High,Clear,Wet,5,30.2165,-106.8846,8,5,2021,2021-05,Day
5305,San Diego,2022-09-09,07:26,Low,Clear,Slippery,1,38.6392,-78.6482,7,9,2022,2022-09,Day
5306,Indianapolis,2021-03-02,23:41,High,Rain,Dry,1,33.183,-102.189,23,3,2021,2021-03,Night
5307,Dallas,2022-12-03,08:52,Medium,Clear,Dry,4,45.2784,-85.296,8,12,2022,2022-12,Day
5308,Chicago,2022-11-05,06:59,Low,Rain,Wet,2,28.2017,-105.0931,6,11,2022,2022-11,Day
5309,San Diego,2022-03-20,19:32,Medium,Snow,Wet,5,38.0669,-84.9743,19,3,2022,2022-03,Night
5310,Houston,2023-04-13,11:28,Medium,Windy,Dry,2,27.7436,-90.4139,11,4,2023,2023-04,Day
5311,Chicago,2021-01-01,23:24,High,Clear,Dry,1,32.4397,-119.8727,23,1,2021,2021-01,Night
5312,Phoenix,2022-09-24,09:29,Low,Cloudy,Slippery,1,27.4622,-111.7651,9,9,2022,2022-09,Day
5313,San Diego,2023-10-16,16:12,Medium,Clear,Slippery,3,27.8835,-72.6757,16,10,2023,2023-10,Day
5314,Houston,2023-03-24,08:59,Low,Rain,Dry,1,29.3124,-76.566,8,3,2023,2023-03,Day
5315,Los Angeles,2022-06-20,17:18,Medium,Rain,Slippery,4,39.0576,-99.458,17,6,2022,2022-06,Day
5316,Jacksonville,2022-09-19,12:40,Low,Rain,Dry,2,25.1096,-81.0269,12,9,2022,2022-09,Day
5317,Phoenix,2022-04-22,08:08,Medium,Fog,Slippery,5,46.8316,-79.7873,8,4,2022,2022-04,Day
5318,Charlotte,2023-07-16,00:41,Medium,Rain,Wet,4,26.6218,-77.4503,0,7,2023,2023-07,Night
5319,Philadelphia,2022-08-03,16:54,Low,Fog,Dry,1,47.4175,-83.5711,16,8,2022,2022-08,Day
5320,Charlotte,2022-03-04,15:37,High,Clear,Dry,4,36.855,-112.4359,15,3,2022,2022-03,Day
5321,Philadelphia,2021-11-19,22:29,Medium,Clear,Icy,1,38.009,-102.2211,22,11,2021,2021-11,Night
5322,San Antonio,2021-05-24,17:23,Medium,Clear,Wet,4,37.14,-119.6094,17,5,2021,2021-05,Day
5323,New York,2023-10-31,11:56,Medium,Clear,Icy,2,31.5689,-83.0811,11,10,2023,2023-10,Day
5324,Dallas,2023-09-16,18:52,Medium,Clear,Dry,2,35.7813,-120.7251,18,9,2023,2023-09,Night
5325,Phoenix,2021-10-12,21:55,High,Clear,Wet,3,41.1513,-79.3176,21,10,2021,2021-10,Night
5326,Indianapolis,2021-10-13,16:09,Low,Clear,Dry,2,30.578,-83.7293,16,10,2021,2021-10,Day
5327,Philadelphia,2021-11-04,08:36,Medium,Clear,Wet,2,39.4089,-70.4222,8,11,2021,2021-11,Day
5328,Charlotte,2023-10-16,18:30,Low,Snow,Dry,2,35.0971,-70.4541,18,10,2023,2023-10,Night
5329,Austin,2023-03-10,23:34,Low,Clear,Wet,3,29.1939,-91.1559,23,3,2023,2023-03,Night
5330,Jacksonville,2023-02-24,19:48,Medium,Clear,Dry,3,43.3137,-102.4063,19,2,2023,2023-02,Night
5331,Columbus,2023-07-31,09:01,Low,Clear,Wet,3,40.5466,-71.3728,9,7,2023,2023-07,Day
5332,San Antonio,2022-09-04,19:39,Medium,Fog,Dry,2,44.3882,-95.2755,19,9,2022,2022-09,Night
5333,New York,2021-05-09,08:48,Low,Cloudy,Dry,1,47.9926,-75.2817,8,5,2021,2021-05,Day
5334,Dallas,2021-08-26,18:04,Medium,Rain,Dry,2,25.4863,-104.4444,18,8,2021,2021-08,Night
5335,Indianapolis,2021-01-03,23:48,Medium,Clear,Slippery,3,30.4981,-76.5872,23,1,2021,2021-01,Night
5336,San Antonio,2023-06-23,06:53,Medium,Cloudy,Under Construction,2,41.2417,-107.3896,6,6,2023,2023-06,Day
5337,Austin,2022-06-25,18:07,Medium,Rain,Wet,4,43.6049,-107.8036,18,6,2022,2022-06,Night
5338,San Jose,2021-04-30,14:33,High,Clear,Slippery,4,30.3508,-109.4926,14,4,2021,2021-04,Day
5339,Indianapolis,2021-08-01,08:00,Medium,Rain,Wet,1,25.8662,-97.2568,8,8,2021,2021-08,Day
5340,Dallas,2021-11-22,07:54,Medium,Clear,Dry,3,46.4157,-80.604,7,11,2021,2021-11,Day
5341,Austin,2022-03-07,14:05,Low,Rain,Dry,1,34.4615,-81.0566,14,3,2022,2022-03,Day
5342,Austin,2022-07-24,18:26,Low,Rain,Icy,2,40.7464,-89.7719,18,7,2022,2022-07,Night
5343,Los Angeles,2021-07-25,18:56,Medium,Clear,Dry,3,40.7583,-78.369,18,7,2021,2021-07,Night
5344,New York,2023-01-23,14:58,High,Clear,Dry,2,29.4004,-83.2317,14,1,2023,2023-01,Day
5345,San Jose,2022-05-27,20:40,High,Rain,Wet,1,27.2396,-107.9245,20,5,2022,2022-05,Night
5346,New York,2021-04-09,14:54,Low,Clear,Icy,4,36.3891,-102.1076,14,4,2021,2021-04,Day
5347,Houston,2021-04-11,07:06,Medium,Rain,Slippery,5,37.7879,-76.7173,7,4,2021,2021-04,Day
5348,Houston,2023-11-16,18:50,Low,Clear,Wet,5,30.2796,-96.0703,18,11,2023,2023-11,Night
5349,Indianapolis,2023-06-28,18:22,Low,Snow,Wet,3,35.9094,-70.4485,18,6,2023,2023-06,Night
5350,Los Angeles,2021-03-04,07:33,Low,Clear,Dry,3,44.2874,-113.0196,7,3,2021,2021-03,Day
5351,Dallas,2021-07-09,19:19,Low,Fog,Dry,5,35.6822,-89.4072,19,7,2021,2021-07,Night
5352,Philadelphia,2022-08-31,07:20,Low,Rain,Icy,1,42.4968,-73.651,7,8,2022,2022-08,Day
5353,Dallas,2023-07-14,12:46,Low,Clear,Dry,3,27.3918,-103.0704,12,7,2023,2023-07,Day
5354,Los Angeles,2021-06-27,08:02,Medium,Clear,Dry,4,25.0956,-85.4523,8,6,2021,2021-06,Day
5355,Houston,2021-08-06,12:46,Medium,Snow,Dry,5,40.5112,-114.9548,12,8,2021,2021-08,Day
5356,Phoenix,2021-03-05,21:33,Medium,Fog,Slippery,1,36.7734,-94.2032,21,3,2021,2021-03,Night
5357,San Jose,2023-03-17,16:14,Low,Clear,Dry,4,28.2702,-73.9568,16,3,2023,2023-03,Day
5358,New York,2023-10-18,18:10,Low,Rain,Slippery,4,28.5125,-85.2274,18,10,2023,2023-10,Night
5359,Indianapolis,2021-06-02,12:42,Medium,Cloudy,Under Construction,4,41.919,-113.8063,12,6,2021,2021-06,Day
5360,New York,2022-02-01,05:39,Medium,Rain,Dry,5,46.1985,-109.3752,5,2,2022,2022-02,Night
5361,Philadelphia,2023-06-16,07:44,Low,Rain,Dry,3,36.8127,-108.9901,7,6,2023,2023-06,Day
5362,Phoenix,2021-04-15,19:19,Medium,Cloudy,Wet,1,44.0201,-80.1905,19,4,2021,2021-04,Night
5363,Chicago,2023-05-04,10:22,High,Clear,Wet,3,34.086,-100.1812,10,5,2023,2023-05,Day
5364,Austin,2021-07-14,11:49,Low,Clear,Dry,1,46.5555,-121.0667,11,7,2021,2021-07,Day
5365,Dallas,2023-12-06,17:01,Medium,Fog,Dry,3,38.1026,-96.4923,17,12,2023,2023-12,Day
5366,Houston,2022-01-16,19:56,Low,Snow,Dry,4,34.6837,-103.8292,19,1,2022,2022-01,Night
5367,Austin,2022-05-02,08:55,Medium,Rain,Dry,1,44.331,-100.2749,8,5,2022,2022-05,Day
5368,San Diego,2023-10-30,12:48,Medium,Fog,Dry,1,43.8399,-111.384,12,10,2023,2023-10,Day
5369,Columbus,2021-10-25,07:38,High,Rain,Dry,1,40.8916,-121.826,7,10,2021,2021-10,Day
5370,Philadelphia,2022-05-08,08:37,High,Clear,Dry,1,26.0911,-96.5206,8,5,2022,2022-05,Day
5371,Jacksonville,2023-05-11,11:19,High,Rain,Wet,1,27.4388,-106.19,11,5,2023,2023-05,Day
5372,New York,2022-11-26,12:47,High,Rain,Dry,5,26.0682,-105.1049,12,11,2022,2022-11,Day
5373,Houston,2021-04-26,07:58,Medium,Clear,Dry,4,38.9066,-118.464,7,4,2021,2021-04,Day
5374,San Jose,2021-08-17,14:12,Medium,Clear,Icy,2,33.749,-100.7544,14,8,2021,2021-08,Day
5375,Los Angeles,2023-04-30,06:44,High,Rain,Dry,1,35.4746,-85.1129,6,4,2023,2023-04,Day
5376,Dallas,2022-10-14,08:26,Medium,Fog,Slippery,2,40.8455,-89.6153,8,10,2022,2022-10,Day
5377,Philadelphia,2023-01-03,20:45,Medium,Cloudy,Wet,1,40.4471,-108.2313,20,1,2023,2023-01,Night
5378,Los Angeles,2021-10-11,09:53,Medium,Snow,Dry,1,43.2296,-80.1588,9,10,2021,2021-10,Day
5379,New York,2023-08-26,11:21,Medium,Clear,Icy,5,26.848,-83.3744,11,8,2023,2023-08,Day
5380,Chicago,2023-12-28,17:58,Medium,Rain,Dry,1,27.3327,-75.8684,17,12,2023,2023-12,Day
5381,Phoenix,2021-08-20,21:12,Low,Cloudy,Icy,1,31.8725,-113.2515,21,8,2021,2021-08,Night
5382,San Antonio,2021-07-27,09:53,Medium,Rain,Dry,5,47.6525,-83.1484,9,7,2021,2021-07,Day
5383,New York,2021-06-03,21:19,Low,Clear,Wet,2,43.2946,-78.2844,21,6,2021,2021-06,Night
5384,Los Angeles,2022-01-14,08:42,High,Clear,Wet,5,25.2647,-106.0979,8,1,2022,2022-01,Day
5385,Phoenix,2022-08-31,10:41,High,Clear,Icy,1,47.4603,-73.0343,10,8,2022,2022-08,Day
5386,Chicago,2021-03-28,20:38,High,Clear,Dry,4,35.5914,-84.6665,20,3,2021,2021-03,Night
5387,Phoenix,2022-01-21,05:57,High,Rain,Dry,5,39.0492,-73.7629,5,1,2022,2022-01,Night
5388,Charlotte,2023-10-23,19:52,Low,Clear,Dry,1,38.724,-102.6443,19,10,2023,2023-10,Night
5389,Dallas,2021-07-09,18:13,Low,Fog,Dry,4,40.9417,-115.0843,18,7,2021,2021-07,Night
5390,San Antonio,2021-04-27,23:46,Low,Rain,Dry,5,47.4007,-104.1416,23,4,2021,2021-04,Night
5391,San Jose,2021-02-17,02:03,Low,Clear,Dry,4,40.6381,-119.8543,2,2,2021,2021-02,Night
5392,Los Angeles,2023-02-06,18:57,Low,Clear,Slippery,2,25.5001,-116.0921,18,2,2023,2023-02,Night
5393,Austin,2022-10-16,14:11,Medium,Rain,Dry,2,35.5681,-115.8885,14,10,2022,2022-10,Day
5394,Houston,2022-04-10,17:45,Medium,Hail,Wet,2,25.1106,-78.6608,17,4,2022,2022-04,Day
5395,Phoenix,2021-11-09,20:17,Medium,Snow,Dry,4,45.4969,-96.9554,20,11,2021,2021-11,Night
5396,San Antonio,2023-01-19,12:30,Low,Clear,Slippery,3,29.7036,-112.3157,12,1,2023,2023-01,Day
5397,Phoenix,2021-08-28,22:18,Low,Rain,Wet,5,47.3686,-84.1356,22,8,2021,2021-08,Night
5398,Jacksonville,2023-09-24,12:30,High,Clear,Dry,3,40.5652,-99.1726,12,9,2023,2023-09,Day
5399,Chicago,2023-02-01,12:19,Medium,Rain,Dry,4,38.0599,-108.201,12,2,2023,2023-02,Day
5400,San Diego,2021-09-18,19:39,High,Clear,Dry,2,40.3416,-96.4922,19,9,2021,2021-09,Night
5401,Philadelphia,2022-03-02,11:05,Medium,Clear,Dry,1,31.296,-92.8909,11,3,2022,2022-03,Day
5402,Chicago,2023-09-07,17:28,High,Fog,Wet,1,46.9424,-70.1217,17,9,2023,2023-09,Day
5403,Houston,2022-01-31,05:34,Medium,Windy,Icy,4,36.1884,-92.4367,5,1,2022,2022-01,Night
5404,Houston,2023-05-07,22:55,Medium,Fog,Wet,4,40.3552,-81.2973,22,5,2023,2023-05,Night
5405,Dallas,2021-12-24,22:21,Low,Snow,Dry,5,47.2618,-101.0211,22,12,2021,2021-12,Night
5406,Los Angeles,2021-10-23,19:25,Medium,Clear,Wet,4,44.7238,-81.8613,19,10,2021,2021-10,Night
5407,New York,2022-12-10,08:08,High,Rain,Dry,5,27.8832,-89.9807,8,12,2022,2022-12,Day
5408,Dallas,2023-09-19,16:34,Medium,Rain,Dry,1,46.1767,-108.8198,16,9,2023,2023-09,Day
5409,San Jose,2023-04-20,19:50,Medium,Fog,Wet,5,30.4493,-100.4313,19,4,2023,2023-04,Night
5410,Austin,2021-03-17,06:57,Low,Rain,Dry,4,32.0896,-83.6258,6,3,2021,2021-03,Day
5411,Chicago,2022-06-23,23:57,Low,Rain,Wet,3,41.52,-92.8158,23,6,2022,2022-06,Night
5412,Chicago,2022-02-05,21:07,Low,Clear,Icy,2,43.3566,-97.9175,21,2,2022,2022-02,Night
5413,New York,2021-09-12,06:41,Low,Clear,Wet,5,36.9333,-120.3425,6,9,2021,2021-09,Day
5414,Chicago,2023-12-29,09:43,High,Clear,Wet,2,31.6726,-88.4499,9,12,2023,2023-12,Day
5415,Columbus,2021-11-03,15:14,Low,Clear,Wet,1,37.6453,-79.1879,15,11,2021,2021-11,Day
5416,Austin,2022-05-09,12:37,High,Rain,Dry,5,36.7982,-121.4835,12,5,2022,2022-05,Day
5417,Austin,2022-07-11,12:33,Medium,Clear,Under Construction,4,45.5287,-95.4553,12,7,2022,2022-07,Day
5418,New York,2022-11-17,12:30,Medium,Rain,Wet,3,46.0396,-101.5966,12,11,2022,2022-11,Day
5419,Philadelphia,2023-12-12,09:36,Medium,Clear,Dry,4,46.3899,-120.539,9,12,2023,2023-12,Day
5420,Indianapolis,2022-09-01,13:12,High,Clear,Icy,3,34.3261,-70.7918,13,9,2022,2022-09,Day
5421,Philadelphia,2023-10-26,20:59,Medium,Clear,Dry,3,33.9433,-72.1401,20,10,2023,2023-10,Night
5422,Phoenix,2022-05-12,06:46,Low,Clear,Slippery,5,46.7775,-98.1563,6,5,2022,2022-05,Day
5423,New York,2022-05-19,17:52,Medium,Rain,Dry,1,29.1784,-82.9015,17,5,2022,2022-05,Day
5424,San Diego,2022-11-30,17:08,Medium,Clear,Dry,3,25.7371,-106.8859,17,11,2022,2022-11,Day
5425,Chicago,2021-08-10,18:42,High,Rain,Dry,5,44.7711,-98.4948,18,8,2021,2021-08,Night
5426,New York,2023-09-03,11:39,Low,Clear,Under Construction,4,25.6114,-109.4201,11,9,2023,2023-09,Day
5427,Los Angeles,2023-08-09,14:18,Medium,Hail,Slippery,3,34.7109,-70.1799,14,8,2023,2023-08,Day
5428,Austin,2022-03-25,06:03,High,Clear,Under Construction,5,46.4289,-79.982,6,3,2022,2022-03,Day
5429,Houston,2022-06-12,09:45,High,Clear,Wet,5,32.8856,-112.9508,9,6,2022,2022-06,Day
5430,San Jose,2023-05-16,20:17,Medium,Rain,Wet,2,31.243,-117.1549,20,5,2023,2023-05,Night
5431,New York,2021-10-06,17:56,Low,Windy,Slippery,5,39.1092,-111.8366,17,10,2021,2021-10,Day
5432,Phoenix,2021-12-11,17:01,Low,Clear,Slippery,3,35.7495,-87.525,17,12,2021,2021-12,Day
5433,Phoenix,2023-07-12,21:29,Medium,Rain,Under Construction,2,44.3579,-106.3933,21,7,2023,2023-07,Night
5434,Charlotte,2022-12-05,10:52,Low,Rain,Dry,1,30.3028,-116.2709,10,12,2022,2022-12,Day
5435,Phoenix,2023-05-01,19:53,Low,Clear,Dry,4,43.4995,-105.5008,19,5,2023,2023-05,Night
5436,Charlotte,2023-05-30,20:36,High,Rain,Dry,2,41.3011,-80.0123,20,5,2023,2023-05,Night
5437,Philadelphia,2021-01-30,08:22,Low,Fog,Dry,2,40.669,-85.8571,8,1,2021,2021-01,Day
5438,Los Angeles,2023-08-28,11:53,Medium,Rain,Dry,2,27.5402,-121.6518,11,8,2023,2023-08,Day
5439,Austin,2022-04-27,15:28,High,Rain,Icy,1,36.2381,-99.3956,15,4,2022,2022-04,Day
5440,San Jose,2023-04-29,21:57,Medium,Rain,Dry,4,39.9191,-79.135,21,4,2023,2023-04,Night
5441,San Diego,2021-01-06,18:43,Medium,Clear,Wet,3,30.0745,-87.5713,18,1,2021,2021-01,Night
5442,Los Angeles,2022-05-06,11:09,Low,Clear,Dry,1,44.827,-76.1011,11,5,2022,2022-05,Day
5443,New York,2023-11-08,13:43,Low,Rain,Dry,2,47.7273,-103.3349,13,11,2023,2023-11,Day
5444,Philadelphia,2021-09-26,18:02,Low,Fog,Dry,1,37.1702,-94.5264,18,9,2021,2021-09,Night
5445,Jacksonville,2022-08-20,12:04,Low,Snow,Slippery,3,35.8138,-94.0999,12,8,2022,2022-08,Day
5446,Chicago,2022-06-24,19:52,Medium,Fog,Icy,4,29.4034,-119.713,19,6,2022,2022-06,Night
5447,Dallas,2023-03-15,12:03,Medium,Rain,Wet,4,41.4903,-81.5002,12,3,2023,2023-03,Day
5448,Los Angeles,2022-01-10,13:58,Medium,Clear,Under Construction,1,28.5358,-106.1206,13,1,2022,2022-01,Day
5449,Indianapolis,2022-11-28,01:52,Low,Fog,Icy,1,46.463,-85.8602,1,11,2022,2022-11,Night
5450,Los Angeles,2022-12-17,07:58,Low,Hail,Dry,3,42.8923,-88.9431,7,12,2022,2022-12,Day
5451,Chicago,2022-10-05,12:19,Medium,Rain,Icy,3,34.4699,-77.4403,12,10,2022,2022-10,Day
5452,Phoenix,2021-09-03,09:45,Low,Clear,Slippery,1,44.2485,-116.2935,9,9,2021,2021-09,Day
5453,Phoenix,2023-06-28,09:28,Medium,Clear,Icy,2,36.6757,-112.7288,9,6,2023,2023-06,Day
5454,Dallas,2022-01-05,07:54,Medium,Rain,Dry,4,34.8325,-81.9285,7,1,2022,2022-01,Day
5455,Columbus,2021-12-03,17:09,Low,Clear,Dry,1,32.8732,-115.8324,17,12,2021,2021-12,Day
5456,Philadelphia,2023-10-09,12:29,Medium,Snow,Dry,1,25.822,-75.8663,12,10,2023,2023-10,Day
5457,Phoenix,2021-06-26,20:07,Low,Rain,Dry,5,42.2996,-89.5962,20,6,2021,2021-06,Night
5458,San Diego,2022-02-27,22:32,Low,Clear,Dry,5,39.7694,-101.7766,22,2,2022,2022-02,Night
5459,Indianapolis,2022-04-07,06:20,Low,Clear,Wet,1,36.5776,-102.7321,6,4,2022,2022-04,Day
5460,Charlotte,2022-11-25,13:06,Low,Rain,Icy,5,28.1237,-111.9858,13,11,2022,2022-11,Day
5461,Los Angeles,2021-04-22,17:34,Low,Rain,Wet,1,27.4243,-111.7019,17,4,2021,2021-04,Day
5462,Dallas,2021-06-29,09:23,High,Clear,Dry,3,29.0702,-110.2599,9,6,2021,2021-06,Day
5463,Houston,2023-04-06,18:20,Low,Snow,Under Construction,4,30.7409,-78.2696,18,4,2023,2023-04,Night
5464,New York,2023-09-25,17:04,Low,Clear,Dry,5,36.187,-112.4402,17,9,2023,2023-09,Day
5465,Philadelphia,2022-04-23,06:02,High,Clear,Wet,4,32.2117,-77.8356,6,4,2022,2022-04,Day
5466,Chicago,2021-01-01,12:01,Medium,Rain,Dry,5,47.3017,-102.0204,12,1,2021,2021-01,Day
5467,Jacksonville,2021-07-25,06:47,Low,Rain,Slippery,1,47.7011,-105.713,6,7,2021,2021-07,Day
5468,Philadelphia,2023-06-02,10:23,Low,Rain,Dry,2,40.8946,-111.6921,10,6,2023,2023-06,Day
5469,Phoenix,2022-06-21,15:08,Medium,Windy,Dry,4,27.7618,-97.307,15,6,2022,2022-06,Day
5470,Los Angeles,2023-03-20,15:13,Low,Clear,Wet,4,46.5347,-87.2898,15,3,2023,2023-03,Day
5471,Austin,2021-12-14,07:26,Medium,Cloudy,Wet,2,32.7816,-104.1574,7,12,2021,2021-12,Day
5472,Austin,2022-05-08,05:12,Low,Clear,Wet,5,42.8732,-102.8516,5,5,2022,2022-05,Night
5473,San Antonio,2022-05-19,09:18,Medium,Snow,Wet,3,44.3847,-106.9064,9,5,2022,2022-05,Day
5474,San Antonio,2022-05-07,21:57,Medium,Clear,Wet,2,46.523,-78.0255,21,5,2022,2022-05,Night
5475,Los Angeles,2023-06-26,14:13,Medium,Snow,Wet,2,28.1668,-72.2196,14,6,2023,2023-06,Day
5476,Chicago,2021-06-11,21:05,Medium,Cloudy,Dry,1,27.7417,-110.2528,21,6,2021,2021-06,Night
5477,Phoenix,2021-03-31,07:58,Low,Clear,Dry,4,42.4077,-108.391,7,3,2021,2021-03,Day
5478,Phoenix,2023-08-29,16:04,Medium,Clear,Icy,1,42.2883,-76.4233,16,8,2023,2023-08,Day
5479,Jacksonville,2021-07-04,08:03,Medium,Clear,Dry,5,38.5417,-108.7262,8,7,2021,2021-07,Day
5480,Austin,2021-01-17,06:46,Low,Fog,Wet,2,27.5057,-87.6539,6,1,2021,2021-01,Day
5481,San Jose,2021-06-09,15:29,High,Clear,Dry,4,41.3456,-72.5702,15,6,2021,2021-06,Day
5482,Dallas,2022-10-23,11:33,Medium,Cloudy,Dry,5,45.4582,-102.5882,11,10,2022,2022-10,Day
5483,Charlotte,2022-02-06,08:25,Medium,Clear,Dry,1,46.4009,-89.2643,8,2,2022,2022-02,Day
5484,Dallas,2021-08-02,10:29,Medium,Rain,Wet,5,42.3392,-76.9832,10,8,2021,2021-08,Day
5485,Columbus,2022-04-05,08:33,High,Clear,Dry,5,35.8124,-88.9771,8,4,2022,2022-04,Day
5486,New York,2023-02-15,14:04,Medium,Rain,Wet,4,41.7821,-92.1486,14,2,2023,2023-02,Day
5487,Jacksonville,2021-11-20,18:29,Medium,Rain,Wet,4,41.0087,-102.4049,18,11,2021,2021-11,Night
5488,Chicago,2023-07-23,21:50,Medium,Clear,Icy,4,35.1733,-72.4181,21,7,2023,2023-07,Night
5489,Los Angeles,2023-08-09,13:30,Medium,Snow,Wet,1,45.7563,-105.4586,13,8,2023,2023-08,Day
5490,San Diego,2023-04-23,14:12,Low,Rain,Icy,2,38.0164,-107.4896,14,4,2023,2023-04,Day
5491,San Diego,2022-08-02,17:59,Low,Rain,Wet,3,35.3223,-98.7686,17,8,2022,2022-08,Day
5492,New York,2023-01-24,09:25,Medium,Clear,Dry,4,47.8848,-73.1796,9,1,2023,2023-01,Day
5493,New York,2021-10-05,05:13,Low,Fog,Wet,5,28.8514,-89.3122,5,10,2021,2021-10,Night
5494,Indianapolis,2023-12-12,20:10,Medium,Cloudy,Wet,3,32.6744,-82.9045,20,12,2023,2023-12,Night
5495,Los Angeles,2023-10-21,12:48,Medium,Rain,Dry,1,35.0887,-83.9402,12,10,2023,2023-10,Day
5496,San Antonio,2021-05-21,19:43,Medium,Clear,Dry,1,32.9533,-107.3341,19,5,2021,2021-05,Night
5497,Philadelphia,2022-09-20,10:05,Medium,Cloudy,Dry,5,47.3462,-107.166,10,9,2022,2022-09,Day
5498,Dallas,2023-03-25,13:07,Medium,Clear,Wet,3,44.0607,-102.3892,13,3,2023,2023-03,Day
5499,Jacksonville,2022-06-09,08:23,High,Snow,Under Construction,3,27.4005,-73.4589,8,6,2022,2022-06,Day
5500,Los Angeles,2023-03-14,22:11,Medium,Clear,Wet,4,26.3065,-75.6988,22,3,2023,2023-03,Night
5501,Chicago,2022-05-21,07:06,High,Clear,Dry,5,26.7623,-97.8152,7,5,2022,2022-05,Day
5502,San Jose,2023-08-10,06:17,Medium,Rain,Wet,1,35.9555,-117.9175,6,8,2023,2023-08,Day
5503,Charlotte,2023-11-23,20:35,High,Clear,Dry,1,47.8247,-91.7036,20,11,2023,2023-11,Night
5504,Los Angeles,2023-03-26,02:02,Low,Clear,Slippery,1,35.8947,-106.6411,2,3,2023,2023-03,Night
5505,Charlotte,2023-09-16,20:16,Low,Snow,Dry,3,32.5362,-80.0584,20,9,2023,2023-09,Night
5506,Los Angeles,2022-01-11,22:55,High,Clear,Dry,3,42.1579,-117.4695,22,1,2022,2022-01,Night
5507,Dallas,2023-04-22,12:01,Low,Clear,Dry,3,36.7063,-104.6958,12,4,2023,2023-04,Day
5508,Los Angeles,2021-04-22,13:18,Low,Cloudy,Dry,1,26.4789,-92.5338,13,4,2021,2021-04,Day
5509,Los Angeles,2023-04-27,11:25,Low,Clear,Dry,4,44.416,-89.4834,11,4,2023,2023-04,Day
5510,New York,2023-09-10,13:40,High,Clear,Dry,3,28.4432,-72.6924,13,9,2023,2023-09,Day
5511,Los Angeles,2022-07-19,15:27,Medium,Rain,Dry,3,46.0996,-92.3215,15,7,2022,2022-07,Day
5512,Dallas,2022-06-28,08:22,Low,Rain,Dry,4,46.5792,-90.8742,8,6,2022,2022-06,Day
5513,Chicago,2022-06-12,16:25,Medium,Clear,Slippery,1,26.1308,-106.4401,16,6,2022,2022-06,Day
5514,San Jose,2021-08-01,20:27,High,Fog,Under Construction,2,47.2174,-108.2054,20,8,2021,2021-08,Night
5515,San Antonio,2023-08-25,18:46,Low,Snow,Wet,3,26.1201,-90.5047,18,8,2023,2023-08,Night
5516,Philadelphia,2023-02-24,20:15,Medium,Clear,Dry,4,27.9227,-91.7083,20,2,2023,2023-02,Night
5517,Houston,2022-03-27,07:35,Medium,Fog,Dry,5,28.8831,-106.7599,7,3,2022,2022-03,Day
5518,Dallas,2021-08-10,07:49,Medium,Clear,Dry,2,45.0322,-82.576,7,8,2021,2021-08,Day
5519,Charlotte,2021-08-19,14:58,Medium,Clear,Dry,4,36.359,-117.3574,14,8,2021,2021-08,Day
5520,Dallas,2023-07-11,12:43,Medium,Rain,Icy,1,35.864,-90.1271,12,7,2023,2023-07,Day
5521,Chicago,2021-11-02,08:45,Low,Fog,Dry,1,45.8323,-109.1437,8,11,2021,2021-11,Day
5522,Philadelphia,2023-06-04,07:48,Medium,Clear,Dry,3,41.0553,-89.0486,7,6,2023,2023-06,Day
5523,Dallas,2022-07-13,18:58,Medium,Clear,Icy,4,27.0713,-78.704,18,7,2022,2022-07,Night
5524,Philadelphia,2021-12-06,14:39,Low,Rain,Dry,4,37.5902,-79.7363,14,12,2021,2021-12,Day
5525,New York,2021-07-18,12:24,Medium,Clear,Dry,3,39.8087,-85.7862,12,7,2021,2021-07,Day
5526,Indianapolis,2023-06-19,20:09,Low,Cloudy,Under Construction,3,28.6505,-99.4946,20,6,2023,2023-06,Night
5527,Dallas,2023-07-17,23:35,Low,Fog,Dry,3,27.3926,-104.1975,23,7,2023,2023-07,Night
5528,Phoenix,2021-10-07,21:49,High,Clear,Dry,1,31.3831,-97.789,21,10,2021,2021-10,Night
5529,Los Angeles,2021-07-04,12:19,Low,Clear,Dry,3,40.3578,-120.2512,12,7,2021,2021-07,Day
5530,Los Angeles,2022-10-21,07:22,Medium,Rain,Dry,3,40.2434,-82.7508,7,10,2022,2022-10,Day
5531,Philadelphia,2022-07-23,18:07,Medium,Clear,Dry,5,39.9981,-90.609,18,7,2022,2022-07,Night
5532,Los Angeles,2023-09-16,10:51,Low,Rain,Dry,3,40.3825,-120.5654,10,9,2023,2023-09,Day
5533,Austin,2023-05-27,12:22,Low,Fog,Slippery,2,25.6044,-111.8502,12,5,2023,2023-05,Day
5534,Los Angeles,2023-07-08,12:07,High,Rain,Dry,3,36.9139,-91.6078,12,7,2023,2023-07,Day
5535,Los Angeles,2021-09-22,12:22,Medium,Fog,Under Construction,2,25.1335,-82.9232,12,9,2021,2021-09,Day
5536,Indianapolis,2021-10-01,18:55,High,Rain,Dry,4,39.7515,-77.6079,18,10,2021,2021-10,Night
5537,Los Angeles,2023-10-25,14:11,Low,Snow,Dry,1,25.09,-85.4231,14,10,2023,2023-10,Day
5538,San Diego,2022-07-15,18:12,Medium,Rain,Dry,1,41.7844,-96.5254,18,7,2022,2022-07,Night
5539,New York,2021-09-25,16:37,Low,Clear,Icy,2,28.8956,-90.9204,16,9,2021,2021-09,Day
5540,Houston,2021-10-06,19:53,High,Rain,Wet,5,30.6956,-80.9811,19,10,2021,2021-10,Night
5541,Houston,2022-05-29,21:10,Low,Clear,Dry,1,37.6718,-77.5047,21,5,2022,2022-05,Night
5542,New York,2023-08-17,13:02,Medium,Rain,Dry,3,26.1321,-102.251,13,8,2023,2023-08,Day
5543,New York,2022-11-03,07:24,Medium,Windy,Icy,3,43.9023,-113.5942,7,11,2022,2022-11,Day
5544,Charlotte,2021-04-13,14:07,Low,Clear,Wet,5,34.5829,-102.0742,14,4,2021,2021-04,Day
5545,San Antonio,2021-04-04,01:36,Medium,Hail,Dry,3,46.1215,-116.6544,1,4,2021,2021-04,Night
5546,Columbus,2023-06-25,06:37,Low,Clear,Slippery,4,30.7064,-115.4567,6,6,2023,2023-06,Day
5547,San Diego,2022-12-06,16:51,Low,Clear,Dry,5,34.7997,-107.4772,16,12,2022,2022-12,Day
5548,Dallas,2022-02-22,09:14,High,Cloudy,Wet,5,46.1852,-99.8278,9,2,2022,2022-02,Day
5549,Indianapolis,2023-10-02,05:19,High,Snow,Icy,5,40.8674,-75.3387,5,10,2023,2023-10,Night
5550,San Jose,2022-10-26,19:05,Low,Rain,Wet,1,26.0227,-70.786,19,10,2022,2022-10,Night
5551,Dallas,2021-06-20,18:45,Low,Clear,Dry,2,45.7629,-89.5483,18,6,2021,2021-06,Night
5552,Los Angeles,2021-08-23,16:30,Low,Hail,Icy,1,33.5756,-94.2798,16,8,2021,2021-08,Day
5553,Charlotte,2023-06-08,12:52,High,Rain,Wet,5,35.7244,-102.4801,12,6,2023,2023-06,Day
5554,Jacksonville,2021-05-12,11:09,High,Clear,Slippery,5,42.4765,-89.7251,11,5,2021,2021-05,Day
5555,Dallas,2022-11-24,16:38,Low,Clear,Wet,3,40.4425,-104.5383,16,11,2022,2022-11,Day
5556,San Diego,2023-09-02,08:25,Medium,Rain,Dry,1,30.0141,-98.5713,8,9,2023,2023-09,Day
5557,Dallas,2022-06-25,02:48,Medium,Rain,Dry,1,43.9929,-121.7504,2,6,2022,2022-06,Night
5558,Los Angeles,2023-04-20,09:10,High,Clear,Dry,3,47.2025,-92.435,9,4,2023,2023-04,Day
5559,San Antonio,2022-10-06,06:32,Medium,Clear,Wet,5,40.0403,-104.8224,6,10,2022,2022-10,Day
5560,San Antonio,2022-10-30,05:28,Low,Snow,Dry,5,45.7689,-119.8783,5,10,2022,2022-10,Night
5561,Dallas,2022-03-14,09:38,Medium,Rain,Dry,3,39.1914,-119.4308,9,3,2022,2022-03,Day
5562,New York,2021-04-06,16:04,Low,Rain,Dry,5,27.1479,-94.1393,16,4,2021,2021-04,Day
5563,Los Angeles,2022-03-19,08:57,Low,Rain,Icy,4,43.3823,-107.0207,8,3,2022,2022-03,Day
5564,Chicago,2022-05-02,18:28,Low,Snow,Wet,4,31.3961,-95.1736,18,5,2022,2022-05,Night
5565,New York,2021-05-04,11:07,Low,Rain,Dry,1,43.5036,-70.3749,11,5,2021,2021-05,Day
5566,Philadelphia,2021-11-29,19:01,Low,Fog,Dry,3,33.1389,-103.4167,19,11,2021,2021-11,Night
5567,New York,2023-12-28,08:12,Low,Snow,Dry,3,30.89,-92.6356,8,12,2023,2023-12,Day
5568,Indianapolis,2022-05-19,09:29,Low,Clear,Under Construction,5,37.611,-83.9318,9,5,2022,2022-05,Day
5569,Austin,2021-01-15,13:59,Medium,Snow,Under Construction,2,29.0442,-117.7919,13,1,2021,2021-01,Day
5570,Los Angeles,2023-08-09,03:52,Medium,Fog,Dry,4,27.9573,-71.8294,3,8,2023,2023-08,Night
5571,Philadelphia,2021-12-20,11:58,Low,Rain,Wet,5,39.9564,-113.3984,11,12,2021,2021-12,Day
5572,Columbus,2023-06-20,13:06,High,Rain,Dry,5,44.7722,-105.825,13,6,2023,2023-06,Day
5573,San Jose,2022-06-24,12:27,Medium,Clear,Dry,2,43.5029,-104.049,12,6,2022,2022-06,Day
5574,Phoenix,2023-06-28,20:20,Low,Clear,Slippery,5,31.9306,-70.7945,20,6,2023,2023-06,Night
5575,New York,2022-12-24,06:25,Medium,Cloudy,Dry,1,47.6863,-87.7188,6,12,2022,2022-12,Day
5576,San Antonio,2022-06-26,02:56,Low,Clear,Wet,3,44.6882,-100.0155,2,6,2022,2022-06,Night
5577,Houston,2023-02-06,07:07,Low,Cloudy,Wet,2,43.2656,-71.2399,7,2,2023,2023-02,Day
5578,Houston,2021-04-09,13:25,Medium,Clear,Dry,3,39.8181,-112.5497,13,4,2021,2021-04,Day
5579,Chicago,2022-05-08,06:49,Medium,Rain,Dry,3,43.0227,-118.5836,6,5,2022,2022-05,Day
5580,New York,2021-09-26,09:48,Medium,Rain,Dry,3,25.9803,-80.5336,9,9,2021,2021-09,Day
5581,Columbus,2023-05-14,18:03,Medium,Windy,Dry,4,34.5479,-111.2715,18,5,2023,2023-05,Night
5582,Houston,2022-04-14,11:57,Low,Windy,Under Construction,2,44.7607,-104.1478,11,4,2022,2022-04,Day
5583,Los Angeles,2023-11-01,05:57,Medium,Clear,Dry,3,46.5684,-79.0961,5,11,2023,2023-11,Night
5584,Philadelphia,2021-01-12,06:53,Low,Rain,Icy,1,26.1852,-105.1366,6,1,2021,2021-01,Day
5585,Indianapolis,2022-04-02,03:53,Medium,Rain,Dry,4,27.1595,-73.9471,3,4,2022,2022-04,Night
5586,San Jose,2023-02-02,08:07,Low,Clear,Wet,3,44.5531,-112.7593,8,2,2023,2023-02,Day
5587,New York,2023-08-02,11:43,Medium,Rain,Slippery,2,30.4683,-107.0402,11,8,2023,2023-08,Day
5588,Austin,2021-11-05,06:09,High,Rain,Dry,5,35.7368,-118.7172,6,11,2021,2021-11,Day
5589,Los Angeles,2023-02-26,08:39,Low,Windy,Dry,4,42.4376,-93.2918,8,2,2023,2023-02,Day
5590,New York,2023-11-18,04:00,Low,Windy,Icy,3,32.733,-108.3314,4,11,2023,2023-11,Night
5591,San Jose,2021-06-29,20:51,Low,Clear,Wet,2,31.6784,-77.5463,20,6,2021,2021-06,Night
5592,New York,2021-06-09,13:45,High,Clear,Wet,3,39.4785,-76.0955,13,6,2021,2021-06,Day
5593,San Antonio,2023-06-14,18:59,Medium,Clear,Dry,4,44.1656,-116.6743,18,6,2023,2023-06,Night
5594,Los Angeles,2021-09-09,18:02,High,Rain,Dry,3,27.8092,-71.0654,18,9,2021,2021-09,Night
5595,Indianapolis,2023-06-30,11:22,High,Fog,Dry,1,26.0881,-115.2157,11,6,2023,2023-06,Day
5596,Los Angeles,2022-08-23,22:08,High,Clear,Under Construction,3,30.2438,-110.7053,22,8,2022,2022-08,Night
5597,Indianapolis,2022-01-30,18:54,Low,Clear,Wet,5,35.3882,-83.3276,18,1,2022,2022-01,Night
5598,New York,2021-05-15,05:20,High,Clear,Icy,1,44.284,-71.3875,5,5,2021,2021-05,Night
5599,Austin,2022-03-11,18:26,Medium,Clear,Dry,1,41.737,-117.1415,18,3,2022,2022-03,Night
5600,New York,2022-05-18,05:04,High,Clear,Wet,3,34.0243,-119.5014,5,5,2022,2022-05,Night
5601,New York,2022-11-11,08:59,Medium,Snow,Slippery,5,43.6476,-85.0765,8,11,2022,2022-11,Day
5602,Jacksonville,2021-07-02,01:35,Low,Rain,Wet,2,35.5656,-85.2869,1,7,2021,2021-07,Night
5603,Columbus,2023-12-21,08:36,Medium,Clear,Dry,2,29.1718,-108.0714,8,12,2023,2023-12,Day
5604,San Antonio,2021-02-15,13:26,Medium,Clear,Dry,4,32.2325,-110.9064,13,2,2021,2021-02,Day
5605,Philadelphia,2022-12-23,22:10,Low,Clear,Icy,2,45.0915,-81.8973,22,12,2022,2022-12,Night
5606,Houston,2022-12-03,17:16,Medium,Rain,Slippery,1,46.8301,-100.8771,17,12,2022,2022-12,Day
5607,Houston,2023-11-10,09:51,Medium,Clear,Dry,2,29.9101,-84.8892,9,11,2023,2023-11,Day
5608,Los Angeles,2022-07-10,16:51,Medium,Snow,Icy,5,31.9866,-103.5347,16,7,2022,2022-07,Day
5609,Columbus,2023-03-21,18:50,Low,Hail,Dry,3,29.0738,-89.2753,18,3,2023,2023-03,Night
5610,San Antonio,2023-08-08,07:47,Low,Clear,Dry,1,30.0466,-80.9564,7,8,2023,2023-08,Day
5611,Philadelphia,2021-06-24,09:57,Medium,Fog,Wet,1,46.662,-115.1201,9,6,2021,2021-06,Day
5612,Dallas,2022-12-22,10:23,High,Cloudy,Slippery,5,42.9004,-78.5298,10,12,2022,2022-12,Day
5613,Austin,2023-06-24,07:00,Medium,Clear,Slippery,2,26.3863,-89.7492,7,6,2023,2023-06,Day
5614,Jacksonville,2023-08-02,15:15,Medium,Clear,Dry,4,28.7007,-84.8501,15,8,2023,2023-08,Day
5615,Philadelphia,2022-12-05,22:13,High,Clear,Wet,5,46.8926,-93.4517,22,12,2022,2022-12,Night
5616,Philadelphia,2021-11-20,14:43,Low,Snow,Dry,3,25.3026,-109.716,14,11,2021,2021-11,Day
5617,Charlotte,2023-10-22,10:40,Low,Clear,Dry,1,32.9515,-86.3963,10,10,2023,2023-10,Day
5618,Indianapolis,2022-06-27,12:29,Low,Fog,Wet,2,26.6422,-73.3933,12,6,2022,2022-06,Day
5619,Houston,2023-03-16,21:43,Medium,Clear,Icy,1,47.0427,-106.1389,21,3,2023,2023-03,Night
5620,Indianapolis,2023-01-13,12:52,Low,Snow,Dry,5,35.405,-111.4127,12,1,2023,2023-01,Day
5621,Chicago,2021-03-13,05:16,Low,Rain,Dry,3,32.6738,-121.8282,5,3,2021,2021-03,Night
5622,New York,2021-09-14,17:08,Medium,Rain,Wet,5,31.8292,-116.7931,17,9,2021,2021-09,Day
5623,Indianapolis,2021-06-11,07:03,High,Clear,Wet,5,39.2056,-109.8214,7,6,2021,2021-06,Day
5624,Los Angeles,2021-11-08,17:11,Low,Fog,Slippery,1,43.6165,-99.8104,17,11,2021,2021-11,Day
5625,Charlotte,2023-06-18,04:51,Medium,Snow,Dry,5,28.6548,-113.439,4,6,2023,2023-06,Night
5626,Dallas,2023-04-18,13:03,Low,Clear,Slippery,4,36.218,-104.9574,13,4,2023,2023-04,Day
5627,Los Angeles,2022-08-25,15:26,Medium,Rain,Wet,1,28.2458,-110.6959,15,8,2022,2022-08,Day
5628,New York,2022-11-12,21:03,Low,Clear,Under Construction,4,41.7638,-101.7804,21,11,2022,2022-11,Night
5629,Phoenix,2022-04-01,13:27,Low,Clear,Dry,2,39.4862,-108.0705,13,4,2022,2022-04,Day
5630,San Antonio,2021-12-26,07:04,Low,Snow,Under Construction,4,29.1525,-75.7336,7,12,2021,2021-12,Day
5631,Los Angeles,2022-12-12,11:14,Low,Hail,Wet,5,44.3159,-76.2802,11,12,2022,2022-12,Day
5632,Chicago,2022-12-22,10:09,High,Clear,Dry,3,47.241,-79.5474,10,12,2022,2022-12,Day
5633,New York,2023-03-14,04:10,Medium,Clear,Wet,2,47.0996,-91.8416,4,3,2023,2023-03,Night
5634,Dallas,2023-12-26,16:35,Medium,Snow,Wet,5,25.3344,-120.3806,16,12,2023,2023-12,Day
5635,Columbus,2022-11-29,21:56,Low,Clear,Under Construction,2,25.7357,-112.9166,21,11,2022,2022-11,Night
5636,New York,2022-03-09,18:27,Low,Cloudy,Dry,2,40.01,-121.0712,18,3,2022,2022-03,Night
5637,Dallas,2021-11-28,13:16,High,Clear,Under Construction,3,26.2177,-88.2087,13,11,2021,2021-11,Day
5638,Columbus,2022-08-25,19:00,Medium,Rain,Dry,4,35.8948,-92.8307,19,8,2022,2022-08,Night
5639,Phoenix,2021-06-20,04:16,Medium,Cloudy,Icy,1,42.0467,-77.0574,4,6,2021,2021-06,Night
5640,Philadelphia,2021-12-16,20:18,Medium,Clear,Dry,1,42.6574,-96.0294,20,12,2021,2021-12,Night
5641,Phoenix,2021-08-02,09:43,Medium,Fog,Dry,5,42.4662,-77.9507,9,8,2021,2021-08,Day
5642,San Antonio,2021-06-08,10:25,High,Clear,Dry,2,35.4904,-82.0691,10,6,2021,2021-06,Day
5643,Philadelphia,2021-03-11,16:25,Low,Clear,Wet,4,40.8613,-110.0526,16,3,2021,2021-03,Day
5644,San Antonio,2022-09-27,13:41,Low,Cloudy,Wet,5,29.2774,-72.3636,13,9,2022,2022-09,Day
5645,Columbus,2023-10-24,10:29,High,Rain,Icy,3,27.3567,-104.5214,10,10,2023,2023-10,Day
5646,Dallas,2023-06-30,09:26,Medium,Clear,Dry,4,29.7374,-98.9496,9,6,2023,2023-06,Day
5647,New York,2023-02-13,10:25,High,Clear,Under Construction,5,33.4882,-79.8351,10,2,2023,2023-02,Day
5648,Phoenix,2021-10-11,10:57,Medium,Rain,Dry,2,32.2337,-88.8188,10,10,2021,2021-10,Day
5649,Los Angeles,2022-07-13,18:13,Low,Clear,Dry,2,40.1346,-80.1986,18,7,2022,2022-07,Night
5650,San Jose,2023-12-08,08:07,Medium,Fog,Dry,1,26.9513,-83.4406,8,12,2023,2023-12,Day
5651,Houston,2021-04-04,19:41,Low,Clear,Wet,3,40.7905,-92.4295,19,4,2021,2021-04,Night
5652,Austin,2021-07-17,23:55,High,Clear,Wet,2,41.9953,-113.0137,23,7,2021,2021-07,Night
5653,Los Angeles,2022-10-22,19:34,High,Rain,Dry,1,42.2368,-119.7536,19,10,2022,2022-10,Night
5654,San Jose,2022-01-05,13:41,Medium,Fog,Dry,3,28.7624,-107.7254,13,1,2022,2022-01,Day
5655,Charlotte,2022-09-27,17:03,Low,Snow,Wet,3,34.1651,-99.3086,17,9,2022,2022-09,Day
5656,Phoenix,2021-09-27,21:00,Medium,Rain,Dry,2,41.1182,-84.5512,21,9,2021,2021-09,Night
5657,Phoenix,2023-12-08,17:01,Medium,Rain,Dry,3,42.3628,-107.6146,17,12,2023,2023-12,Day
5658,Columbus,2022-04-18,15:23,Low,Clear,Slippery,1,40.8287,-72.3707,15,4,2022,2022-04,Day
5659,San Antonio,2022-10-22,12:54,Low,Clear,Dry,1,46.4674,-114.011,12,10,2022,2022-10,Day
5660,New York,2023-11-26,08:44,Low,Hail,Wet,3,39.2128,-106.6039,8,11,2023,2023-11,Day
5661,San Antonio,2022-08-24,19:29,Low,Rain,Dry,2,45.6007,-89.085,19,8,2022,2022-08,Night
5662,New York,2021-12-08,12:40,Medium,Clear,Wet,2,30.7299,-95.0861,12,12,2021,2021-12,Day
5663,New York,2021-01-24,22:01,Medium,Rain,Wet,4,39.6709,-84.0011,22,1,2021,2021-01,Night
5664,Chicago,2021-10-12,16:27,Low,Clear,Dry,2,46.9096,-115.711,16,10,2021,2021-10,Day
5665,San Antonio,2023-11-19,15:25,Low,Hail,Icy,2,42.7925,-74.934,15,11,2023,2023-11,Day
5666,New York,2021-11-03,08:31,Low,Clear,Dry,4,44.5422,-95.181,8,11,2021,2021-11,Day
5667,New York,2023-12-12,21:42,Medium,Rain,Wet,5,46.5652,-113.3289,21,12,2023,2023-12,Night
5668,New York,2021-12-03,08:12,Medium,Fog,Dry,4,27.7476,-91.6475,8,12,2021,2021-12,Day
5669,Dallas,2023-06-30,06:32,Medium,Clear,Dry,1,30.5174,-110.2076,6,6,2023,2023-06,Day
5670,Jacksonville,2022-10-14,18:43,Low,Clear,Wet,3,30.9192,-115.1762,18,10,2022,2022-10,Night
5671,Columbus,2023-09-07,02:03,High,Cloudy,Slippery,5,47.7913,-80.2888,2,9,2023,2023-09,Night
5672,San Diego,2022-06-05,07:11,Medium,Snow,Dry,2,36.3072,-95.2143,7,6,2022,2022-06,Day
5673,Los Angeles,2023-01-17,17:33,High,Snow,Icy,2,41.887,-82.9085,17,1,2023,2023-01,Day
5674,Jacksonville,2021-04-17,12:00,Medium,Clear,Wet,4,36.2128,-72.3439,12,4,2021,2021-04,Day
5675,Indianapolis,2023-02-21,13:23,Low,Rain,Slippery,1,41.7254,-74.5912,13,2,2023,2023-02,Day
5676,Los Angeles,2022-10-12,13:14,Low,Clear,Dry,5,47.2294,-112.4139,13,10,2022,2022-10,Day
5677,San Antonio,2023-12-30,18:47,High,Fog,Dry,4,38.6653,-106.9489,18,12,2023,2023-12,Night
5678,Indianapolis,2023-07-29,11:06,Low,Cloudy,Slippery,1,28.5279,-86.8203,11,7,2023,2023-07,Day
5679,Houston,2021-03-31,13:40,Low,Clear,Wet,5,33.123,-113.6854,13,3,2021,2021-03,Day
5680,Houston,2021-09-30,18:20,High,Fog,Slippery,4,28.4782,-117.8987,18,9,2021,2021-09,Night
5681,Chicago,2021-02-16,05:28,Low,Rain,Dry,3,36.0381,-102.8446,5,2,2021,2021-02,Night
5682,Dallas,2021-03-30,20:29,High,Clear,Wet,5,43.1744,-92.69,20,3,2021,2021-03,Night
5683,Charlotte,2021-03-28,19:31,Medium,Rain,Dry,5,26.2032,-121.0563,19,3,2021,2021-03,Night
5684,Philadelphia,2021-12-06,22:48,Low,Rain,Wet,1,37.8814,-110.3335,22,12,2021,2021-12,Night
5685,Austin,2021-09-05,20:30,Low,Clear,Dry,1,47.8295,-111.8094,20,9,2021,2021-09,Night
5686,Los Angeles,2022-02-02,05:53,High,Cloudy,Dry,3,31.1979,-116.5176,5,2,2022,2022-02,Night
5687,New York,2022-05-26,12:14,High,Rain,Icy,1,43.2792,-107.9306,12,5,2022,2022-05,Day
5688,Dallas,2023-11-21,16:58,Low,Rain,Dry,3,37.9985,-70.5734,16,11,2023,2023-11,Day
5689,Los Angeles,2023-08-06,08:44,Medium,Snow,Dry,1,39.3045,-114.551,8,8,2023,2023-08,Day
5690,Dallas,2023-12-05,08:51,Medium,Rain,Dry,5,27.1653,-119.9723,8,12,2023,2023-12,Day
5691,Jacksonville,2022-01-01,02:27,Medium,Cloudy,Slippery,2,37.4854,-77.7167,2,1,2022,2022-01,Night
5692,Los Angeles,2021-05-19,21:48,Low,Clear,Wet,5,46.8265,-83.0113,21,5,2021,2021-05,Night
5693,San Antonio,2022-06-10,09:17,Low,Clear,Dry,3,31.0426,-113.3432,9,6,2022,2022-06,Day
5694,Houston,2021-12-25,10:56,Low,Clear,Wet,1,37.0849,-114.9503,10,12,2021,2021-12,Day
5695,Los Angeles,2023-10-28,10:54,Low,Rain,Dry,2,36.1503,-74.8711,10,10,2023,2023-10,Day
5696,Chicago,2023-02-02,07:43,High,Rain,Under Construction,2,30.5518,-77.0054,7,2,2023,2023-02,Day
5697,Dallas,2022-06-30,08:04,Low,Snow,Wet,4,35.6263,-82.6312,8,6,2022,2022-06,Day
5698,Houston,2023-06-19,07:28,Medium,Rain,Dry,1,33.1084,-85.4723,7,6,2023,2023-06,Day
5699,Dallas,2022-09-09,22:58,Medium,Clear,Slippery,1,39.1164,-80.7955,22,9,2022,2022-09,Night
5700,Philadelphia,2022-04-21,09:41,Medium,Rain,Wet,1,34.8233,-106.905,9,4,2022,2022-04,Day
5701,New York,2023-04-01,19:39,Low,Rain,Icy,4,42.6761,-105.0668,19,4,2023,2023-04,Night
5702,Columbus,2021-01-05,21:34,Low,Clear,Dry,4,37.4298,-71.4196,21,1,2021,2021-01,Night
5703,Jacksonville,2021-08-28,23:33,Low,Clear,Dry,3,26.6261,-93.9203,23,8,2021,2021-08,Night
5704,Los Angeles,2021-04-08,08:11,Low,Rain,Wet,2,39.3747,-114.1954,8,4,2021,2021-04,Day
5705,San Diego,2023-08-31,22:16,High,Clear,Wet,3,42.6806,-74.5665,22,8,2023,2023-08,Night
5706,Phoenix,2021-11-25,12:58,Medium,Clear,Dry,4,43.7783,-84.0972,12,11,2021,2021-11,Day
5707,Houston,2023-07-31,21:04,Low,Cloudy,Wet,4,38.0744,-91.9514,21,7,2023,2023-07,Night
5708,Dallas,2022-06-19,07:00,Low,Clear,Dry,5,44.9772,-112.0643,7,6,2022,2022-06,Day
5709,New York,2023-02-09,06:35,High,Rain,Slippery,2,45.9754,-93.6805,6,2,2023,2023-02,Day
5710,Philadelphia,2023-11-27,20:31,Medium,Clear,Under Construction,2,46.7686,-72.9861,20,11,2023,2023-11,Night
5711,Charlotte,2023-04-12,08:51,Medium,Rain,Dry,4,26.7242,-113.0048,8,4,2023,2023-04,Day
5712,Chicago,2023-03-08,07:45,High,Clear,Dry,3,34.6437,-80.5566,7,3,2023,2023-03,Day
5713,Los Angeles,2023-11-06,20:18,Medium,Fog,Dry,5,30.8453,-84.3558,20,11,2023,2023-11,Night
5714,Columbus,2021-07-23,20:22,Low,Clear,Dry,1,37.9378,-118.3825,20,7,2021,2021-07,Night
5715,New York,2021-11-17,14:41,Low,Cloudy,Dry,4,34.914,-80.4704,14,11,2021,2021-11,Day
5716,Los Angeles,2023-08-14,14:01,Low,Clear,Wet,1,39.1457,-110.7654,14,8,2023,2023-08,Day
5717,Phoenix,2023-09-01,11:13,High,Rain,Slippery,3,37.2003,-106.2401,11,9,2023,2023-09,Day
5718,Chicago,2021-07-28,18:47,Medium,Snow,Under Construction,5,31.6831,-105.0303,18,7,2021,2021-07,Night
5719,Indianapolis,2021-11-11,00:46,High,Fog,Dry,5,32.7275,-74.8566,0,11,2021,2021-11,Night
5720,Houston,2022-06-22,03:59,Low,Rain,Wet,5,44.492,-85.9115,3,6,2022,2022-06,Night
5721,New York,2021-04-22,21:06,Medium,Snow,Wet,5,39.1955,-113.4412,21,4,2021,2021-04,Night
5722,San Diego,2022-11-27,13:46,Low,Clear,Dry,5,30.7154,-84.6707,13,11,2022,2022-11,Day
5723,San Jose,2021-08-29,17:56,High,Clear,Dry,3,40.5813,-92.3548,17,8,2021,2021-08,Day
5724,New York,2023-01-20,21:40,Medium,Rain,Dry,2,32.5967,-81.3562,21,1,2023,2023-01,Night
5725,Los Angeles,2023-08-20,22:09,Low,Rain,Wet,5,25.2515,-98.9221,22,8,2023,2023-08,Night
5726,New York,2021-06-14,12:34,Medium,Clear,Dry,3,25.2995,-85.8843,12,6,2021,2021-06,Day
5727,Dallas,2021-03-20,13:29,Low,Hail,Dry,4,31.3071,-121.2192,13,3,2021,2021-03,Day
5728,San Diego,2023-03-31,05:40,Low,Clear,Wet,2,38.6872,-74.5311,5,3,2023,2023-03,Night
5729,San Diego,2023-01-12,12:01,Low,Rain,Wet,1,47.5606,-107.893,12,1,2023,2023-01,Day
5730,Los Angeles,2022-01-03,19:34,Low,Clear,Wet,2,44.2603,-109.8268,19,1,2022,2022-01,Night
5731,San Diego,2023-01-01,21:05,Medium,Snow,Under Construction,4,29.3558,-89.6744,21,1,2023,2023-01,Night
5732,Houston,2021-04-05,11:16,Low,Clear,Slippery,3,30.2638,-87.1305,11,4,2021,2021-04,Day
5733,Los Angeles,2021-08-03,13:38,Medium,Clear,Slippery,1,37.4457,-79.1559,13,8,2021,2021-08,Day
5734,San Diego,2022-10-31,12:59,Medium,Clear,Wet,4,27.3917,-112.6635,12,10,2022,2022-10,Day
5735,Dallas,2022-11-19,04:34,Medium,Clear,Dry,3,29.4739,-97.4173,4,11,2022,2022-11,Night
5736,Phoenix,2023-09-04,23:59,Low,Fog,Wet,1,39.3494,-104.8384,23,9,2023,2023-09,Night
5737,Columbus,2021-08-03,15:48,Medium,Clear,Dry,4,29.4652,-112.6041,15,8,2021,2021-08,Day
5738,San Jose,2023-08-31,16:32,Low,Rain,Slippery,4,25.537,-119.9378,16,8,2023,2023-08,Day
5739,Dallas,2022-12-02,18:35,Medium,Clear,Icy,4,31.5223,-72.907,18,12,2022,2022-12,Night
5740,Houston,2022-04-20,21:54,Low,Clear,Under Construction,3,34.7931,-114.1825,21,4,2022,2022-04,Night
5741,Charlotte,2023-07-19,04:05,Low,Cloudy,Dry,4,34.2219,-82.6665,4,7,2023,2023-07,Night
5742,Chicago,2021-06-16,14:52,Medium,Snow,Dry,1,37.84,-108.7482,14,6,2021,2021-06,Day
5743,Dallas,2022-05-03,19:27,Medium,Cloudy,Slippery,1,34.1937,-86.3161,19,5,2022,2022-05,Night
5744,Jacksonville,2022-09-25,15:12,Low,Clear,Wet,5,29.8437,-94.9229,15,9,2022,2022-09,Day
5745,Los Angeles,2022-04-06,08:05,Low,Clear,Slippery,5,32.468,-91.9459,8,4,2022,2022-04,Day
5746,Indianapolis,2021-12-04,14:59,Low,Clear,Slippery,4,34.8816,-105.2627,14,12,2021,2021-12,Day
5747,Charlotte,2022-06-14,13:28,Medium,Clear,Dry,2,44.4177,-73.4955,13,6,2022,2022-06,Day
5748,Columbus,2021-01-01,03:13,Medium,Clear,Icy,4,37.8967,-95.5773,3,1,2021,2021-01,Night
5749,Los Angeles,2023-11-14,19:50,Medium,Cloudy,Wet,1,34.004,-71.358,19,11,2023,2023-11,Night
5750,Houston,2023-10-10,17:49,Low,Snow,Wet,3,46.478,-113.5861,17,10,2023,2023-10,Day
5751,New York,2021-05-08,18:09,High,Clear,Under Construction,3,29.6635,-104.9598,18,5,2021,2021-05,Night
5752,Indianapolis,2021-11-17,22:04,Medium,Clear,Dry,1,33.6472,-106.9913,22,11,2021,2021-11,Night
5753,New York,2022-01-24,08:01,Medium,Fog,Dry,1,27.6583,-98.0297,8,1,2022,2022-01,Day
5754,Philadelphia,2022-08-25,10:01,Low,Rain,Dry,5,27.6929,-83.345,10,8,2022,2022-08,Day
5755,Jacksonville,2021-01-20,13:48,Low,Cloudy,Under Construction,2,27.6518,-105.4195,13,1,2021,2021-01,Day
5756,Chicago,2022-04-09,09:31,Low,Rain,Dry,1,44.3132,-71.7313,9,4,2022,2022-04,Day
5757,Chicago,2022-03-30,13:06,Low,Rain,Wet,4,37.1499,-91.9598,13,3,2022,2022-03,Day
5758,San Antonio,2022-01-18,21:12,Medium,Snow,Dry,2,35.2408,-101.5575,21,1,2022,2022-01,Night
5759,Dallas,2021-11-23,19:18,High,Fog,Dry,3,33.4266,-103.4984,19,11,2021,2021-11,Night
5760,San Diego,2021-02-04,05:04,Medium,Rain,Dry,5,41.4424,-103.9032,5,2,2021,2021-02,Night
5761,Chicago,2022-10-21,08:57,Low,Cloudy,Dry,5,33.9156,-107.878,8,10,2022,2022-10,Day
5762,Indianapolis,2023-09-27,05:50,High,Hail,Dry,5,38.0548,-108.4909,5,9,2023,2023-09,Night
5763,New York,2021-10-30,18:04,Low,Fog,Wet,4,25.0378,-98.4939,18,10,2021,2021-10,Night
5764,Houston,2022-05-21,19:40,High,Cloudy,Dry,1,43.5033,-121.6799,19,5,2022,2022-05,Night
5765,San Antonio,2022-08-10,12:31,Low,Clear,Slippery,5,31.5415,-99.5562,12,8,2022,2022-08,Day
5766,Charlotte,2022-09-06,07:43,Medium,Cloudy,Wet,2,29.2047,-89.8988,7,9,2022,2022-09,Day
5767,Austin,2022-10-22,19:18,Medium,Clear,Under Construction,4,36.4512,-90.771,19,10,2022,2022-10,Night
5768,Jacksonville,2021-10-22,16:44,Medium,Fog,Icy,4,47.7555,-78.6732,16,10,2021,2021-10,Day
5769,Phoenix,2022-05-30,17:41,Medium,Clear,Wet,2,46.7807,-89.0991,17,5,2022,2022-05,Day
5770,Chicago,2022-11-15,06:56,Low,Clear,Dry,1,32.0419,-111.8401,6,11,2022,2022-11,Day
5771,Houston,2021-01-15,17:28,Medium,Clear,Dry,3,29.9054,-113.8038,17,1,2021,2021-01,Day
5772,Los Angeles,2022-09-21,08:14,High,Fog,Dry,2,32.7579,-99.8674,8,9,2022,2022-09,Day
5773,Houston,2022-03-03,10:13,High,Rain,Dry,2,44.7073,-118.2919,10,3,2022,2022-03,Day
5774,Chicago,2023-04-22,09:30,Medium,Clear,Wet,5,47.4906,-83.5385,9,4,2023,2023-04,Day
5775,Los Angeles,2021-06-24,14:44,Low,Rain,Icy,1,40.9193,-120.9801,14,6,2021,2021-06,Day
5776,Chicago,2022-07-08,08:02,Low,Rain,Icy,5,45.5846,-109.4467,8,7,2022,2022-07,Day
5777,Jacksonville,2022-06-05,03:37,Medium,Clear,Wet,4,45.1744,-100.9828,3,6,2022,2022-06,Night
5778,Chicago,2022-08-21,17:25,Medium,Clear,Dry,2,44.5391,-99.1281,17,8,2022,2022-08,Day
5779,Chicago,2023-12-07,11:21,Medium,Fog,Dry,2,38.3703,-96.2984,11,12,2023,2023-12,Day
5780,Los Angeles,2022-11-30,02:38,High,Clear,Dry,4,32.1791,-107.4754,2,11,2022,2022-11,Night
5781,New York,2022-01-19,18:11,Low,Rain,Slippery,2,29.3907,-80.8145,18,1,2022,2022-01,Night
5782,New York,2022-07-17,16:28,Low,Fog,Wet,2,40.2846,-98.2598,16,7,2022,2022-07,Day
5783,New York,2023-10-19,13:14,Low,Clear,Dry,4,41.3576,-110.9165,13,10,2023,2023-10,Day
5784,Charlotte,2021-10-28,18:04,Low,Clear,Dry,4,29.6023,-106.5274,18,10,2021,2021-10,Night
5785,Houston,2023-09-17,23:41,Low,Fog,Under Construction,3,47.4591,-103.486,23,9,2023,2023-09,Night
5786,Houston,2021-10-20,13:51,Low,Cloudy,Wet,4,44.6981,-74.7572,13,10,2021,2021-10,Day
5787,Columbus,2021-05-19,11:40,Medium,Clear,Dry,2,41.3864,-82.8335,11,5,2021,2021-05,Day
5788,New York,2022-10-19,23:59,Low,Fog,Wet,3,39.6636,-115.402,23,10,2022,2022-10,Night
5789,Houston,2023-12-10,20:12,Medium,Clear,Dry,3,25.5424,-101.4169,20,12,2023,2023-12,Night
5790,Charlotte,2021-07-23,21:22,Low,Snow,Dry,3,43.5517,-89.4694,21,7,2021,2021-07,Night
5791,Austin,2021-09-09,15:25,Medium,Clear,Dry,3,37.7606,-90.3749,15,9,2021,2021-09,Day
5792,Phoenix,2021-05-12,13:46,High,Rain,Slippery,1,41.7723,-76.1251,13,5,2021,2021-05,Day
5793,Chicago,2023-11-05,08:07,Medium,Rain,Dry,1,33.978,-102.5373,8,11,2023,2023-11,Day
5794,San Antonio,2021-05-22,18:25,High,Clear,Dry,3,30.6757,-82.2809,18,5,2021,2021-05,Night
5795,New York,2023-04-11,20:50,High,Clear,Icy,3,41.3373,-117.6548,20,4,2023,2023-04,Night
5796,Los Angeles,2021-01-03,17:42,Medium,Clear,Slippery,4,42.9786,-115.4476,17,1,2021,2021-01,Day
5797,New York,2023-07-15,11:53,High,Clear,Dry,2,44.7938,-95.5468,11,7,2023,2023-07,Day
5798,Los Angeles,2021-05-06,10:45,Medium,Windy,Slippery,4,28.1665,-72.8446,10,5,2021,2021-05,Day
5799,Jacksonville,2021-04-28,17:17,Low,Fog,Dry,1,37.0754,-101.9134,17,4,2021,2021-04,Day
5800,New York,2023-07-21,20:41,Medium,Rain,Slippery,3,25.4599,-105.388,20,7,2023,2023-07,Night
5801,New York,2022-08-28,11:12,Low,Hail,Dry,3,45.7478,-121.8148,11,8,2022,2022-08,Day
5802,New York,2023-10-21,08:52,Low,Snow,Dry,3,31.4009,-121.6723,8,10,2023,2023-10,Day
5803,Phoenix,2023-04-24,09:56,Medium,Snow,Dry,2,39.4886,-107.959,9,4,2023,2023-04,Day
5804,Los Angeles,2023-04-18,15:07,Low,Clear,Slippery,2,42.3348,-107.3644,15,4,2023,2023-04,Day
5805,New York,2021-01-18,18:53,Low,Snow,Icy,3,41.7765,-103.9701,18,1,2021,2021-01,Night
5806,Chicago,2023-11-27,09:34,Low,Clear,Wet,4,40.7763,-115.2593,9,11,2023,2023-11,Day
5807,Columbus,2021-04-22,12:27,Low,Clear,Wet,3,30.852,-107.9078,12,4,2021,2021-04,Day
5808,New York,2021-09-09,18:37,Medium,Clear,Dry,1,44.5669,-71.7432,18,9,2021,2021-09,Night
5809,Dallas,2022-01-29,01:13,Low,Snow,Dry,1,40.7065,-95.0208,1,1,2022,2022-01,Night
5810,Dallas,2021-12-09,11:56,Low,Clear,Icy,4,47.6196,-104.4442,11,12,2021,2021-12,Day
5811,New York,2022-06-13,15:29,Low,Rain,Wet,5,44.3021,-88.1638,15,6,2022,2022-06,Day
5812,Chicago,2022-02-01,07:57,High,Fog,Dry,2,47.0137,-112.5387,7,2,2022,2022-02,Day
5813,San Diego,2023-07-03,09:25,Low,Clear,Dry,1,30.0537,-97.2059,9,7,2023,2023-07,Day
5814,Phoenix,2021-01-20,11:56,Medium,Rain,Dry,2,29.1958,-117.7096,11,1,2021,2021-01,Day
5815,New York,2021-11-25,23:58,Medium,Clear,Dry,3,28.0558,-73.677,23,11,2021,2021-11,Night
5816,Austin,2021-04-07,08:43,Medium,Clear,Dry,2,33.255,-120.2902,8,4,2021,2021-04,Day
5817,San Diego,2021-04-22,07:20,Medium,Rain,Dry,4,38.0142,-88.7239,7,4,2021,2021-04,Day
5818,Phoenix,2022-01-22,12:21,Medium,Cloudy,Wet,5,38.2711,-93.8157,12,1,2022,2022-01,Day
5819,Jacksonville,2022-10-20,20:07,Medium,Cloudy,Dry,3,41.6923,-109.1233,20,10,2022,2022-10,Night
5820,Phoenix,2021-11-27,16:31,Medium,Clear,Dry,2,37.4574,-117.3855,16,11,2021,2021-11,Day
5821,Houston,2023-12-12,17:06,Medium,Clear,Icy,2,43.2378,-79.856,17,12,2023,2023-12,Day
5822,Dallas,2021-06-17,06:16,Low,Clear,Wet,4,35.495,-82.6789,6,6,2021,2021-06,Day
5823,New York,2022-06-15,17:07,Medium,Rain,Slippery,4,33.5386,-107.9462,17,6,2022,2022-06,Day
5824,Indianapolis,2023-10-09,12:06,High,Clear,Wet,3,47.4507,-75.6549,12,10,2023,2023-10,Day
5825,Chicago,2023-07-28,11:14,Low,Clear,Slippery,4,28.7781,-92.606,11,7,2023,2023-07,Day
5826,Chicago,2022-03-29,10:38,High,Clear,Wet,2,28.5618,-72.4629,10,3,2022,2022-03,Day
5827,Austin,2022-03-14,19:38,Low,Clear,Dry,4,35.2918,-71.0157,19,3,2022,2022-03,Night
5828,New York,2023-01-16,17:27,Low,Cloudy,Wet,2,42.7952,-106.4764,17,1,2023,2023-01,Day
5829,Austin,2021-07-19,10:31,High,Rain,Wet,2,36.7127,-114.2141,10,7,2021,2021-07,Day
5830,Austin,2021-12-04,19:06,Medium,Clear,Dry,2,42.3314,-88.7629,19,12,2021,2021-12,Night
5831,Charlotte,2021-11-23,16:33,Low,Fog,Wet,5,34.7016,-86.129,16,11,2021,2021-11,Day
5832,Phoenix,2022-06-24,18:28,Medium,Rain,Dry,2,25.0747,-118.7079,18,6,2022,2022-06,Night
5833,San Antonio,2021-06-27,22:25,Low,Clear,Wet,2,34.0595,-90.6532,22,6,2021,2021-06,Night
5834,Houston,2021-06-18,14:48,Low,Clear,Dry,5,37.7904,-97.9603,14,6,2021,2021-06,Day
5835,New York,2021-02-12,11:17,Low,Snow,Icy,5,31.8823,-75.8423,11,2,2021,2021-02,Day
5836,San Jose,2023-12-31,16:42,High,Cloudy,Dry,4,26.8376,-115.1861,16,12,2023,2023-12,Day
5837,Chicago,2023-06-29,10:18,High,Snow,Wet,3,44.6002,-77.9744,10,6,2023,2023-06,Day
5838,Columbus,2023-10-24,15:49,Medium,Clear,Dry,2,32.9502,-86.4585,15,10,2023,2023-10,Day
5839,Philadelphia,2022-04-04,21:35,Low,Clear,Wet,5,46.3638,-108.7287,21,4,2022,2022-04,Night
5840,Columbus,2021-03-16,19:07,High,Rain,Dry,5,38.2232,-80.5613,19,3,2021,2021-03,Night
5841,San Jose,2023-07-27,20:25,Low,Rain,Dry,1,25.1812,-99.3895,20,7,2023,2023-07,Night
5842,Charlotte,2023-06-25,19:17,Medium,Fog,Dry,4,38.7717,-71.4265,19,6,2023,2023-06,Night
5843,Jacksonville,2022-10-22,09:02,Low,Clear,Wet,2,30.1109,-103.2847,9,10,2022,2022-10,Day
5844,Phoenix,2023-10-23,09:34,Medium,Cloudy,Wet,5,41.5154,-100.2289,9,10,2023,2023-10,Day
5845,New York,2023-11-28,17:18,Low,Clear,Dry,4,25.8035,-90.6827,17,11,2023,2023-11,Day
5846,Dallas,2022-02-23,18:02,Low,Clear,Dry,4,31.2183,-71.8868,18,2,2022,2022-02,Night
5847,Los Angeles,2022-03-06,12:07,High,Rain,Slippery,4,26.3289,-105.3432,12,3,2022,2022-03,Day
5848,Los Angeles,2021-07-30,20:27,Medium,Clear,Wet,3,36.5868,-71.8772,20,7,2021,2021-07,Night
5849,Houston,2021-04-18,15:16,Low,Rain,Dry,2,47.6313,-80.8348,15,4,2021,2021-04,Day
5850,New York,2022-12-23,12:02,High,Rain,Wet,4,35.454,-81.1753,12,12,2022,2022-12,Day
5851,Dallas,2023-12-15,16:14,Low,Rain,Dry,2,39.1026,-119.8576,16,12,2023,2023-12,Day
5852,San Antonio,2023-03-12,21:55,Medium,Clear,Wet,2,43.0467,-73.8764,21,3,2023,2023-03,Night
5853,Chicago,2023-03-25,23:40,Medium,Rain,Under Construction,2,44.9506,-78.3371,23,3,2023,2023-03,Night
5854,Los Angeles,2022-01-23,20:34,Medium,Clear,Dry,1,35.7481,-93.408,20,1,2022,2022-01,Night
5855,New York,2022-10-22,14:34,Low,Clear,Dry,2,25.9041,-78.4897,14,10,2022,2022-10,Day
5856,Chicago,2022-11-23,10:24,Low,Rain,Wet,2,33.9872,-71.2817,10,11,2022,2022-11,Day
5857,New York,2021-08-21,08:39,Medium,Clear,Dry,1,45.8221,-71.6604,8,8,2021,2021-08,Day
5858,Phoenix,2022-01-10,06:14,Medium,Hail,Wet,2,45.7857,-106.2835,6,1,2022,2022-01,Day
5859,Dallas,2023-07-03,15:45,Medium,Clear,Icy,2,30.3302,-104.572,15,7,2023,2023-07,Day
5860,Austin,2023-07-06,19:36,Medium,Fog,Wet,3,38.7323,-117.798,19,7,2023,2023-07,Night
5861,San Antonio,2021-09-23,16:43,Medium,Cloudy,Dry,2,35.2106,-83.3021,16,9,2021,2021-09,Day
5862,Los Angeles,2022-10-20,20:56,Low,Rain,Dry,4,41.2358,-90.6998,20,10,2022,2022-10,Night
5863,Indianapolis,2021-06-10,21:05,Medium,Rain,Dry,4,38.3359,-83.0705,21,6,2021,2021-06,Night
5864,San Jose,2022-05-06,15:09,Medium,Clear,Wet,1,41.4279,-110.6586,15,5,2022,2022-05,Day
5865,Los Angeles,2022-05-27,15:53,Medium,Rain,Icy,2,46.719,-100.9615,15,5,2022,2022-05,Day
5866,Los Angeles,2022-09-05,18:03,Medium,Clear,Dry,3,45.4413,-100.1285,18,9,2022,2022-09,Night
5867,New York,2022-10-17,14:32,Low,Clear,Under Construction,5,31.6345,-75.298,14,10,2022,2022-10,Day
5868,New York,2022-01-13,07:15,Medium,Fog,Wet,3,41.4181,-94.8236,7,1,2022,2022-01,Day
5869,New York,2022-03-07,17:09,High,Clear,Wet,5,43.2487,-86.2018,17,3,2022,2022-03,Day
5870,New York,2021-01-15,13:14,Medium,Rain,Slippery,4,31.9,-83.5007,13,1,2021,2021-01,Day
5871,New York,2023-11-29,08:02,High,Clear,Dry,5,46.7698,-111.4205,8,11,2023,2023-11,Day
5872,Los Angeles,2022-07-06,09:21,Low,Clear,Icy,1,43.5697,-95.9392,9,7,2022,2022-07,Day
5873,New York,2022-06-23,13:31,Low,Clear,Wet,2,26.8767,-90.6444,13,6,2022,2022-06,Day
5874,San Antonio,2023-02-06,12:04,Low,Clear,Dry,5,35.2266,-91.9385,12,2,2023,2023-02,Day
5875,Indianapolis,2021-12-25,21:15,High,Clear,Wet,2,47.611,-106.3577,21,12,2021,2021-12,Night
5876,Dallas,2022-12-15,04:38,Low,Clear,Dry,2,34.7473,-92.8617,4,12,2022,2022-12,Night
5877,Houston,2022-07-31,20:35,Medium,Fog,Icy,5,39.0526,-117.4547,20,7,2022,2022-07,Night
5878,Philadelphia,2023-08-19,21:40,Medium,Rain,Dry,1,31.9319,-82.0435,21,8,2023,2023-08,Night
5879,Philadelphia,2023-10-06,11:45,Low,Cloudy,Wet,3,26.4574,-84.4351,11,10,2023,2023-10,Day
5880,Chicago,2023-12-16,18:09,Medium,Clear,Dry,3,27.2236,-97.105,18,12,2023,2023-12,Night
5881,Columbus,2021-11-26,19:20,Low,Clear,Icy,5,36.8175,-70.7675,19,11,2021,2021-11,Night
5882,Charlotte,2022-09-27,16:26,High,Clear,Wet,3,44.3905,-95.6887,16,9,2022,2022-09,Day
5883,Phoenix,2022-11-16,17:05,High,Cloudy,Dry,1,42.4731,-97.0729,17,11,2022,2022-11,Day
5884,Houston,2021-02-14,20:53,Medium,Clear,Slippery,4,30.1601,-113.399,20,2,2021,2021-02,Night
5885,New York,2023-12-06,20:18,Low,Clear,Wet,1,44.8191,-86.4669,20,12,2023,2023-12,Night
5886,Dallas,2021-06-01,05:30,Low,Clear,Icy,3,37.4824,-111.688,5,6,2021,2021-06,Night
5887,Chicago,2021-02-18,12:29,Low,Snow,Icy,4,45.6396,-75.5182,12,2,2021,2021-02,Day
5888,Indianapolis,2023-12-24,08:32,High,Clear,Dry,3,30.1693,-78.3603,8,12,2023,2023-12,Day
5889,San Antonio,2022-03-27,19:19,Low,Fog,Wet,5,28.4783,-106.0155,19,3,2022,2022-03,Night
5890,Dallas,2022-12-10,17:28,Medium,Rain,Wet,2,47.7594,-119.0643,17,12,2022,2022-12,Day
5891,New York,2021-02-02,08:56,Medium,Cloudy,Dry,1,36.5203,-103.2633,8,2,2021,2021-02,Day
5892,Chicago,2023-11-18,23:15,High,Clear,Wet,3,46.8738,-94.1603,23,11,2023,2023-11,Night
5893,Austin,2021-03-10,18:38,Low,Clear,Wet,3,42.7934,-98.9523,18,3,2021,2021-03,Night
5894,Los Angeles,2022-02-06,08:04,High,Rain,Dry,5,33.7636,-77.2859,8,2,2022,2022-02,Day
5895,Philadelphia,2022-12-24,11:49,High,Clear,Dry,2,25.2244,-94.368,11,12,2022,2022-12,Day
5896,Chicago,2023-02-06,08:45,Medium,Snow,Wet,2,35.3479,-102.7821,8,2,2023,2023-02,Day
5897,Dallas,2022-03-11,20:49,Low,Clear,Dry,3,45.2044,-91.103,20,3,2022,2022-03,Night
5898,Los Angeles,2022-06-07,12:40,Low,Clear,Wet,5,45.8054,-73.6911,12,6,2022,2022-06,Day
5899,Austin,2022-07-17,01:28,Medium,Snow,Wet,1,27.2999,-120.3789,1,7,2022,2022-07,Night
5900,Charlotte,2022-03-28,18:54,High,Clear,Wet,5,34.8995,-112.8947,18,3,2022,2022-03,Night
5901,San Jose,2023-01-24,11:41,High,Fog,Slippery,3,29.647,-96.2957,11,1,2023,2023-01,Day
5902,Austin,2022-11-02,07:59,Low,Fog,Slippery,2,30.8736,-120.8027,7,11,2022,2022-11,Day
5903,Philadelphia,2021-04-07,03:20,Medium,Fog,Slippery,1,37.26,-104.1298,3,4,2021,2021-04,Night
5904,Phoenix,2021-04-03,08:35,Medium,Clear,Wet,5,36.2936,-70.9942,8,4,2021,2021-04,Day
5905,Dallas,2023-09-27,23:33,High,Cloudy,Dry,5,46.5544,-120.022,23,9,2023,2023-09,Night
5906,Los Angeles,2021-11-24,19:19,Medium,Rain,Slippery,5,31.8299,-101.8419,19,11,2021,2021-11,Night
5907,Los Angeles,2022-04-22,21:45,Low,Rain,Wet,2,36.1531,-89.679,21,4,2022,2022-04,Night
5908,Austin,2022-02-12,16:54,Low,Clear,Dry,3,42.0385,-97.8042,16,2,2022,2022-02,Day
5909,Dallas,2022-05-30,19:55,Medium,Clear,Dry,3,39.3405,-93.1267,19,5,2022,2022-05,Night
5910,Charlotte,2023-01-11,21:35,High,Rain,Wet,3,31.6957,-109.5696,21,1,2023,2023-01,Night
5911,New York,2023-10-06,21:13,Low,Cloudy,Dry,1,30.2278,-120.9541,21,10,2023,2023-10,Night
5912,New York,2021-08-06,19:50,Medium,Clear,Wet,1,36.3062,-102.5672,19,8,2021,2021-08,Night
5913,Los Angeles,2023-08-17,14:27,High,Cloudy,Dry,3,42.0081,-72.8789,14,8,2023,2023-08,Day
5914,Los Angeles,2022-04-25,21:21,High,Cloudy,Wet,4,47.3665,-75.5907,21,4,2022,2022-04,Night
5915,Columbus,2021-02-13,19:09,Medium,Rain,Wet,1,46.2574,-117.8305,19,2,2021,2021-02,Night
5916,Columbus,2023-07-26,17:37,Medium,Rain,Icy,4,30.1919,-78.8247,17,7,2023,2023-07,Day
5917,Chicago,2021-10-21,21:07,Low,Clear,Dry,3,35.0002,-94.9721,21,10,2021,2021-10,Night
5918,San Diego,2023-04-29,08:58,High,Snow,Dry,1,29.8134,-76.9524,8,4,2023,2023-04,Day
5919,Los Angeles,2022-02-13,14:48,Low,Clear,Wet,2,45.1624,-114.6884,14,2,2022,2022-02,Day
5920,Chicago,2022-08-23,02:24,Medium,Rain,Dry,5,46.3196,-113.3941,2,8,2022,2022-08,Night
5921,New York,2022-05-23,07:32,Low,Clear,Wet,1,43.8084,-83.1933,7,5,2022,2022-05,Day
5922,Phoenix,2021-07-10,09:42,Medium,Rain,Dry,3,45.7813,-119.6011,9,7,2021,2021-07,Day
5923,Indianapolis,2022-06-15,17:31,Medium,Cloudy,Wet,1,41.6057,-79.0076,17,6,2022,2022-06,Day
5924,Houston,2021-10-23,10:02,High,Fog,Under Construction,1,30.3443,-103.743,10,10,2021,2021-10,Day
5925,Los Angeles,2023-06-16,08:46,Low,Snow,Dry,3,42.3634,-82.9938,8,6,2023,2023-06,Day
5926,Philadelphia,2023-03-12,08:40,High,Clear,Slippery,3,35.6571,-98.3705,8,3,2023,2023-03,Day
5927,Dallas,2021-08-15,23:03,High,Rain,Dry,2,39.2376,-99.7035,23,8,2021,2021-08,Night
5928,Chicago,2023-01-09,07:40,Low,Clear,Wet,5,42.4206,-74.1421,7,1,2023,2023-01,Day
5929,Houston,2023-07-07,09:42,Low,Clear,Slippery,5,28.4537,-102.6854,9,7,2023,2023-07,Day
5930,Indianapolis,2023-09-27,12:12,Medium,Rain,Dry,3,44.4775,-111.5375,12,9,2023,2023-09,Day
5931,New York,2022-04-18,13:11,Low,Clear,Dry,1,38.9785,-104.9106,13,4,2022,2022-04,Day
5932,Los Angeles,2022-02-27,19:16,Medium,Rain,Slippery,2,28.4317,-118.5555,19,2,2022,2022-02,Night
5933,Chicago,2021-12-29,12:44,High,Clear,Dry,3,38.8734,-101.4179,12,12,2021,2021-12,Day
5934,New York,2023-10-02,08:09,Low,Clear,Dry,5,38.6196,-80.1542,8,10,2023,2023-10,Day
5935,Jacksonville,2021-01-08,16:48,Medium,Clear,Slippery,4,31.4315,-80.1333,16,1,2021,2021-01,Day
5936,Dallas,2022-02-07,11:39,High,Snow,Dry,1,42.063,-106.8651,11,2,2022,2022-02,Day
5937,Houston,2023-05-04,07:26,Low,Rain,Wet,2,46.3854,-83.8001,7,5,2023,2023-05,Day
5938,New York,2021-05-06,06:27,Low,Clear,Dry,2,27.7679,-83.707,6,5,2021,2021-05,Day
5939,Houston,2023-07-27,17:58,Low,Clear,Dry,3,36.1904,-83.6739,17,7,2023,2023-07,Day
5940,Los Angeles,2021-02-19,18:21,Low,Hail,Wet,4,38.5422,-72.7405,18,2,2021,2021-02,Night
5941,Houston,2021-07-27,17:08,Low,Snow,Dry,4,40.1458,-119.3998,17,7,2021,2021-07,Day
5942,Indianapolis,2023-04-02,08:02,Medium,Cloudy,Dry,2,39.7096,-79.1626,8,4,2023,2023-04,Day
5943,San Jose,2021-06-06,13:31,Medium,Clear,Dry,5,29.2575,-116.3609,13,6,2021,2021-06,Day
5944,New York,2023-07-19,15:48,Low,Clear,Under Construction,5,37.0968,-99.2352,15,7,2023,2023-07,Day
5945,Charlotte,2022-11-04,18:07,Low,Rain,Icy,5,35.632,-106.458,18,11,2022,2022-11,Night
5946,Indianapolis,2023-04-24,14:51,Low,Clear,Wet,3,35.5024,-87.3796,14,4,2023,2023-04,Day
5947,San Diego,2021-12-02,15:54,Medium,Cloudy,Wet,4,44.6667,-77.0517,15,12,2021,2021-12,Day
5948,Columbus,2021-03-25,15:36,Low,Clear,Under Construction,4,30.3435,-80.0557,15,3,2021,2021-03,Day
5949,Houston,2023-05-25,18:31,Medium,Rain,Dry,3,27.946,-109.5885,18,5,2023,2023-05,Night
5950,Houston,2021-01-24,01:51,Low,Clear,Wet,3,27.6275,-111.8211,1,1,2021,2021-01,Night
5951,Philadelphia,2023-11-12,08:32,Low,Rain,Slippery,5,39.8504,-121.7675,8,11,2023,2023-11,Day
5952,Phoenix,2023-08-19,16:31,Medium,Rain,Wet,5,40.652,-115.5716,16,8,2023,2023-08,Day
5953,Dallas,2023-11-24,07:26,Medium,Clear,Slippery,5,39.7383,-115.1826,7,11,2023,2023-11,Day
5954,Indianapolis,2021-02-23,07:57,Medium,Clear,Dry,1,47.3658,-100.512,7,2,2021,2021-02,Day
5955,Chicago,2021-07-09,13:52,Medium,Clear,Dry,4,33.1619,-96.1108,13,7,2021,2021-07,Day
5956,Philadelphia,2021-04-18,10:13,Medium,Clear,Wet,2,47.6689,-86.9755,10,4,2021,2021-04,Day
5957,Philadelphia,2023-12-06,09:39,Low,Fog,Slippery,1,35.4692,-82.1569,9,12,2023,2023-12,Day
5958,Chicago,2023-01-19,13:56,Medium,Snow,Wet,3,46.8774,-86.6875,13,1,2023,2023-01,Day
5959,Charlotte,2023-07-25,02:52,Low,Clear,Icy,2,34.9668,-77.8992,2,7,2023,2023-07,Night
5960,New York,2023-03-07,17:51,High,Rain,Wet,3,45.7498,-116.2398,17,3,2023,2023-03,Day
5961,Philadelphia,2021-06-09,17:26,Medium,Snow,Dry,1,25.6609,-117.8822,17,6,2021,2021-06,Day
5962,Houston,2023-07-07,15:30,High,Clear,Dry,1,25.5725,-74.1844,15,7,2023,2023-07,Day
5963,Los Angeles,2023-05-31,10:08,Low,Clear,Dry,2,25.6809,-105.8386,10,5,2023,2023-05,Day
5964,San Diego,2021-12-05,23:21,Medium,Rain,Dry,1,28.8952,-108.5931,23,12,2021,2021-12,Night
5965,New York,2021-02-23,15:06,Low,Fog,Dry,3,28.6634,-85.8839,15,2,2021,2021-02,Day
5966,Chicago,2021-07-19,12:24,Medium,Rain,Dry,5,46.6197,-120.6419,12,7,2021,2021-07,Day
5967,Charlotte,2021-12-28,12:32,High,Clear,Under Construction,2,26.3659,-84.0755,12,12,2021,2021-12,Day
5968,Los Angeles,2022-01-28,18:06,Low,Clear,Dry,2,43.6697,-95.4696,18,1,2022,2022-01,Night
5969,San Antonio,2023-01-20,21:36,Medium,Rain,Wet,1,34.5345,-92.0842,21,1,2023,2023-01,Night
5970,Los Angeles,2021-08-21,15:08,High,Clear,Dry,5,26.3533,-116.9994,15,8,2021,2021-08,Day
5971,Los Angeles,2021-08-03,08:27,Medium,Rain,Slippery,4,41.335,-75.232,8,8,2021,2021-08,Day
5972,Charlotte,2023-08-15,14:34,Low,Clear,Wet,4,43.3082,-96.8348,14,8,2023,2023-08,Day
5973,Philadelphia,2021-03-18,11:42,Medium,Clear,Wet,5,32.84,-84.0302,11,3,2021,2021-03,Day
5974,Philadelphia,2022-05-31,22:53,Medium,Clear,Wet,4,41.8351,-81.1658,22,5,2022,2022-05,Night
5975,New York,2022-02-20,08:32,Low,Cloudy,Dry,2,28.7947,-74.7991,8,2,2022,2022-02,Day
5976,Charlotte,2023-05-06,18:41,High,Rain,Dry,1,43.9163,-82.1866,18,5,2023,2023-05,Night
5977,New York,2022-02-25,19:59,High,Rain,Wet,4,33.3782,-102.4924,19,2,2022,2022-02,Night
5978,Philadelphia,2022-01-25,21:16,Medium,Rain,Dry,2,45.6366,-118.6926,21,1,2022,2022-01,Night
5979,Houston,2022-08-07,12:18,Low,Cloudy,Dry,3,26.9455,-89.3403,12,8,2022,2022-08,Day
5980,New York,2021-08-12,11:26,High,Snow,Dry,2,28.4416,-84.077,11,8,2021,2021-08,Day
5981,Los Angeles,2023-07-28,15:09,Medium,Rain,Dry,1,35.6364,-119.4775,15,7,2023,2023-07,Day
5982,Dallas,2022-11-02,16:13,Low,Clear,Dry,3,27.847,-98.6547,16,11,2022,2022-11,Day
5983,Houston,2023-09-30,08:03,High,Rain,Dry,1,30.2251,-81.7771,8,9,2023,2023-09,Day
5984,New York,2023-02-26,08:45,High,Rain,Dry,3,46.351,-74.6355,8,2,2023,2023-02,Day
5985,Los Angeles,2021-09-27,07:32,Medium,Clear,Icy,2,45.2044,-120.4123,7,9,2021,2021-09,Day
5986,Los Angeles,2022-10-22,19:02,High,Clear,Dry,2,39.2466,-111.9195,19,10,2022,2022-10,Night
5987,Los Angeles,2023-04-21,07:29,Low,Clear,Wet,1,39.1401,-86.9552,7,4,2023,2023-04,Day
5988,Chicago,2021-10-26,14:21,Low,Rain,Dry,4,45.7958,-119.9405,14,10,2021,2021-10,Day
5989,Los Angeles,2021-11-13,13:27,Medium,Clear,Slippery,4,42.898,-103.1977,13,11,2021,2021-11,Day
5990,New York,2023-03-14,22:47,Medium,Clear,Under Construction,4,38.9415,-75.5342,22,3,2023,2023-03,Night
5991,Columbus,2022-10-14,19:10,Low,Rain,Wet,3,29.8771,-101.319,19,10,2022,2022-10,Night
5992,Houston,2021-08-14,11:51,Medium,Rain,Wet,1,29.8519,-118.2217,11,8,2021,2021-08,Day
5993,Philadelphia,2021-09-25,16:40,High,Clear,Dry,2,37.672,-87.1418,16,9,2021,2021-09,Day
5994,Houston,2022-01-06,09:39,Medium,Clear,Under Construction,1,43.5391,-105.1761,9,1,2022,2022-01,Day
5995,Chicago,2022-06-19,14:56,Medium,Snow,Slippery,1,33.9007,-119.3843,14,6,2022,2022-06,Day
5996,Phoenix,2022-05-08,15:35,Medium,Hail,Wet,3,39.2961,-78.7004,15,5,2022,2022-05,Day
5997,New York,2022-09-16,18:54,Low,Fog,Wet,1,38.135,-102.979,18,9,2022,2022-09,Night
5998,San Diego,2022-09-22,04:43,Low,Rain,Wet,1,29.3085,-121.9537,4,9,2022,2022-09,Night
5999,New York,2023-10-15,13:12,High,Rain,Dry,2,25.4598,-71.5744,13,10,2023,2023-10,Day
6000,Austin,2022-03-28,08:24,Medium,Clear,Dry,4,38.3002,-103.6222,8,3,2022,2022-03,Day
6001,New York,2022-09-22,06:49,High,Clear,Wet,2,28.2992,-110.5416,6,9,2022,2022-09,Day
6002,Phoenix,2022-05-25,07:22,Medium,Fog,Icy,1,31.9881,-117.8931,7,5,2022,2022-05,Day
6003,New York,2021-12-20,13:11,Low,Snow,Dry,3,31.9249,-107.879,13,12,2021,2021-12,Day
6004,New York,2023-11-20,18:00,Low,Clear,Dry,1,33.9441,-94.2294,18,11,2023,2023-11,Night
6005,Columbus,2021-01-08,13:15,Medium,Rain,Wet,2,25.34,-89.7686,13,1,2021,2021-01,Day
6006,Chicago,2022-11-17,21:45,High,Clear,Dry,4,28.9546,-106.0019,21,11,2022,2022-11,Night
6007,San Jose,2022-05-14,16:43,Low,Clear,Dry,2,26.7324,-93.1006,16,5,2022,2022-05,Day
6008,Columbus,2023-05-20,22:40,Low,Rain,Dry,4,26.5951,-104.47,22,5,2023,2023-05,Night
6009,New York,2021-03-08,06:38,Low,Cloudy,Wet,4,37.3313,-99.9081,6,3,2021,2021-03,Day
6010,Chicago,2023-07-26,12:24,High,Hail,Icy,2,33.8044,-111.2727,12,7,2023,2023-07,Day
6011,Phoenix,2021-11-05,03:18,Low,Rain,Dry,1,45.3307,-75.2719,3,11,2021,2021-11,Night
6012,Charlotte,2021-01-04,17:30,High,Clear,Dry,1,46.3449,-97.5799,17,1,2021,2021-01,Day
6013,Los Angeles,2021-04-27,19:45,Medium,Clear,Wet,3,43.3816,-97.9989,19,4,2021,2021-04,Night
6014,San Jose,2022-04-19,06:44,Low,Clear,Dry,5,41.8811,-109.6368,6,4,2022,2022-04,Day
6015,Houston,2022-06-27,16:39,Medium,Snow,Wet,4,40.59,-96.4874,16,6,2022,2022-06,Day
6016,Los Angeles,2021-11-01,09:10,High,Fog,Dry,2,39.933,-109.1584,9,11,2021,2021-11,Day
6017,Charlotte,2021-10-11,10:00,Low,Clear,Wet,3,34.2966,-103.4059,10,10,2021,2021-10,Day
6018,Charlotte,2021-11-03,21:16,Low,Clear,Wet,5,33.246,-94.7602,21,11,2021,2021-11,Night
6019,Columbus,2023-02-23,06:54,Medium,Clear,Dry,2,39.4585,-94.8386,6,2,2023,2023-02,Day
6020,Philadelphia,2021-05-25,07:21,Low,Clear,Dry,1,38.7898,-107.9516,7,5,2021,2021-05,Day
6021,Chicago,2023-06-12,04:46,Low,Clear,Dry,4,32.2473,-113.9414,4,6,2023,2023-06,Night
6022,Los Angeles,2021-05-25,20:03,Low,Clear,Wet,4,28.6847,-97.9221,20,5,2021,2021-05,Night
6023,New York,2023-03-17,20:44,High,Fog,Dry,2,39.1847,-97.0056,20,3,2023,2023-03,Night
6024,Phoenix,2023-12-20,08:18,Low,Fog,Icy,4,35.8653,-96.9614,8,12,2023,2023-12,Day
6025,Los Angeles,2022-01-15,10:47,Low,Rain,Dry,1,29.0518,-93.9818,10,1,2022,2022-01,Day
6026,Charlotte,2023-10-04,16:49,Medium,Clear,Wet,2,34.8132,-116.5083,16,10,2023,2023-10,Day
6027,San Antonio,2022-07-27,19:37,High,Rain,Wet,5,44.4086,-87.7465,19,7,2022,2022-07,Night
6028,Dallas,2023-11-01,05:19,Low,Fog,Dry,4,32.9807,-71.8851,5,11,2023,2023-11,Night
6029,Philadelphia,2021-01-22,10:02,Medium,Windy,Dry,5,46.5459,-95.8278,10,1,2021,2021-01,Day
6030,Chicago,2022-06-30,14:01,Low,Rain,Slippery,4,32.9905,-101.6349,14,6,2022,2022-06,Day
6031,Dallas,2022-02-02,16:48,Medium,Fog,Slippery,1,46.388,-120.6681,16,2,2022,2022-02,Day
6032,New York,2022-06-23,06:50,Low,Rain,Dry,3,35.6851,-96.86,6,6,2022,2022-06,Day
6033,Chicago,2021-08-21,12:37,Low,Clear,Wet,2,29.4414,-115.4738,12,8,2021,2021-08,Day
6034,Los Angeles,2021-03-04,12:49,Medium,Clear,Dry,5,32.6142,-101.8698,12,3,2021,2021-03,Day
6035,Chicago,2021-10-09,21:20,Low,Rain,Dry,5,47.5819,-105.8064,21,10,2021,2021-10,Night
6036,Chicago,2023-05-02,08:35,Medium,Clear,Dry,1,32.8095,-119.9668,8,5,2023,2023-05,Day
6037,New York,2022-07-23,19:50,Medium,Clear,Dry,4,42.5746,-121.3405,19,7,2022,2022-07,Night
6038,Philadelphia,2023-11-18,04:20,Medium,Clear,Wet,5,26.9601,-70.288,4,11,2023,2023-11,Night
6039,Charlotte,2023-11-14,09:09,High,Clear,Dry,4,37.4866,-101.695,9,11,2023,2023-11,Day
6040,San Antonio,2021-03-30,07:34,High,Clear,Slippery,1,30.9181,-95.6937,7,3,2021,2021-03,Day
6041,Houston,2023-03-18,21:56,Medium,Rain,Dry,4,37.6944,-72.3568,21,3,2023,2023-03,Night
6042,San Jose,2023-01-20,23:43,Medium,Hail,Icy,1,32.2664,-92.9985,23,1,2023,2023-01,Night
6043,San Jose,2022-04-01,22:24,High,Clear,Wet,3,35.7255,-107.3371,22,4,2022,2022-04,Night
6044,New York,2021-04-18,08:41,High,Rain,Wet,3,43.6823,-80.3317,8,4,2021,2021-04,Day
6045,New York,2023-06-09,18:55,Medium,Cloudy,Dry,1,45.5618,-74.1588,18,6,2023,2023-06,Night
6046,Chicago,2023-02-24,10:03,Medium,Snow,Dry,1,35.8332,-93.6661,10,2,2023,2023-02,Day
6047,Jacksonville,2023-02-20,20:55,Medium,Rain,Dry,3,46.1818,-84.5906,20,2,2023,2023-02,Night
6048,Dallas,2021-11-03,13:31,Medium,Cloudy,Slippery,2,25.2882,-79.1632,13,11,2021,2021-11,Day
6049,San Antonio,2023-05-26,16:55,Low,Clear,Icy,2,27.431,-106.8079,16,5,2023,2023-05,Day
6050,Philadelphia,2023-02-01,17:20,High,Rain,Dry,5,34.7455,-106.6164,17,2,2023,2023-02,Day
6051,Philadelphia,2022-09-14,19:44,Medium,Cloudy,Dry,3,33.5988,-75.6767,19,9,2022,2022-09,Night
6052,Austin,2022-12-26,23:47,Medium,Fog,Dry,1,32.8735,-99.9449,23,12,2022,2022-12,Night
6053,Indianapolis,2023-07-15,15:38,Medium,Rain,Dry,4,26.9288,-88.2564,15,7,2023,2023-07,Day
6054,Los Angeles,2021-09-14,23:40,Low,Rain,Under Construction,2,38.6811,-117.3051,23,9,2021,2021-09,Night
6055,Los Angeles,2022-08-05,18:31,Medium,Rain,Dry,4,40.6351,-102.0641,18,8,2022,2022-08,Night
6056,Phoenix,2023-04-17,10:54,Medium,Snow,Wet,4,33.1972,-110.1969,10,4,2023,2023-04,Day
6057,Indianapolis,2021-03-21,15:06,Medium,Rain,Dry,3,27.6098,-80.2235,15,3,2021,2021-03,Day
6058,Austin,2022-10-10,12:13,Low,Clear,Dry,2,27.7118,-91.407,12,10,2022,2022-10,Day
6059,Los Angeles,2023-02-24,19:55,Medium,Rain,Dry,4,28.7389,-81.6667,19,2,2023,2023-02,Night
6060,Indianapolis,2023-10-30,17:53,Low,Snow,Dry,2,47.4278,-111.6286,17,10,2023,2023-10,Day
6061,Chicago,2023-04-26,19:11,Medium,Rain,Dry,2,45.4143,-119.6765,19,4,2023,2023-04,Night
6062,Houston,2023-08-27,15:39,Medium,Clear,Dry,4,38.4521,-88.8044,15,8,2023,2023-08,Day
6063,New York,2023-08-18,19:00,Medium,Cloudy,Dry,5,42.2091,-108.7121,19,8,2023,2023-08,Night
6064,San Jose,2023-01-01,10:56,Low,Clear,Wet,3,25.97,-99.5607,10,1,2023,2023-01,Day
6065,Philadelphia,2023-03-17,11:10,High,Clear,Dry,3,35.7971,-88.0137,11,3,2023,2023-03,Day
6066,Chicago,2023-03-31,14:51,Low,Clear,Dry,1,25.424,-101.9869,14,3,2023,2023-03,Day
6067,Columbus,2022-12-11,18:39,Medium,Clear,Dry,3,28.1171,-119.0772,18,12,2022,2022-12,Night
6068,Los Angeles,2023-11-06,17:00,Low,Clear,Wet,5,35.7461,-74.0296,17,11,2023,2023-11,Day
6069,Los Angeles,2021-05-19,21:01,Medium,Clear,Under Construction,1,47.0605,-80.2117,21,5,2021,2021-05,Night
6070,Chicago,2021-09-05,19:39,Low,Hail,Dry,2,30.4099,-108.2081,19,9,2021,2021-09,Night
6071,Houston,2022-12-04,14:56,Low,Rain,Dry,1,34.3465,-100.4133,14,12,2022,2022-12,Day
6072,Austin,2021-07-28,19:27,Medium,Clear,Under Construction,1,37.493,-77.0906,19,7,2021,2021-07,Night
6073,Jacksonville,2021-02-26,07:15,Medium,Clear,Slippery,4,44.098,-90.6814,7,2,2021,2021-02,Day
6074,Columbus,2022-06-17,13:12,Medium,Clear,Dry,1,42.4157,-70.8177,13,6,2022,2022-06,Day
6075,Chicago,2021-10-25,09:28,High,Rain,Wet,3,46.2858,-105.8409,9,10,2021,2021-10,Day
6076,Indianapolis,2022-08-07,19:42,High,Clear,Icy,1,44.116,-90.779,19,8,2022,2022-08,Night
6077,Indianapolis,2022-01-16,06:10,Low,Cloudy,Wet,1,27.6343,-86.8633,6,1,2022,2022-01,Day
6078,New York,2023-09-17,19:05,Low,Snow,Dry,5,41.2472,-71.3732,19,9,2023,2023-09,Night
6079,Phoenix,2023-07-31,07:42,Low,Rain,Wet,1,39.2599,-78.0598,7,7,2023,2023-07,Day
6080,San Antonio,2022-03-15,21:03,Low,Rain,Dry,4,44.2654,-90.7491,21,3,2022,2022-03,Night
6081,New York,2021-06-18,16:15,Low,Windy,Dry,5,33.4098,-118.8063,16,6,2021,2021-06,Day
6082,New York,2022-12-18,07:14,Medium,Clear,Dry,4,36.2994,-112.3444,7,12,2022,2022-12,Day
6083,Chicago,2022-07-17,06:32,Low,Clear,Dry,5,32.1816,-119.1602,6,7,2022,2022-07,Day
6084,Indianapolis,2022-12-26,19:37,Medium,Clear,Dry,5,29.0977,-76.4785,19,12,2022,2022-12,Night
6085,New York,2022-06-06,19:16,Medium,Clear,Slippery,1,44.5976,-92.1703,19,6,2022,2022-06,Night
6086,New York,2021-12-29,17:08,Medium,Snow,Wet,3,43.841,-101.8939,17,12,2021,2021-12,Day
6087,Los Angeles,2022-01-21,18:35,High,Clear,Wet,3,30.0457,-80.1348,18,1,2022,2022-01,Night
6088,Los Angeles,2021-08-23,18:10,Low,Clear,Dry,5,29.0223,-94.5871,18,8,2021,2021-08,Night
6089,Austin,2021-03-20,15:07,Medium,Rain,Wet,1,29.5937,-110.3541,15,3,2021,2021-03,Day
6090,Jacksonville,2023-11-28,18:28,Low,Clear,Slippery,3,35.6783,-83.1664,18,11,2023,2023-11,Night
6091,Chicago,2023-06-02,11:49,Low,Rain,Dry,2,43.1581,-97.0671,11,6,2023,2023-06,Day
6092,Los Angeles,2021-11-18,16:44,Medium,Rain,Wet,5,42.3953,-79.9289,16,11,2021,2021-11,Day
6093,Jacksonville,2021-05-28,20:56,Medium,Clear,Dry,2,36.0428,-112.5843,20,5,2021,2021-05,Night
6094,Phoenix,2023-06-02,18:24,Low,Rain,Dry,4,26.2301,-114.4626,18,6,2023,2023-06,Night
6095,Los Angeles,2022-08-22,06:50,Low,Clear,Dry,5,29.7495,-112.2944,6,8,2022,2022-08,Day
6096,San Diego,2021-06-27,10:14,High,Clear,Icy,3,44.395,-81.3334,10,6,2021,2021-06,Day
6097,New York,2022-05-23,23:43,High,Rain,Dry,4,43.907,-117.857,23,5,2022,2022-05,Night
6098,Phoenix,2023-08-06,07:34,High,Rain,Slippery,1,29.8387,-72.994,7,8,2023,2023-08,Day
6099,Los Angeles,2021-03-25,10:54,Medium,Clear,Slippery,5,25.1582,-83.4557,10,3,2021,2021-03,Day
6100,Houston,2023-09-19,19:47,Medium,Clear,Dry,4,41.9541,-90.4713,19,9,2023,2023-09,Night
6101,New York,2023-08-06,14:23,Low,Hail,Wet,1,29.3292,-94.7795,14,8,2023,2023-08,Day
6102,New York,2022-09-24,22:14,Medium,Rain,Dry,5,40.4704,-104.5737,22,9,2022,2022-09,Night
6103,Los Angeles,2021-09-06,19:22,High,Rain,Dry,3,25.9533,-102.6037,19,9,2021,2021-09,Night
6104,Chicago,2023-11-03,22:50,Low,Rain,Wet,1,35.2057,-70.1751,22,11,2023,2023-11,Night
6105,Philadelphia,2023-12-08,17:17,Low,Clear,Icy,5,34.9672,-86.9405,17,12,2023,2023-12,Day
6106,Dallas,2023-03-24,17:35,Medium,Snow,Dry,4,44.8751,-71.3888,17,3,2023,2023-03,Day
6107,San Jose,2022-11-09,08:32,Medium,Fog,Icy,5,30.1682,-112.1264,8,11,2022,2022-11,Day
6108,Austin,2022-07-18,13:05,Medium,Clear,Slippery,1,43.2413,-114.14,13,7,2022,2022-07,Day
6109,Phoenix,2023-12-02,15:50,Medium,Clear,Wet,2,27.0703,-92.8905,15,12,2023,2023-12,Day
6110,Columbus,2021-07-01,19:55,Medium,Rain,Dry,3,39.1653,-84.9085,19,7,2021,2021-07,Night
6111,Los Angeles,2021-02-08,13:40,Low,Clear,Wet,3,44.132,-76.6366,13,2,2021,2021-02,Day
6112,Dallas,2022-05-04,18:24,Medium,Snow,Slippery,1,27.6358,-88.0324,18,5,2022,2022-05,Night
6113,Indianapolis,2023-11-27,22:55,Low,Clear,Dry,4,44.3959,-74.0371,22,11,2023,2023-11,Night
6114,Chicago,2021-09-02,16:03,High,Rain,Dry,4,45.9845,-86.248,16,9,2021,2021-09,Day
6115,Chicago,2021-02-20,18:30,Low,Rain,Wet,2,41.6952,-71.8881,18,2,2021,2021-02,Night
6116,Columbus,2022-11-06,17:59,High,Clear,Slippery,1,30.4216,-110.2257,17,11,2022,2022-11,Day
6117,Columbus,2023-04-17,18:23,Low,Clear,Dry,5,30.0459,-103.4896,18,4,2023,2023-04,Night
6118,Phoenix,2023-05-07,16:35,Low,Cloudy,Icy,4,36.0839,-113.7905,16,5,2023,2023-05,Day
6119,Philadelphia,2021-04-20,10:59,Medium,Clear,Wet,3,28.2595,-78.02,10,4,2021,2021-04,Day
6120,Chicago,2023-02-09,18:27,Low,Clear,Wet,5,44.7538,-113.5589,18,2,2023,2023-02,Night
6121,Charlotte,2022-06-19,01:13,Medium,Cloudy,Dry,3,40.9559,-73.6278,1,6,2022,2022-06,Night
6122,Phoenix,2022-09-20,00:25,Medium,Fog,Dry,2,28.7151,-112.1812,0,9,2022,2022-09,Night
6123,Charlotte,2022-04-21,00:40,Low,Clear,Wet,5,36.2551,-116.1038,0,4,2022,2022-04,Night
6124,Los Angeles,2022-01-24,15:46,Low,Clear,Wet,3,47.2248,-89.3896,15,1,2022,2022-01,Day
6125,Los Angeles,2022-12-01,13:52,Low,Clear,Dry,1,26.7531,-79.2837,13,12,2022,2022-12,Day
6126,Jacksonville,2021-05-24,15:56,High,Fog,Slippery,4,40.5759,-71.2453,15,5,2021,2021-05,Day
6127,New York,2023-04-27,16:34,High,Fog,Dry,3,26.0676,-88.5082,16,4,2023,2023-04,Day
6128,Los Angeles,2023-09-27,09:02,Low,Fog,Dry,4,44.123,-118.6745,9,9,2023,2023-09,Day
6129,Chicago,2022-04-04,07:33,Medium,Cloudy,Dry,2,34.7147,-79.0716,7,4,2022,2022-04,Day
6130,Los Angeles,2021-01-11,22:56,Low,Snow,Wet,1,36.4498,-92.166,22,1,2021,2021-01,Night
6131,New York,2021-10-02,23:06,Medium,Hail,Wet,2,25.6291,-85.5751,23,10,2021,2021-10,Night
6132,New York,2021-06-01,01:29,Low,Cloudy,Wet,3,35.5743,-76.9025,1,6,2021,2021-06,Night
6133,Chicago,2023-05-10,17:45,Low,Hail,Dry,5,30.8784,-92.0118,17,5,2023,2023-05,Day
6134,Phoenix,2023-07-12,12:32,Medium,Clear,Icy,4,43.3689,-78.9189,12,7,2023,2023-07,Day
6135,Chicago,2022-10-28,14:39,Medium,Clear,Slippery,4,29.7785,-110.5802,14,10,2022,2022-10,Day
6136,New York,2021-01-21,03:46,Medium,Clear,Dry,2,30.4181,-70.1281,3,1,2021,2021-01,Night
6137,San Diego,2021-12-28,11:47,Low,Clear,Dry,5,43.5714,-80.2047,11,12,2021,2021-12,Day
6138,New York,2022-08-14,01:00,Low,Clear,Dry,5,27.3485,-96.2578,1,8,2022,2022-08,Night
6139,Chicago,2022-08-22,06:24,High,Rain,Dry,4,25.8561,-108.4429,6,8,2022,2022-08,Day
6140,Los Angeles,2022-04-28,16:30,High,Fog,Dry,2,33.596,-109.5514,16,4,2022,2022-04,Day
6141,Houston,2022-10-20,11:16,Low,Clear,Wet,3,35.5386,-73.9444,11,10,2022,2022-10,Day
6142,Phoenix,2023-03-04,03:39,Medium,Cloudy,Wet,5,46.8449,-74.2726,3,3,2023,2023-03,Night
6143,Los Angeles,2021-11-12,12:38,Medium,Clear,Dry,5,43.0833,-102.7166,12,11,2021,2021-11,Day
6144,Indianapolis,2022-09-01,05:19,High,Snow,Dry,1,37.6978,-101.8951,5,9,2022,2022-09,Night
6145,San Antonio,2023-01-26,09:17,Low,Clear,Wet,5,43.9637,-72.2075,9,1,2023,2023-01,Day
6146,Columbus,2023-01-09,11:58,Low,Clear,Dry,1,42.3603,-104.9515,11,1,2023,2023-01,Day
6147,Chicago,2022-01-02,16:56,Medium,Clear,Dry,2,38.6522,-79.8618,16,1,2022,2022-01,Day
6148,Dallas,2021-12-16,02:09,Medium,Fog,Dry,3,30.1169,-112.949,2,12,2021,2021-12,Night
6149,Chicago,2021-02-20,14:08,High,Clear,Wet,3,35.6541,-84.1721,14,2,2021,2021-02,Day
6150,San Diego,2023-08-31,08:07,Low,Clear,Dry,4,30.1956,-96.3628,8,8,2023,2023-08,Day
6151,Phoenix,2022-03-11,12:04,Medium,Rain,Wet,5,33.276,-83.3079,12,3,2022,2022-03,Day
6152,Chicago,2023-01-15,21:10,Low,Clear,Dry,5,38.1225,-115.764,21,1,2023,2023-01,Night
6153,Los Angeles,2022-07-08,06:18,High,Clear,Wet,2,45.4677,-109.7653,6,7,2022,2022-07,Day
6154,Houston,2023-11-16,10:48,Low,Snow,Wet,3,31.9058,-113.9812,10,11,2023,2023-11,Day
6155,Chicago,2021-04-13,15:43,Low,Fog,Dry,4,38.2014,-119.4646,15,4,2021,2021-04,Day
6156,Phoenix,2022-10-31,22:01,Low,Clear,Wet,5,31.6306,-107.8794,22,10,2022,2022-10,Night
6157,Dallas,2021-01-14,16:57,Medium,Hail,Wet,3,30.4954,-119.6124,16,1,2021,2021-01,Day
6158,Phoenix,2022-06-05,13:46,Low,Rain,Slippery,4,37.6127,-74.6882,13,6,2022,2022-06,Day
6159,Phoenix,2021-04-22,11:52,Low,Windy,Dry,3,33.3441,-89.0078,11,4,2021,2021-04,Day
6160,Los Angeles,2021-04-19,07:17,High,Clear,Dry,2,34.8397,-109.2789,7,4,2021,2021-04,Day
6161,Columbus,2022-04-06,10:09,Low,Clear,Dry,5,36.9497,-89.341,10,4,2022,2022-04,Day
6162,Chicago,2022-08-13,12:25,High,Rain,Dry,5,34.7287,-76.9213,12,8,2022,2022-08,Day
6163,Houston,2022-02-09,10:07,High,Clear,Dry,4,47.1569,-77.8116,10,2,2022,2022-02,Day
6164,San Diego,2021-03-23,09:21,Low,Windy,Icy,2,26.8543,-70.6498,9,3,2021,2021-03,Day
6165,Dallas,2022-03-10,05:09,Medium,Rain,Dry,1,29.9887,-96.567,5,3,2022,2022-03,Night
6166,Philadelphia,2022-01-27,21:58,High,Cloudy,Wet,5,38.832,-79.2679,21,1,2022,2022-01,Night
6167,Houston,2021-07-12,20:44,Medium,Rain,Dry,4,44.8308,-73.0447,20,7,2021,2021-07,Night
6168,Charlotte,2023-11-10,17:19,High,Cloudy,Dry,1,38.7404,-110.8822,17,11,2023,2023-11,Day
6169,Phoenix,2023-12-27,05:11,Medium,Rain,Dry,3,26.2527,-106.146,5,12,2023,2023-12,Night
6170,Phoenix,2022-04-17,09:39,Medium,Rain,Dry,3,30.7072,-105.5389,9,4,2022,2022-04,Day
6171,Indianapolis,2022-03-16,20:11,Medium,Clear,Icy,3,42.7242,-87.3601,20,3,2022,2022-03,Night
6172,Houston,2023-01-26,14:36,High,Clear,Dry,2,25.8118,-121.4326,14,1,2023,2023-01,Day
6173,Indianapolis,2021-10-05,11:34,High,Clear,Dry,2,36.6724,-105.1892,11,10,2021,2021-10,Day
6174,Chicago,2023-01-16,11:03,Medium,Clear,Wet,4,44.5112,-73.8985,11,1,2023,2023-01,Day
6175,Austin,2021-07-07,10:24,Low,Clear,Dry,4,42.5302,-121.8388,10,7,2021,2021-07,Day
6176,New York,2022-06-11,16:44,Low,Clear,Wet,2,39.8174,-101.5625,16,6,2022,2022-06,Day
6177,Charlotte,2022-07-19,16:12,Medium,Rain,Icy,5,38.6307,-72.9139,16,7,2022,2022-07,Day
6178,Phoenix,2022-06-29,07:09,Medium,Clear,Dry,5,46.5019,-121.6525,7,6,2022,2022-06,Day
6179,Houston,2022-04-18,12:22,Low,Cloudy,Dry,3,29.4043,-106.0156,12,4,2022,2022-04,Day
6180,San Jose,2021-06-01,16:01,High,Clear,Dry,3,29.0703,-74.4864,16,6,2021,2021-06,Day
6181,Houston,2021-05-28,19:28,Medium,Clear,Dry,2,33.5845,-91.7264,19,5,2021,2021-05,Night
6182,Chicago,2023-08-23,15:18,Low,Fog,Dry,3,29.0169,-96.8286,15,8,2023,2023-08,Day
6183,Los Angeles,2021-12-26,23:31,High,Rain,Dry,5,30.8928,-87.7127,23,12,2021,2021-12,Night
6184,Philadelphia,2022-08-12,23:30,Medium,Hail,Dry,4,36.0372,-99.2933,23,8,2022,2022-08,Night
6185,San Jose,2023-05-06,14:18,Medium,Rain,Wet,5,38.783,-118.082,14,5,2023,2023-05,Day
6186,Dallas,2021-11-09,12:15,Medium,Clear,Slippery,3,26.992,-103.7791,12,11,2021,2021-11,Day
6187,Los Angeles,2022-12-06,00:29,Medium,Clear,Dry,5,35.9617,-110.4667,0,12,2022,2022-12,Night
6188,Jacksonville,2023-11-19,07:17,High,Rain,Wet,4,26.3685,-90.0184,7,11,2023,2023-11,Day
6189,Chicago,2022-04-19,09:58,High,Snow,Icy,3,33.8077,-96.9904,9,4,2022,2022-04,Day
6190,New York,2023-06-07,20:36,Low,Clear,Slippery,3,27.9235,-113.3988,20,6,2023,2023-06,Night
6191,Philadelphia,2021-06-01,23:40,Low,Fog,Dry,5,37.2485,-113.4747,23,6,2021,2021-06,Night
6192,Philadelphia,2023-05-22,19:46,Medium,Clear,Wet,2,30.3405,-109.6672,19,5,2023,2023-05,Night
6193,San Diego,2023-01-31,06:15,Low,Clear,Dry,3,38.2337,-80.6244,6,1,2023,2023-01,Day
6194,New York,2023-01-11,13:13,Medium,Rain,Dry,1,47.8577,-88.0115,13,1,2023,2023-01,Day
6195,Jacksonville,2021-11-21,09:03,Low,Rain,Dry,3,29.1515,-110.4125,9,11,2021,2021-11,Day
6196,Dallas,2023-01-04,12:17,Medium,Windy,Icy,1,47.9726,-99.0372,12,1,2023,2023-01,Day
6197,New York,2022-04-20,18:12,Medium,Rain,Dry,5,35.4778,-102.8188,18,4,2022,2022-04,Night
6198,Chicago,2023-12-23,06:53,Medium,Clear,Slippery,3,32.7225,-87.0131,6,12,2023,2023-12,Day
6199,San Jose,2021-07-10,19:09,Low,Clear,Icy,4,26.2186,-116.0861,19,7,2021,2021-07,Night
6200,Charlotte,2021-07-10,10:30,Low,Hail,Icy,2,38.9686,-70.7861,10,7,2021,2021-07,Day
6201,Philadelphia,2022-08-05,11:06,Medium,Clear,Dry,3,45.2119,-116.8788,11,8,2022,2022-08,Day
6202,Jacksonville,2021-02-01,18:17,Low,Clear,Dry,1,40.2892,-90.5196,18,2,2021,2021-02,Night
6203,Houston,2021-11-23,01:56,Medium,Rain,Wet,5,25.8578,-89.269,1,11,2021,2021-11,Night
6204,San Antonio,2023-08-07,16:50,Low,Rain,Dry,1,27.4219,-76.0047,16,8,2023,2023-08,Day
6205,Charlotte,2021-02-15,22:42,Medium,Fog,Dry,3,40.964,-73.6102,22,2,2021,2021-02,Night
6206,New York,2021-09-04,12:31,High,Clear,Dry,5,37.0971,-99.6315,12,9,2021,2021-09,Day
6207,Philadelphia,2023-10-06,19:34,Low,Clear,Dry,2,47.2026,-70.3326,19,10,2023,2023-10,Night
6208,Chicago,2023-01-23,07:33,Medium,Snow,Dry,3,46.8019,-107.0006,7,1,2023,2023-01,Day
6209,Houston,2021-06-20,17:01,Medium,Rain,Dry,5,37.7215,-117.2612,17,6,2021,2021-06,Day
6210,Jacksonville,2023-02-19,17:49,High,Rain,Dry,5,47.7308,-92.9062,17,2,2023,2023-02,Day
6211,San Antonio,2022-10-19,06:16,Medium,Clear,Dry,1,41.004,-102.2065,6,10,2022,2022-10,Day
6212,Los Angeles,2022-10-11,10:08,High,Hail,Icy,3,47.1762,-86.3092,10,10,2022,2022-10,Day
6213,San Diego,2022-02-07,16:49,Medium,Clear,Dry,2,43.7029,-88.9759,16,2,2022,2022-02,Day
6214,New York,2022-12-25,13:02,Medium,Clear,Dry,2,28.8722,-107.9129,13,12,2022,2022-12,Day
6215,San Jose,2021-05-08,07:33,High,Rain,Wet,2,26.0175,-94.063,7,5,2021,2021-05,Day
6216,Charlotte,2022-08-29,18:25,Low,Clear,Dry,2,41.9621,-100.0302,18,8,2022,2022-08,Night
6217,Charlotte,2021-11-25,07:49,Medium,Fog,Dry,4,28.8675,-77.4207,7,11,2021,2021-11,Day
6218,Houston,2023-01-07,08:45,Medium,Clear,Under Construction,4,34.1287,-102.8327,8,1,2023,2023-01,Day
6219,New York,2022-07-16,20:41,High,Rain,Under Construction,2,35.5067,-87.3608,20,7,2022,2022-07,Night
6220,Indianapolis,2023-08-26,18:23,High,Cloudy,Slippery,5,29.6862,-84.6628,18,8,2023,2023-08,Night
6221,New York,2021-10-12,15:33,Medium,Cloudy,Dry,5,40.8493,-96.6181,15,10,2021,2021-10,Day
6222,San Antonio,2022-09-04,07:46,Low,Rain,Dry,2,35.3956,-89.9791,7,9,2022,2022-09,Day
6223,Charlotte,2021-03-01,03:48,Low,Clear,Wet,5,37.8037,-113.2249,3,3,2021,2021-03,Night
6224,Charlotte,2022-03-14,15:36,Medium,Clear,Wet,4,35.9501,-77.195,15,3,2022,2022-03,Day
6225,Dallas,2022-10-10,17:57,Medium,Windy,Dry,1,26.0219,-72.3405,17,10,2022,2022-10,Day
6226,New York,2022-03-21,19:06,Low,Clear,Wet,3,43.7876,-120.1521,19,3,2022,2022-03,Night
6227,Austin,2022-01-13,23:21,Medium,Clear,Dry,5,36.8433,-116.3912,23,1,2022,2022-01,Night
6228,New York,2023-11-19,20:34,Medium,Clear,Slippery,1,31.9407,-93.8561,20,11,2023,2023-11,Night
6229,Chicago,2022-03-21,20:59,High,Clear,Icy,5,28.0364,-96.3083,20,3,2022,2022-03,Night
6230,Philadelphia,2023-01-04,17:38,Medium,Rain,Under Construction,1,38.683,-96.3522,17,1,2023,2023-01,Day
6231,San Jose,2023-11-03,15:44,Medium,Clear,Wet,2,28.9267,-113.1086,15,11,2023,2023-11,Day
6232,Los Angeles,2023-03-28,22:16,Low,Clear,Dry,4,27.1526,-85.7796,22,3,2023,2023-03,Night
6233,Chicago,2023-09-22,10:24,High,Rain,Icy,1,47.2565,-100.8233,10,9,2023,2023-09,Day
6234,Chicago,2021-06-23,21:17,Low,Clear,Dry,1,28.6103,-88.8858,21,6,2021,2021-06,Night
6235,New York,2021-08-23,19:06,Medium,Rain,Dry,1,25.5284,-73.2361,19,8,2021,2021-08,Night
6236,Dallas,2023-03-30,16:58,Medium,Clear,Dry,3,35.7864,-83.9804,16,3,2023,2023-03,Day
6237,New York,2021-11-17,04:12,Low,Snow,Slippery,2,31.4685,-110.8533,4,11,2021,2021-11,Night
6238,New York,2023-01-02,18:19,Low,Clear,Wet,4,31.5639,-72.6341,18,1,2023,2023-01,Night
6239,Charlotte,2023-03-18,18:45,Low,Clear,Under Construction,4,45.8712,-114.8496,18,3,2023,2023-03,Night
6240,Phoenix,2023-10-05,17:04,Medium,Rain,Dry,1,32.1,-101.7563,17,10,2023,2023-10,Day
6241,Charlotte,2021-02-05,08:18,Medium,Rain,Wet,1,40.3409,-86.6529,8,2,2021,2021-02,Day
6242,Jacksonville,2022-02-14,09:09,Low,Clear,Dry,3,25.5689,-87.8821,9,2,2022,2022-02,Day
6243,San Diego,2021-06-08,20:27,High,Rain,Icy,1,36.3761,-112.0338,20,6,2021,2021-06,Night
6244,Los Angeles,2022-03-31,20:18,Low,Fog,Wet,2,31.8458,-119.0486,20,3,2022,2022-03,Night
6245,New York,2022-09-01,17:36,High,Clear,Dry,1,34.6867,-76.0539,17,9,2022,2022-09,Day
6246,Jacksonville,2021-04-12,19:17,High,Fog,Dry,2,31.0629,-108.1632,19,4,2021,2021-04,Night
6247,Dallas,2022-07-30,19:57,Medium,Clear,Dry,4,30.0188,-96.9834,19,7,2022,2022-07,Night
6248,New York,2023-10-23,03:05,High,Clear,Dry,4,33.2039,-91.9302,3,10,2023,2023-10,Night
6249,Houston,2023-09-05,16:38,High,Rain,Dry,4,40.1782,-96.2062,16,9,2023,2023-09,Day
6250,Los Angeles,2023-03-24,21:51,Medium,Clear,Dry,5,27.3734,-74.3217,21,3,2023,2023-03,Night
6251,Los Angeles,2022-07-25,21:13,Medium,Clear,Dry,3,42.0868,-111.6207,21,7,2022,2022-07,Night
6252,Dallas,2021-10-06,20:18,Low,Rain,Dry,4,27.187,-121.1512,20,10,2021,2021-10,Night
6253,New York,2023-11-19,08:39,Low,Snow,Dry,5,47.0023,-112.0211,8,11,2023,2023-11,Day
6254,Houston,2023-01-20,05:18,Low,Rain,Dry,2,36.0693,-103.6219,5,1,2023,2023-01,Night
6255,New York,2023-07-26,15:02,Medium,Rain,Icy,1,25.3916,-119.4292,15,7,2023,2023-07,Day
6256,San Antonio,2023-01-04,03:57,Low,Cloudy,Dry,3,31.2649,-71.9583,3,1,2023,2023-01,Night
6257,Indianapolis,2021-08-18,08:27,Low,Fog,Wet,3,29.0309,-84.1412,8,8,2021,2021-08,Day
6258,Chicago,2021-03-31,17:35,Low,Cloudy,Under Construction,1,28.3328,-82.621,17,3,2021,2021-03,Day
6259,Philadelphia,2021-07-18,11:58,Medium,Snow,Wet,5,42.833,-74.5235,11,7,2021,2021-07,Day
6260,New York,2021-05-24,16:28,Low,Clear,Icy,4,43.6328,-115.8598,16,5,2021,2021-05,Day
6261,San Jose,2021-06-26,06:30,Low,Rain,Wet,2,40.959,-111.5432,6,6,2021,2021-06,Day
6262,Los Angeles,2022-02-14,12:56,High,Rain,Wet,4,38.3295,-79.1927,12,2,2022,2022-02,Day
6263,Jacksonville,2023-05-07,11:19,High,Clear,Dry,3,45.6427,-100.7622,11,5,2023,2023-05,Day
6264,New York,2023-10-19,22:24,Medium,Rain,Dry,3,29.8065,-78.7003,22,10,2023,2023-10,Night
6265,Los Angeles,2022-06-12,11:55,Low,Rain,Dry,4,30.1441,-111.6607,11,6,2022,2022-06,Day
6266,Austin,2021-08-08,07:12,High,Clear,Wet,2,32.1371,-108.7323,7,8,2021,2021-08,Day
6267,New York,2023-02-20,11:24,Medium,Hail,Slippery,4,47.3768,-117.93,11,2,2023,2023-02,Day
6268,Los Angeles,2022-04-10,16:55,Medium,Clear,Icy,3,34.6391,-116.1318,16,4,2022,2022-04,Day
6269,Indianapolis,2021-09-26,00:45,Low,Rain,Dry,4,33.5623,-89.8078,0,9,2021,2021-09,Night
6270,Phoenix,2023-05-22,21:01,Medium,Cloudy,Slippery,2,33.4978,-111.0221,21,5,2023,2023-05,Night
6271,San Antonio,2022-05-16,22:58,Low,Clear,Dry,1,40.4936,-98.6854,22,5,2022,2022-05,Night
6272,New York,2022-12-18,12:34,High,Clear,Wet,5,34.7932,-83.2059,12,12,2022,2022-12,Day
6273,Columbus,2023-02-09,06:12,Medium,Fog,Dry,1,46.2177,-121.7643,6,2,2023,2023-02,Day
6274,San Antonio,2022-02-26,03:47,Medium,Clear,Dry,5,32.2165,-71.1293,3,2,2022,2022-02,Night
6275,Houston,2022-05-24,12:25,Low,Cloudy,Icy,4,42.2182,-86.1278,12,5,2022,2022-05,Day
6276,Philadelphia,2023-03-24,09:34,Low,Rain,Dry,1,29.1764,-107.0582,9,3,2023,2023-03,Day
6277,Dallas,2023-01-05,16:51,High,Clear,Dry,4,47.6698,-95.3894,16,1,2023,2023-01,Day
6278,Columbus,2021-11-02,21:34,Low,Clear,Dry,5,42.4702,-102.1393,21,11,2021,2021-11,Night
6279,San Diego,2022-08-25,04:35,Low,Rain,Slippery,4,31.4534,-117.9096,4,8,2022,2022-08,Night
6280,Indianapolis,2022-05-06,11:33,Low,Snow,Icy,3,44.8961,-107.2334,11,5,2022,2022-05,Day
6281,San Jose,2021-09-25,08:20,Medium,Rain,Dry,5,30.6989,-80.4299,8,9,2021,2021-09,Day
6282,New York,2023-03-09,02:44,Medium,Rain,Dry,5,27.5219,-114.8595,2,3,2023,2023-03,Night
6283,Dallas,2022-08-29,13:44,Medium,Rain,Dry,3,43.5077,-100.1793,13,8,2022,2022-08,Day
6284,New York,2021-01-31,20:42,Medium,Cloudy,Dry,4,33.2937,-112.4854,20,1,2021,2021-01,Night
6285,Austin,2022-09-29,21:07,Low,Rain,Dry,3,36.9528,-70.6172,21,9,2022,2022-09,Night
6286,Philadelphia,2021-09-24,13:07,Medium,Rain,Under Construction,1,39.3457,-91.4575,13,9,2021,2021-09,Day
6287,Houston,2021-08-15,19:14,Low,Clear,Dry,1,27.7454,-95.8714,19,8,2021,2021-08,Night
6288,Dallas,2022-08-04,20:02,Low,Clear,Icy,1,37.8016,-71.6679,20,8,2022,2022-08,Night
6289,Chicago,2021-06-30,17:50,Medium,Clear,Wet,5,28.0715,-87.5457,17,6,2021,2021-06,Day
6290,Dallas,2022-06-14,17:58,High,Hail,Wet,5,44.4616,-108.2391,17,6,2022,2022-06,Day
6291,Indianapolis,2022-10-30,16:05,High,Snow,Wet,3,27.6654,-116.322,16,10,2022,2022-10,Day
6292,Charlotte,2023-09-05,21:48,High,Snow,Slippery,4,42.261,-83.3288,21,9,2023,2023-09,Night
6293,Phoenix,2023-03-13,11:54,Medium,Rain,Dry,1,41.3098,-111.972,11,3,2023,2023-03,Day
6294,Dallas,2023-07-18,18:41,Low,Clear,Wet,1,41.8526,-114.8604,18,7,2023,2023-07,Night
6295,Phoenix,2022-03-25,23:23,Medium,Hail,Slippery,4,47.6897,-89.8043,23,3,2022,2022-03,Night
6296,Jacksonville,2022-11-09,06:50,High,Hail,Wet,3,33.6095,-108.239,6,11,2022,2022-11,Day
6297,Houston,2023-01-20,11:36,Low,Fog,Wet,5,47.7181,-89.5224,11,1,2023,2023-01,Day
6298,Charlotte,2023-11-26,22:49,Low,Clear,Dry,4,36.0998,-120.2693,22,11,2023,2023-11,Night
6299,Philadelphia,2023-01-18,16:50,Low,Snow,Slippery,3,28.1292,-78.2415,16,1,2023,2023-01,Day
6300,Dallas,2022-10-21,10:32,Medium,Clear,Icy,5,27.5446,-90.779,10,10,2022,2022-10,Day
6301,San Diego,2023-04-04,13:15,Medium,Rain,Dry,4,42.1666,-114.4018,13,4,2023,2023-04,Day
6302,Houston,2021-04-15,00:04,Medium,Snow,Dry,3,45.1319,-97.1962,0,4,2021,2021-04,Night
6303,Columbus,2023-05-31,08:38,Medium,Clear,Slippery,2,26.623,-103.9075,8,5,2023,2023-05,Day
6304,Phoenix,2023-05-17,16:53,Medium,Fog,Dry,3,43.7813,-119.3529,16,5,2023,2023-05,Day
6305,Los Angeles,2021-02-03,08:25,High,Clear,Wet,2,33.8775,-95.4093,8,2,2021,2021-02,Day
6306,Charlotte,2021-08-27,17:21,Low,Hail,Dry,1,37.2229,-93.3128,17,8,2021,2021-08,Day
6307,Los Angeles,2022-11-11,15:11,Medium,Rain,Wet,4,28.6084,-107.822,15,11,2022,2022-11,Day
6308,Columbus,2023-05-05,05:15,Low,Fog,Slippery,5,28.9694,-94.5368,5,5,2023,2023-05,Night
6309,New York,2021-02-27,19:23,Low,Rain,Wet,5,35.2327,-104.3878,19,2,2021,2021-02,Night
6310,Houston,2021-02-11,16:03,High,Windy,Dry,4,40.1802,-118.2669,16,2,2021,2021-02,Day
6311,Austin,2021-12-22,17:14,High,Clear,Dry,3,39.3968,-112.5161,17,12,2021,2021-12,Day
6312,New York,2022-06-17,16:50,Medium,Snow,Wet,1,27.6116,-93.2719,16,6,2022,2022-06,Day
6313,Columbus,2021-08-23,08:01,High,Cloudy,Wet,2,27.5587,-82.0424,8,8,2021,2021-08,Day
6314,Austin,2022-10-25,16:53,Low,Clear,Slippery,2,31.0466,-80.8089,16,10,2022,2022-10,Day
6315,Philadelphia,2021-04-23,19:35,Low,Fog,Dry,1,45.7957,-77.3274,19,4,2021,2021-04,Night
6316,Chicago,2023-09-27,20:49,High,Clear,Slippery,1,33.833,-121.4818,20,9,2023,2023-09,Night
6317,Columbus,2021-04-19,21:45,Medium,Clear,Dry,1,37.4291,-112.7442,21,4,2021,2021-04,Night
6318,Dallas,2022-07-19,02:44,Medium,Fog,Dry,5,25.4664,-111.4887,2,7,2022,2022-07,Night
6319,San Jose,2023-11-24,23:56,Low,Clear,Dry,2,44.8767,-99.4711,23,11,2023,2023-11,Night
6320,Los Angeles,2022-12-20,21:22,Low,Fog,Dry,3,26.8152,-76.3188,21,12,2022,2022-12,Night
6321,Philadelphia,2021-08-01,07:46,Low,Snow,Dry,2,32.5427,-88.9258,7,8,2021,2021-08,Day
6322,Jacksonville,2023-08-25,09:13,Medium,Hail,Dry,5,37.562,-100.7901,9,8,2023,2023-08,Day
6323,Los Angeles,2023-04-19,22:39,Medium,Rain,Icy,4,26.1877,-90.4303,22,4,2023,2023-04,Night
6324,Chicago,2022-03-17,20:39,Medium,Rain,Dry,1,29.1498,-89.1287,20,3,2022,2022-03,Night
6325,Austin,2022-06-02,20:52,Medium,Hail,Dry,2,25.1138,-88.0869,20,6,2022,2022-06,Night
6326,Jacksonville,2022-09-25,11:54,Low,Rain,Wet,2,43.6087,-109.8392,11,9,2022,2022-09,Day
6327,New York,2023-09-11,19:30,High,Clear,Dry,3,46.1753,-120.3559,19,9,2023,2023-09,Night
6328,Jacksonville,2021-11-03,15:00,High,Rain,Dry,5,47.9935,-120.3581,15,11,2021,2021-11,Day
6329,Philadelphia,2021-05-29,19:57,Medium,Clear,Wet,2,35.8738,-119.1387,19,5,2021,2021-05,Night
6330,New York,2021-08-15,04:29,Medium,Clear,Wet,3,30.8711,-77.4248,4,8,2021,2021-08,Night
6331,San Diego,2022-04-17,18:53,Low,Rain,Dry,1,37.9454,-81.1522,18,4,2022,2022-04,Night
6332,New York,2021-06-05,22:05,Low,Fog,Wet,2,34.2462,-75.2836,22,6,2021,2021-06,Night
6333,New York,2023-12-12,16:08,Low,Clear,Icy,2,40.65,-76.9397,16,12,2023,2023-12,Day
6334,Philadelphia,2021-01-01,00:32,Medium,Hail,Dry,4,31.8626,-81.0639,0,1,2021,2021-01,Night
6335,Houston,2022-09-24,09:57,Low,Rain,Dry,4,43.1479,-71.8401,9,9,2022,2022-09,Day
6336,Los Angeles,2022-01-24,06:48,Low,Clear,Wet,1,41.5853,-96.403,6,1,2022,2022-01,Day
6337,Charlotte,2021-10-21,13:55,Medium,Clear,Wet,5,41.612,-109.6841,13,10,2021,2021-10,Day
6338,New York,2023-08-24,13:05,Medium,Snow,Dry,2,42.9986,-70.8447,13,8,2023,2023-08,Day
6339,Los Angeles,2022-10-15,20:37,Low,Rain,Dry,3,40.3454,-89.4601,20,10,2022,2022-10,Night
6340,Phoenix,2022-07-16,03:01,High,Clear,Slippery,2,30.2282,-98.1786,3,7,2022,2022-07,Night
6341,New York,2023-12-05,14:05,High,Clear,Icy,1,35.1023,-77.5266,14,12,2023,2023-12,Day
6342,Philadelphia,2021-03-07,10:49,Low,Clear,Wet,4,47.8644,-119.656,10,3,2021,2021-03,Day
6343,Houston,2021-10-23,11:44,Medium,Rain,Under Construction,4,41.4511,-115.1891,11,10,2021,2021-10,Day
6344,Houston,2023-02-04,20:37,Low,Snow,Dry,1,29.0483,-89.0198,20,2,2023,2023-02,Night
6345,Phoenix,2022-03-16,22:50,Low,Rain,Dry,1,47.4441,-115.9748,22,3,2022,2022-03,Night
6346,San Diego,2023-06-12,07:24,Low,Rain,Wet,4,30.2636,-113.2063,7,6,2023,2023-06,Day
6347,Los Angeles,2021-05-01,17:16,Medium,Fog,Dry,4,43.9495,-89.2148,17,5,2021,2021-05,Day
6348,Philadelphia,2023-04-06,23:33,High,Hail,Wet,2,47.6322,-118.3436,23,4,2023,2023-04,Night
6349,Dallas,2021-06-07,17:52,Low,Clear,Dry,2,27.1839,-90.5402,17,6,2021,2021-06,Day
6350,Philadelphia,2022-03-07,10:44,Low,Clear,Dry,1,31.5139,-100.4359,10,3,2022,2022-03,Day
6351,Chicago,2022-06-13,02:49,Medium,Cloudy,Dry,1,34.3087,-110.7821,2,6,2022,2022-06,Night
6352,Dallas,2023-05-20,18:45,Low,Fog,Icy,4,26.2643,-118.7551,18,5,2023,2023-05,Night
6353,Los Angeles,2022-03-25,12:01,High,Clear,Icy,1,28.0517,-74.6933,12,3,2022,2022-03,Day
6354,Houston,2023-05-22,19:43,Low,Rain,Wet,5,42.6455,-100.2234,19,5,2023,2023-05,Night
6355,Philadelphia,2021-01-14,18:46,Medium,Rain,Dry,5,36.5476,-99.1752,18,1,2021,2021-01,Night
6356,Phoenix,2021-10-16,09:03,Low,Hail,Wet,4,45.0388,-114.414,9,10,2021,2021-10,Day
6357,San Jose,2023-02-16,19:27,High,Cloudy,Dry,5,32.2474,-77.2381,19,2,2023,2023-02,Night
6358,Dallas,2023-06-13,22:05,Medium,Clear,Dry,5,32.42,-107.9063,22,6,2023,2023-06,Night
6359,Chicago,2021-05-19,18:44,Low,Cloudy,Icy,5,28.8762,-116.2548,18,5,2021,2021-05,Night
6360,Indianapolis,2023-06-23,05:38,Low,Clear,Dry,5,34.6359,-118.8734,5,6,2023,2023-06,Night
6361,Dallas,2023-06-01,14:54,Medium,Rain,Slippery,1,42.7509,-108.7257,14,6,2023,2023-06,Day
6362,New York,2022-10-08,21:29,Low,Rain,Wet,5,41.2065,-111.1428,21,10,2022,2022-10,Night
6363,New York,2021-07-04,08:53,Medium,Hail,Slippery,2,47.5043,-88.6238,8,7,2021,2021-07,Day
6364,Chicago,2023-03-12,15:42,High,Rain,Wet,2,25.1759,-93.0564,15,3,2023,2023-03,Day
6365,Dallas,2021-06-14,21:31,Low,Clear,Dry,4,33.6931,-120.5586,21,6,2021,2021-06,Night
6366,Charlotte,2021-05-11,03:43,Medium,Rain,Wet,1,43.2382,-117.2386,3,5,2021,2021-05,Night
6367,Dallas,2022-02-20,18:36,Medium,Clear,Dry,4,42.7922,-106.4552,18,2,2022,2022-02,Night
6368,New York,2021-02-05,17:35,Medium,Clear,Dry,2,43.7334,-106.3577,17,2,2021,2021-02,Day
6369,Los Angeles,2022-02-20,12:04,Low,Clear,Wet,4,45.1252,-71.8645,12,2,2022,2022-02,Day
6370,New York,2023-12-13,22:43,Low,Clear,Wet,1,28.5779,-80.6977,22,12,2023,2023-12,Night
6371,Philadelphia,2022-05-07,19:13,Low,Clear,Dry,2,39.9473,-79.5285,19,5,2022,2022-05,Night
6372,San Jose,2023-11-02,16:38,Medium,Cloudy,Dry,4,33.4525,-72.6009,16,11,2023,2023-11,Day
6373,Philadelphia,2022-08-31,17:01,High,Clear,Dry,2,47.274,-104.4497,17,8,2022,2022-08,Day
6374,Phoenix,2022-07-13,18:12,Low,Clear,Dry,2,46.6395,-73.4004,18,7,2022,2022-07,Night
6375,Dallas,2023-11-16,20:16,Low,Fog,Dry,3,32.4458,-72.1571,20,11,2023,2023-11,Night
6376,Phoenix,2022-06-08,19:10,High,Cloudy,Dry,2,42.3047,-83.7066,19,6,2022,2022-06,Night
6377,Phoenix,2021-10-30,11:20,Medium,Clear,Dry,2,46.3378,-110.8949,11,10,2021,2021-10,Day
6378,Columbus,2022-12-14,12:51,High,Clear,Dry,2,36.3309,-73.0195,12,12,2022,2022-12,Day
6379,San Antonio,2023-05-12,13:44,Medium,Fog,Dry,2,42.0493,-102.7375,13,5,2023,2023-05,Day
6380,New York,2021-12-27,18:09,Low,Clear,Wet,5,37.6333,-87.5427,18,12,2021,2021-12,Night
6381,Philadelphia,2021-04-11,14:37,High,Clear,Wet,1,29.3296,-80.1178,14,4,2021,2021-04,Day
6382,Philadelphia,2021-06-18,16:38,High,Clear,Slippery,2,25.4112,-82.5768,16,6,2021,2021-06,Day
6383,Houston,2023-11-11,07:36,High,Fog,Wet,5,27.7417,-109.7165,7,11,2023,2023-11,Day
6384,Austin,2022-10-13,21:41,High,Clear,Under Construction,2,45.3115,-102.7987,21,10,2022,2022-10,Night
6385,Phoenix,2021-01-18,11:34,Medium,Rain,Under Construction,5,35.0197,-120.1176,11,1,2021,2021-01,Day
6386,New York,2023-04-16,15:36,Low,Clear,Dry,2,40.0899,-73.379,15,4,2023,2023-04,Day
6387,Dallas,2023-12-21,18:40,Low,Clear,Wet,5,29.2726,-81.83,18,12,2023,2023-12,Night
6388,New York,2021-03-01,20:36,Medium,Clear,Under Construction,2,46.3101,-88.6956,20,3,2021,2021-03,Night
6389,Chicago,2021-03-17,06:29,Medium,Fog,Icy,4,29.3752,-86.9973,6,3,2021,2021-03,Day
6390,Houston,2021-08-09,11:39,Medium,Clear,Wet,1,31.2825,-81.4282,11,8,2021,2021-08,Day
6391,Columbus,2022-07-10,14:16,High,Clear,Dry,5,43.7878,-78.1744,14,7,2022,2022-07,Day
6392,Los Angeles,2021-12-19,21:12,Low,Clear,Wet,1,26.6486,-97.3546,21,12,2021,2021-12,Night
6393,Indianapolis,2023-02-13,12:05,Low,Rain,Dry,5,40.3508,-73.414,12,2,2023,2023-02,Day
6394,Austin,2021-05-01,14:38,Medium,Rain,Dry,1,33.8354,-117.0125,14,5,2021,2021-05,Day
6395,San Diego,2021-01-30,21:10,High,Clear,Icy,5,34.6093,-102.3953,21,1,2021,2021-01,Night
6396,Chicago,2022-12-20,14:54,Low,Fog,Icy,3,25.5264,-87.0716,14,12,2022,2022-12,Day
6397,Austin,2022-08-15,08:01,Low,Rain,Under Construction,5,40.1285,-84.9153,8,8,2022,2022-08,Day
6398,Philadelphia,2023-03-20,18:04,Medium,Clear,Wet,4,34.2611,-72.4711,18,3,2023,2023-03,Night
6399,Houston,2023-06-05,17:50,Medium,Clear,Dry,5,38.3617,-97.2257,17,6,2023,2023-06,Day
6400,Los Angeles,2022-04-25,17:03,Low,Rain,Slippery,1,35.6986,-107.7016,17,4,2022,2022-04,Day
6401,Los Angeles,2023-06-16,19:16,Low,Clear,Wet,4,26.2348,-104.4259,19,6,2023,2023-06,Night
6402,Austin,2021-03-02,06:43,Low,Snow,Slippery,3,44.8776,-70.0417,6,3,2021,2021-03,Day
6403,Dallas,2021-07-02,23:30,High,Rain,Dry,4,40.9963,-116.9769,23,7,2021,2021-07,Night
6404,Los Angeles,2023-11-04,11:47,Medium,Clear,Dry,1,27.814,-83.2435,11,11,2023,2023-11,Day
6405,Chicago,2022-10-18,22:09,High,Clear,Dry,4,41.1621,-80.8815,22,10,2022,2022-10,Night
6406,Dallas,2022-11-21,13:32,Low,Clear,Dry,3,28.0924,-83.0156,13,11,2022,2022-11,Day
6407,Houston,2021-06-29,06:26,Medium,Rain,Dry,3,26.0627,-81.4159,6,6,2021,2021-06,Day
6408,Austin,2021-07-08,10:28,Medium,Clear,Wet,1,43.8973,-86.1893,10,7,2021,2021-07,Day
6409,Chicago,2021-09-16,13:41,High,Fog,Dry,2,42.2517,-91.3233,13,9,2021,2021-09,Day
6410,Philadelphia,2023-12-13,07:34,Low,Clear,Dry,2,43.2941,-108.3165,7,12,2023,2023-12,Day
6411,New York,2022-04-23,11:46,Medium,Snow,Dry,5,42.4581,-105.4982,11,4,2022,2022-04,Day
6412,Jacksonville,2022-07-28,13:14,Low,Rain,Dry,4,29.2562,-108.2655,13,7,2022,2022-07,Day
6413,New York,2023-07-22,16:12,Medium,Snow,Wet,4,26.7044,-109.1159,16,7,2023,2023-07,Day
6414,Dallas,2023-05-19,12:06,Medium,Clear,Dry,2,44.1073,-99.1754,12,5,2023,2023-05,Day
6415,Charlotte,2023-07-15,13:44,Low,Clear,Icy,3,46.0983,-93.8933,13,7,2023,2023-07,Day
6416,Los Angeles,2023-04-28,06:25,Low,Clear,Icy,1,34.1651,-115.365,6,4,2023,2023-04,Day
6417,San Jose,2023-11-02,13:20,High,Fog,Wet,1,44.3864,-107.2974,13,11,2023,2023-11,Day
6418,Dallas,2021-05-19,19:50,Medium,Rain,Wet,3,35.5595,-85.0809,19,5,2021,2021-05,Night
6419,Dallas,2021-05-22,17:25,High,Hail,Wet,5,29.7066,-91.7643,17,5,2021,2021-05,Day
6420,San Diego,2022-01-19,13:34,Low,Rain,Dry,4,38.3762,-90.9404,13,1,2022,2022-01,Day
6421,Philadelphia,2023-09-25,18:59,Medium,Clear,Dry,5,36.7657,-109.8047,18,9,2023,2023-09,Night
6422,New York,2022-05-14,14:56,High,Clear,Slippery,3,25.1256,-83.3513,14,5,2022,2022-05,Day
6423,San Diego,2021-06-17,16:50,Medium,Fog,Dry,4,36.0814,-76.5087,16,6,2021,2021-06,Day
6424,Los Angeles,2022-10-21,12:56,Medium,Clear,Slippery,3,25.5167,-106.1332,12,10,2022,2022-10,Day
6425,Jacksonville,2023-02-22,13:33,High,Clear,Slippery,1,42.2967,-75.4827,13,2,2023,2023-02,Day
6426,Los Angeles,2022-11-10,09:18,Low,Rain,Wet,2,30.1626,-80.5038,9,11,2022,2022-11,Day
6427,Indianapolis,2022-03-29,17:55,High,Snow,Slippery,3,29.428,-95.8281,17,3,2022,2022-03,Day
6428,Los Angeles,2023-11-19,05:07,Medium,Snow,Dry,3,38.9735,-94.1571,5,11,2023,2023-11,Night
6429,Dallas,2022-08-30,19:50,Medium,Rain,Dry,4,30.1264,-86.2705,19,8,2022,2022-08,Night
6430,Chicago,2022-11-21,08:29,High,Clear,Dry,4,28.1543,-79.1314,8,11,2022,2022-11,Day
6431,Philadelphia,2022-10-13,19:43,High,Clear,Dry,2,28.4531,-96.2074,19,10,2022,2022-10,Night
6432,Charlotte,2021-03-14,08:41,Medium,Clear,Icy,2,35.671,-76.4362,8,3,2021,2021-03,Day
6433,Chicago,2021-02-04,05:34,Medium,Clear,Under Construction,2,38.164,-109.9984,5,2,2021,2021-02,Night
6434,Houston,2023-01-12,11:02,Medium,Clear,Under Construction,1,25.8726,-85.2051,11,1,2023,2023-01,Day
6435,Austin,2023-12-22,07:08,Low,Rain,Wet,1,30.0586,-89.341,7,12,2023,2023-12,Day
6436,Chicago,2021-07-26,00:23,High,Clear,Dry,2,34.3737,-121.9055,0,7,2021,2021-07,Night
6437,Chicago,2023-02-22,09:06,Low,Cloudy,Wet,2,28.9134,-116.1401,9,2,2023,2023-02,Day
6438,Chicago,2021-12-05,18:36,Low,Clear,Dry,2,41.5882,-82.8153,18,12,2021,2021-12,Night
6439,San Diego,2021-09-05,08:36,Low,Fog,Dry,5,45.5626,-107.2777,8,9,2021,2021-09,Day
6440,New York,2022-01-18,13:20,Low,Fog,Icy,5,26.9508,-77.8967,13,1,2022,2022-01,Day
6441,San Antonio,2021-04-18,17:05,High,Clear,Wet,1,25.0015,-90.2444,17,4,2021,2021-04,Day
6442,Austin,2023-10-26,17:42,High,Snow,Wet,1,43.3636,-73.5243,17,10,2023,2023-10,Day
6443,New York,2022-05-21,16:53,Medium,Rain,Wet,1,39.3713,-92.3072,16,5,2022,2022-05,Day
6444,New York,2021-06-27,13:15,Low,Snow,Wet,1,27.4846,-107.6294,13,6,2021,2021-06,Day
6445,Houston,2022-03-05,18:52,Medium,Clear,Wet,1,46.7019,-121.936,18,3,2022,2022-03,Night
6446,Austin,2022-09-10,17:57,Medium,Snow,Dry,3,33.7501,-114.4266,17,9,2022,2022-09,Day
6447,Philadelphia,2021-03-02,16:39,Medium,Fog,Dry,3,28.337,-86.1409,16,3,2021,2021-03,Day
6448,Chicago,2022-02-23,16:08,Medium,Fog,Dry,3,33.7109,-100.575,16,2,2022,2022-02,Day
6449,Columbus,2023-08-09,16:06,Medium,Cloudy,Dry,2,35.6701,-80.0021,16,8,2023,2023-08,Day
6450,New York,2022-09-29,19:45,Low,Clear,Wet,2,32.387,-111.4886,19,9,2022,2022-09,Night
6451,San Antonio,2021-12-05,10:40,High,Rain,Dry,4,37.7914,-76.9353,10,12,2021,2021-12,Day
6452,Jacksonville,2023-11-10,13:35,High,Rain,Slippery,1,41.3678,-72.4353,13,11,2023,2023-11,Day
6453,Philadelphia,2021-10-07,19:09,Low,Clear,Dry,4,42.2562,-99.7146,19,10,2021,2021-10,Night
6454,San Diego,2023-03-11,19:33,Low,Clear,Dry,4,42.2149,-115.24,19,3,2023,2023-03,Night
6455,Phoenix,2022-12-03,19:16,Medium,Clear,Dry,3,44.0588,-83.0813,19,12,2022,2022-12,Night
6456,New York,2022-01-16,17:35,High,Hail,Dry,4,31.9256,-81.6566,17,1,2022,2022-01,Day
6457,San Antonio,2021-07-16,19:09,Low,Rain,Dry,2,30.1248,-72.3681,19,7,2021,2021-07,Night
6458,Chicago,2023-01-06,08:34,Low,Rain,Dry,5,35.4352,-95.4861,8,1,2023,2023-01,Day
6459,Indianapolis,2022-02-08,08:03,Low,Fog,Dry,3,40.8146,-119.7491,8,2,2022,2022-02,Day
6460,San Antonio,2023-01-14,12:21,Low,Clear,Dry,3,37.3536,-103.3758,12,1,2023,2023-01,Day
6461,Chicago,2023-01-01,18:52,Medium,Rain,Dry,2,42.854,-81.932,18,1,2023,2023-01,Night
6462,Chicago,2021-03-13,09:56,Medium,Rain,Wet,5,41.8359,-80.685,9,3,2021,2021-03,Day
6463,Chicago,2021-02-05,16:17,Low,Rain,Dry,5,29.8474,-78.595,16,2,2021,2021-02,Day
6464,Jacksonville,2023-07-17,20:36,High,Rain,Slippery,2,29.2261,-95.2897,20,7,2023,2023-07,Night
6465,Chicago,2021-10-16,16:36,Medium,Rain,Slippery,2,35.081,-71.9899,16,10,2021,2021-10,Day
6466,Jacksonville,2023-04-21,18:00,Medium,Clear,Wet,1,38.0543,-80.8658,18,4,2023,2023-04,Night
6467,San Diego,2022-09-15,22:34,Low,Clear,Slippery,2,37.5656,-78.7429,22,9,2022,2022-09,Night
6468,New York,2023-11-03,17:04,Medium,Clear,Icy,2,32.998,-113.4641,17,11,2023,2023-11,Day
6469,San Antonio,2021-09-04,20:32,High,Clear,Dry,1,47.1175,-99.4286,20,9,2021,2021-09,Night
6470,Jacksonville,2023-02-10,11:57,Low,Cloudy,Dry,2,25.0105,-73.3876,11,2,2023,2023-02,Day
6471,Los Angeles,2022-08-28,19:52,Low,Snow,Dry,3,34.118,-106.6434,19,8,2022,2022-08,Night
6472,Chicago,2023-07-28,17:40,High,Clear,Dry,3,44.5345,-108.2389,17,7,2023,2023-07,Day
6473,Houston,2023-03-10,22:58,Low,Rain,Under Construction,5,29.489,-86.6687,22,3,2023,2023-03,Night
6474,San Jose,2023-02-24,19:23,High,Clear,Dry,4,27.8187,-79.4003,19,2,2023,2023-02,Night
6475,Houston,2023-05-18,21:23,Low,Clear,Dry,3,25.3136,-110.9434,21,5,2023,2023-05,Night
6476,Houston,2023-02-24,11:32,Medium,Clear,Dry,4,35.5704,-101.7125,11,2,2023,2023-02,Day
6477,Los Angeles,2022-04-07,16:11,Medium,Clear,Dry,3,31.5178,-99.9991,16,4,2022,2022-04,Day
6478,New York,2021-12-19,14:20,Medium,Fog,Dry,4,38.7653,-107.2095,14,12,2021,2021-12,Day
6479,Phoenix,2023-07-06,16:04,Low,Rain,Dry,1,27.6628,-72.3098,16,7,2023,2023-07,Day
6480,Dallas,2023-05-21,13:49,Low,Clear,Under Construction,1,29.7129,-73.5939,13,5,2023,2023-05,Day
6481,Austin,2021-07-24,12:47,Medium,Cloudy,Wet,5,39.4367,-88.849,12,7,2021,2021-07,Day
6482,Chicago,2023-03-16,06:54,Low,Fog,Dry,1,47.2074,-87.2382,6,3,2023,2023-03,Day
6483,Houston,2023-01-30,20:57,Medium,Snow,Dry,4,45.1588,-111.4595,20,1,2023,2023-01,Night
6484,Philadelphia,2021-12-13,20:08,Medium,Clear,Dry,5,47.2629,-114.6301,20,12,2021,2021-12,Night
6485,Dallas,2023-07-25,08:24,Low,Clear,Dry,5,26.2851,-74.5274,8,7,2023,2023-07,Day
6486,Los Angeles,2021-04-01,21:57,Medium,Fog,Slippery,2,34.5108,-84.9505,21,4,2021,2021-04,Night
6487,Houston,2023-04-25,05:16,Medium,Clear,Icy,4,39.4607,-100.3329,5,4,2023,2023-04,Night
6488,Houston,2021-02-27,20:10,High,Rain,Under Construction,2,30.8742,-74.4225,20,2,2021,2021-02,Night
6489,Dallas,2022-06-07,19:21,Low,Rain,Wet,1,35.4743,-107.914,19,6,2022,2022-06,Night
6490,Austin,2022-01-12,12:19,Medium,Clear,Wet,3,46.1207,-97.1273,12,1,2022,2022-01,Day
6491,Los Angeles,2021-05-26,22:15,Medium,Clear,Under Construction,2,39.5361,-83.0663,22,5,2021,2021-05,Night
6492,Indianapolis,2022-12-20,12:26,Low,Clear,Dry,1,37.2543,-104.9341,12,12,2022,2022-12,Day
6493,New York,2022-02-13,14:24,Medium,Rain,Dry,5,37.5928,-90.5465,14,2,2022,2022-02,Day
6494,New York,2023-05-04,18:05,High,Clear,Wet,5,35.1404,-103.3592,18,5,2023,2023-05,Night
6495,San Diego,2023-02-28,08:44,Low,Clear,Icy,3,27.2464,-101.7887,8,2,2023,2023-02,Day
6496,Indianapolis,2023-03-23,12:41,Low,Fog,Dry,3,31.5342,-103.8287,12,3,2023,2023-03,Day
6497,San Jose,2023-05-09,06:51,High,Clear,Icy,1,36.8447,-74.2693,6,5,2023,2023-05,Day
6498,Columbus,2022-10-07,19:30,High,Rain,Wet,4,33.285,-85.1624,19,10,2022,2022-10,Night
6499,New York,2022-06-03,18:54,Low,Rain,Wet,1,44.0168,-93.9999,18,6,2022,2022-06,Night
6500,Los Angeles,2021-10-19,13:44,Medium,Fog,Icy,3,32.743,-74.3325,13,10,2021,2021-10,Day
6501,Houston,2021-02-17,11:47,High,Rain,Under Construction,5,42.172,-105.2361,11,2,2021,2021-02,Day
6502,Dallas,2023-03-22,05:17,Medium,Clear,Wet,3,33.4586,-88.7139,5,3,2023,2023-03,Night
6503,New York,2023-05-20,08:13,Low,Rain,Dry,2,44.1074,-89.9003,8,5,2023,2023-05,Day
6504,Indianapolis,2023-06-11,08:05,Low,Fog,Dry,5,44.1946,-101.4083,8,6,2023,2023-06,Day
6505,San Diego,2022-05-27,12:48,Medium,Fog,Wet,1,43.2465,-104.8789,12,5,2022,2022-05,Day
6506,Los Angeles,2021-03-11,19:15,Low,Snow,Dry,2,29.6267,-105.27,19,3,2021,2021-03,Night
6507,Los Angeles,2022-01-13,07:15,Low,Clear,Dry,2,25.3814,-70.7952,7,1,2022,2022-01,Day
6508,Austin,2023-09-26,10:08,Low,Rain,Dry,5,29.2999,-90.2102,10,9,2023,2023-09,Day
6509,Phoenix,2021-09-30,19:42,Low,Windy,Dry,3,43.3622,-104.9784,19,9,2021,2021-09,Night
6510,Jacksonville,2022-04-23,20:43,Medium,Rain,Wet,4,25.6832,-82.1858,20,4,2022,2022-04,Night
6511,Houston,2023-03-01,03:36,Low,Clear,Slippery,5,42.6752,-107.5567,3,3,2023,2023-03,Night
6512,Dallas,2023-10-07,21:26,Low,Snow,Slippery,4,29.7538,-101.7554,21,10,2023,2023-10,Night
6513,New York,2023-04-16,17:05,Medium,Clear,Dry,2,29.9002,-112.6494,17,4,2023,2023-04,Day
6514,Phoenix,2021-02-14,08:25,Medium,Clear,Dry,1,37.4772,-100.6242,8,2,2021,2021-02,Day
6515,Los Angeles,2021-03-28,08:01,Medium,Hail,Dry,2,36.6752,-90.2701,8,3,2021,2021-03,Day
6516,New York,2023-12-16,18:17,High,Rain,Icy,1,39.4551,-87.7207,18,12,2023,2023-12,Night
6517,Los Angeles,2023-12-13,18:47,Low,Snow,Slippery,2,39.5621,-96.2308,18,12,2023,2023-12,Night
6518,Los Angeles,2022-12-10,14:14,High,Rain,Dry,4,46.5427,-71.4954,14,12,2022,2022-12,Day
6519,Philadelphia,2023-05-28,21:25,Medium,Clear,Dry,4,29.8017,-121.2397,21,5,2023,2023-05,Night
6520,Phoenix,2023-11-01,22:50,High,Snow,Dry,5,40.2646,-121.1233,22,11,2023,2023-11,Night
6521,San Diego,2023-11-28,20:23,Low,Clear,Wet,3,42.9575,-108.8066,20,11,2023,2023-11,Night
6522,Philadelphia,2022-05-19,11:32,Medium,Clear,Dry,5,31.1296,-77.4154,11,5,2022,2022-05,Day
6523,Dallas,2021-04-02,11:18,Medium,Snow,Wet,3,42.1332,-91.3166,11,4,2021,2021-04,Day
6524,Phoenix,2022-04-21,00:07,High,Snow,Slippery,1,42.7454,-97.6257,0,4,2022,2022-04,Night
6525,San Diego,2022-03-27,23:14,Medium,Rain,Dry,4,35.383,-82.3419,23,3,2022,2022-03,Night
6526,Jacksonville,2023-05-18,19:01,Medium,Clear,Dry,5,30.5124,-71.022,19,5,2023,2023-05,Night
6527,Jacksonville,2022-11-19,10:52,High,Rain,Slippery,2,40.6835,-110.757,10,11,2022,2022-11,Day
6528,Charlotte,2023-11-19,17:00,Low,Cloudy,Dry,3,35.2055,-74.4158,17,11,2023,2023-11,Day
6529,Chicago,2021-06-12,21:44,Medium,Clear,Icy,4,39.9943,-80.2214,21,6,2021,2021-06,Night
6530,Austin,2021-05-07,11:43,Low,Clear,Dry,2,33.5246,-112.308,11,5,2021,2021-05,Day
6531,Philadelphia,2022-06-21,15:18,Medium,Clear,Wet,1,39.9689,-92.1996,15,6,2022,2022-06,Day
6532,Chicago,2021-07-20,18:02,High,Clear,Wet,5,41.7758,-80.2508,18,7,2021,2021-07,Night
6533,Jacksonville,2021-05-15,15:17,Low,Fog,Dry,1,40.2239,-75.181,15,5,2021,2021-05,Day
6534,San Diego,2023-07-16,18:49,Low,Clear,Dry,2,34.466,-112.7312,18,7,2023,2023-07,Night
6535,Charlotte,2022-07-21,12:59,Low,Fog,Slippery,4,37.4852,-100.4438,12,7,2022,2022-07,Day
6536,Chicago,2022-04-22,11:35,Low,Cloudy,Dry,1,30.0351,-114.4492,11,4,2022,2022-04,Day
6537,Dallas,2021-07-17,06:43,Low,Rain,Dry,3,36.0974,-91.9453,6,7,2021,2021-07,Day
6538,Columbus,2023-11-05,20:19,Medium,Clear,Wet,1,38.755,-100.6241,20,11,2023,2023-11,Night
6539,Dallas,2022-02-21,17:30,High,Fog,Slippery,5,38.537,-118.9713,17,2,2022,2022-02,Day
6540,New York,2021-10-22,21:31,Low,Clear,Under Construction,2,30.195,-90.4306,21,10,2021,2021-10,Night
6541,Indianapolis,2021-02-11,09:45,Low,Rain,Under Construction,2,31.2713,-85.6635,9,2,2021,2021-02,Day
6542,Dallas,2023-09-30,21:34,Medium,Clear,Dry,5,33.9827,-83.2845,21,9,2023,2023-09,Night
6543,Chicago,2023-07-03,21:32,Low,Rain,Under Construction,4,35.7113,-115.8014,21,7,2023,2023-07,Night
6544,San Antonio,2022-02-19,06:20,Low,Clear,Icy,2,39.9659,-75.0623,6,2,2022,2022-02,Day
6545,San Jose,2023-11-14,18:56,Low,Fog,Dry,2,37.8466,-86.3129,18,11,2023,2023-11,Night
6546,Dallas,2022-07-29,18:45,Low,Clear,Wet,1,40.3675,-75.8808,18,7,2022,2022-07,Night
6547,Columbus,2022-04-06,11:35,Medium,Rain,Dry,2,33.6182,-106.1198,11,4,2022,2022-04,Day
6548,Charlotte,2023-11-09,19:49,Low,Snow,Dry,3,39.4562,-73.9732,19,11,2023,2023-11,Night
6549,Charlotte,2022-01-02,14:24,Medium,Clear,Dry,5,34.4146,-92.8516,14,1,2022,2022-01,Day
6550,Indianapolis,2021-06-06,10:21,Low,Rain,Dry,3,43.776,-70.7785,10,6,2021,2021-06,Day
6551,Phoenix,2022-02-14,18:12,Low,Clear,Dry,3,44.3064,-94.9366,18,2,2022,2022-02,Night
6552,Philadelphia,2022-09-05,10:35,Low,Hail,Dry,3,28.2309,-97.6864,10,9,2022,2022-09,Day
6553,Philadelphia,2023-01-01,16:06,Low,Clear,Under Construction,5,34.844,-73.8544,16,1,2023,2023-01,Day
6554,San Jose,2022-07-20,18:52,Medium,Clear,Icy,1,43.1621,-105.7172,18,7,2022,2022-07,Night
6555,New York,2023-11-12,13:02,Low,Clear,Dry,3,28.5004,-70.4294,13,11,2023,2023-11,Day
6556,Houston,2021-09-16,20:22,Low,Clear,Dry,2,44.2823,-72.4682,20,9,2021,2021-09,Night
6557,Chicago,2021-03-19,12:59,Low,Clear,Wet,4,42.9988,-119.1985,12,3,2021,2021-03,Day
6558,Houston,2022-01-24,12:03,Low,Clear,Slippery,3,47.3479,-76.2764,12,1,2022,2022-01,Day
6559,Los Angeles,2023-09-18,18:22,Medium,Rain,Wet,3,42.8302,-98.4383,18,9,2023,2023-09,Night
6560,New York,2022-06-07,17:29,Low,Rain,Dry,5,33.0603,-73.481,17,6,2022,2022-06,Day
6561,New York,2023-04-07,16:44,Medium,Snow,Wet,5,37.8856,-80.3105,16,4,2023,2023-04,Day
6562,Philadelphia,2023-11-01,18:23,Medium,Rain,Slippery,2,30.4245,-111.32,18,11,2023,2023-11,Night
6563,San Diego,2023-11-28,09:32,Low,Clear,Dry,4,47.6955,-76.3562,9,11,2023,2023-11,Day
6564,Austin,2021-08-06,00:03,Low,Rain,Icy,5,42.3647,-119.6829,0,8,2021,2021-08,Night
6565,Chicago,2022-11-04,20:33,Medium,Snow,Dry,4,46.1932,-75.7844,20,11,2022,2022-11,Night
6566,New York,2023-05-04,23:56,High,Clear,Dry,1,26.2437,-80.9053,23,5,2023,2023-05,Night
6567,Los Angeles,2023-07-31,16:11,Medium,Rain,Dry,4,28.171,-109.6759,16,7,2023,2023-07,Day
6568,Indianapolis,2022-07-18,13:05,Low,Clear,Dry,4,45.7903,-85.5135,13,7,2022,2022-07,Day
6569,Houston,2021-11-18,23:08,Medium,Cloudy,Dry,1,47.6643,-70.4267,23,11,2021,2021-11,Night
6570,New York,2022-04-21,10:55,Medium,Snow,Dry,1,28.3863,-91.2084,10,4,2022,2022-04,Day
6571,New York,2023-03-18,23:32,Medium,Clear,Wet,5,37.4947,-112.0112,23,3,2023,2023-03,Night
6572,Charlotte,2021-05-22,08:22,Low,Clear,Dry,3,35.2722,-74.2375,8,5,2021,2021-05,Day
6573,Chicago,2023-12-21,20:19,Medium,Clear,Wet,5,27.5946,-110.7386,20,12,2023,2023-12,Night
6574,Los Angeles,2021-09-04,19:09,Low,Rain,Wet,2,39.2318,-85.4123,19,9,2021,2021-09,Night
6575,San Jose,2023-07-26,10:05,High,Rain,Dry,3,31.5691,-107.3641,10,7,2023,2023-07,Day
6576,Chicago,2022-11-19,17:31,Low,Clear,Dry,2,34.6834,-78.628,17,11,2022,2022-11,Day
6577,Austin,2021-03-25,19:02,Low,Rain,Wet,1,31.3807,-116.5323,19,3,2021,2021-03,Night
6578,Austin,2023-08-21,20:30,Medium,Rain,Dry,3,42.0118,-86.1998,20,8,2023,2023-08,Night
6579,San Jose,2021-01-22,00:53,Low,Windy,Dry,5,31.4852,-96.1956,0,1,2021,2021-01,Night
6580,Houston,2023-01-28,08:13,Low,Clear,Slippery,5,45.0998,-111.5418,8,1,2023,2023-01,Day
6581,Philadelphia,2021-10-29,09:17,Medium,Hail,Dry,2,33.6864,-91.2379,9,10,2021,2021-10,Day
6582,San Diego,2021-05-30,10:56,Low,Rain,Slippery,1,26.383,-116.9873,10,5,2021,2021-05,Day
6583,Austin,2021-10-22,23:45,Low,Snow,Wet,1,28.0916,-96.8077,23,10,2021,2021-10,Night
6584,Chicago,2021-02-04,14:36,Medium,Fog,Wet,1,46.5958,-87.4979,14,2,2021,2021-02,Day
6585,Phoenix,2021-03-13,06:55,Medium,Clear,Dry,2,34.8546,-110.4235,6,3,2021,2021-03,Day
6586,Los Angeles,2023-10-02,11:08,Low,Clear,Slippery,5,39.868,-116.1926,11,10,2023,2023-10,Day
6587,San Jose,2021-02-17,10:19,Medium,Windy,Dry,3,43.0376,-104.6609,10,2,2021,2021-02,Day
6588,San Jose,2022-07-14,16:26,Low,Clear,Wet,2,35.6099,-121.4454,16,7,2022,2022-07,Day
6589,Chicago,2023-02-28,05:42,Low,Fog,Dry,1,47.3865,-89.7547,5,2,2023,2023-02,Night
6590,Philadelphia,2023-01-15,09:09,Low,Rain,Wet,1,37.8339,-92.9957,9,1,2023,2023-01,Day
6591,Chicago,2022-09-30,13:28,Low,Fog,Wet,3,41.9634,-106.8964,13,9,2022,2022-09,Day
6592,Dallas,2021-05-12,12:13,Medium,Rain,Dry,5,30.4027,-78.0984,12,5,2021,2021-05,Day
6593,San Antonio,2023-08-04,22:02,Low,Clear,Icy,5,34.5476,-81.1779,22,8,2023,2023-08,Night
6594,Charlotte,2023-10-03,18:31,Medium,Windy,Wet,2,39.5794,-86.3454,18,10,2023,2023-10,Night
6595,Dallas,2021-04-17,17:21,Low,Rain,Wet,1,33.7296,-77.2933,17,4,2021,2021-04,Day
6596,Los Angeles,2022-06-01,06:51,Low,Fog,Wet,2,28.7743,-100.7945,6,6,2022,2022-06,Day
6597,San Diego,2023-04-03,07:26,Medium,Rain,Wet,4,42.9456,-91.2053,7,4,2023,2023-04,Day
6598,Jacksonville,2022-09-18,18:46,Low,Rain,Wet,2,38.7244,-111.5352,18,9,2022,2022-09,Night
6599,Houston,2023-11-13,17:11,Medium,Snow,Wet,5,26.2544,-118.1245,17,11,2023,2023-11,Day
6600,Los Angeles,2021-08-08,16:10,Medium,Rain,Wet,4,35.643,-91.7586,16,8,2021,2021-08,Day
6601,Los Angeles,2022-01-13,11:33,Low,Clear,Dry,2,25.3991,-86.088,11,1,2022,2022-01,Day
6602,Houston,2021-11-01,19:08,Low,Rain,Wet,1,45.4371,-74.2725,19,11,2021,2021-11,Night
6603,Los Angeles,2022-05-16,21:30,Medium,Snow,Wet,1,46.4903,-118.0241,21,5,2022,2022-05,Night
6604,Los Angeles,2021-10-18,07:08,Low,Fog,Wet,4,33.0539,-115.3627,7,10,2021,2021-10,Day
6605,Houston,2021-07-14,05:02,Medium,Clear,Slippery,1,41.6845,-85.3985,5,7,2021,2021-07,Night
6606,New York,2021-03-12,16:36,Medium,Fog,Dry,5,25.647,-80.2181,16,3,2021,2021-03,Day
6607,New York,2021-09-10,06:44,High,Cloudy,Dry,3,27.4674,-79.0334,6,9,2021,2021-09,Day
6608,New York,2022-12-05,05:04,Low,Rain,Icy,3,26.3793,-94.8926,5,12,2022,2022-12,Night
6609,Los Angeles,2023-03-21,13:02,Low,Rain,Wet,4,39.1789,-117.0756,13,3,2023,2023-03,Day
6610,Indianapolis,2022-05-08,13:57,Medium,Clear,Dry,3,27.8121,-102.1652,13,5,2022,2022-05,Day
6611,San Jose,2023-10-25,19:07,Low,Clear,Dry,3,37.7775,-80.7238,19,10,2023,2023-10,Night
6612,Chicago,2022-08-29,14:15,Medium,Snow,Dry,2,47.0923,-83.2577,14,8,2022,2022-08,Day
6613,San Antonio,2022-09-09,21:30,Medium,Clear,Dry,2,40.7042,-73.0522,21,9,2022,2022-09,Night
6614,Austin,2022-09-23,13:00,Medium,Rain,Dry,4,37.6651,-103.4854,13,9,2022,2022-09,Day
6615,Chicago,2023-05-14,08:41,High,Snow,Under Construction,3,37.1314,-104.8095,8,5,2023,2023-05,Day
6616,Chicago,2021-05-30,06:23,Medium,Rain,Dry,4,33.2994,-99.8363,6,5,2021,2021-05,Day
6617,Houston,2023-06-07,21:58,Low,Snow,Dry,1,31.5564,-81.5377,21,6,2023,2023-06,Night
6618,Los Angeles,2021-03-09,09:30,Medium,Clear,Wet,5,28.3108,-95.9683,9,3,2021,2021-03,Day
6619,Philadelphia,2022-10-22,16:29,Low,Rain,Slippery,5,33.8351,-115.9455,16,10,2022,2022-10,Day
6620,Austin,2023-05-29,16:03,Low,Clear,Dry,3,26.3977,-99.1836,16,5,2023,2023-05,Day
6621,Charlotte,2023-12-11,06:19,Low,Rain,Dry,5,28.8673,-101.2595,6,12,2023,2023-12,Day
6622,Columbus,2023-04-29,18:38,Low,Hail,Wet,2,37.288,-73.9834,18,4,2023,2023-04,Night
6623,Columbus,2022-01-22,09:44,Medium,Cloudy,Dry,3,45.7407,-92.1609,9,1,2022,2022-01,Day
6624,Indianapolis,2021-11-23,13:30,Medium,Clear,Wet,5,47.1693,-88.3493,13,11,2021,2021-11,Day
6625,New York,2021-08-29,21:25,Low,Clear,Dry,4,36.5358,-118.49,21,8,2021,2021-08,Night
6626,Houston,2023-08-24,17:50,Medium,Rain,Wet,5,44.6391,-118.9615,17,8,2023,2023-08,Day
6627,Indianapolis,2021-04-28,21:28,Low,Clear,Dry,1,38.9404,-121.722,21,4,2021,2021-04,Night
6628,Chicago,2023-04-30,21:40,Medium,Fog,Dry,4,40.333,-121.8055,21,4,2023,2023-04,Night
6629,New York,2021-01-04,12:36,High,Clear,Dry,3,41.8851,-77.1941,12,1,2021,2021-01,Day
6630,Houston,2023-12-03,18:38,Medium,Rain,Dry,1,31.051,-116.0178,18,12,2023,2023-12,Night
6631,Austin,2021-02-24,07:17,Medium,Rain,Slippery,4,35.2992,-114.8924,7,2,2021,2021-02,Day
6632,San Jose,2023-10-18,15:28,Low,Snow,Dry,2,43.6271,-111.876,15,10,2023,2023-10,Day
6633,Los Angeles,2021-04-25,06:37,Low,Snow,Under Construction,3,35.3064,-108.5645,6,4,2021,2021-04,Day
6634,New York,2023-02-03,18:20,Low,Clear,Dry,3,41.3163,-78.3815,18,2,2023,2023-02,Night
6635,Chicago,2021-09-04,20:58,Low,Snow,Dry,1,25.2454,-108.6541,20,9,2021,2021-09,Night
6636,New York,2023-11-21,08:32,Medium,Snow,Dry,1,28.3225,-71.0526,8,11,2023,2023-11,Day
6637,New York,2021-08-09,21:51,High,Clear,Dry,4,40.7608,-92.2265,21,8,2021,2021-08,Night
6638,New York,2023-10-06,10:29,Medium,Clear,Wet,4,28.2358,-121.1829,10,10,2023,2023-10,Day
6639,Houston,2021-02-25,12:38,Medium,Cloudy,Wet,5,31.0023,-85.7923,12,2,2021,2021-02,Day
6640,New York,2022-03-08,06:22,Low,Cloudy,Wet,1,43.5491,-95.3466,6,3,2022,2022-03,Day
6641,Jacksonville,2021-06-10,23:21,Low,Rain,Wet,2,40.9263,-100.6878,23,6,2021,2021-06,Night
6642,Chicago,2021-08-15,13:26,High,Clear,Icy,2,43.4796,-78.6293,13,8,2021,2021-08,Day
6643,Dallas,2021-02-14,12:41,Low,Hail,Dry,1,45.5173,-104.1016,12,2,2021,2021-02,Day
6644,New York,2022-06-28,15:39,Medium,Hail,Dry,4,31.1189,-118.9684,15,6,2022,2022-06,Day
6645,Los Angeles,2022-02-08,09:42,Low,Clear,Slippery,5,32.7024,-71.2094,9,2,2022,2022-02,Day
6646,New York,2022-10-03,16:05,Medium,Clear,Dry,4,33.6919,-86.5351,16,10,2022,2022-10,Day
6647,Jacksonville,2022-10-04,13:00,High,Rain,Wet,5,29.6434,-118.8281,13,10,2022,2022-10,Day
6648,Philadelphia,2023-08-16,22:13,Medium,Clear,Dry,4,25.0769,-115.6287,22,8,2023,2023-08,Night
6649,Los Angeles,2023-03-18,19:37,Medium,Rain,Dry,5,46.165,-100.811,19,3,2023,2023-03,Night
6650,Phoenix,2022-03-25,10:34,Medium,Clear,Dry,1,25.5123,-89.5019,10,3,2022,2022-03,Day
6651,Los Angeles,2023-05-27,07:23,High,Cloudy,Icy,1,37.5347,-114.7557,7,5,2023,2023-05,Day
6652,Jacksonville,2023-03-11,11:11,Low,Clear,Wet,4,34.7327,-76.9599,11,3,2023,2023-03,Day
6653,Chicago,2023-06-13,11:26,Low,Clear,Wet,5,26.9291,-118.7673,11,6,2023,2023-06,Day
6654,Los Angeles,2023-06-26,09:28,Low,Clear,Under Construction,2,43.9385,-85.4561,9,6,2023,2023-06,Day
6655,Jacksonville,2022-09-06,16:46,Medium,Cloudy,Dry,3,35.9065,-76.9168,16,9,2022,2022-09,Day
6656,Indianapolis,2021-10-06,07:15,High,Rain,Wet,2,38.401,-102.3179,7,10,2021,2021-10,Day
6657,Dallas,2022-05-11,19:55,Low,Fog,Wet,5,35.3775,-96.7415,19,5,2022,2022-05,Night
6658,Phoenix,2021-12-28,07:01,High,Fog,Wet,2,46.7744,-120.5589,7,12,2021,2021-12,Day
6659,Phoenix,2022-04-11,08:26,High,Clear,Wet,5,28.2376,-92.8522,8,4,2022,2022-04,Day
6660,Chicago,2023-05-24,13:17,Low,Hail,Dry,1,46.8673,-92.2409,13,5,2023,2023-05,Day
6661,Los Angeles,2022-11-08,22:23,Medium,Clear,Dry,2,47.799,-86.2798,22,11,2022,2022-11,Night
6662,Dallas,2021-03-28,09:58,High,Clear,Dry,4,27.0735,-70.9465,9,3,2021,2021-03,Day
6663,San Diego,2022-08-11,09:11,Medium,Rain,Dry,2,31.258,-119.9142,9,8,2022,2022-08,Day
6664,Dallas,2021-01-23,10:37,High,Hail,Slippery,3,47.7985,-97.5908,10,1,2021,2021-01,Day
6665,Houston,2021-08-25,07:02,High,Clear,Wet,5,26.0053,-80.8231,7,8,2021,2021-08,Day
6666,San Antonio,2022-01-07,09:15,Medium,Rain,Dry,4,47.2561,-111.7021,9,1,2022,2022-01,Day
6667,Phoenix,2022-03-31,15:35,High,Rain,Dry,5,37.1769,-73.0484,15,3,2022,2022-03,Day
6668,Houston,2022-09-27,14:17,Low,Cloudy,Icy,1,44.9498,-94.8614,14,9,2022,2022-09,Day
6669,Houston,2022-04-21,18:25,Medium,Clear,Icy,5,29.939,-80.738,18,4,2022,2022-04,Night
6670,New York,2023-10-02,08:04,Medium,Clear,Icy,4,28.8655,-92.7726,8,10,2023,2023-10,Day
6671,Houston,2021-03-16,15:08,Low,Clear,Dry,4,31.5705,-95.6179,15,3,2021,2021-03,Day
6672,New York,2022-11-01,23:39,Low,Clear,Dry,3,26.4083,-70.8547,23,11,2022,2022-11,Night
6673,New York,2021-05-28,13:23,Medium,Clear,Dry,1,31.636,-114.1321,13,5,2021,2021-05,Day
6674,New York,2023-08-25,21:01,Medium,Clear,Dry,5,36.3826,-73.8259,21,8,2023,2023-08,Night
6675,San Antonio,2022-05-04,19:10,High,Snow,Wet,1,41.8764,-117.8227,19,5,2022,2022-05,Night
6676,Austin,2023-10-02,09:41,Low,Rain,Dry,2,33.8933,-94.0971,9,10,2023,2023-10,Day
6677,San Diego,2022-06-02,08:14,Low,Hail,Wet,2,32.3476,-97.3576,8,6,2022,2022-06,Day
6678,Columbus,2021-10-11,16:17,Low,Rain,Slippery,2,45.7646,-107.0989,16,10,2021,2021-10,Day
6679,Los Angeles,2023-09-08,07:55,Low,Clear,Dry,4,26.0119,-75.9344,7,9,2023,2023-09,Day
6680,San Diego,2022-03-21,07:09,Low,Clear,Wet,3,37.1364,-106.1294,7,3,2022,2022-03,Day
6681,Austin,2022-07-12,17:04,Low,Rain,Icy,1,41.8093,-95.1917,17,7,2022,2022-07,Day
6682,Dallas,2021-06-20,18:36,High,Clear,Slippery,2,31.4393,-79.7503,18,6,2021,2021-06,Night
6683,Chicago,2021-12-16,16:14,Medium,Clear,Dry,5,30.2406,-120.3802,16,12,2021,2021-12,Day
6684,Los Angeles,2022-03-28,16:49,Medium,Snow,Icy,5,29.0527,-110.0137,16,3,2022,2022-03,Day
6685,Jacksonville,2023-06-26,12:23,Low,Clear,Dry,5,32.1687,-107.7848,12,6,2023,2023-06,Day
6686,Columbus,2022-09-19,07:38,Medium,Clear,Dry,5,29.3276,-80.809,7,9,2022,2022-09,Day
6687,Philadelphia,2022-02-23,22:16,Low,Rain,Dry,4,39.6719,-77.8231,22,2,2022,2022-02,Night
6688,New York,2022-03-25,13:21,High,Clear,Slippery,1,44.8948,-71.3166,13,3,2022,2022-03,Day
6689,Jacksonville,2022-11-07,08:09,Medium,Clear,Dry,5,33.6983,-74.6595,8,11,2022,2022-11,Day
6690,New York,2023-06-27,03:30,High,Clear,Wet,1,40.0012,-110.3987,3,6,2023,2023-06,Night
6691,Los Angeles,2022-04-17,19:14,Low,Fog,Wet,3,32.7456,-115.6355,19,4,2022,2022-04,Night
6692,New York,2022-11-18,18:19,Medium,Fog,Dry,3,26.9128,-75.4415,18,11,2022,2022-11,Night
6693,New York,2023-06-23,08:42,High,Rain,Dry,1,26.9095,-72.9825,8,6,2023,2023-06,Day
6694,Indianapolis,2022-04-13,22:34,High,Rain,Icy,1,47.1193,-101.3659,22,4,2022,2022-04,Night
6695,Indianapolis,2023-03-18,16:55,Medium,Rain,Dry,1,42.2511,-121.1424,16,3,2023,2023-03,Day
6696,Indianapolis,2023-04-27,19:34,Medium,Clear,Wet,5,36.7212,-98.4437,19,4,2023,2023-04,Night
6697,Philadelphia,2023-05-30,15:06,Medium,Fog,Wet,1,26.9875,-121.0638,15,5,2023,2023-05,Day
6698,Los Angeles,2023-12-13,10:41,High,Clear,Icy,2,28.3669,-98.95,10,12,2023,2023-12,Day
6699,Chicago,2022-01-25,07:46,Low,Rain,Dry,2,26.2692,-73.852,7,1,2022,2022-01,Day
6700,New York,2022-05-12,18:48,Low,Clear,Dry,2,30.4545,-86.0623,18,5,2022,2022-05,Night
6701,New York,2023-03-14,21:38,Low,Rain,Dry,1,47.5585,-104.3744,21,3,2023,2023-03,Night
6702,San Jose,2023-03-01,10:44,High,Cloudy,Icy,5,45.1239,-112.0225,10,3,2023,2023-03,Day
6703,Charlotte,2023-05-01,18:59,Medium,Clear,Wet,1,37.122,-121.8148,18,5,2023,2023-05,Night
6704,Los Angeles,2023-07-22,00:11,Low,Clear,Wet,5,32.0391,-73.3651,0,7,2023,2023-07,Night
6705,Los Angeles,2022-01-24,21:05,High,Rain,Dry,1,47.24,-110.9413,21,1,2022,2022-01,Night
6706,San Antonio,2023-11-27,14:42,Low,Clear,Wet,3,45.0879,-83.7326,14,11,2023,2023-11,Day
6707,Austin,2021-11-27,14:53,Low,Clear,Dry,1,25.4798,-71.5895,14,11,2021,2021-11,Day
6708,Philadelphia,2023-10-05,07:53,Medium,Clear,Wet,1,27.9074,-83.16,7,10,2023,2023-10,Day
6709,San Jose,2021-07-13,03:23,Low,Clear,Dry,5,36.2734,-95.2334,3,7,2021,2021-07,Night
6710,Charlotte,2023-09-15,17:18,Medium,Rain,Wet,4,44.1699,-100.9206,17,9,2023,2023-09,Day
6711,New York,2023-05-24,17:15,Low,Rain,Dry,2,26.7646,-84.181,17,5,2023,2023-05,Day
6712,Los Angeles,2022-07-25,07:58,Low,Snow,Dry,1,30.9465,-77.1244,7,7,2022,2022-07,Day
6713,New York,2022-01-01,17:22,High,Snow,Dry,2,47.4465,-98.1662,17,1,2022,2022-01,Day
6714,Los Angeles,2023-02-02,03:42,Low,Cloudy,Dry,2,26.9129,-73.4334,3,2,2023,2023-02,Night
6715,Jacksonville,2022-08-10,18:56,High,Clear,Under Construction,4,26.8794,-84.8286,18,8,2022,2022-08,Night
6716,Austin,2023-08-30,22:50,Low,Fog,Slippery,2,35.6984,-114.0962,22,8,2023,2023-08,Night
6717,Los Angeles,2022-10-10,13:34,Low,Clear,Dry,1,27.3518,-110.9901,13,10,2022,2022-10,Day
6718,New York,2023-11-18,16:34,Low,Clear,Dry,5,27.9097,-70.5583,16,11,2023,2023-11,Day
6719,San Diego,2022-03-04,21:14,High,Snow,Under Construction,5,34.8756,-110.8545,21,3,2022,2022-03,Night
6720,Austin,2021-10-18,17:14,High,Clear,Dry,1,25.3832,-108.5559,17,10,2021,2021-10,Day
6721,Los Angeles,2022-07-17,22:09,Low,Clear,Dry,3,42.3633,-98.4963,22,7,2022,2022-07,Night
6722,New York,2021-01-26,18:25,Medium,Clear,Dry,3,30.4763,-113.0312,18,1,2021,2021-01,Night
6723,Indianapolis,2021-02-27,14:15,Medium,Rain,Wet,2,41.0558,-92.5104,14,2,2021,2021-02,Day
6724,San Antonio,2022-05-25,17:27,Low,Clear,Wet,2,43.9965,-101.5946,17,5,2022,2022-05,Day
6725,Chicago,2023-09-01,10:35,Medium,Clear,Icy,4,40.2593,-70.3435,10,9,2023,2023-09,Day
6726,Phoenix,2023-05-25,06:17,High,Rain,Slippery,5,32.4978,-86.0797,6,5,2023,2023-05,Day
6727,San Jose,2023-07-24,11:19,Medium,Cloudy,Dry,1,29.2086,-72.3965,11,7,2023,2023-07,Day
6728,Dallas,2023-08-27,19:29,Medium,Hail,Dry,5,29.2154,-84.8755,19,8,2023,2023-08,Night
6729,Chicago,2022-10-04,13:15,High,Rain,Under Construction,1,26.0998,-112.0383,13,10,2022,2022-10,Day
6730,Charlotte,2023-03-03,14:23,High,Hail,Wet,5,26.7786,-96.7767,14,3,2023,2023-03,Day
6731,New York,2022-06-25,07:48,Low,Fog,Dry,3,28.6429,-87.9202,7,6,2022,2022-06,Day
6732,Jacksonville,2021-05-07,23:51,Medium,Clear,Dry,5,37.6643,-75.8595,23,5,2021,2021-05,Night
6733,New York,2021-04-08,07:47,Low,Clear,Dry,4,35.6636,-78.3221,7,4,2021,2021-04,Day
6734,Charlotte,2021-02-27,16:08,High,Cloudy,Dry,5,37.4953,-118.7589,16,2,2021,2021-02,Day
6735,Charlotte,2022-11-25,11:00,Medium,Clear,Dry,1,26.1682,-111.6065,11,11,2022,2022-11,Day
6736,Dallas,2023-12-31,11:17,Low,Clear,Slippery,4,31.2313,-71.6873,11,12,2023,2023-12,Day
6737,Dallas,2021-10-15,16:50,Low,Snow,Icy,4,32.4193,-101.2506,16,10,2021,2021-10,Day
6738,Chicago,2021-06-24,07:25,High,Cloudy,Icy,4,25.8561,-113.4572,7,6,2021,2021-06,Day
6739,Chicago,2021-05-13,19:07,Low,Clear,Slippery,5,36.3342,-118.9079,19,5,2021,2021-05,Night
6740,Chicago,2021-02-25,00:33,High,Clear,Wet,2,43.5304,-89.4743,0,2,2021,2021-02,Night
6741,Phoenix,2023-03-28,09:13,Medium,Clear,Slippery,3,46.7548,-72.7447,9,3,2023,2023-03,Day
6742,Los Angeles,2022-03-15,12:25,Low,Hail,Dry,1,39.4891,-120.3329,12,3,2022,2022-03,Day
6743,Houston,2022-05-20,13:57,High,Clear,Dry,5,39.7828,-99.3592,13,5,2022,2022-05,Day
6744,Los Angeles,2023-07-09,18:00,Low,Clear,Dry,3,38.6098,-109.7038,18,7,2023,2023-07,Night
6745,Philadelphia,2021-05-13,15:17,Low,Clear,Wet,5,26.553,-88.155,15,5,2021,2021-05,Day
6746,Los Angeles,2021-06-24,11:02,Medium,Rain,Wet,2,34.5797,-113.0115,11,6,2021,2021-06,Day
6747,Houston,2022-10-27,11:21,Low,Fog,Wet,3,41.5386,-70.1445,11,10,2022,2022-10,Day
6748,New York,2021-03-31,14:39,Low,Clear,Dry,1,38.3882,-117.4198,14,3,2021,2021-03,Day
6749,Charlotte,2023-02-19,20:05,Medium,Clear,Slippery,2,30.7136,-111.562,20,2,2023,2023-02,Night
6750,Philadelphia,2022-10-24,19:11,Low,Clear,Dry,4,30.9283,-108.1227,19,10,2022,2022-10,Night
6751,Houston,2023-02-06,19:06,Medium,Clear,Slippery,3,45.1409,-88.9531,19,2,2023,2023-02,Night
6752,Indianapolis,2023-04-20,15:20,Medium,Clear,Dry,1,39.4922,-86.0671,15,4,2023,2023-04,Day
6753,San Diego,2022-06-01,15:28,High,Hail,Dry,1,40.3919,-70.3798,15,6,2022,2022-06,Day
6754,Jacksonville,2021-07-23,07:28,Low,Clear,Wet,2,46.8683,-108.1918,7,7,2021,2021-07,Day
6755,New York,2023-06-16,05:30,Medium,Clear,Dry,3,25.7572,-81.3148,5,6,2023,2023-06,Night
6756,New York,2021-02-07,18:42,High,Rain,Wet,5,35.2524,-81.8661,18,2,2021,2021-02,Night
6757,Houston,2023-05-14,10:41,Medium,Rain,Dry,1,26.8875,-104.2533,10,5,2023,2023-05,Day
6758,Houston,2021-05-23,07:27,Low,Windy,Dry,2,44.4578,-118.5441,7,5,2021,2021-05,Day
6759,New York,2021-10-05,14:40,Low,Clear,Icy,3,29.118,-114.0885,14,10,2021,2021-10,Day
6760,Chicago,2023-12-13,21:42,Low,Rain,Wet,1,29.8406,-72.054,21,12,2023,2023-12,Night
6761,San Jose,2021-05-31,16:57,Low,Clear,Wet,2,45.888,-86.3403,16,5,2021,2021-05,Day
6762,San Diego,2021-03-21,19:47,Low,Fog,Under Construction,2,39.0399,-98.7766,19,3,2021,2021-03,Night
6763,New York,2022-07-01,07:08,Low,Clear,Under Construction,5,36.5495,-84.0747,7,7,2022,2022-07,Day
6764,Indianapolis,2022-08-20,05:12,Medium,Fog,Dry,2,27.0887,-110.4769,5,8,2022,2022-08,Night
6765,New York,2022-09-10,15:27,Medium,Fog,Dry,3,46.7145,-73.6635,15,9,2022,2022-09,Day
6766,Los Angeles,2021-08-11,22:42,High,Clear,Dry,5,30.0195,-72.5171,22,8,2021,2021-08,Night
6767,Los Angeles,2022-09-30,21:54,Low,Snow,Dry,5,40.9057,-89.2446,21,9,2022,2022-09,Night
6768,Dallas,2021-01-18,09:39,Medium,Fog,Wet,2,26.7977,-77.1789,9,1,2021,2021-01,Day
6769,New York,2021-12-23,01:42,High,Rain,Slippery,3,30.6234,-85.148,1,12,2021,2021-12,Night
6770,San Diego,2023-11-20,09:53,High,Snow,Wet,5,29.8079,-98.1789,9,11,2023,2023-11,Day
6771,Los Angeles,2023-12-05,21:17,Low,Clear,Slippery,3,47.1474,-94.57,21,12,2023,2023-12,Night
6772,Houston,2023-04-30,19:11,Low,Clear,Dry,1,37.2625,-76.3497,19,4,2023,2023-04,Night
6773,San Diego,2021-05-05,20:26,Medium,Rain,Dry,5,28.3986,-107.8734,20,5,2021,2021-05,Night
6774,Jacksonville,2021-06-13,06:11,High,Clear,Dry,1,46.5542,-97.8549,6,6,2021,2021-06,Day
6775,Austin,2021-12-18,21:06,Medium,Clear,Wet,1,35.4563,-114.1839,21,12,2021,2021-12,Night
6776,San Antonio,2023-10-29,21:35,Low,Clear,Slippery,1,40.2699,-99.8644,21,10,2023,2023-10,Night
6777,Charlotte,2023-01-29,08:57,Low,Clear,Wet,4,26.9,-118.429,8,1,2023,2023-01,Day
6778,Chicago,2021-10-04,19:28,Medium,Snow,Slippery,3,45.1854,-86.6868,19,10,2021,2021-10,Night
6779,Philadelphia,2023-05-27,06:04,Medium,Clear,Dry,2,39.9962,-115.9927,6,5,2023,2023-05,Day
6780,Charlotte,2023-01-28,15:36,Low,Clear,Dry,3,38.9439,-113.8478,15,1,2023,2023-01,Day
6781,Philadelphia,2022-06-30,12:55,Medium,Rain,Dry,4,42.8471,-115.9427,12,6,2022,2022-06,Day
6782,New York,2023-02-02,13:47,High,Snow,Dry,4,30.311,-93.3185,13,2,2023,2023-02,Day
6783,San Diego,2023-06-14,12:22,High,Cloudy,Wet,3,36.0983,-92.516,12,6,2023,2023-06,Day
6784,Los Angeles,2022-01-26,09:41,Medium,Clear,Dry,4,47.4652,-74.7165,9,1,2022,2022-01,Day
6785,Austin,2022-04-17,17:09,Low,Snow,Icy,1,34.1612,-112.0505,17,4,2022,2022-04,Day
6786,New York,2022-03-25,07:49,Low,Rain,Dry,5,38.7649,-90.6075,7,3,2022,2022-03,Day
6787,Phoenix,2021-12-24,16:37,High,Snow,Wet,4,27.1612,-86.4271,16,12,2021,2021-12,Day
6788,Chicago,2021-07-18,00:56,Medium,Rain,Slippery,1,26.3034,-91.3225,0,7,2021,2021-07,Night
6789,Los Angeles,2021-12-07,05:43,Low,Rain,Dry,4,38.9793,-90.3146,5,12,2021,2021-12,Night
6790,Chicago,2023-02-11,08:42,Low,Fog,Slippery,5,46.3548,-89.7662,8,2,2023,2023-02,Day
6791,Columbus,2023-02-26,07:12,Medium,Clear,Dry,4,30.3607,-111.7743,7,2,2023,2023-02,Day
6792,Austin,2022-12-06,13:48,Medium,Clear,Wet,1,46.632,-80.9826,13,12,2022,2022-12,Day
6793,Los Angeles,2023-10-11,20:34,Medium,Rain,Dry,3,40.9331,-84.857,20,10,2023,2023-10,Night
6794,Jacksonville,2023-03-24,09:49,High,Clear,Slippery,1,26.4169,-119.7164,9,3,2023,2023-03,Day
6795,Houston,2021-10-06,23:55,Medium,Fog,Dry,2,35.9112,-98.8872,23,10,2021,2021-10,Night
6796,Indianapolis,2021-05-26,09:38,Low,Clear,Dry,1,40.6239,-104.055,9,5,2021,2021-05,Day
6797,Houston,2023-10-12,15:17,Low,Rain,Wet,3,37.6803,-100.532,15,10,2023,2023-10,Day
6798,Los Angeles,2023-05-05,14:54,Medium,Clear,Icy,3,30.8908,-77.9164,14,5,2023,2023-05,Day
6799,Jacksonville,2021-12-13,20:12,Medium,Snow,Dry,2,29.3314,-71.2427,20,12,2021,2021-12,Night
6800,Indianapolis,2021-05-30,07:56,Medium,Clear,Dry,3,47.6048,-116.4331,7,5,2021,2021-05,Day
6801,Los Angeles,2021-11-01,19:42,Low,Clear,Dry,5,26.2904,-76.402,19,11,2021,2021-11,Night
6802,Austin,2022-09-12,03:28,High,Clear,Wet,1,38.0478,-73.8017,3,9,2022,2022-09,Night
6803,Chicago,2022-02-19,07:36,Low,Clear,Wet,4,25.7095,-80.2539,7,2,2022,2022-02,Day
6804,San Jose,2022-08-30,16:04,Medium,Rain,Icy,4,39.8025,-82.0919,16,8,2022,2022-08,Day
6805,Indianapolis,2023-08-07,12:38,Low,Cloudy,Dry,2,46.0195,-85.8651,12,8,2023,2023-08,Day
6806,San Jose,2023-08-04,07:59,High,Snow,Dry,5,41.1171,-72.9674,7,8,2023,2023-08,Day
6807,Dallas,2023-09-18,16:01,Low,Fog,Wet,4,31.6835,-94.2862,16,9,2023,2023-09,Day
6808,Houston,2022-05-23,10:42,Low,Rain,Dry,4,29.4364,-117.461,10,5,2022,2022-05,Day
6809,San Antonio,2022-03-17,11:46,Low,Clear,Dry,4,43.2469,-74.3236,11,3,2022,2022-03,Day
6810,Los Angeles,2022-10-02,23:07,High,Clear,Wet,4,26.7887,-100.1629,23,10,2022,2022-10,Night
6811,Indianapolis,2022-01-16,08:15,Medium,Rain,Dry,3,47.558,-121.8011,8,1,2022,2022-01,Day
6812,Dallas,2023-11-26,22:24,Medium,Hail,Dry,2,31.6189,-81.6062,22,11,2023,2023-11,Night
6813,Phoenix,2021-04-04,18:06,Medium,Rain,Dry,4,46.3577,-74.2187,18,4,2021,2021-04,Night
6814,Charlotte,2022-06-05,15:20,High,Rain,Wet,1,33.2557,-74.7895,15,6,2022,2022-06,Day
6815,Houston,2023-10-08,10:00,Medium,Clear,Icy,1,44.5797,-79.0033,10,10,2023,2023-10,Day
6816,Austin,2022-01-19,03:03,High,Snow,Icy,2,29.4612,-113.0613,3,1,2022,2022-01,Night
6817,Jacksonville,2023-11-04,23:41,Medium,Rain,Icy,5,39.329,-76.9129,23,11,2023,2023-11,Night
6818,New York,2021-08-02,19:13,Low,Clear,Dry,5,41.1948,-98.2067,19,8,2021,2021-08,Night
6819,Indianapolis,2021-08-13,15:37,Medium,Hail,Dry,1,33.7575,-101.1391,15,8,2021,2021-08,Day
6820,New York,2023-09-30,06:17,Medium,Clear,Wet,3,38.3533,-119.8656,6,9,2023,2023-09,Day
6821,Indianapolis,2023-07-01,08:10,High,Windy,Dry,1,40.359,-74.0491,8,7,2023,2023-07,Day
6822,San Jose,2021-06-24,19:07,High,Cloudy,Under Construction,5,44.4059,-82.7611,19,6,2021,2021-06,Night
6823,Houston,2023-07-29,08:50,Low,Clear,Wet,2,37.7455,-108.5366,8,7,2023,2023-07,Day
6824,Dallas,2023-06-03,13:26,High,Rain,Dry,3,31.9054,-103.8737,13,6,2023,2023-06,Day
6825,New York,2021-08-20,07:26,Medium,Rain,Dry,2,35.8079,-116.4678,7,8,2021,2021-08,Day
6826,Indianapolis,2022-06-30,16:54,Medium,Rain,Slippery,3,37.1063,-77.3667,16,6,2022,2022-06,Day
6827,Indianapolis,2021-09-15,18:58,Medium,Fog,Under Construction,2,40.8102,-91.0124,18,9,2021,2021-09,Night
6828,Dallas,2022-04-24,08:36,Low,Rain,Wet,5,29.9203,-95.9228,8,4,2022,2022-04,Day
6829,New York,2022-06-29,07:20,High,Clear,Icy,1,47.8749,-91.439,7,6,2022,2022-06,Day
6830,Dallas,2021-05-16,18:33,Medium,Clear,Wet,3,29.3956,-92.5261,18,5,2021,2021-05,Night
6831,Dallas,2022-03-12,22:27,Medium,Clear,Icy,4,42.3496,-79.6346,22,3,2022,2022-03,Night
6832,San Jose,2021-11-28,12:26,Medium,Clear,Dry,2,43.8622,-104.3045,12,11,2021,2021-11,Day
6833,San Diego,2021-10-08,13:39,Low,Clear,Slippery,1,41.1008,-75.2115,13,10,2021,2021-10,Day
6834,Phoenix,2023-04-12,07:46,Medium,Rain,Wet,3,36.9999,-120.5362,7,4,2023,2023-04,Day
6835,Los Angeles,2022-10-08,12:07,Medium,Clear,Dry,1,41.6565,-90.1281,12,10,2022,2022-10,Day
6836,Chicago,2023-10-13,07:19,Low,Fog,Slippery,1,38.8229,-119.2905,7,10,2023,2023-10,Day
6837,Houston,2022-06-18,19:00,Low,Cloudy,Wet,5,44.1559,-103.0483,19,6,2022,2022-06,Night
6838,Houston,2021-01-03,22:41,Low,Fog,Dry,2,35.9211,-120.8735,22,1,2021,2021-01,Night
6839,Dallas,2022-08-25,08:11,Low,Clear,Wet,4,46.7153,-74.0653,8,8,2022,2022-08,Day
6840,Columbus,2022-08-04,20:24,Medium,Hail,Icy,5,42.2307,-108.5388,20,8,2022,2022-08,Night
6841,Dallas,2023-01-01,14:54,Medium,Clear,Dry,1,25.9907,-104.9289,14,1,2023,2023-01,Day
6842,Houston,2022-09-19,03:01,High,Clear,Wet,4,39.0402,-86.9847,3,9,2022,2022-09,Night
6843,Philadelphia,2022-08-11,18:40,Medium,Snow,Dry,3,47.745,-121.1181,18,8,2022,2022-08,Night
6844,Los Angeles,2022-11-11,13:26,Medium,Rain,Slippery,5,29.2014,-106.1826,13,11,2022,2022-11,Day
6845,Los Angeles,2021-09-03,15:19,Low,Cloudy,Slippery,2,34.2129,-106.8761,15,9,2021,2021-09,Day
6846,Dallas,2022-10-25,06:04,High,Clear,Wet,2,28.4911,-86.5742,6,10,2022,2022-10,Day
6847,Phoenix,2022-11-09,21:27,Medium,Clear,Dry,3,30.2752,-107.5425,21,11,2022,2022-11,Night
6848,Philadelphia,2021-07-19,20:50,Medium,Snow,Wet,1,37.3554,-85.3476,20,7,2021,2021-07,Night
6849,San Diego,2023-03-09,11:46,Medium,Clear,Dry,2,40.1101,-71.7174,11,3,2023,2023-03,Day
6850,San Antonio,2021-08-27,17:54,High,Clear,Dry,3,36.0149,-70.7036,17,8,2021,2021-08,Day
6851,Phoenix,2021-12-16,21:45,Medium,Clear,Dry,3,46.3184,-80.2441,21,12,2021,2021-12,Night
6852,New York,2023-03-04,15:42,High,Clear,Dry,1,36.6726,-100.7931,15,3,2023,2023-03,Day
6853,Los Angeles,2023-12-03,18:45,Medium,Clear,Dry,3,29.2329,-120.3579,18,12,2023,2023-12,Night
6854,New York,2022-03-23,21:38,Low,Fog,Dry,5,43.7616,-110.0833,21,3,2022,2022-03,Night
6855,Dallas,2022-11-18,08:08,Low,Clear,Dry,4,41.0277,-72.2881,8,11,2022,2022-11,Day
6856,Chicago,2021-04-03,12:57,Medium,Fog,Icy,5,25.0812,-114.0827,12,4,2021,2021-04,Day
6857,New York,2022-11-10,19:04,Low,Clear,Dry,1,33.2514,-113.9553,19,11,2022,2022-11,Night
6858,Jacksonville,2023-02-09,20:55,Low,Fog,Wet,4,47.6113,-86.063,20,2,2023,2023-02,Night
6859,Columbus,2021-07-06,17:04,Low,Clear,Slippery,5,35.8495,-106.9079,17,7,2021,2021-07,Day
6860,New York,2023-06-04,14:32,High,Rain,Wet,3,46.35,-85.9414,14,6,2023,2023-06,Day
6861,Dallas,2021-11-16,12:21,Low,Fog,Wet,3,44.1196,-83.8472,12,11,2021,2021-11,Day
6862,Jacksonville,2023-02-27,09:06,Medium,Snow,Wet,1,27.9353,-111.1376,9,2,2023,2023-02,Day
6863,Houston,2022-09-13,09:34,Low,Clear,Dry,5,32.3054,-108.0677,9,9,2022,2022-09,Day
6864,Dallas,2022-12-05,18:36,Medium,Fog,Slippery,4,32.5726,-79.9458,18,12,2022,2022-12,Night
6865,Columbus,2022-01-13,20:22,Medium,Clear,Dry,4,28.2088,-85.6153,20,1,2022,2022-01,Night
6866,Columbus,2022-08-05,20:12,Medium,Rain,Dry,5,27.0258,-117.155,20,8,2022,2022-08,Night
6867,Indianapolis,2021-03-30,18:38,Low,Rain,Wet,3,41.7442,-76.0161,18,3,2021,2021-03,Night
6868,New York,2023-06-08,06:24,Medium,Clear,Icy,2,36.4006,-89.3641,6,6,2023,2023-06,Day
6869,Indianapolis,2021-10-31,07:09,Medium,Cloudy,Slippery,4,25.8369,-85.9325,7,10,2021,2021-10,Day
6870,Chicago,2023-10-14,13:43,High,Clear,Icy,3,33.8719,-70.2777,13,10,2023,2023-10,Day
6871,Phoenix,2022-01-21,15:18,Low,Clear,Under Construction,5,26.4479,-107.3356,15,1,2022,2022-01,Day
6872,Chicago,2022-11-22,13:50,High,Snow,Wet,1,38.3298,-115.7548,13,11,2022,2022-11,Day
6873,San Antonio,2021-03-01,15:38,High,Clear,Dry,2,43.8928,-101.7329,15,3,2021,2021-03,Day
6874,Dallas,2023-04-12,18:08,Low,Clear,Dry,3,44.6132,-120.6892,18,4,2023,2023-04,Night
6875,Los Angeles,2023-08-17,19:15,High,Clear,Dry,4,34.635,-89.5355,19,8,2023,2023-08,Night
6876,Charlotte,2023-05-11,15:35,Medium,Clear,Slippery,1,26.3025,-119.2204,15,5,2023,2023-05,Day
6877,Los Angeles,2021-05-16,00:41,Medium,Fog,Dry,2,31.5268,-70.5505,0,5,2021,2021-05,Night
6878,Jacksonville,2022-11-25,11:21,Medium,Cloudy,Dry,3,43.2384,-117.1762,11,11,2022,2022-11,Day
6879,Los Angeles,2021-06-07,17:03,Medium,Clear,Dry,1,32.6947,-94.2353,17,6,2021,2021-06,Day
6880,Austin,2022-03-26,22:41,High,Hail,Dry,4,31.5406,-102.5065,22,3,2022,2022-03,Night
6881,Philadelphia,2023-05-30,08:57,Low,Rain,Slippery,2,36.6677,-84.4755,8,5,2023,2023-05,Day
6882,Dallas,2023-02-09,21:41,High,Clear,Wet,1,43.5707,-114.88,21,2,2023,2023-02,Night
6883,San Diego,2023-05-08,09:06,Low,Clear,Slippery,3,29.8642,-110.1734,9,5,2023,2023-05,Day
6884,San Jose,2021-02-22,11:03,Medium,Clear,Dry,5,28.239,-77.5438,11,2,2021,2021-02,Day
6885,Houston,2021-12-28,13:21,High,Snow,Slippery,2,25.849,-91.7733,13,12,2021,2021-12,Day
6886,Los Angeles,2021-10-30,20:09,Medium,Clear,Dry,3,33.0951,-112.0154,20,10,2021,2021-10,Night
6887,Phoenix,2023-10-02,09:45,Low,Clear,Dry,3,28.0407,-82.1672,9,10,2023,2023-10,Day
6888,San Antonio,2021-11-22,19:47,Low,Clear,Wet,1,35.8115,-76.9986,19,11,2021,2021-11,Night
6889,New York,2023-01-30,11:14,Medium,Rain,Wet,4,42.7073,-94.9404,11,1,2023,2023-01,Day
6890,Chicago,2023-05-30,08:38,Low,Clear,Icy,3,33.7129,-98.637,8,5,2023,2023-05,Day
6891,Phoenix,2022-10-03,09:46,Medium,Clear,Dry,3,34.5123,-95.5702,9,10,2022,2022-10,Day
6892,Indianapolis,2023-01-16,05:01,Low,Clear,Wet,1,31.8979,-115.118,5,1,2023,2023-01,Night
6893,Chicago,2022-01-28,14:05,High,Clear,Dry,3,27.3608,-108.7465,14,1,2022,2022-01,Day
6894,Chicago,2022-05-30,07:23,Low,Clear,Dry,5,29.2154,-89.2387,7,5,2022,2022-05,Day
6895,San Diego,2023-08-22,10:05,Low,Rain,Dry,4,36.6897,-112.1643,10,8,2023,2023-08,Day
6896,Los Angeles,2021-09-26,16:56,Low,Clear,Dry,5,42.0063,-74.892,16,9,2021,2021-09,Day
6897,Jacksonville,2023-06-08,12:03,Medium,Cloudy,Slippery,1,41.9744,-93.0199,12,6,2023,2023-06,Day
6898,Dallas,2022-04-07,18:34,Low,Rain,Dry,3,40.9633,-94.2763,18,4,2022,2022-04,Night
6899,Columbus,2022-06-26,17:56,Medium,Fog,Dry,1,26.428,-105.4776,17,6,2022,2022-06,Day
6900,Los Angeles,2022-05-27,17:42,Low,Snow,Dry,2,30.0981,-99.0027,17,5,2022,2022-05,Day
6901,Dallas,2022-09-01,16:49,Medium,Snow,Slippery,2,36.5842,-75.3,16,9,2022,2022-09,Day
6902,Los Angeles,2022-09-16,13:41,Medium,Clear,Wet,2,28.4788,-105.4043,13,9,2022,2022-09,Day
6903,San Jose,2023-08-27,13:18,Low,Clear,Dry,4,31.6212,-108.7126,13,8,2023,2023-08,Day
6904,Charlotte,2022-12-06,07:22,Medium,Clear,Dry,3,32.8843,-95.8316,7,12,2022,2022-12,Day
6905,Philadelphia,2023-01-14,20:22,Low,Rain,Dry,5,38.0224,-74.5047,20,1,2023,2023-01,Night
6906,Houston,2022-03-27,21:30,High,Clear,Wet,3,43.069,-71.6089,21,3,2022,2022-03,Night
6907,San Jose,2022-11-16,08:38,High,Clear,Slippery,1,30.1315,-119.1576,8,11,2022,2022-11,Day
6908,Dallas,2023-12-28,19:09,High,Cloudy,Dry,4,27.3276,-74.2443,19,12,2023,2023-12,Night
6909,Charlotte,2023-07-16,12:22,Medium,Rain,Dry,1,39.7054,-114.3038,12,7,2023,2023-07,Day
6910,Los Angeles,2023-11-26,16:15,Low,Clear,Slippery,2,40.0193,-117.0339,16,11,2023,2023-11,Day
6911,Austin,2021-04-24,21:18,Medium,Rain,Wet,5,36.021,-75.215,21,4,2021,2021-04,Night
6912,New York,2022-12-31,09:18,Medium,Snow,Icy,1,26.317,-73.5147,9,12,2022,2022-12,Day
6913,Indianapolis,2023-04-18,12:33,Low,Snow,Wet,4,28.5801,-76.4452,12,4,2023,2023-04,Day
6914,San Antonio,2022-05-10,18:59,Low,Clear,Dry,3,31.1527,-86.6445,18,5,2022,2022-05,Night
6915,Charlotte,2023-06-02,21:44,Medium,Snow,Dry,3,37.0292,-94.7497,21,6,2023,2023-06,Night
6916,Los Angeles,2021-04-16,13:13,Medium,Clear,Dry,5,40.6847,-76.8214,13,4,2021,2021-04,Day
6917,New York,2023-09-04,07:38,Low,Cloudy,Dry,5,39.9701,-100.2697,7,9,2023,2023-09,Day
6918,New York,2023-07-15,23:56,Medium,Rain,Dry,1,25.2875,-93.4097,23,7,2023,2023-07,Night
6919,Columbus,2021-04-04,13:59,Medium,Clear,Dry,3,36.7898,-91.1784,13,4,2021,2021-04,Day
6920,Phoenix,2022-04-04,20:31,Low,Rain,Icy,4,29.7207,-119.238,20,4,2022,2022-04,Night
6921,Charlotte,2022-12-21,08:25,High,Clear,Dry,1,40.5435,-76.5005,8,12,2022,2022-12,Day
6922,Houston,2022-01-24,12:52,Medium,Clear,Icy,2,34.4013,-76.1935,12,1,2022,2022-01,Day
6923,Chicago,2022-05-29,17:47,Low,Clear,Under Construction,4,37.1047,-72.2167,17,5,2022,2022-05,Day
6924,Indianapolis,2022-02-08,16:17,Medium,Rain,Dry,5,30.0638,-119.4662,16,2,2022,2022-02,Day
6925,Chicago,2021-11-07,11:39,Low,Clear,Dry,5,44.6411,-80.6797,11,11,2021,2021-11,Day
6926,Chicago,2023-06-21,21:18,Medium,Clear,Wet,2,33.7187,-82.6106,21,6,2023,2023-06,Night
6927,Phoenix,2021-01-11,14:52,High,Cloudy,Wet,5,42.4895,-113.3579,14,1,2021,2021-01,Day
6928,Chicago,2023-06-18,16:18,Medium,Snow,Dry,3,46.8704,-103.5438,16,6,2023,2023-06,Day
6929,Dallas,2021-09-23,19:53,Medium,Clear,Dry,3,32.3953,-74.3885,19,9,2021,2021-09,Night
6930,Jacksonville,2021-02-27,20:48,Low,Rain,Icy,2,47.2551,-97.2688,20,2,2021,2021-02,Night
6931,Phoenix,2023-04-19,04:11,Medium,Clear,Dry,2,28.0646,-80.8432,4,4,2023,2023-04,Night
6932,San Jose,2022-11-25,20:32,Medium,Clear,Dry,5,27.8886,-79.1361,20,11,2022,2022-11,Night
6933,Houston,2023-12-11,18:27,Low,Hail,Dry,3,36.5887,-89.7931,18,12,2023,2023-12,Night
6934,New York,2023-12-03,08:25,Medium,Rain,Slippery,4,41.8427,-105.5353,8,12,2023,2023-12,Day
6935,Dallas,2023-06-07,21:02,Low,Hail,Under Construction,1,37.2909,-95.4253,21,6,2023,2023-06,Night
6936,San Diego,2021-01-27,17:24,Medium,Clear,Icy,2,26.938,-115.6679,17,1,2021,2021-01,Day
6937,Houston,2022-07-19,07:26,Low,Clear,Dry,5,41.7328,-83.523,7,7,2022,2022-07,Day
6938,New York,2023-02-13,10:53,High,Fog,Wet,1,28.9513,-98.2415,10,2,2023,2023-02,Day
6939,Houston,2022-06-11,16:30,High,Clear,Wet,5,37.7109,-115.2139,16,6,2022,2022-06,Day
6940,Phoenix,2021-05-14,12:09,Low,Clear,Under Construction,1,37.0009,-82.4077,12,5,2021,2021-05,Day
6941,Los Angeles,2023-01-14,12:08,High,Rain,Slippery,2,27.527,-96.0643,12,1,2023,2023-01,Day
6942,New York,2021-04-07,03:28,High,Clear,Dry,1,41.9974,-91.6007,3,4,2021,2021-04,Night
6943,Indianapolis,2022-06-05,06:39,High,Clear,Dry,3,33.444,-73.2175,6,6,2022,2022-06,Day
6944,Chicago,2021-03-12,16:12,High,Rain,Under Construction,4,39.8716,-76.6165,16,3,2021,2021-03,Day
6945,Austin,2022-02-07,15:08,Low,Clear,Wet,2,26.2425,-95.7486,15,2,2022,2022-02,Day
6946,Jacksonville,2022-04-25,16:04,Medium,Clear,Wet,3,42.9247,-101.058,16,4,2022,2022-04,Day
6947,San Diego,2021-10-28,16:22,Medium,Snow,Wet,1,44.4251,-113.3722,16,10,2021,2021-10,Day
6948,Dallas,2022-01-24,18:07,High,Snow,Dry,5,38.8138,-86.6961,18,1,2022,2022-01,Night
6949,San Diego,2023-02-01,12:57,High,Clear,Dry,2,41.7189,-103.8149,12,2,2023,2023-02,Day
6950,New York,2021-04-13,23:51,Low,Clear,Icy,1,35.7351,-96.5813,23,4,2021,2021-04,Night
6951,Charlotte,2021-07-27,07:44,Medium,Clear,Dry,3,30.9012,-87.6004,7,7,2021,2021-07,Day
6952,Dallas,2022-02-25,17:05,Medium,Rain,Slippery,2,43.3882,-84.1019,17,2,2022,2022-02,Day
6953,San Diego,2021-11-24,13:23,Low,Snow,Dry,2,26.5539,-108.7664,13,11,2021,2021-11,Day
6954,Chicago,2021-09-05,12:55,Medium,Clear,Dry,1,33.6768,-115.7458,12,9,2021,2021-09,Day
6955,Dallas,2022-06-24,20:02,Low,Clear,Dry,5,29.2838,-120.7097,20,6,2022,2022-06,Night
6956,New York,2022-06-06,18:44,Low,Clear,Dry,5,32.067,-100.8073,18,6,2022,2022-06,Night
6957,San Antonio,2022-05-22,19:00,Low,Rain,Dry,5,43.9062,-80.1943,19,5,2022,2022-05,Night
6958,San Jose,2022-01-10,16:10,High,Fog,Under Construction,4,44.3093,-90.9275,16,1,2022,2022-01,Day
6959,Indianapolis,2023-01-30,08:19,Low,Fog,Dry,1,29.4195,-85.188,8,1,2023,2023-01,Day
6960,San Diego,2023-10-23,14:05,Low,Clear,Icy,3,47.9154,-108.2671,14,10,2023,2023-10,Day
6961,San Jose,2022-05-27,20:56,Medium,Clear,Icy,4,27.1094,-93.1009,20,5,2022,2022-05,Night
6962,Austin,2021-02-24,10:48,Low,Windy,Slippery,1,40.1933,-101.9793,10,2,2021,2021-02,Day
6963,San Diego,2021-04-13,16:44,Medium,Clear,Wet,2,41.6865,-81.5695,16,4,2021,2021-04,Day
6964,Jacksonville,2023-03-10,13:26,Medium,Clear,Dry,3,38.1417,-111.8921,13,3,2023,2023-03,Day
6965,San Antonio,2023-06-12,19:46,Low,Snow,Wet,3,33.3553,-105.7763,19,6,2023,2023-06,Night
6966,Chicago,2021-03-02,14:28,High,Clear,Dry,3,32.6902,-106.8267,14,3,2021,2021-03,Day
6967,Los Angeles,2023-02-10,09:09,Low,Clear,Dry,1,43.6297,-73.1218,9,2,2023,2023-02,Day
6968,San Antonio,2021-07-26,10:34,Medium,Rain,Dry,2,33.9228,-108.9207,10,7,2021,2021-07,Day
6969,Los Angeles,2021-04-17,16:27,High,Rain,Dry,1,43.5309,-103.9392,16,4,2021,2021-04,Day
6970,Philadelphia,2021-05-24,13:13,Low,Rain,Icy,4,30.484,-111.3034,13,5,2021,2021-05,Day
6971,New York,2022-01-10,10:30,Medium,Clear,Slippery,5,39.1609,-74.3545,10,1,2022,2022-01,Day
6972,Austin,2023-03-28,18:56,Medium,Clear,Icy,5,35.2482,-112.8326,18,3,2023,2023-03,Night
6973,San Jose,2023-12-02,06:34,Medium,Rain,Wet,1,35.5119,-80.7674,6,12,2023,2023-12,Day
6974,New York,2022-08-16,08:36,High,Rain,Dry,4,41.1097,-107.6402,8,8,2022,2022-08,Day
6975,Dallas,2023-11-23,20:27,Low,Rain,Wet,1,27.141,-104.8541,20,11,2023,2023-11,Night
6976,San Diego,2022-08-11,21:56,High,Rain,Dry,3,33.6081,-98.3269,21,8,2022,2022-08,Night
6977,Columbus,2021-11-17,03:54,Medium,Rain,Dry,5,43.6332,-84.5317,3,11,2021,2021-11,Night
6978,Los Angeles,2021-04-17,15:27,Low,Fog,Slippery,5,29.0535,-116.6784,15,4,2021,2021-04,Day
6979,Dallas,2023-08-19,13:28,Low,Fog,Dry,3,41.7796,-75.6447,13,8,2023,2023-08,Day
6980,Indianapolis,2023-01-29,08:00,Low,Fog,Wet,4,29.4473,-101.9432,8,1,2023,2023-01,Day
6981,San Diego,2022-01-01,04:26,Medium,Clear,Dry,3,35.4477,-121.3891,4,1,2022,2022-01,Night
6982,New York,2023-05-29,13:23,Low,Clear,Wet,3,28.061,-86.842,13,5,2023,2023-05,Day
6983,Houston,2023-01-17,11:40,Low,Clear,Slippery,5,27.821,-113.54,11,1,2023,2023-01,Day
6984,Houston,2021-01-16,03:22,Low,Clear,Slippery,1,42.241,-108.894,3,1,2021,2021-01,Night
6985,Los Angeles,2023-09-15,19:17,High,Clear,Dry,4,44.7335,-97.2787,19,9,2023,2023-09,Night
6986,Los Angeles,2023-01-11,16:13,Medium,Snow,Dry,2,37.847,-108.9666,16,1,2023,2023-01,Day
6987,Philadelphia,2021-09-23,09:09,Low,Fog,Dry,4,29.6303,-94.695,9,9,2021,2021-09,Day
6988,Philadelphia,2021-06-04,17:07,Medium,Rain,Dry,2,38.4356,-85.387,17,6,2021,2021-06,Day
6989,Los Angeles,2022-12-05,18:12,Low,Fog,Wet,1,28.0737,-92.9485,18,12,2022,2022-12,Night
6990,Phoenix,2021-04-24,19:48,Medium,Snow,Wet,5,35.6701,-121.6611,19,4,2021,2021-04,Night
6991,New York,2021-07-09,15:51,Medium,Clear,Dry,2,32.5132,-92.5167,15,7,2021,2021-07,Day
6992,Indianapolis,2022-11-05,04:26,Low,Clear,Dry,3,47.2492,-83.0932,4,11,2022,2022-11,Night
6993,Dallas,2022-05-16,21:35,Medium,Clear,Dry,4,40.6291,-96.6939,21,5,2022,2022-05,Night
6994,New York,2022-04-16,11:33,High,Rain,Wet,5,46.4843,-90.6807,11,4,2022,2022-04,Day
6995,New York,2022-11-27,15:32,High,Rain,Dry,5,32.6885,-103.8004,15,11,2022,2022-11,Day
6996,Chicago,2023-04-21,13:25,High,Snow,Dry,1,25.8555,-109.5375,13,4,2023,2023-04,Day
6997,Austin,2022-08-24,13:17,Medium,Clear,Dry,1,47.2759,-73.8011,13,8,2022,2022-08,Day
6998,Chicago,2021-08-11,16:39,Medium,Clear,Dry,4,36.2378,-90.6738,16,8,2021,2021-08,Day
6999,Los Angeles,2022-05-06,14:59,Medium,Clear,Dry,1,29.582,-98.4082,14,5,2022,2022-05,Day
7000,New York,2021-01-23,21:37,High,Fog,Wet,4,25.4909,-104.7498,21,1,2021,2021-01,Night
7001,Phoenix,2023-07-07,08:01,Medium,Rain,Dry,2,46.8793,-113.3612,8,7,2023,2023-07,Day
7002,Phoenix,2022-01-08,21:23,Low,Windy,Dry,2,27.9525,-118.1453,21,1,2022,2022-01,Night
7003,Phoenix,2022-03-28,19:32,Medium,Cloudy,Dry,4,34.9676,-120.4283,19,3,2022,2022-03,Night
7004,Chicago,2023-08-26,01:50,Medium,Rain,Under Construction,4,28.6679,-108.857,1,8,2023,2023-08,Night
7005,Phoenix,2023-04-22,15:47,Medium,Clear,Wet,2,41.6982,-92.5391,15,4,2023,2023-04,Day
7006,San Antonio,2023-11-08,22:04,High,Clear,Wet,3,25.2149,-110.4562,22,11,2023,2023-11,Night
7007,Los Angeles,2023-10-15,19:36,High,Snow,Slippery,1,40.8053,-118.5678,19,10,2023,2023-10,Night
7008,San Antonio,2021-04-13,13:39,Medium,Clear,Dry,3,26.6451,-110.3322,13,4,2021,2021-04,Day
7009,Los Angeles,2021-02-24,19:42,Medium,Clear,Wet,3,44.4486,-83.9289,19,2,2021,2021-02,Night
7010,Philadelphia,2023-02-08,07:46,Medium,Clear,Wet,1,40.0267,-75.145,7,2,2023,2023-02,Day
7011,Columbus,2023-09-12,06:11,Medium,Rain,Slippery,2,41.8013,-74.6405,6,9,2023,2023-09,Day
7012,Indianapolis,2022-02-13,20:33,Low,Windy,Dry,5,26.4552,-82.6485,20,2,2022,2022-02,Night
7013,San Jose,2022-01-24,11:06,Medium,Clear,Dry,3,39.8083,-105.3246,11,1,2022,2022-01,Day
7014,Philadelphia,2022-01-20,10:41,Low,Clear,Icy,2,45.2596,-88.1157,10,1,2022,2022-01,Day
7015,Houston,2022-11-24,13:50,Low,Clear,Dry,3,35.5278,-92.4124,13,11,2022,2022-11,Day
7016,Chicago,2022-09-13,08:56,Low,Fog,Wet,1,25.2988,-97.7531,8,9,2022,2022-09,Day
7017,New York,2023-06-10,11:59,Low,Snow,Dry,1,25.5867,-94.0587,11,6,2023,2023-06,Day
7018,Los Angeles,2023-04-10,19:41,Low,Clear,Icy,3,28.6736,-75.9463,19,4,2023,2023-04,Night
7019,Los Angeles,2023-08-11,20:00,Medium,Windy,Dry,3,26.1173,-118.0836,20,8,2023,2023-08,Night
7020,Chicago,2023-04-07,13:18,Medium,Clear,Wet,1,37.1414,-75.4658,13,4,2023,2023-04,Day
7021,Columbus,2023-06-26,10:04,Low,Clear,Dry,4,32.0473,-116.851,10,6,2023,2023-06,Day
7022,Columbus,2021-09-15,16:47,Low,Rain,Dry,3,46.1247,-110.8693,16,9,2021,2021-09,Day
7023,Dallas,2023-01-06,13:41,High,Rain,Wet,4,28.1282,-94.9133,13,1,2023,2023-01,Day
7024,Phoenix,2021-12-19,13:36,Low,Rain,Dry,3,36.9518,-96.396,13,12,2021,2021-12,Day
7025,New York,2021-10-16,12:39,Medium,Clear,Dry,3,31.3878,-77.986,12,10,2021,2021-10,Day
7026,Indianapolis,2021-03-08,08:04,High,Snow,Icy,5,27.8188,-98.1986,8,3,2021,2021-03,Day
7027,New York,2023-05-26,12:46,High,Fog,Wet,1,29.0386,-121.0167,12,5,2023,2023-05,Day
7028,San Diego,2021-02-12,22:33,Low,Rain,Wet,3,35.1902,-104.388,22,2,2021,2021-02,Night
7029,Columbus,2022-11-12,10:18,Medium,Rain,Dry,1,29.5349,-96.4905,10,11,2022,2022-11,Day
7030,Los Angeles,2021-05-19,21:36,Low,Clear,Icy,5,40.025,-93.0084,21,5,2021,2021-05,Night
7031,Los Angeles,2023-04-16,01:45,Low,Snow,Wet,2,44.6014,-106.1464,1,4,2023,2023-04,Night
7032,San Jose,2021-10-12,07:23,Low,Hail,Slippery,5,45.2696,-96.7182,7,10,2021,2021-10,Day
7033,New York,2023-10-29,07:22,Low,Clear,Icy,4,32.063,-111.0963,7,10,2023,2023-10,Day
7034,San Antonio,2021-12-17,19:38,High,Snow,Dry,2,43.1479,-94.4801,19,12,2021,2021-12,Night
7035,Chicago,2023-01-13,02:58,High,Clear,Icy,1,47.9294,-97.4846,2,1,2023,2023-01,Night
7036,New York,2022-07-16,20:15,Medium,Clear,Icy,2,45.559,-71.502,20,7,2022,2022-07,Night
7037,Los Angeles,2022-01-16,07:09,Medium,Cloudy,Dry,2,28.5904,-79.6319,7,1,2022,2022-01,Day
7038,San Antonio,2021-10-10,14:34,Medium,Clear,Dry,4,25.6977,-88.9783,14,10,2021,2021-10,Day
7039,San Jose,2021-10-12,05:54,Low,Snow,Dry,1,43.6185,-101.9366,5,10,2021,2021-10,Night
7040,Houston,2023-10-13,13:41,Low,Clear,Wet,2,40.2855,-96.8137,13,10,2023,2023-10,Day
7041,Chicago,2022-02-25,21:46,Low,Rain,Wet,4,28.6904,-113.1976,21,2,2022,2022-02,Night
7042,Dallas,2021-02-09,19:17,Low,Rain,Dry,3,46.9673,-112.2657,19,2,2021,2021-02,Night
7043,San Jose,2022-03-11,15:03,Medium,Clear,Slippery,5,47.7541,-94.8299,15,3,2022,2022-03,Day
7044,Chicago,2021-08-01,21:19,Medium,Fog,Icy,2,36.4036,-121.4922,21,8,2021,2021-08,Night
7045,Charlotte,2021-02-19,09:07,Low,Clear,Icy,2,37.9144,-107.1064,9,2,2021,2021-02,Day
7046,San Antonio,2021-06-11,05:56,Medium,Rain,Dry,5,38.6756,-86.7533,5,6,2021,2021-06,Night
7047,San Diego,2021-05-26,17:44,High,Rain,Wet,2,34.9319,-104.9767,17,5,2021,2021-05,Day
7048,San Antonio,2021-06-04,12:33,Low,Rain,Dry,1,26.7338,-74.4895,12,6,2021,2021-06,Day
7049,New York,2022-12-16,22:17,Medium,Fog,Dry,4,45.0216,-76.1985,22,12,2022,2022-12,Night
7050,New York,2021-06-25,17:31,High,Rain,Wet,1,43.3109,-81.9463,17,6,2021,2021-06,Day
7051,Chicago,2022-01-09,09:33,Low,Rain,Dry,2,25.5682,-104.7986,9,1,2022,2022-01,Day
7052,Charlotte,2023-06-30,12:59,Medium,Fog,Dry,4,46.0424,-79.4451,12,6,2023,2023-06,Day
7053,Dallas,2022-05-12,07:34,Medium,Fog,Dry,1,46.6242,-99.3595,7,5,2022,2022-05,Day
7054,Charlotte,2023-01-27,08:22,Low,Clear,Wet,4,31.4849,-115.0439,8,1,2023,2023-01,Day
7055,New York,2022-02-22,18:37,High,Snow,Icy,2,33.8817,-82.0953,18,2,2022,2022-02,Night
7056,Charlotte,2021-11-17,12:56,Low,Rain,Dry,1,45.8613,-77.9583,12,11,2021,2021-11,Day
7057,Indianapolis,2022-09-24,11:55,Medium,Clear,Dry,2,39.6489,-96.5025,11,9,2022,2022-09,Day
7058,Chicago,2021-12-13,15:31,Medium,Clear,Wet,1,43.1592,-111.8782,15,12,2021,2021-12,Day
7059,Charlotte,2022-11-25,17:47,High,Clear,Dry,5,25.5107,-70.2106,17,11,2022,2022-11,Day
7060,Houston,2022-10-25,19:11,Medium,Clear,Dry,4,40.6605,-80.9194,19,10,2022,2022-10,Night
7061,Houston,2021-04-05,07:58,Low,Rain,Dry,4,42.386,-103.8492,7,4,2021,2021-04,Day
7062,Los Angeles,2021-06-15,17:19,Low,Clear,Slippery,4,44.197,-102.2321,17,6,2021,2021-06,Day
7063,Dallas,2021-12-11,08:45,Low,Rain,Dry,4,27.7529,-71.8431,8,12,2021,2021-12,Day
7064,Indianapolis,2021-01-11,19:22,Medium,Fog,Dry,3,26.3115,-89.784,19,1,2021,2021-01,Night
7065,San Diego,2021-03-04,12:59,Low,Snow,Wet,5,46.5699,-73.5434,12,3,2021,2021-03,Day
7066,Houston,2021-06-27,11:23,High,Snow,Dry,2,35.468,-93.1327,11,6,2021,2021-06,Day
7067,Dallas,2022-01-24,12:16,Low,Fog,Dry,4,46.1435,-110.6242,12,1,2022,2022-01,Day
7068,Chicago,2022-02-12,15:37,Medium,Clear,Slippery,5,33.8875,-87.6009,15,2,2022,2022-02,Day
7069,Los Angeles,2021-11-18,17:24,Medium,Clear,Slippery,2,32.2887,-71.6182,17,11,2021,2021-11,Day
7070,Houston,2022-01-31,17:38,High,Clear,Dry,1,29.0625,-78.1852,17,1,2022,2022-01,Day
7071,New York,2021-05-17,05:37,Medium,Rain,Slippery,5,32.3434,-86.8088,5,5,2021,2021-05,Night
7072,Indianapolis,2023-07-21,21:41,High,Rain,Dry,3,32.8721,-83.8194,21,7,2023,2023-07,Night
7073,Columbus,2023-09-06,18:32,Low,Rain,Dry,1,33.1989,-114.6578,18,9,2023,2023-09,Night
7074,Columbus,2021-12-10,09:42,Medium,Clear,Wet,1,39.1195,-101.7777,9,12,2021,2021-12,Day
7075,Los Angeles,2023-02-20,10:12,Low,Clear,Dry,4,43.9226,-78.9883,10,2,2023,2023-02,Day
7076,New York,2023-06-16,12:12,Medium,Rain,Wet,2,30.4239,-100.7084,12,6,2023,2023-06,Day
7077,New York,2021-06-12,09:19,Medium,Fog,Dry,5,37.3256,-121.2796,9,6,2021,2021-06,Day
7078,San Antonio,2023-07-27,18:03,High,Clear,Dry,3,26.6523,-121.9515,18,7,2023,2023-07,Night
7079,Chicago,2023-12-23,13:53,Low,Fog,Dry,1,25.2411,-97.319,13,12,2023,2023-12,Day
7080,Indianapolis,2023-07-31,03:06,Medium,Rain,Under Construction,4,25.748,-107.7378,3,7,2023,2023-07,Night
7081,Houston,2021-09-04,12:34,Low,Clear,Dry,1,33.544,-104.1574,12,9,2021,2021-09,Day
7082,Indianapolis,2021-10-10,20:28,Low,Snow,Dry,1,36.7026,-100.7921,20,10,2021,2021-10,Night
7083,New York,2022-08-14,06:24,Medium,Snow,Icy,3,31.0456,-107.3578,6,8,2022,2022-08,Day
7084,Philadelphia,2021-03-01,18:31,Low,Rain,Dry,5,29.5485,-105.2265,18,3,2021,2021-03,Night
7085,Columbus,2023-05-01,17:56,Low,Rain,Dry,4,27.8989,-108.0985,17,5,2023,2023-05,Day
7086,San Jose,2022-12-12,06:57,Medium,Clear,Wet,2,35.6466,-102.2393,6,12,2022,2022-12,Day
7087,Dallas,2023-01-20,12:30,Medium,Cloudy,Dry,2,35.6986,-90.9783,12,1,2023,2023-01,Day
7088,Austin,2023-01-13,12:33,Medium,Rain,Wet,5,40.1498,-100.7808,12,1,2023,2023-01,Day
7089,Chicago,2022-12-16,07:59,High,Windy,Wet,3,37.0913,-93.2705,7,12,2022,2022-12,Day
7090,Charlotte,2023-02-15,18:55,Medium,Clear,Dry,1,39.946,-95.7055,18,2,2023,2023-02,Night
7091,Chicago,2021-10-12,17:51,Low,Fog,Dry,1,33.4114,-109.5562,17,10,2021,2021-10,Day
7092,Philadelphia,2022-10-24,16:49,Low,Rain,Dry,4,44.7019,-84.2314,16,10,2022,2022-10,Day
7093,San Diego,2023-07-06,09:58,Medium,Clear,Under Construction,1,35.0353,-85.8869,9,7,2023,2023-07,Day
7094,Indianapolis,2021-03-15,12:23,High,Clear,Wet,5,28.8583,-101.024,12,3,2021,2021-03,Day
7095,Philadelphia,2021-07-21,06:45,High,Rain,Dry,4,41.1693,-81.0692,6,7,2021,2021-07,Day
7096,New York,2022-05-02,18:15,Low,Rain,Slippery,4,41.0085,-86.2883,18,5,2022,2022-05,Night
7097,Indianapolis,2021-04-08,06:36,Medium,Clear,Dry,2,25.5194,-83.9302,6,4,2021,2021-04,Day
7098,Houston,2023-08-09,07:07,High,Rain,Wet,1,39.2224,-77.7239,7,8,2023,2023-08,Day
7099,Los Angeles,2021-09-20,17:15,Low,Snow,Wet,3,37.3981,-109.2907,17,9,2021,2021-09,Day
7100,Los Angeles,2022-08-19,12:11,Low,Fog,Slippery,2,30.9289,-91.763,12,8,2022,2022-08,Day
7101,Austin,2023-05-20,22:24,Medium,Snow,Dry,2,40.2251,-99.9972,22,5,2023,2023-05,Night
7102,San Antonio,2022-03-08,14:40,Low,Rain,Under Construction,1,29.2603,-110.4296,14,3,2022,2022-03,Day
7103,Austin,2023-08-26,05:49,Medium,Snow,Dry,2,26.6405,-118.5493,5,8,2023,2023-08,Night
7104,Chicago,2022-05-18,17:15,Low,Rain,Dry,1,37.6037,-108.6401,17,5,2022,2022-05,Day
7105,San Antonio,2022-07-27,17:57,Medium,Snow,Wet,3,28.6286,-81.8113,17,7,2022,2022-07,Day
7106,Los Angeles,2022-12-01,15:28,Low,Fog,Slippery,4,41.3637,-110.3183,15,12,2022,2022-12,Day
7107,Los Angeles,2021-09-30,20:48,High,Fog,Under Construction,5,25.3715,-109.6127,20,9,2021,2021-09,Night
7108,Chicago,2022-05-07,10:25,High,Rain,Wet,3,40.5468,-110.2038,10,5,2022,2022-05,Day
7109,Indianapolis,2022-11-18,15:53,Low,Clear,Wet,3,25.9001,-90.1063,15,11,2022,2022-11,Day
7110,New York,2021-08-30,07:33,Low,Fog,Wet,4,31.8921,-90.7612,7,8,2021,2021-08,Day
7111,San Diego,2021-05-08,09:54,Medium,Clear,Slippery,5,38.6292,-88.0698,9,5,2021,2021-05,Day
7112,Dallas,2022-02-20,10:35,Low,Fog,Dry,4,26.4853,-116.1649,10,2,2022,2022-02,Day
7113,New York,2023-10-07,19:30,Medium,Clear,Dry,1,47.5748,-93.9493,19,10,2023,2023-10,Night
7114,San Jose,2023-06-20,13:30,Low,Windy,Dry,4,33.9579,-91.0498,13,6,2023,2023-06,Day
7115,Los Angeles,2023-09-23,18:28,Medium,Rain,Dry,5,45.7535,-121.1564,18,9,2023,2023-09,Night
7116,Los Angeles,2023-11-12,16:56,Low,Cloudy,Wet,2,41.5746,-92.0233,16,11,2023,2023-11,Day
7117,Chicago,2023-02-01,09:45,Medium,Cloudy,Dry,4,36.5581,-71.962,9,2,2023,2023-02,Day
7118,Austin,2022-04-05,21:51,Low,Clear,Dry,2,39.2895,-73.0455,21,4,2022,2022-04,Night
7119,Indianapolis,2021-01-16,11:41,Low,Clear,Dry,1,45.5218,-89.4008,11,1,2021,2021-01,Day
7120,New York,2021-02-11,19:21,High,Clear,Wet,5,32.8558,-119.5831,19,2,2021,2021-02,Night
7121,Columbus,2023-08-20,07:17,Low,Clear,Slippery,3,43.4077,-77.9112,7,8,2023,2023-08,Day
7122,San Jose,2023-01-10,15:59,Medium,Snow,Icy,1,33.4922,-96.1383,15,1,2023,2023-01,Day
7123,Los Angeles,2021-11-19,08:31,Low,Rain,Dry,3,37.439,-117.0122,8,11,2021,2021-11,Day
7124,Phoenix,2022-10-09,16:56,Low,Windy,Dry,5,31.8182,-86.574,16,10,2022,2022-10,Day
7125,Dallas,2023-02-06,11:58,Medium,Clear,Dry,5,40.2177,-95.405,11,2,2023,2023-02,Day
7126,Phoenix,2022-06-13,17:36,High,Rain,Dry,4,27.907,-82.2136,17,6,2022,2022-06,Day
7127,New York,2022-12-31,07:35,High,Clear,Wet,2,44.7892,-116.9348,7,12,2022,2022-12,Day
7128,Dallas,2022-01-30,23:55,Medium,Clear,Dry,1,40.0236,-81.6788,23,1,2022,2022-01,Night
7129,Los Angeles,2023-11-25,16:18,Medium,Rain,Dry,4,37.4973,-75.9707,16,11,2023,2023-11,Day
7130,San Diego,2022-04-30,09:31,Medium,Hail,Slippery,5,42.2167,-88.1865,9,4,2022,2022-04,Day
7131,Los Angeles,2023-06-11,05:04,Medium,Cloudy,Dry,5,37.2793,-84.4309,5,6,2023,2023-06,Night
7132,New York,2023-12-02,17:40,Medium,Clear,Slippery,5,36.6841,-108.0359,17,12,2023,2023-12,Day
7133,Columbus,2021-10-14,07:15,High,Cloudy,Wet,3,32.0042,-105.7952,7,10,2021,2021-10,Day
7134,Dallas,2021-05-21,06:36,High,Clear,Wet,4,43.7823,-86.616,6,5,2021,2021-05,Day
7135,Chicago,2021-06-20,12:00,High,Rain,Dry,1,33.3583,-111.9951,12,6,2021,2021-06,Day
7136,New York,2021-09-07,09:54,Medium,Cloudy,Slippery,2,26.704,-78.9229,9,9,2021,2021-09,Day
7137,Phoenix,2021-11-06,06:43,Medium,Snow,Icy,3,43.9938,-116.5952,6,11,2021,2021-11,Day
7138,New York,2023-01-07,12:06,Low,Rain,Dry,4,46.6185,-95.3501,12,1,2023,2023-01,Day
7139,Charlotte,2022-12-22,05:56,High,Cloudy,Dry,4,31.6227,-70.1036,5,12,2022,2022-12,Night
7140,Charlotte,2021-04-16,11:48,High,Clear,Dry,1,41.6329,-115.0158,11,4,2021,2021-04,Day
7141,Indianapolis,2021-12-17,23:50,Medium,Fog,Slippery,5,37.518,-116.2724,23,12,2021,2021-12,Night
7142,Austin,2023-05-16,21:27,Low,Snow,Dry,3,37.0701,-109.1879,21,5,2023,2023-05,Night
7143,Chicago,2021-11-14,10:38,Low,Rain,Wet,2,29.7407,-96.0377,10,11,2021,2021-11,Day
7144,San Jose,2022-02-11,08:23,Low,Hail,Wet,1,36.5487,-116.1871,8,2,2022,2022-02,Day
7145,San Jose,2022-06-02,12:28,Medium,Cloudy,Wet,2,42.2588,-89.3293,12,6,2022,2022-06,Day
7146,Houston,2022-01-08,10:51,Medium,Rain,Dry,5,35.1777,-78.2132,10,1,2022,2022-01,Day
7147,Dallas,2021-05-30,08:20,Medium,Clear,Wet,2,27.3905,-86.3438,8,5,2021,2021-05,Day
7148,Los Angeles,2021-01-26,12:39,Medium,Clear,Dry,2,43.1248,-114.9715,12,1,2021,2021-01,Day
7149,Chicago,2022-12-28,10:31,Medium,Rain,Slippery,3,26.5487,-89.5341,10,12,2022,2022-12,Day
7150,San Diego,2023-12-19,16:15,Medium,Clear,Slippery,2,39.1911,-79.5335,16,12,2023,2023-12,Day
7151,Chicago,2023-06-03,23:04,Low,Clear,Under Construction,5,38.1911,-98.1631,23,6,2023,2023-06,Night
7152,San Antonio,2021-06-04,15:59,Low,Clear,Wet,4,26.8065,-119.9904,15,6,2021,2021-06,Day
7153,New York,2023-07-20,13:19,Medium,Clear,Slippery,4,30.7969,-120.4994,13,7,2023,2023-07,Day
7154,Indianapolis,2022-05-21,22:08,Low,Clear,Under Construction,4,38.5008,-96.7436,22,5,2022,2022-05,Night
7155,Los Angeles,2021-05-01,10:29,Medium,Clear,Icy,2,27.9763,-99.3535,10,5,2021,2021-05,Day
7156,Indianapolis,2023-04-04,16:29,Low,Rain,Wet,5,31.3927,-88.5834,16,4,2023,2023-04,Day
7157,Austin,2021-12-07,13:37,Medium,Clear,Dry,3,44.74,-119.3573,13,12,2021,2021-12,Day
7158,San Jose,2023-05-02,21:53,Medium,Hail,Icy,1,39.3801,-79.8413,21,5,2023,2023-05,Night
7159,Austin,2023-05-05,17:01,Medium,Rain,Dry,4,44.7131,-119.5081,17,5,2023,2023-05,Day
7160,Philadelphia,2023-07-16,12:48,Low,Clear,Wet,5,37.6435,-73.8694,12,7,2023,2023-07,Day
7161,Dallas,2023-04-21,09:01,Medium,Rain,Slippery,3,46.9714,-106.4105,9,4,2023,2023-04,Day
7162,Los Angeles,2023-06-21,13:47,High,Windy,Wet,1,47.105,-75.6496,13,6,2023,2023-06,Day
7163,Charlotte,2023-05-01,20:09,Low,Clear,Wet,2,47.9819,-96.7623,20,5,2023,2023-05,Night
7164,Houston,2021-08-20,18:48,Medium,Snow,Slippery,4,37.3297,-71.2204,18,8,2021,2021-08,Night
7165,Dallas,2022-06-27,08:34,Medium,Clear,Dry,5,42.9719,-107.814,8,6,2022,2022-06,Day
7166,Dallas,2023-02-22,11:03,Medium,Snow,Slippery,3,29.9307,-99.7637,11,2,2023,2023-02,Day
7167,San Antonio,2022-09-02,12:23,Medium,Rain,Wet,4,32.7827,-85.5085,12,9,2022,2022-09,Day
7168,San Antonio,2021-03-15,13:40,Low,Rain,Dry,4,43.962,-95.401,13,3,2021,2021-03,Day
7169,Indianapolis,2022-04-27,07:53,Low,Cloudy,Dry,1,37.6186,-114.5627,7,4,2022,2022-04,Day
7170,Los Angeles,2021-09-03,15:03,Low,Rain,Dry,5,43.2273,-109.1115,15,9,2021,2021-09,Day
7171,Los Angeles,2023-02-26,12:34,Medium,Snow,Dry,5,25.7437,-93.7096,12,2,2023,2023-02,Day
7172,New York,2023-09-27,16:33,Medium,Snow,Dry,2,40.877,-116.5607,16,9,2023,2023-09,Day
7173,Dallas,2021-07-22,16:51,Medium,Clear,Dry,3,40.3279,-83.4819,16,7,2021,2021-07,Day
7174,Chicago,2022-05-26,20:22,Low,Rain,Slippery,2,45.8208,-113.3974,20,5,2022,2022-05,Night
7175,Charlotte,2023-07-04,00:25,High,Rain,Dry,4,36.1716,-120.2748,0,7,2023,2023-07,Night
7176,San Jose,2022-10-02,22:37,Low,Clear,Icy,1,39.636,-110.9626,22,10,2022,2022-10,Night
7177,San Diego,2021-07-02,17:46,High,Fog,Dry,2,28.2536,-121.0081,17,7,2021,2021-07,Day
7178,New York,2022-12-07,19:24,Low,Fog,Icy,1,41.8788,-88.7271,19,12,2022,2022-12,Night
7179,New York,2023-04-30,17:12,Medium,Fog,Icy,5,45.0804,-79.642,17,4,2023,2023-04,Day
7180,Dallas,2021-11-02,17:58,Low,Clear,Wet,5,26.2775,-112.7923,17,11,2021,2021-11,Day
7181,Chicago,2022-01-06,17:05,Medium,Clear,Wet,5,25.3009,-73.321,17,1,2022,2022-01,Day
7182,San Antonio,2021-05-24,07:59,Low,Clear,Wet,3,42.0958,-105.1235,7,5,2021,2021-05,Day
7183,San Jose,2023-08-30,19:00,Medium,Clear,Dry,4,45.2659,-94.976,19,8,2023,2023-08,Night
7184,Philadelphia,2021-07-31,12:21,High,Clear,Dry,3,44.1799,-107.0146,12,7,2021,2021-07,Day
7185,Houston,2021-01-15,18:14,Low,Clear,Dry,3,30.999,-121.5667,18,1,2021,2021-01,Night
7186,Dallas,2023-12-03,22:23,Low,Fog,Dry,5,35.0431,-73.7082,22,12,2023,2023-12,Night
7187,Los Angeles,2022-01-16,08:43,Medium,Rain,Wet,3,34.5892,-87.801,8,1,2022,2022-01,Day
7188,Los Angeles,2022-01-24,07:19,Medium,Clear,Wet,4,35.261,-88.0044,7,1,2022,2022-01,Day
7189,San Diego,2021-01-11,21:06,Medium,Fog,Dry,4,45.9458,-91.5366,21,1,2021,2021-01,Night
7190,Chicago,2023-01-19,08:36,Medium,Clear,Dry,1,37.6503,-108.9333,8,1,2023,2023-01,Day
7191,Los Angeles,2023-08-31,12:44,Low,Rain,Dry,2,40.7839,-82.401,12,8,2023,2023-08,Day
7192,Indianapolis,2021-09-13,14:12,High,Rain,Icy,3,39.5305,-109.5579,14,9,2021,2021-09,Day
7193,Dallas,2021-07-31,05:18,Low,Rain,Dry,5,34.2483,-120.1384,5,7,2021,2021-07,Night
7194,New York,2021-02-23,18:20,Medium,Rain,Dry,2,28.7014,-118.1499,18,2,2021,2021-02,Night
7195,Phoenix,2023-11-04,00:26,High,Snow,Dry,5,47.5305,-121.4115,0,11,2023,2023-11,Night
7196,San Diego,2021-05-18,12:44,Medium,Snow,Wet,3,27.8843,-78.1222,12,5,2021,2021-05,Day
7197,Charlotte,2023-05-20,20:15,Medium,Rain,Wet,2,32.2841,-75.3821,20,5,2023,2023-05,Night
7198,Houston,2023-06-11,11:10,Medium,Snow,Dry,5,43.1557,-108.708,11,6,2023,2023-06,Day
7199,Houston,2021-08-23,18:54,Low,Fog,Dry,1,28.6297,-79.6982,18,8,2021,2021-08,Night
7200,San Antonio,2023-09-28,05:54,Medium,Rain,Dry,4,27.0167,-83.381,5,9,2023,2023-09,Night
7201,Los Angeles,2022-07-25,05:07,Medium,Clear,Wet,5,38.3084,-114.1292,5,7,2022,2022-07,Night
7202,San Jose,2022-04-01,12:12,Low,Clear,Wet,2,38.9553,-90.7514,12,4,2022,2022-04,Day
7203,New York,2023-11-12,00:53,Medium,Rain,Wet,1,46.592,-99.4326,0,11,2023,2023-11,Night
7204,Houston,2022-05-16,14:59,Medium,Clear,Dry,2,35.2031,-101.828,14,5,2022,2022-05,Day
7205,Columbus,2023-07-26,23:15,High,Cloudy,Dry,5,46.971,-117.5374,23,7,2023,2023-07,Night
7206,San Antonio,2022-04-20,21:15,Medium,Clear,Dry,2,25.3199,-73.9438,21,4,2022,2022-04,Night
7207,San Jose,2022-01-29,08:24,High,Clear,Dry,4,47.6077,-78.642,8,1,2022,2022-01,Day
7208,Indianapolis,2021-08-18,11:05,Medium,Rain,Wet,2,45.1808,-119.273,11,8,2021,2021-08,Day
7209,Chicago,2021-11-23,18:10,Medium,Clear,Dry,3,45.416,-98.6443,18,11,2021,2021-11,Night
7210,Houston,2022-12-07,11:41,Medium,Cloudy,Dry,3,25.4098,-117.5738,11,12,2022,2022-12,Day
7211,San Jose,2021-09-24,13:32,Low,Rain,Dry,4,33.4845,-106.2264,13,9,2021,2021-09,Day
7212,Los Angeles,2023-07-15,16:54,Medium,Snow,Dry,5,28.4692,-88.0397,16,7,2023,2023-07,Day
7213,Phoenix,2023-08-07,11:20,Medium,Clear,Dry,1,47.5004,-72.7794,11,8,2023,2023-08,Day
7214,New York,2021-05-27,16:20,Medium,Windy,Dry,1,34.5752,-119.2511,16,5,2021,2021-05,Day
7215,Austin,2021-08-13,13:13,High,Clear,Dry,2,31.6207,-93.3448,13,8,2021,2021-08,Day
7216,Los Angeles,2021-07-30,12:56,Low,Fog,Wet,3,32.8953,-113.5634,12,7,2021,2021-07,Day
7217,San Diego,2023-08-10,07:17,Medium,Fog,Icy,5,35.2971,-88.3202,7,8,2023,2023-08,Day
7218,Los Angeles,2021-09-30,17:05,High,Clear,Slippery,2,29.5741,-96.8731,17,9,2021,2021-09,Day
7219,Dallas,2022-01-04,11:36,Medium,Clear,Dry,3,25.1914,-100.2912,11,1,2022,2022-01,Day
7220,Houston,2021-09-05,20:05,Low,Cloudy,Dry,1,26.876,-71.2815,20,9,2021,2021-09,Night
7221,Chicago,2021-03-01,08:23,Low,Snow,Wet,1,34.568,-87.9731,8,3,2021,2021-03,Day
7222,Indianapolis,2022-12-30,12:43,Medium,Rain,Dry,1,29.3194,-99.3123,12,12,2022,2022-12,Day
7223,Dallas,2021-03-24,14:17,High,Rain,Slippery,4,47.4506,-84.5242,14,3,2021,2021-03,Day
7224,San Jose,2022-04-25,13:08,High,Clear,Wet,1,25.3087,-86.6775,13,4,2022,2022-04,Day
7225,Los Angeles,2023-10-20,17:28,High,Rain,Icy,2,40.4061,-86.2176,17,10,2023,2023-10,Day
7226,Houston,2021-08-14,12:05,Low,Clear,Dry,1,32.5126,-104.816,12,8,2021,2021-08,Day
7227,Chicago,2021-03-07,01:13,Medium,Clear,Slippery,2,25.2275,-87.6657,1,3,2021,2021-03,Night
7228,Chicago,2022-12-21,21:42,Medium,Clear,Wet,5,38.3152,-74.8079,21,12,2022,2022-12,Night
7229,Los Angeles,2021-04-27,17:59,Medium,Clear,Dry,3,32.9619,-108.231,17,4,2021,2021-04,Day
7230,San Antonio,2022-02-18,17:16,Medium,Clear,Wet,1,46.2207,-86.7889,17,2,2022,2022-02,Day
7231,Chicago,2022-02-12,19:09,Medium,Cloudy,Dry,1,30.015,-89.2931,19,2,2022,2022-02,Night
7232,Columbus,2022-05-05,07:31,Medium,Clear,Dry,4,46.8,-108.2905,7,5,2022,2022-05,Day
7233,Los Angeles,2023-10-14,20:55,Medium,Fog,Dry,1,44.3138,-98.8658,20,10,2023,2023-10,Night
7234,Philadelphia,2021-01-28,19:53,Medium,Clear,Wet,3,29.74,-73.7778,19,1,2021,2021-01,Night
7235,Dallas,2022-08-18,16:12,Low,Fog,Wet,2,35.4785,-81.3859,16,8,2022,2022-08,Day
7236,New York,2021-05-31,14:43,Low,Windy,Slippery,2,34.009,-96.9981,14,5,2021,2021-05,Day
7237,Chicago,2022-10-31,02:01,Low,Hail,Slippery,1,45.6619,-81.0879,2,10,2022,2022-10,Night
7238,Indianapolis,2021-08-19,12:51,Medium,Rain,Icy,3,47.5508,-103.5982,12,8,2021,2021-08,Day
7239,Houston,2023-07-13,16:15,High,Clear,Icy,1,30.6353,-87.5699,16,7,2023,2023-07,Day
7240,Jacksonville,2021-09-15,19:50,Low,Snow,Dry,2,34.2335,-89.9178,19,9,2021,2021-09,Night
7241,New York,2021-09-25,21:28,Medium,Clear,Dry,3,42.1356,-121.1547,21,9,2021,2021-09,Night
7242,Columbus,2023-09-29,11:54,Low,Clear,Dry,3,47.628,-92.1122,11,9,2023,2023-09,Day
7243,Jacksonville,2023-04-26,11:29,Medium,Cloudy,Wet,3,45.6432,-103.5426,11,4,2023,2023-04,Day
7244,Jacksonville,2023-12-10,17:48,Low,Snow,Dry,2,45.5322,-114.4565,17,12,2023,2023-12,Day
7245,Los Angeles,2022-08-21,10:46,Low,Clear,Dry,2,27.147,-109.3707,10,8,2022,2022-08,Day
7246,New York,2022-04-17,18:56,Low,Fog,Dry,3,33.6338,-112.1259,18,4,2022,2022-04,Night
7247,New York,2021-09-22,16:43,Low,Rain,Wet,1,28.9053,-81.971,16,9,2021,2021-09,Day
7248,Jacksonville,2022-12-30,07:01,Low,Clear,Wet,1,36.7632,-99.5208,7,12,2022,2022-12,Day
7249,Austin,2023-06-11,17:14,Medium,Clear,Wet,3,31.9385,-96.3409,17,6,2023,2023-06,Day
7250,Indianapolis,2022-05-18,00:14,Medium,Clear,Dry,2,25.3294,-83.7427,0,5,2022,2022-05,Night
7251,Charlotte,2023-10-01,12:14,Medium,Clear,Dry,2,38.966,-74.9936,12,10,2023,2023-10,Day
7252,Philadelphia,2023-09-22,22:16,Low,Cloudy,Dry,2,45.0792,-109.9881,22,9,2023,2023-09,Night
7253,San Antonio,2023-10-19,11:25,Low,Fog,Dry,3,25.6675,-109.8011,11,10,2023,2023-10,Day
7254,Philadelphia,2023-12-18,15:44,Low,Rain,Dry,2,41.5739,-97.9784,15,12,2023,2023-12,Day
7255,Columbus,2023-11-20,21:16,Medium,Rain,Dry,5,41.0534,-94.2811,21,11,2023,2023-11,Night
7256,Los Angeles,2023-11-04,11:43,Low,Rain,Icy,2,26.5873,-82.5128,11,11,2023,2023-11,Day
7257,New York,2021-04-11,19:41,Low,Rain,Icy,3,41.3093,-77.2217,19,4,2021,2021-04,Night
7258,Houston,2023-01-24,11:54,Medium,Rain,Dry,2,46.4205,-95.0783,11,1,2023,2023-01,Day
7259,Dallas,2021-01-31,08:23,Medium,Rain,Slippery,5,36.8856,-113.4377,8,1,2021,2021-01,Day
7260,San Antonio,2022-04-20,17:23,Low,Fog,Dry,5,37.4351,-119.6494,17,4,2022,2022-04,Day
7261,Chicago,2023-05-22,15:14,Low,Rain,Under Construction,2,28.2849,-86.3783,15,5,2023,2023-05,Day
7262,Chicago,2023-06-06,18:27,Medium,Clear,Dry,4,27.9511,-79.8215,18,6,2023,2023-06,Night
7263,Jacksonville,2022-04-15,11:22,High,Clear,Dry,5,31.8204,-73.7355,11,4,2022,2022-04,Day
7264,Chicago,2022-01-16,13:56,Medium,Cloudy,Slippery,4,27.2684,-110.3671,13,1,2022,2022-01,Day
7265,Dallas,2022-04-09,12:26,Low,Clear,Wet,1,34.7115,-85.8024,12,4,2022,2022-04,Day
7266,New York,2022-09-22,00:47,Low,Clear,Wet,4,46.0869,-119.1605,0,9,2022,2022-09,Night
7267,New York,2023-07-06,18:06,High,Rain,Slippery,2,42.8597,-114.4633,18,7,2023,2023-07,Night
7268,Houston,2023-01-01,17:32,Medium,Rain,Wet,1,26.4251,-93.7964,17,1,2023,2023-01,Day
7269,Philadelphia,2021-07-22,10:19,Medium,Clear,Slippery,3,31.0293,-85.6188,10,7,2021,2021-07,Day
7270,Los Angeles,2022-01-05,09:45,Low,Clear,Under Construction,4,42.616,-117.7183,9,1,2022,2022-01,Day
7271,Phoenix,2022-01-07,19:07,Low,Fog,Dry,2,40.8138,-92.9634,19,1,2022,2022-01,Night
7272,New York,2023-06-01,12:54,Medium,Rain,Dry,3,34.8896,-98.3857,12,6,2023,2023-06,Day
7273,Columbus,2023-01-30,15:43,Low,Clear,Dry,5,33.0409,-91.3331,15,1,2023,2023-01,Day
7274,Austin,2023-06-30,21:57,Low,Rain,Slippery,2,31.4915,-95.0277,21,6,2023,2023-06,Night
7275,New York,2021-08-21,14:28,Medium,Clear,Wet,4,31.0195,-98.87,14,8,2021,2021-08,Day
7276,Dallas,2023-04-24,18:28,Low,Clear,Wet,2,34.5894,-104.4895,18,4,2023,2023-04,Night
7277,Phoenix,2022-04-01,12:03,Low,Clear,Under Construction,2,46.7921,-93.9936,12,4,2022,2022-04,Day
7278,Indianapolis,2021-03-01,13:40,High,Clear,Wet,2,42.0436,-107.5098,13,3,2021,2021-03,Day
7279,Los Angeles,2022-05-19,21:09,Medium,Fog,Wet,2,40.581,-118.209,21,5,2022,2022-05,Night
7280,Austin,2021-06-21,09:05,Medium,Clear,Slippery,3,41.9262,-86.3715,9,6,2021,2021-06,Day
7281,Los Angeles,2021-08-29,09:19,High,Clear,Dry,4,46.7795,-90.5842,9,8,2021,2021-08,Day
7282,New York,2021-09-17,22:22,Low,Rain,Dry,5,31.9781,-70.0109,22,9,2021,2021-09,Night
7283,Los Angeles,2021-10-08,18:34,Medium,Clear,Dry,2,35.178,-100.196,18,10,2021,2021-10,Night
7284,San Diego,2023-07-03,13:46,Low,Snow,Dry,2,30.3285,-70.1068,13,7,2023,2023-07,Day
7285,San Diego,2021-08-07,13:53,Low,Snow,Dry,2,30.214,-118.3845,13,8,2021,2021-08,Day
7286,San Antonio,2023-07-31,22:29,Medium,Fog,Icy,1,47.0446,-116.5274,22,7,2023,2023-07,Night
7287,Los Angeles,2021-05-02,03:10,High,Clear,Wet,1,28.6635,-97.4613,3,5,2021,2021-05,Night
7288,New York,2021-09-05,13:53,Medium,Clear,Dry,4,42.829,-88.564,13,9,2021,2021-09,Day
7289,Chicago,2022-07-10,08:05,Low,Fog,Wet,5,44.0584,-115.6203,8,7,2022,2022-07,Day
7290,Los Angeles,2023-12-07,19:46,High,Hail,Wet,1,33.467,-109.4807,19,12,2023,2023-12,Night
7291,Chicago,2023-03-28,09:42,Medium,Rain,Dry,3,33.6403,-101.8683,9,3,2023,2023-03,Day
7292,Phoenix,2023-04-30,21:10,Low,Windy,Icy,4,43.8625,-90.5545,21,4,2023,2023-04,Night
7293,Indianapolis,2021-05-18,14:30,High,Clear,Wet,4,30.3685,-81.9461,14,5,2021,2021-05,Day
7294,Los Angeles,2022-01-27,22:14,Low,Rain,Wet,4,42.1462,-99.2869,22,1,2022,2022-01,Night
7295,Columbus,2022-08-09,10:30,Medium,Cloudy,Slippery,5,42.1478,-92.5283,10,8,2022,2022-08,Day
7296,Phoenix,2021-02-10,09:37,Medium,Clear,Dry,2,30.1911,-97.3167,9,2,2021,2021-02,Day
7297,Chicago,2021-08-25,12:32,Low,Rain,Dry,1,42.9503,-108.6163,12,8,2021,2021-08,Day
7298,New York,2021-01-13,16:48,Medium,Rain,Dry,1,31.6928,-121.3592,16,1,2021,2021-01,Day
7299,Chicago,2021-11-11,12:02,Low,Clear,Dry,4,31.4582,-79.5282,12,11,2021,2021-11,Day
7300,New York,2023-10-29,20:21,Low,Clear,Under Construction,2,47.6451,-94.5931,20,10,2023,2023-10,Night
7301,Los Angeles,2021-09-23,10:41,Low,Rain,Dry,4,30.2456,-111.3076,10,9,2021,2021-09,Day
7302,San Jose,2021-05-01,23:24,Medium,Rain,Wet,1,31.496,-82.4574,23,5,2021,2021-05,Night
7303,New York,2023-12-31,17:58,Low,Clear,Dry,5,39.5433,-79.6298,17,12,2023,2023-12,Day
7304,Houston,2022-12-22,02:50,Low,Rain,Wet,5,35.753,-77.1931,2,12,2022,2022-12,Night
7305,Charlotte,2023-06-08,16:30,Low,Snow,Wet,1,26.3084,-112.5499,16,6,2023,2023-06,Day
7306,Los Angeles,2021-04-05,16:07,Medium,Rain,Dry,4,37.7598,-76.2213,16,4,2021,2021-04,Day
7307,Houston,2023-11-14,19:17,Low,Rain,Wet,4,46.09,-108.6326,19,11,2023,2023-11,Night
7308,Indianapolis,2023-03-12,16:40,Medium,Clear,Dry,2,45.6089,-94.9691,16,3,2023,2023-03,Day
7309,New York,2021-11-14,21:48,High,Rain,Wet,2,30.5129,-110.9813,21,11,2021,2021-11,Night
7310,Indianapolis,2022-10-11,10:31,Medium,Clear,Wet,3,25.6471,-118.6384,10,10,2022,2022-10,Day
7311,San Antonio,2023-06-29,07:26,Low,Fog,Icy,4,34.3419,-72.986,7,6,2023,2023-06,Day
7312,Phoenix,2023-08-11,15:50,Low,Snow,Wet,3,43.7955,-95.8626,15,8,2023,2023-08,Day
7313,New York,2023-10-14,07:58,Medium,Clear,Wet,4,36.6869,-93.8765,7,10,2023,2023-10,Day
7314,Phoenix,2023-02-09,11:19,Medium,Fog,Under Construction,4,35.7029,-79.6773,11,2,2023,2023-02,Day
7315,Philadelphia,2021-02-07,12:04,High,Rain,Dry,1,30.0066,-118.0035,12,2,2021,2021-02,Day
7316,Los Angeles,2022-09-04,17:16,Medium,Clear,Dry,2,26.6127,-71.8691,17,9,2022,2022-09,Day
7317,Dallas,2021-01-13,00:23,Low,Rain,Dry,5,32.3787,-75.6221,0,1,2021,2021-01,Night
7318,Chicago,2022-08-24,19:21,Low,Cloudy,Slippery,4,46.7692,-106.3159,19,8,2022,2022-08,Night
7319,San Jose,2023-07-14,12:06,Medium,Clear,Icy,4,40.6234,-95.4023,12,7,2023,2023-07,Day
7320,San Antonio,2021-08-29,22:24,Medium,Fog,Wet,3,28.4372,-86.9398,22,8,2021,2021-08,Night
7321,Los Angeles,2023-04-14,18:37,Medium,Clear,Icy,2,32.5455,-73.4874,18,4,2023,2023-04,Night
7322,Dallas,2021-02-13,09:51,Medium,Clear,Slippery,5,43.2866,-84.2061,9,2,2021,2021-02,Day
7323,Phoenix,2023-11-10,06:47,Low,Fog,Dry,3,45.4643,-103.1729,6,11,2023,2023-11,Day
7324,San Diego,2022-09-29,19:19,Low,Clear,Dry,2,37.8099,-82.5491,19,9,2022,2022-09,Night
7325,Dallas,2022-11-15,07:48,High,Fog,Slippery,5,28.6905,-71.3494,7,11,2022,2022-11,Day
7326,Philadelphia,2023-06-11,07:24,Low,Clear,Dry,4,30.1532,-90.9792,7,6,2023,2023-06,Day
7327,Austin,2021-06-06,08:46,Low,Cloudy,Dry,3,31.6019,-77.5249,8,6,2021,2021-06,Day
7328,Los Angeles,2022-06-16,14:09,Low,Windy,Dry,3,39.1328,-95.7757,14,6,2022,2022-06,Day
7329,Chicago,2023-01-17,20:52,Medium,Rain,Dry,4,31.1541,-88.7322,20,1,2023,2023-01,Night
7330,Chicago,2023-03-28,00:22,Low,Rain,Dry,3,43.2258,-91.481,0,3,2023,2023-03,Night
7331,Indianapolis,2021-08-13,09:43,High,Snow,Dry,5,43.8246,-72.7513,9,8,2021,2021-08,Day
7332,New York,2022-10-15,12:53,High,Cloudy,Dry,2,35.0137,-96.7324,12,10,2022,2022-10,Day
7333,Phoenix,2023-10-29,16:13,Low,Cloudy,Dry,3,45.57,-112.4732,16,10,2023,2023-10,Day
7334,Los Angeles,2023-09-17,22:29,Medium,Cloudy,Dry,3,31.3255,-96.2866,22,9,2023,2023-09,Night
7335,New York,2021-02-04,11:36,High,Clear,Wet,1,44.552,-113.2664,11,2,2021,2021-02,Day
7336,Phoenix,2022-10-21,21:29,Low,Rain,Under Construction,2,25.5112,-113.8607,21,10,2022,2022-10,Night
7337,San Jose,2021-03-05,22:28,Low,Rain,Dry,3,39.7225,-111.5482,22,3,2021,2021-03,Night
7338,Austin,2022-06-02,18:00,Low,Clear,Icy,4,37.4913,-103.2206,18,6,2022,2022-06,Night
7339,Charlotte,2021-05-05,19:26,Medium,Fog,Dry,1,39.2689,-102.2135,19,5,2021,2021-05,Night
7340,New York,2023-11-02,21:04,Medium,Rain,Under Construction,1,43.707,-106.9778,21,11,2023,2023-11,Night
7341,New York,2022-10-23,09:57,High,Rain,Dry,2,45.1022,-120.8502,9,10,2022,2022-10,Day
7342,Chicago,2023-03-13,21:04,Medium,Snow,Dry,1,35.0661,-90.6989,21,3,2023,2023-03,Night
7343,Chicago,2023-11-11,18:36,High,Clear,Wet,1,25.2631,-70.3828,18,11,2023,2023-11,Night
7344,Jacksonville,2022-01-11,07:52,Low,Cloudy,Icy,3,39.0597,-97.8272,7,1,2022,2022-01,Day
7345,San Antonio,2022-08-01,19:41,High,Cloudy,Dry,5,43.0705,-110.5053,19,8,2022,2022-08,Night
7346,Los Angeles,2021-02-05,17:41,Low,Hail,Icy,1,34.6474,-119.3388,17,2,2021,2021-02,Day
7347,Columbus,2023-01-05,13:24,Low,Clear,Icy,5,30.6658,-118.3289,13,1,2023,2023-01,Day
7348,Chicago,2021-07-15,07:54,Medium,Clear,Slippery,1,36.8543,-90.9151,7,7,2021,2021-07,Day
7349,Houston,2023-07-09,19:07,Low,Clear,Dry,3,26.622,-90.3687,19,7,2023,2023-07,Night
7350,New York,2023-04-23,06:31,Low,Snow,Wet,5,35.9229,-105.1928,6,4,2023,2023-04,Day
7351,Austin,2021-09-07,10:02,Low,Hail,Dry,3,30.5672,-109.3208,10,9,2021,2021-09,Day
7352,Dallas,2021-08-26,20:06,Low,Clear,Wet,5,25.5474,-115.0012,20,8,2021,2021-08,Night
7353,San Jose,2022-10-10,19:47,Medium,Rain,Wet,4,26.3674,-113.8363,19,10,2022,2022-10,Night
7354,San Antonio,2021-05-05,19:57,Low,Windy,Wet,1,28.414,-79.8134,19,5,2021,2021-05,Night
7355,Chicago,2022-01-16,19:00,Medium,Hail,Dry,2,37.7809,-111.2576,19,1,2022,2022-01,Night
7356,Austin,2023-08-18,14:52,High,Snow,Icy,2,28.3307,-102.4197,14,8,2023,2023-08,Day
7357,New York,2021-03-08,08:09,Medium,Clear,Icy,1,40.4553,-102.6528,8,3,2021,2021-03,Day
7358,Columbus,2022-10-16,05:03,Medium,Rain,Dry,2,39.0061,-112.6367,5,10,2022,2022-10,Night
7359,Phoenix,2023-04-15,10:39,Medium,Rain,Dry,3,33.6908,-118.2427,10,4,2023,2023-04,Day
7360,Columbus,2023-01-06,11:31,Low,Snow,Dry,1,38.4359,-103.4497,11,1,2023,2023-01,Day
7361,San Jose,2023-09-21,11:36,Low,Rain,Wet,3,32.4233,-78.0848,11,9,2023,2023-09,Day
7362,Dallas,2021-04-11,12:19,Medium,Fog,Dry,2,31.9167,-87.9204,12,4,2021,2021-04,Day
7363,Houston,2023-10-25,14:51,Low,Snow,Dry,5,44.9748,-98.909,14,10,2023,2023-10,Day
7364,Los Angeles,2021-04-28,19:28,Medium,Rain,Icy,1,34.5576,-93.379,19,4,2021,2021-04,Night
7365,Los Angeles,2021-11-10,20:58,Low,Clear,Dry,3,29.2694,-70.8277,20,11,2021,2021-11,Night
7366,Austin,2023-04-22,08:39,Low,Clear,Dry,3,45.7708,-120.5017,8,4,2023,2023-04,Day
7367,Houston,2023-06-09,23:19,High,Rain,Dry,3,43.24,-89.5781,23,6,2023,2023-06,Night
7368,Charlotte,2023-08-13,13:23,Medium,Rain,Slippery,2,32.3397,-84.6813,13,8,2023,2023-08,Day
7369,New York,2021-02-13,13:18,Low,Clear,Dry,4,42.0966,-80.4993,13,2,2021,2021-02,Day
7370,Chicago,2021-01-25,01:19,High,Clear,Dry,5,27.5107,-107.0157,1,1,2021,2021-01,Night
7371,Phoenix,2021-03-11,09:06,Low,Rain,Dry,3,29.4207,-76.3768,9,3,2021,2021-03,Day
7372,Houston,2021-05-25,17:19,Low,Clear,Wet,1,39.9305,-90.9372,17,5,2021,2021-05,Day
7373,Indianapolis,2022-03-03,08:14,Low,Clear,Dry,1,45.8696,-103.5021,8,3,2022,2022-03,Day
7374,New York,2023-08-28,07:48,Medium,Clear,Dry,4,36.2613,-71.6689,7,8,2023,2023-08,Day
7375,Jacksonville,2021-12-25,21:32,Low,Clear,Dry,1,43.1239,-85.2021,21,12,2021,2021-12,Night
7376,New York,2021-06-08,14:12,Medium,Clear,Dry,5,42.516,-107.7258,14,6,2021,2021-06,Day
7377,Los Angeles,2023-03-26,08:59,Medium,Clear,Dry,3,26.6732,-78.385,8,3,2023,2023-03,Day
7378,Indianapolis,2023-04-04,16:14,Low,Rain,Wet,5,45.5313,-113.5283,16,4,2023,2023-04,Day
7379,Austin,2021-01-15,16:04,Medium,Clear,Dry,1,26.8428,-78.1442,16,1,2021,2021-01,Day
7380,Houston,2023-12-14,08:31,High,Clear,Wet,4,36.4157,-104.8645,8,12,2023,2023-12,Day
7381,New York,2023-06-16,19:27,Low,Rain,Wet,3,47.8517,-108.5729,19,6,2023,2023-06,Night
7382,Chicago,2021-08-10,11:24,Low,Cloudy,Icy,4,45.5246,-104.5332,11,8,2021,2021-08,Day
7383,New York,2023-12-18,07:34,Low,Rain,Slippery,5,47.1591,-81.257,7,12,2023,2023-12,Day
7384,Chicago,2022-01-06,16:23,Low,Clear,Dry,2,32.4689,-101.6925,16,1,2022,2022-01,Day
7385,Dallas,2021-03-13,19:06,High,Snow,Slippery,1,29.5455,-119.8415,19,3,2021,2021-03,Night
7386,New York,2023-06-03,21:23,Low,Hail,Dry,4,30.7809,-107.4493,21,6,2023,2023-06,Night
7387,Philadelphia,2022-03-09,05:11,Low,Snow,Dry,1,28.5211,-91.4858,5,3,2022,2022-03,Night
7388,New York,2023-07-13,08:37,Medium,Clear,Dry,1,38.7783,-115.6956,8,7,2023,2023-07,Day
7389,Jacksonville,2022-03-24,19:38,High,Clear,Icy,2,28.5905,-84.569,19,3,2022,2022-03,Night
7390,Los Angeles,2023-06-07,06:35,Low,Rain,Dry,5,42.2775,-97.3547,6,6,2023,2023-06,Day
7391,Los Angeles,2022-08-30,21:10,Medium,Rain,Under Construction,2,28.9404,-96.9061,21,8,2022,2022-08,Night
7392,Charlotte,2023-10-03,02:18,Low,Clear,Dry,5,27.1494,-79.0121,2,10,2023,2023-10,Night
7393,New York,2023-01-27,10:25,Medium,Hail,Dry,1,37.9086,-112.1437,10,1,2023,2023-01,Day
7394,San Jose,2023-09-08,18:55,Low,Rain,Dry,5,30.8225,-77.2092,18,9,2023,2023-09,Night
7395,San Antonio,2023-03-11,15:07,Medium,Rain,Slippery,3,40.7824,-79.6987,15,3,2023,2023-03,Day
7396,Houston,2023-03-28,19:09,Medium,Clear,Wet,1,30.1634,-77.7685,19,3,2023,2023-03,Night
7397,Phoenix,2023-03-15,07:08,Low,Clear,Dry,1,31.9007,-106.9353,7,3,2023,2023-03,Day
7398,Indianapolis,2023-10-14,15:42,Medium,Rain,Wet,3,28.1206,-84.2724,15,10,2023,2023-10,Day
7399,New York,2023-08-07,18:08,High,Rain,Dry,1,39.4542,-100.3556,18,8,2023,2023-08,Night
7400,New York,2022-04-11,22:27,Low,Cloudy,Slippery,4,36.0102,-91.7452,22,4,2022,2022-04,Night
7401,Dallas,2023-10-13,12:55,Low,Rain,Dry,1,34.3177,-93.496,12,10,2023,2023-10,Day
7402,San Jose,2023-12-09,14:18,High,Clear,Dry,3,26.3395,-107.8265,14,12,2023,2023-12,Day
7403,Jacksonville,2023-11-05,14:18,Low,Clear,Under Construction,3,32.272,-113.0488,14,11,2023,2023-11,Day
7404,Columbus,2022-11-07,20:31,Medium,Hail,Slippery,2,46.8103,-104.1604,20,11,2022,2022-11,Night
7405,New York,2021-12-19,10:17,Medium,Rain,Dry,2,27.0383,-114.1318,10,12,2021,2021-12,Day
7406,Chicago,2021-08-12,15:33,High,Clear,Dry,5,40.5371,-100.3306,15,8,2021,2021-08,Day
7407,New York,2023-10-04,21:04,Low,Hail,Wet,5,29.2225,-74.3123,21,10,2023,2023-10,Night
7408,Chicago,2022-04-29,10:52,Low,Rain,Wet,5,39.6891,-121.3982,10,4,2022,2022-04,Day
7409,New York,2021-02-03,11:22,Low,Clear,Slippery,2,32.5324,-72.8813,11,2,2021,2021-02,Day
7410,New York,2023-04-06,06:11,Medium,Clear,Wet,5,35.7465,-113.9423,6,4,2023,2023-04,Day
7411,Chicago,2021-08-21,11:50,Low,Clear,Icy,4,46.5969,-97.4453,11,8,2021,2021-08,Day
7412,Columbus,2023-07-21,16:15,Low,Clear,Dry,1,44.902,-86.8581,16,7,2023,2023-07,Day
7413,Chicago,2022-04-03,12:39,Low,Rain,Icy,3,47.5602,-81.4926,12,4,2022,2022-04,Day
7414,Los Angeles,2021-01-21,07:45,Medium,Clear,Dry,5,39.4897,-86.5567,7,1,2021,2021-01,Day
7415,Los Angeles,2023-06-07,08:35,Medium,Rain,Dry,4,31.6334,-71.5172,8,6,2023,2023-06,Day
7416,Phoenix,2023-03-17,18:39,Low,Clear,Dry,2,43.2105,-99.7196,18,3,2023,2023-03,Night
7417,Phoenix,2021-04-16,19:19,Low,Fog,Slippery,1,31.6768,-108.0248,19,4,2021,2021-04,Night
7418,Los Angeles,2021-10-08,10:35,Low,Cloudy,Wet,2,30.6176,-80.436,10,10,2021,2021-10,Day
7419,Houston,2023-09-04,06:59,Medium,Clear,Wet,3,38.5768,-80.6929,6,9,2023,2023-09,Day
7420,Los Angeles,2021-02-15,14:55,Medium,Hail,Dry,4,28.5446,-120.7372,14,2,2021,2021-02,Day
7421,Dallas,2021-10-12,13:29,Low,Clear,Dry,3,43.2614,-74.0031,13,10,2021,2021-10,Day
7422,Philadelphia,2021-04-18,14:38,High,Clear,Dry,5,32.7531,-83.1147,14,4,2021,2021-04,Day
7423,Los Angeles,2021-11-01,09:23,Low,Clear,Dry,1,40.9316,-71.6735,9,11,2021,2021-11,Day
7424,Phoenix,2021-08-16,18:03,Medium,Snow,Wet,3,39.4995,-73.1349,18,8,2021,2021-08,Night
7425,Charlotte,2022-10-15,07:46,Low,Clear,Under Construction,3,38.2605,-105.8194,7,10,2022,2022-10,Day
7426,Philadelphia,2023-05-16,09:15,Medium,Fog,Under Construction,5,30.8048,-99.2339,9,5,2023,2023-05,Day
7427,New York,2023-05-11,21:58,Medium,Clear,Dry,1,40.8802,-104.8566,21,5,2023,2023-05,Night
7428,New York,2022-04-14,21:29,Low,Rain,Dry,5,42.6397,-90.2625,21,4,2022,2022-04,Night
7429,New York,2023-04-13,18:58,Low,Cloudy,Slippery,4,30.7684,-112.4401,18,4,2023,2023-04,Night
7430,New York,2023-02-20,18:36,Low,Clear,Dry,1,42.9942,-113.3499,18,2,2023,2023-02,Night
7431,Philadelphia,2023-08-30,07:20,High,Clear,Dry,4,34.539,-118.9699,7,8,2023,2023-08,Day
7432,Houston,2022-05-22,19:01,Low,Clear,Dry,4,38.3688,-85.3325,19,5,2022,2022-05,Night
7433,Phoenix,2021-05-02,16:58,High,Rain,Icy,3,30.9404,-82.6707,16,5,2021,2021-05,Day
7434,Indianapolis,2021-11-08,10:21,Low,Clear,Slippery,4,38.0594,-105.9675,10,11,2021,2021-11,Day
7435,Indianapolis,2021-05-04,00:11,Medium,Clear,Dry,3,29.6313,-85.1813,0,5,2021,2021-05,Night
7436,Dallas,2023-10-17,20:23,Medium,Rain,Dry,4,31.076,-79.1263,20,10,2023,2023-10,Night
7437,New York,2022-04-20,10:42,High,Rain,Dry,2,39.6463,-97.5277,10,4,2022,2022-04,Day
7438,Houston,2022-05-09,13:11,Medium,Clear,Dry,3,30.2464,-90.9504,13,5,2022,2022-05,Day
7439,Los Angeles,2023-02-23,17:06,Low,Rain,Wet,2,27.9336,-101.649,17,2,2023,2023-02,Day
7440,San Antonio,2021-06-30,11:13,Low,Clear,Dry,2,42.7711,-114.2641,11,6,2021,2021-06,Day
7441,Phoenix,2021-08-29,07:20,Medium,Snow,Icy,2,32.076,-89.0368,7,8,2021,2021-08,Day
7442,Phoenix,2023-02-12,20:38,Medium,Clear,Dry,3,28.9542,-81.7539,20,2,2023,2023-02,Night
7443,Dallas,2021-01-05,16:38,Medium,Rain,Dry,1,41.2243,-93.5189,16,1,2021,2021-01,Day
7444,Los Angeles,2022-06-13,15:48,Medium,Clear,Dry,4,35.4222,-73.1298,15,6,2022,2022-06,Day
7445,Chicago,2023-11-13,07:29,Low,Clear,Icy,3,47.5534,-91.2628,7,11,2023,2023-11,Day
7446,New York,2021-08-19,01:11,Low,Clear,Dry,2,37.8609,-105.4027,1,8,2021,2021-08,Night
7447,Los Angeles,2022-10-22,18:19,Low,Clear,Dry,3,25.2171,-121.7783,18,10,2022,2022-10,Night
7448,Los Angeles,2022-08-15,00:19,Medium,Snow,Dry,5,33.6113,-97.712,0,8,2022,2022-08,Night
7449,Columbus,2022-04-05,12:03,Medium,Snow,Dry,1,33.5357,-80.0191,12,4,2022,2022-04,Day
7450,New York,2021-06-12,20:02,Medium,Clear,Dry,2,35.4004,-92.6078,20,6,2021,2021-06,Night
7451,Austin,2023-11-06,07:14,Medium,Clear,Under Construction,5,45.2142,-100.4117,7,11,2023,2023-11,Day
7452,Chicago,2021-05-15,17:49,Medium,Clear,Dry,2,39.9436,-109.1991,17,5,2021,2021-05,Day
7453,Los Angeles,2022-12-06,19:58,Low,Clear,Dry,2,31.9216,-79.9428,19,12,2022,2022-12,Night
7454,Charlotte,2023-10-13,10:25,Medium,Cloudy,Under Construction,2,46.9165,-117.5487,10,10,2023,2023-10,Day
7455,Los Angeles,2022-12-19,11:04,Low,Fog,Wet,5,35.3909,-77.9656,11,12,2022,2022-12,Day
7456,Indianapolis,2023-07-26,20:34,High,Rain,Wet,3,27.3028,-95.3751,20,7,2023,2023-07,Night
7457,San Antonio,2023-05-07,23:30,Medium,Rain,Slippery,4,38.7102,-92.305,23,5,2023,2023-05,Night
7458,New York,2022-11-06,19:11,Low,Cloudy,Dry,1,31.9535,-71.9929,19,11,2022,2022-11,Night
7459,Los Angeles,2021-07-17,06:52,Medium,Rain,Dry,5,44.4998,-80.6004,6,7,2021,2021-07,Day
7460,Phoenix,2022-04-11,09:13,Low,Hail,Under Construction,5,28.1202,-80.7914,9,4,2022,2022-04,Day
7461,Los Angeles,2021-10-03,18:38,Medium,Clear,Slippery,1,35.691,-112.305,18,10,2021,2021-10,Night
7462,Charlotte,2022-11-12,19:57,Low,Clear,Wet,1,34.4708,-78.368,19,11,2022,2022-11,Night
7463,Dallas,2022-07-02,02:39,Medium,Rain,Dry,1,37.1507,-93.0982,2,7,2022,2022-07,Night
7464,Los Angeles,2023-06-14,16:17,High,Rain,Dry,5,28.383,-90.3571,16,6,2023,2023-06,Day
7465,New York,2021-08-18,07:24,High,Cloudy,Dry,3,42.2664,-118.4032,7,8,2021,2021-08,Day
7466,Chicago,2023-05-04,18:46,Medium,Clear,Under Construction,5,39.0876,-72.9629,18,5,2023,2023-05,Night
7467,New York,2022-11-08,12:52,Medium,Clear,Dry,2,44.1672,-90.7429,12,11,2022,2022-11,Day
7468,San Antonio,2021-07-12,09:14,High,Rain,Dry,2,29.78,-85.3864,9,7,2021,2021-07,Day
7469,Dallas,2023-04-03,09:57,High,Clear,Icy,2,41.7981,-78.4729,9,4,2023,2023-04,Day
7470,Dallas,2021-08-02,20:48,Medium,Clear,Slippery,2,35.2081,-75.4778,20,8,2021,2021-08,Night
7471,Los Angeles,2023-06-25,20:59,Medium,Fog,Wet,1,30.3764,-107.0853,20,6,2023,2023-06,Night
7472,Los Angeles,2021-03-24,01:44,High,Snow,Wet,1,34.9244,-108.0035,1,3,2021,2021-03,Night
7473,Houston,2023-02-21,17:29,High,Rain,Dry,4,46.0465,-105.7029,17,2,2023,2023-02,Day
7474,Indianapolis,2022-03-26,07:07,Low,Clear,Wet,4,31.7318,-116.3586,7,3,2022,2022-03,Day
7475,Dallas,2022-02-06,00:04,Low,Clear,Slippery,2,30.8414,-121.3516,0,2,2022,2022-02,Night
7476,Indianapolis,2021-04-07,15:08,Medium,Fog,Dry,3,47.1636,-102.7858,15,4,2021,2021-04,Day
7477,Austin,2023-05-20,08:37,High,Clear,Dry,3,37.6359,-73.5373,8,5,2023,2023-05,Day
7478,New York,2022-08-11,18:17,Low,Clear,Slippery,3,34.3847,-102.8221,18,8,2022,2022-08,Night
7479,San Diego,2022-11-10,13:31,Low,Clear,Dry,2,37.092,-111.4617,13,11,2022,2022-11,Day
7480,New York,2022-07-23,15:42,Medium,Snow,Dry,1,35.9321,-78.2555,15,7,2022,2022-07,Day
7481,Phoenix,2021-12-18,19:43,High,Clear,Wet,5,40.7388,-108.0641,19,12,2021,2021-12,Night
7482,Columbus,2021-04-18,00:00,Low,Rain,Slippery,4,35.9038,-119.3794,0,4,2021,2021-04,Night
7483,Charlotte,2023-06-05,19:57,Low,Clear,Under Construction,2,44.207,-116.02,19,6,2023,2023-06,Night
7484,Dallas,2023-04-05,15:53,Medium,Clear,Wet,5,36.1926,-79.8893,15,4,2023,2023-04,Day
7485,Jacksonville,2022-04-25,19:32,Low,Clear,Slippery,3,35.8951,-115.3147,19,4,2022,2022-04,Night
7486,New York,2022-02-13,18:20,High,Clear,Dry,4,38.6525,-93.5592,18,2,2022,2022-02,Night
7487,New York,2022-10-04,13:33,Low,Clear,Dry,3,35.5674,-118.6984,13,10,2022,2022-10,Day
7488,Los Angeles,2022-06-19,23:31,Medium,Rain,Dry,1,41.1917,-114.3725,23,6,2022,2022-06,Night
7489,Los Angeles,2021-01-09,19:14,High,Rain,Wet,1,35.1619,-94.8337,19,1,2021,2021-01,Night
7490,Phoenix,2023-02-27,18:30,High,Clear,Dry,2,33.5806,-118.9825,18,2,2023,2023-02,Night
7491,Austin,2021-08-02,19:46,Medium,Clear,Slippery,2,30.5772,-114.9839,19,8,2021,2021-08,Night
7492,Chicago,2021-03-17,06:57,Low,Rain,Wet,5,36.974,-72.335,6,3,2021,2021-03,Day
7493,San Antonio,2021-12-09,05:57,High,Clear,Dry,2,32.15,-112.2043,5,12,2021,2021-12,Night
7494,Dallas,2021-03-19,18:05,Low,Clear,Wet,4,28.3044,-95.4273,18,3,2021,2021-03,Night
7495,Dallas,2023-09-10,08:08,Medium,Rain,Wet,3,37.8246,-97.0364,8,9,2023,2023-09,Day
7496,Phoenix,2023-06-25,06:25,Low,Rain,Wet,5,28.5399,-109.3754,6,6,2023,2023-06,Day
7497,Los Angeles,2023-06-26,03:33,Low,Clear,Slippery,2,47.4284,-99.2769,3,6,2023,2023-06,Night
7498,Phoenix,2022-08-15,16:47,Low,Clear,Wet,1,47.0644,-82.8525,16,8,2022,2022-08,Day
7499,San Diego,2023-07-04,17:53,High,Snow,Under Construction,3,45.7675,-114.6032,17,7,2023,2023-07,Day
7500,Charlotte,2023-11-14,12:16,Medium,Clear,Wet,1,33.3937,-97.284,12,11,2023,2023-11,Day
