id,city,date,time,severity,weather_condition,road_condition,num_vehicles,latitude,longitude
1,Los Angeles,2021-08-17,02:17,Low,Clear,Wet,5,26.9996,-100.0601
2,Phoenix,2021-03-03,06:14,Low,Clear,Wet,5,34.649,-98.6411
3,San Jose,2022-07-24,19:00,Low,Clear,Dry,2,47.0159,-104.4971
4,Jacksonville,2021-07-09,11:22,Medium,Snow,Wet,5,27.871,-74.0406
5,San Antonio,2021-06-11,15:53,High,Clear,Dry,1,26.054,-110.1493
6,Los Angeles,2022-08-16,23:54,Low,Clear,Wet,3,28.741,-103.5259
7,San Diego,2022-07-01,17:43,Medium,Clear,Wet,2,35.632,-107.9627
8,San Jose,2022-03-26,17:53,Low,Snow,Icy,4,31.158,-111.0289
9,Houston,2022-10-07,08:31,High,Rain,Dry,2,42.1347,-93.9732
10,Chicago,2023-05-28,20:25,High,Clear,Dry,1,44.8054,-114.0523
11,San Antonio,2021-11-24,19:27,Low,Rain,Dry,3,47.3348,-77.2395
12,Dallas,2021-01-24,17:07,Medium,Clear,Wet,1,31.7505,-113.7758
13,Dallas,2021-01-07,22:56,High,Fog,Wet,1,45.0219,-106.4809
14,Chicago,2023-11-06,16:09,Low,Hail,Slippery,1,38.7757,-96.5925
15,Indianapolis,2021-08-18,21:56,High,Clear,Dry,5,46.7798,-117.546
16,Philadelphia,2023-09-23,19:48,Low,Rain,Slippery,2,31.0963,-76.6335
17,Philadelphia,2023-05-17,22:59,Medium,Clear,Dry,3,35.0763,-95.0861
18,Chicago,2021-09-05,09:04,Medium,Clear,Dry,1,41.2803,-118.9386
19,Chicago,2021-05-19,21:55,Medium,Clear,Dry,5,28.0432,-73.3533
20,Austin,2023-08-27,09:30,Low,Clear,Dry,4,34.4554,-77.0805
21,New York,2021-04-21,17:41,Medium,Clear,Slippery,2,29.4066,-94.1131
22,Houston,2021-10-15,12:17,High,Clear,Icy,5,27.2519,-88.0885
23,San Jose,2021-01-31,22:59,Low,Clear,Dry,4,45.7562,-113.4389
24,Charlotte,2021-01-05,23:16,Medium,Clear,Wet,5,40.223,-96.6931
25,Philadelphia,2022-01-24,10:03,Medium,Fog,Dry,5,35.9661,-74.1919
26,New York,2023-12-24,07:32,Low,Rain,Wet,2,34.2868,-73.037
27,San Antonio,2022-05-20,15:02,Medium,Rain,Wet,3,29.698,-84.758
28,San Diego,2022-05-04,09:08,Low,Clear,Icy,1,25.2143,-89.6997
29,Phoenix,2021-07-24,05:13,Low,Clear,Dry,2,33.4991,-113.7972
30,San Diego,2022-09-12,16:51,Low,Snow,Dry,1,46.5954,-115.0169
31,Philadelphia,2021-08-25,20:47,Low,Rain,Wet,2,40.8124,-77.6485
32,Columbus,2023-11-02,13:57,Low,Rain,Icy,1,25.0816,-81.9018
33,Philadelphia,2022-06-21,07:28,Medium,Clear,Dry,2,37.5486,-78.6011
34,Chicago,2021-10-31,12:02,High,Fog,Slippery,3,29.8318,-109.0245
35,Columbus,2021-07-30,11:35,Medium,Rain,Dry,2,44.8859,-71.2373
36,Los Angeles,2021-12-29,20:01,High,Fog,Dry,2,31.1365,-81.0565
37,Jacksonville,2021-08-10,12:02,Low,Snow,Dry,3,43.8723,-76.6912
38,Houston,2022-04-02,02:12,Low,Clear,Icy,3,39.7541,-101.2167
39,Columbus,2022-11-10,21:07,Low,Rain,Under Construction,1,27.4933,-99.4027
40,New York,2022-10-05,12:32,High,Clear,Dry,4,25.0389,-73.8701
41,Charlotte,2022-02-08,11:04,High,Rain,Wet,1,41.5543,-106.3832
42,Houston,2022-09-26,17:20,Low,Clear,Dry,4,40.5783,-75.0541
43,New York,2022-09-09,12:53,Low,Clear,Wet,3,35.6947,-99.0077
44,Columbus,2022-03-14,14:50,Medium,Clear,Dry,5,40.2686,-89.7984
45,Los Angeles,2021-07-11,19:48,Low,Snow,Dry,1,30.6314,-97.2929
46,San Antonio,2021-05-30,13:56,Low,Rain,Dry,2,28.3941,-86.2436
47,Los Angeles,2021-08-07,18:14,High,Rain,Dry,2,46.1018,-115.6894
48,Philadelphia,2021-10-01,19:42,Medium,Clear,Icy,4,39.091,-84.5978
49,Philadelphia,2023-10-31,12:58,High,Fog,Dry,3,42.2909,-78.3271
50,Phoenix,2022-07-22,18:33,Low,Clear,Wet,2,31.2494,-105.3751
51,Chicago,2021-06-15,07:14,Low,Clear,Dry,3,37.4801,-100.3797
52,Columbus,2022-02-28,19:24,Medium,Rain,Slippery,5,33.7488,-121.6934
53,Jacksonville,2022-12-22,10:24,High,Clear,Wet,5,43.397,-75.3138
54,Phoenix,2023-09-27,08:27,Low,Rain,Icy,2,44.3316,-74.1838
55,San Antonio,2023-12-30,02:25,Medium,Clear,Dry,4,29.1798,-108.4719
56,Chicago,2022-11-02,08:20,High,Clear,Under Construction,4,30.8022,-117.7409
57,Indianapolis,2021-02-09,18:03,Low,Rain,Icy,1,42.3474,-72.6202
58,Los Angeles,2022-02-13,19:39,Low,Rain,Wet,2,35.6958,-108.6753
59,Indianapolis,2023-01-26,07:38,Medium,Fog,Dry,3,27.4863,-120.6647
60,Indianapolis,2022-10-01,15:58,Low,Fog,Dry,2,27.3437,-81.831
61,San Jose,2021-09-05,19:36,Low,Clear,Dry,5,39.8935,-121.3421
62,Houston,2023-05-11,19:06,Low,Cloudy,Dry,2,35.0162,-83.8426
63,Philadelphia,2022-07-08,16:58,Medium,Clear,Wet,3,32.413,-109.2343
64,Los Angeles,2021-06-27,09:28,Medium,Rain,Dry,1,36.369,-105.0993
65,Los Angeles,2023-09-26,08:51,Low,Rain,Slippery,5,25.2335,-72.7007
66,Phoenix,2021-06-25,09:26,Medium,Rain,Wet,4,35.308,-121.1034
67,Los Angeles,2022-08-26,08:44,Medium,Clear,Wet,3,34.7866,-83.2114
68,Los Angeles,2022-11-09,11:29,Low,Clear,Dry,1,42.0863,-72.5544
69,Phoenix,2022-01-15,08:47,Medium,Hail,Wet,3,47.5517,-78.7033
70,Chicago,2022-08-30,08:11,Medium,Clear,Dry,1,37.7273,-85.7343
71,Phoenix,2021-09-16,16:48,High,Rain,Dry,4,32.8362,-71.7941
72,New York,2022-06-02,21:30,Low,Rain,Wet,1,28.4897,-79.8206
73,New York,2022-09-15,06:15,Medium,Rain,Icy,2,42.841,-102.2203
74,Indianapolis,2023-06-26,10:37,Low,Rain,Wet,1,46.7946,-111.195
75,Los Angeles,2022-03-09,09:05,Low,Clear,Dry,4,40.8555,-97.5646
76,Los Angeles,2021-03-08,08:45,High,Clear,Dry,3,43.12,-89.497
77,Los Angeles,2022-02-10,12:34,Low,Clear,Dry,1,28.8162,-106.0042
78,Dallas,2022-08-15,12:29,Medium,Cloudy,Wet,4,35.0685,-90.9021
79,Los Angeles,2023-06-04,18:38,Low,Hail,Icy,5,38.5038,-120.9212
80,San Jose,2022-07-06,15:48,Medium,Rain,Slippery,2,47.9297,-99.334
81,Chicago,2023-10-05,22:30,Low,Rain,Slippery,3,34.4678,-96.2356
82,New York,2023-04-01,19:35,Low,Clear,Dry,4,44.8929,-79.1038
83,Houston,2021-01-03,17:34,Low,Rain,Wet,4,39.3844,-82.4805
84,Charlotte,2022-02-21,09:08,Medium,Rain,Dry,5,43.3842,-85.0913
85,Houston,2022-09-29,15:35,Low,Snow,Dry,1,39.8973,-113.9935
86,Houston,2022-08-21,14:17,Medium,Rain,Dry,2,33.8225,-74.0629
87,Jacksonville,2023-11-07,18:08,Low,Fog,Dry,5,31.145,-121.8666
88,Indianapolis,2022-09-04,19:37,Medium,Clear,Wet,3,32.6461,-82.3306
89,Jacksonville,2023-02-12,13:20,High,Clear,Dry,4,26.0039,-83.2753
90,Austin,2023-02-20,12:42,Medium,Clear,Under Construction,2,36.5527,-91.3106
91,New York,2021-07-25,20:28,High,Clear,Dry,2,26.721,-81.3607
92,Houston,2022-06-27,11:44,Low,Clear,Wet,5,33.7402,-105.5336
93,San Antonio,2023-09-27,20:02,Low,Rain,Dry,2,42.1756,-99.4335
94,Columbus,2021-07-21,18:45,Medium,Rain,Slippery,1,32.4606,-119.0818
95,Los Angeles,2023-01-05,11:09,Medium,Rain,Dry,2,26.8163,-76.7163
96,New York,2022-05-09,13:37,Medium,Clear,Dry,1,45.6749,-97.8068
97,New York,2022-08-13,17:10,High,Windy,Dry,4,40.8772,-98.2445
98,Jacksonville,2022-09-11,08:24,Low,Clear,Dry,3,47.8319,-106.648
99,Jacksonville,2023-03-22,09:36,Medium,Hail,Slippery,4,44.1553,-75.0474
100,Los Angeles,2022-04-17,16:22,Low,Clear,Icy,2,39.4497,-75.023
101,New York,2021-03-22,10:28,Low,Clear,Slippery,3,42.1921,-112.8667
102,Indianapolis,2021-09-28,19:56,Medium,Cloudy,Icy,3,46.0231,-72.9022
103,Austin,2022-08-28,18:21,Medium,Clear,Icy,2,44.7832,-84.3407
104,Philadelphia,2023-03-25,22:51,Low,Clear,Dry,1,35.4601,-87.0129
105,San Diego,2022-06-21,15:52,Low,Rain,Dry,5,45.3374,-92.8068
106,Austin,2022-03-30,17:40,High,Clear,Dry,2,26.043,-120.065
107,Columbus,2023-10-06,06:15,Low,Rain,Wet,5,34.6399,-83.402
108,New York,2021-11-13,20:41,Medium,Clear,Under Construction,1,40.8765,-110.702
109,Chicago,2023-06-30,22:54,High,Clear,Slippery,3,26.3927,-107.6542
110,Houston,2021-09-08,22:52,Medium,Rain,Wet,1,26.1633,-104.6575
111,New York,2021-09-15,19:13,Medium,Clear,Dry,2,32.5569,-114.3272
112,Indianapolis,2021-01-06,09:09,Medium,Fog,Dry,1,28.0315,-103.3714
113,Los Angeles,2022-05-03,16:01,Low,Fog,Wet,1,35.9537,-81.5431
114,Phoenix,2023-11-18,16:28,High,Clear,Icy,5,31.9375,-88.5463
115,Jacksonville,2021-03-05,05:30,Medium,Clear,Wet,4,26.6903,-117.7989
116,San Antonio,2021-10-31,05:17,Medium,Fog,Dry,5,37.2028,-98.4068
117,New York,2023-06-01,06:44,Medium,Snow,Wet,2,34.8916,-75.8193
118,Houston,2023-04-28,11:29,Medium,Clear,Dry,3,33.6089,-114.0628
119,New York,2023-08-30,05:53,Medium,Fog,Dry,2,37.7965,-91.5038
120,Chicago,2022-11-07,17:26,Medium,Fog,Slippery,1,47.2732,-90.7787
121,Los Angeles,2022-12-22,06:32,Medium,Clear,Dry,5,33.4539,-82.3445
122,Philadelphia,2022-04-09,19:54,Medium,Rain,Wet,5,25.6038,-73.6876
123,Dallas,2022-07-02,02:17,Low,Clear,Dry,2,38.0254,-101.1592
124,New York,2021-10-18,18:01,Medium,Clear,Dry,2,33.5112,-84.477
125,Los Angeles,2021-06-23,20:09,Medium,Rain,Dry,4,36.1702,-99.0137
126,New York,2022-07-14,08:32,Medium,Clear,Wet,4,37.1195,-105.9622
127,New York,2022-03-28,12:38,Low,Cloudy,Icy,3,31.6573,-115.7608
128,New York,2023-10-16,18:11,Medium,Clear,Wet,3,26.6577,-77.1883
129,Charlotte,2021-03-28,12:29,High,Rain,Wet,4,31.6588,-100.9383
130,Houston,2022-10-28,07:39,Medium,Clear,Dry,1,30.5963,-91.3787
131,Chicago,2023-12-10,06:55,Low,Clear,Dry,5,39.5642,-94.4085
132,Chicago,2022-02-02,21:22,High,Rain,Dry,1,28.3682,-111.7419
133,New York,2021-11-10,18:41,High,Rain,Dry,5,42.4772,-98.6569
134,Chicago,2022-10-24,20:40,Medium,Rain,Wet,3,38.6027,-103.699
135,New York,2021-06-01,10:28,Low,Clear,Wet,1,39.1452,-95.6325
136,Dallas,2023-08-06,15:50,Low,Cloudy,Wet,2,32.3951,-97.2673
137,New York,2021-11-05,22:28,High,Clear,Wet,5,39.8609,-119.9646
138,Phoenix,2023-06-16,23:33,Low,Clear,Dry,4,42.8127,-86.6973
139,Chicago,2021-04-18,19:41,Low,Rain,Dry,3,41.6459,-87.8587
140,San Diego,2021-11-04,11:37,High,Clear,Wet,4,27.9659,-85.1406
141,San Diego,2021-06-23,10:24,Low,Clear,Wet,5,27.1494,-87.1363
142,Chicago,2023-11-08,11:23,High,Clear,Icy,2,30.2105,-114.8466
143,New York,2021-06-08,10:50,Medium,Snow,Slippery,1,40.2244,-76.4276
144,Los Angeles,2021-09-26,16:09,High,Fog,Icy,2,41.5872,-119.728
145,Indianapolis,2023-01-17,17:15,Medium,Fog,Icy,2,37.2823,-105.9077
146,Chicago,2023-08-19,21:12,High,Windy,Dry,3,42.8969,-95.8489
147,Los Angeles,2023-05-08,22:52,Medium,Snow,Dry,4,45.1047,-93.1639
148,Jacksonville,2021-07-30,18:33,Low,Fog,Dry,5,28.389,-99.2514
149,Chicago,2022-03-31,19:56,Low,Clear,Wet,2,33.8818,-117.7565
150,New York,2022-04-05,02:59,Medium,Clear,Dry,1,31.5982,-78.8524
151,Houston,2021-10-12,18:30,Low,Clear,Dry,2,37.6225,-84.1838
152,Los Angeles,2023-12-17,12:49,Low,Clear,Dry,5,35.5136,-116.2354
153,San Diego,2023-10-21,16:01,Medium,Fog,Dry,1,39.1406,-109.4907
154,New York,2023-05-04,08:42,High,Clear,Wet,5,43.0875,-95.6036
155,New York,2021-02-11,12:30,Low,Clear,Wet,3,43.136,-104.0703
156,San Jose,2021-08-01,18:47,Low,Clear,Dry,2,44.0988,-86.3965
157,New York,2023-09-08,16:51,Medium,Cloudy,Dry,2,26.0075,-111.6276
158,Phoenix,2021-03-27,10:19,High,Rain,Dry,2,31.5806,-77.1688
159,Los Angeles,2021-04-08,20:21,Medium,Clear,Dry,4,45.5767,-101.8945
160,Chicago,2022-01-18,13:31,Medium,Clear,Dry,4,26.8153,-90.6724
161,New York,2022-01-05,15:20,Low,Clear,Dry,4,28.8328,-98.9168
162,Charlotte,2023-07-05,03:55,Medium,Clear,Wet,1,26.7259,-88.8493
163,San Diego,2023-01-15,14:47,High,Clear,Wet,4,25.8004,-118.5039
164,New York,2023-01-21,11:36,Low,Clear,Dry,4,42.5509,-92.1561
165,San Diego,2023-12-21,11:20,Low,Clear,Wet,4,36.9081,-74.4958
166,Dallas,2021-08-30,09:16,Low,Rain,Wet,4,29.6041,-114.9421
167,Dallas,2021-06-01,13:57,High,Snow,Under Construction,3,40.3603,-85.1039
168,Los Angeles,2022-08-18,20:54,Medium,Fog,Dry,3,36.7014,-115.6892
169,Austin,2022-02-16,19:15,Low,Rain,Dry,5,27.9847,-76.0192
170,Dallas,2021-05-15,10:45,Medium,Fog,Icy,1,27.8825,-105.5146
171,Phoenix,2021-06-01,13:43,Low,Snow,Wet,5,29.1852,-71.7542
172,New York,2023-06-06,14:55,Low,Clear,Dry,3,46.499,-110.2755
173,New York,2023-11-29,20:54,Low,Hail,Dry,3,39.1319,-117.1417
174,Los Angeles,2021-12-12,16:37,Medium,Fog,Wet,5,25.9475,-77.0834
175,San Jose,2021-06-16,04:41,Low,Clear,Wet,5,39.6968,-96.102
176,Phoenix,2022-08-17,17:19,High,Rain,Dry,1,40.8381,-113.7798
177,Chicago,2023-05-02,13:13,Low,Snow,Dry,3,47.4336,-115.2002
178,Chicago,2023-01-29,14:06,Medium,Clear,Dry,1,26.1639,-72.84
179,Columbus,2023-05-07,09:55,High,Cloudy,Wet,2,42.5518,-96.0902
180,Chicago,2023-11-21,13:56,Low,Cloudy,Wet,2,29.9483,-103.6495
181,Columbus,2021-04-14,09:38,Medium,Rain,Wet,1,34.9113,-76.1123
182,New York,2023-01-20,18:23,Low,Rain,Dry,3,26.6912,-95.7787
183,Dallas,2022-07-27,19:39,Low,Hail,Dry,3,37.8301,-102.9885
184,Houston,2021-10-23,08:32,Low,Clear,Wet,4,36.9447,-114.2551
185,San Antonio,2023-11-22,07:59,Low,Windy,Wet,3,38.6557,-95.6196
186,Philadelphia,2023-11-10,14:45,Medium,Clear,Dry,1,47.5377,-91.6475
187,Indianapolis,2021-02-24,16:16,Medium,Fog,Wet,1,38.421,-113.1334
188,Los Angeles,2023-02-18,07:43,Medium,Fog,Dry,4,32.2149,-114.1256
189,San Antonio,2022-02-22,12:49,Medium,Snow,Wet,2,36.9297,-92.8339
190,Indianapolis,2023-09-07,14:20,Medium,Rain,Wet,3,39.0318,-112.0023
191,Los Angeles,2022-05-20,09:19,High,Clear,Dry,2,40.8755,-96.5718
192,Charlotte,2023-09-10,11:59,Medium,Clear,Wet,5,33.733,-71.0317
193,New York,2022-12-08,22:51,Low,Hail,Dry,4,40.0874,-83.1384
194,Los Angeles,2022-03-15,08:34,Medium,Clear,Dry,5,30.5035,-119.3602
195,New York,2023-12-24,08:14,Medium,Fog,Dry,2,25.1192,-93.3817
196,Columbus,2021-11-20,12:59,Medium,Rain,Icy,3,32.3869,-88.4133
197,Philadelphia,2021-07-03,17:14,Medium,Cloudy,Slippery,2,34.6114,-78.4445
198,San Jose,2021-03-16,23:25,Low,Fog,Slippery,3,45.1651,-121.5181
199,Los Angeles,2021-08-08,21:21,High,Rain,Dry,2,44.5744,-97.6629
200,Los Angeles,2022-01-30,19:21,Medium,Clear,Dry,3,43.1877,-92.4754
201,San Diego,2022-01-31,07:54,Medium,Clear,Dry,4,40.3929,-112.3914
202,Los Angeles,2021-10-15,13:59,Low,Clear,Icy,3,31.9448,-84.4101
203,Dallas,2021-01-24,09:23,Low,Clear,Dry,4,40.7797,-73.9985
204,Charlotte,2022-09-29,17:40,Low,Rain,Dry,2,35.9982,-98.3411
205,Charlotte,2023-02-05,12:35,Medium,Snow,Icy,2,40.6479,-91.0176
206,Dallas,2021-06-17,14:33,Low,Rain,Dry,5,45.7664,-111.4878
207,Phoenix,2021-11-03,07:54,Low,Clear,Wet,1,45.6745,-98.8349
208,Houston,2021-04-24,13:32,Medium,Rain,Wet,3,41.6354,-101.4107
209,New York,2021-01-07,18:37,Medium,Fog,Wet,1,46.4954,-118.411
210,Los Angeles,2023-08-25,02:26,Low,Rain,Wet,4,33.6126,-75.6507
211,Chicago,2023-07-08,20:58,Low,Hail,Slippery,2,40.0313,-103.916
212,Phoenix,2022-01-01,23:25,Medium,Clear,Dry,1,47.5053,-97.9238
213,Los Angeles,2023-05-19,14:52,Medium,Clear,Dry,1,25.741,-87.6697
214,New York,2021-02-02,09:04,Low,Rain,Wet,1,30.6289,-119.6997
215,San Jose,2023-06-18,08:13,Medium,Clear,Under Construction,2,43.7631,-83.9611
216,San Diego,2022-10-16,15:49,Low,Clear,Dry,5,30.084,-106.374
217,Columbus,2021-05-05,15:37,High,Rain,Dry,4,26.0783,-104.0904
218,Dallas,2023-02-20,19:20,Medium,Clear,Dry,5,35.8909,-77.8343
219,Austin,2022-09-08,20:09,High,Rain,Under Construction,5,37.1898,-101.8022
220,New York,2022-06-07,08:41,Medium,Clear,Wet,2,26.1853,-102.3873
221,Austin,2021-03-22,20:12,Medium,Rain,Dry,2,44.9979,-104.6859
222,Indianapolis,2021-02-01,08:12,Low,Windy,Dry,2,40.9994,-85.404
223,Chicago,2023-03-24,21:35,Low,Rain,Wet,3,31.0159,-95.3335
224,Indianapolis,2023-10-16,13:51,Medium,Snow,Slippery,3,32.1972,-119.6228
225,Los Angeles,2022-03-30,18:01,High,Rain,Dry,2,29.5124,-110.039
226,Charlotte,2022-05-19,13:41,Low,Fog,Dry,4,35.5991,-83.8958
227,Philadelphia,2022-12-23,07:46,Low,Cloudy,Under Construction,1,37.0507,-78.3684
228,New York,2021-06-02,21:42,Low,Clear,Wet,1,41.2649,-121.5246
229,San Antonio,2023-11-02,13:03,Medium,Rain,Dry,4,25.3618,-94.325
230,Dallas,2023-04-23,01:33,Medium,Clear,Wet,4,43.5419,-74.6918
231,New York,2021-08-08,21:33,Low,Rain,Icy,3,43.2835,-117.891
232,Indianapolis,2023-04-12,13:15,Low,Rain,Icy,1,27.1505,-102.2783
233,Dallas,2023-09-02,05:00,Low,Snow,Wet,3,38.0147,-77.3861
234,New York,2021-07-15,20:58,Low,Snow,Slippery,4,31.2352,-73.9437
235,San Diego,2022-07-29,20:36,Low,Snow,Dry,2,38.5018,-82.8828
236,Los Angeles,2023-03-27,21:19,Low,Snow,Dry,5,32.6298,-82.7083
237,Dallas,2021-10-14,19:44,Medium,Hail,Dry,4,30.3393,-118.0471
238,New York,2023-03-24,22:20,Low,Windy,Dry,3,37.7199,-102.4778
239,Chicago,2022-01-16,17:42,Medium,Clear,Dry,1,26.8869,-113.9805
240,Chicago,2021-11-12,18:20,Low,Cloudy,Dry,3,27.3513,-117.4605
241,Phoenix,2023-06-02,13:35,Low,Clear,Wet,5,38.755,-105.1296
242,Chicago,2023-02-28,01:26,Low,Cloudy,Slippery,2,38.1551,-113.1817
243,Chicago,2023-02-19,07:17,Medium,Clear,Dry,4,31.8943,-81.3013
244,Dallas,2023-01-10,09:15,Medium,Rain,Dry,2,32.0071,-72.6612
245,Austin,2022-11-12,19:24,Low,Clear,Icy,5,28.1309,-105.3254
246,Indianapolis,2022-02-16,13:11,High,Clear,Wet,4,47.2586,-81.3373
247,San Jose,2022-10-30,11:52,Low,Cloudy,Dry,5,29.1383,-82.0839
248,Charlotte,2021-02-25,22:29,Low,Fog,Icy,1,43.8362,-80.6258
249,San Diego,2023-04-18,17:08,Low,Rain,Wet,4,26.7012,-70.4836
250,Phoenix,2023-09-09,15:34,High,Rain,Wet,3,41.1376,-79.7606
251,San Diego,2021-06-24,06:15,Low,Rain,Dry,4,47.2367,-104.757
252,Los Angeles,2023-06-01,06:06,Medium,Rain,Wet,5,30.0837,-102.5458
253,Dallas,2023-08-07,18:37,Low,Windy,Dry,3,34.5674,-71.9902
254,New York,2021-08-26,19:46,Low,Rain,Dry,4,33.0109,-116.9236
255,New York,2023-07-16,10:19,Medium,Clear,Dry,1,40.5742,-113.4536
256,Los Angeles,2022-05-15,14:35,Medium,Hail,Dry,4,39.4845,-112.3079
257,San Antonio,2023-06-05,12:47,Low,Rain,Dry,2,29.733,-82.8791
258,Columbus,2021-05-09,15:51,Low,Clear,Dry,3,40.4261,-96.5468
259,Houston,2022-10-04,16:39,Low,Clear,Dry,2,43.716,-85.2886
260,New York,2022-09-02,21:37,Low,Clear,Dry,2,33.586,-114.6494
261,Philadelphia,2023-03-07,12:08,Medium,Rain,Wet,2,37.763,-96.5386
262,Houston,2021-10-15,08:53,Low,Clear,Dry,2,29.488,-102.0349
263,Dallas,2023-11-02,17:26,Medium,Snow,Dry,1,38.0041,-80.6142
264,Los Angeles,2022-03-28,10:17,Low,Fog,Wet,4,37.6437,-116.113
265,Austin,2021-08-22,09:34,Low,Snow,Dry,4,37.5661,-70.5317
266,San Jose,2021-07-29,18:41,Low,Windy,Dry,3,44.8306,-117.4769
267,Los Angeles,2021-08-29,18:15,Medium,Rain,Slippery,5,39.5537,-113.369
268,Los Angeles,2021-10-13,19:52,Low,Clear,Dry,5,28.8727,-71.092
269,Indianapolis,2022-08-23,10:17,Medium,Cloudy,Icy,2,47.1438,-81.1441
270,San Diego,2021-05-02,23:55,Medium,Clear,Dry,3,44.0551,-82.4034
271,San Diego,2023-03-16,13:36,Medium,Clear,Dry,1,34.2656,-83.0103
272,Chicago,2023-01-26,13:31,Low,Fog,Wet,4,39.6013,-85.741
273,Los Angeles,2021-05-10,19:25,Medium,Clear,Dry,3,32.7684,-91.9475
274,Dallas,2023-09-21,19:57,Low,Clear,Icy,4,25.3745,-73.6695
275,Indianapolis,2021-11-20,12:00,Medium,Windy,Slippery,3,28.6565,-73.4983
276,Los Angeles,2022-07-16,06:23,Low,Cloudy,Dry,4,39.3889,-84.2486
277,Dallas,2022-04-25,12:05,Low,Rain,Dry,2,36.9472,-98.8565
278,New York,2021-01-17,17:52,High,Rain,Dry,2,33.8106,-84.0003
279,Columbus,2021-07-29,06:23,Low,Fog,Icy,2,39.7563,-86.7889
280,San Antonio,2021-05-21,14:00,Low,Clear,Dry,2,46.1576,-89.964
281,Columbus,2023-06-26,20:05,Low,Clear,Wet,3,47.1547,-105.6458
282,New York,2021-10-14,09:41,Medium,Rain,Wet,1,44.5015,-87.7629
283,Phoenix,2022-09-10,08:38,Medium,Clear,Dry,2,36.3824,-116.1373
284,Phoenix,2023-10-21,16:04,High,Windy,Slippery,2,33.8973,-78.3734
285,Los Angeles,2023-05-12,11:43,Medium,Windy,Dry,5,26.5532,-108.3664
286,Houston,2021-03-23,21:50,Low,Fog,Icy,4,41.1416,-117.7138
287,New York,2021-11-09,09:19,High,Hail,Dry,3,33.9868,-89.0167
288,Dallas,2021-05-16,10:27,High,Clear,Dry,4,27.6677,-90.1606
289,San Diego,2021-04-23,10:47,Low,Clear,Dry,1,28.7682,-72.4432
290,Dallas,2023-12-08,14:52,Low,Clear,Icy,3,41.8575,-115.8611
291,Los Angeles,2021-03-02,11:27,Low,Fog,Wet,1,36.4114,-95.4393
292,Los Angeles,2021-04-24,13:36,Low,Fog,Slippery,1,30.2533,-95.5411
293,Los Angeles,2021-04-01,20:00,Medium,Clear,Dry,1,37.7159,-74.4747
294,Houston,2023-05-09,08:15,Medium,Clear,Dry,3,27.7462,-86.9871
295,Phoenix,2021-04-18,07:51,Low,Clear,Slippery,3,42.7911,-105.8437
296,Chicago,2021-06-26,15:00,Low,Fog,Wet,2,35.6703,-91.2321
297,Los Angeles,2023-10-08,23:49,High,Fog,Dry,1,46.4451,-120.7567
298,Columbus,2022-12-11,16:44,High,Clear,Wet,3,27.3908,-94.4496
299,Indianapolis,2022-05-03,12:03,Low,Clear,Dry,2,45.6376,-94.9725
300,New York,2023-02-02,13:47,Low,Clear,Icy,1,38.6136,-118.7613
301,Jacksonville,2021-09-25,08:16,High,Clear,Icy,3,32.3153,-107.8583
302,San Jose,2021-06-02,21:08,Medium,Clear,Dry,4,32.2228,-115.7217
303,Houston,2023-01-04,22:13,Medium,Snow,Dry,3,44.0069,-85.7623
304,Chicago,2021-03-24,08:54,Low,Clear,Dry,5,26.1259,-106.4603
305,Jacksonville,2021-12-23,02:25,Medium,Rain,Dry,1,43.4896,-114.7308
306,Indianapolis,2021-01-25,05:49,Low,Snow,Dry,1,38.3934,-108.5413
307,Los Angeles,2021-06-03,02:04,Medium,Snow,Dry,3,27.8181,-73.0014
308,Houston,2021-04-14,07:36,Medium,Rain,Dry,4,28.9746,-110.8348
309,Columbus,2022-01-19,09:28,Low,Rain,Dry,3,36.4745,-76.0955
310,Chicago,2023-09-09,05:17,Medium,Rain,Icy,2,39.5074,-80.2873
311,Dallas,2021-02-09,23:50,Medium,Fog,Dry,5,36.555,-101.8042
312,Los Angeles,2022-01-04,02:38,High,Fog,Dry,4,37.1769,-82.1242
313,Los Angeles,2022-04-22,22:06,Low,Rain,Icy,1,42.5731,-72.7143
314,Indianapolis,2023-03-07,11:53,Low,Clear,Dry,3,46.0215,-120.5333
315,New York,2022-12-22,22:36,High,Snow,Icy,4,37.4689,-112.871
316,San Antonio,2021-03-19,06:14,Low,Rain,Dry,5,29.6337,-115.2145
317,Jacksonville,2021-12-30,21:54,Low,Clear,Wet,2,42.8104,-77.983
318,Dallas,2023-01-18,22:23,Medium,Rain,Dry,3,28.1384,-113.8098
319,San Diego,2023-06-14,19:31,Low,Hail,Wet,5,43.1008,-110.3917
320,Dallas,2021-12-26,11:46,Low,Fog,Slippery,5,34.0068,-70.2973
321,Charlotte,2021-03-08,07:20,High,Clear,Wet,4,28.2348,-83.2421
322,Los Angeles,2022-05-03,11:20,High,Clear,Wet,3,35.2725,-108.209
323,Los Angeles,2022-05-27,17:22,Low,Clear,Dry,4,47.2893,-76.0033
324,Philadelphia,2023-10-07,20:22,Low,Rain,Slippery,2,28.7411,-118.1671
325,Los Angeles,2021-03-10,10:20,Low,Clear,Slippery,2,41.8357,-93.5536
326,Columbus,2021-07-10,11:39,Medium,Clear,Wet,5,45.4643,-113.8306
327,Houston,2021-07-27,11:12,Medium,Cloudy,Wet,3,31.8402,-117.0124
328,Phoenix,2023-03-16,15:53,Low,Clear,Dry,5,36.0476,-116.9567
329,Indianapolis,2022-02-28,07:18,Medium,Clear,Icy,4,36.2492,-87.6259
330,Los Angeles,2021-07-06,17:24,High,Clear,Dry,3,35.114,-108.3032
331,San Jose,2022-07-05,15:09,Medium,Clear,Dry,5,34.5217,-82.6642
332,Chicago,2022-04-11,15:53,Medium,Hail,Wet,4,38.1724,-109.7466
333,Jacksonville,2022-09-05,06:57,Low,Rain,Wet,5,40.5833,-89.7458
334,Los Angeles,2021-09-04,22:28,High,Hail,Icy,2,25.9815,-117.9248
335,San Antonio,2023-06-11,08:52,High,Clear,Slippery,1,27.0016,-93.0691
336,Houston,2022-10-30,20:33,High,Fog,Wet,5,42.9788,-116.149
337,San Antonio,2021-11-03,07:37,High,Clear,Dry,1,43.0721,-76.8913
338,Chicago,2022-12-06,20:16,Medium,Rain,Dry,3,34.2684,-89.8513
339,Columbus,2023-04-03,03:56,Medium,Clear,Dry,3,45.6317,-120.9479
340,Phoenix,2022-09-13,10:53,Medium,Clear,Slippery,2,31.9111,-83.3264
341,San Antonio,2022-10-20,09:26,Low,Clear,Slippery,4,42.0417,-82.5063
342,Austin,2023-02-05,19:32,Low,Fog,Dry,5,45.2246,-120.4947
343,Jacksonville,2022-01-30,20:12,Low,Rain,Slippery,2,31.3015,-79.1777
344,New York,2023-11-01,12:59,Low,Clear,Wet,2,47.092,-97.3217
345,Columbus,2022-12-18,11:53,Medium,Rain,Dry,4,26.142,-77.6013
346,Los Angeles,2022-03-15,20:41,Low,Rain,Wet,1,35.9042,-115.1197
347,Los Angeles,2021-12-21,16:00,Medium,Cloudy,Wet,3,34.7476,-102.4233
348,Houston,2022-12-16,13:13,Medium,Snow,Dry,1,25.169,-70.0297
349,San Antonio,2023-02-06,15:38,Low,Clear,Dry,3,39.7337,-77.2024
350,San Diego,2022-06-19,17:57,Low,Rain,Dry,1,43.5249,-80.2771
351,New York,2023-04-08,17:43,Low,Rain,Dry,4,34.3058,-83.6899
352,Los Angeles,2022-01-24,11:45,Medium,Fog,Slippery,3,36.6682,-78.0382
353,New York,2022-01-06,10:30,Low,Snow,Icy,2,46.7792,-75.2213
354,Dallas,2021-07-02,08:14,Low,Fog,Dry,3,38.4681,-97.8844
355,San Diego,2021-08-30,13:55,Medium,Rain,Dry,2,36.511,-76.8901
356,New York,2023-02-21,14:26,High,Clear,Dry,4,47.7054,-75.5721
357,Dallas,2023-07-27,07:55,Medium,Rain,Wet,2,32.2085,-118.9833
358,San Jose,2023-07-15,09:48,Medium,Clear,Icy,1,27.9763,-99.447
359,Chicago,2023-05-30,12:30,Low,Clear,Dry,1,45.5161,-82.6439
360,New York,2023-12-24,08:43,Medium,Clear,Slippery,3,27.9654,-102.0554
361,New York,2022-09-19,07:52,High,Rain,Wet,5,32.7702,-75.8253
362,Phoenix,2021-10-02,11:57,Medium,Clear,Slippery,4,25.4399,-110.3353
363,San Antonio,2021-09-26,08:01,Low,Clear,Wet,1,33.6294,-88.7033
364,San Diego,2021-04-10,16:03,Medium,Clear,Wet,4,35.2192,-115.5731
365,Los Angeles,2022-06-02,13:09,Medium,Clear,Dry,1,40.2371,-107.9612
366,New York,2021-10-08,12:57,Medium,Clear,Dry,1,36.448,-90.3319
367,Chicago,2022-06-23,19:12,Medium,Clear,Wet,2,40.8287,-97.0055
368,New York,2022-04-26,00:42,Low,Rain,Dry,1,42.9291,-118.0975
369,Los Angeles,2021-07-27,21:41,High,Clear,Dry,1,43.7031,-76.5447
370,Chicago,2022-08-19,11:43,Medium,Clear,Icy,1,25.2225,-114.8035
371,Houston,2021-12-16,11:57,Medium,Snow,Dry,3,29.206,-101.1596
372,Dallas,2023-07-24,09:24,Medium,Clear,Slippery,2,27.6003,-85.7992
373,Los Angeles,2021-05-01,23:54,Medium,Rain,Icy,4,29.169,-102.253
374,Dallas,2023-01-05,16:55,High,Hail,Dry,4,27.5976,-100.6132
375,Chicago,2021-04-05,05:41,Medium,Rain,Icy,5,41.6468,-110.3528
376,Dallas,2022-11-24,14:44,Low,Rain,Dry,3,40.2653,-88.647
377,Columbus,2021-11-01,19:35,Medium,Clear,Slippery,5,44.5234,-77.7027
378,Chicago,2021-12-05,05:31,Low,Clear,Wet,5,39.7963,-101.0296
379,Austin,2022-04-27,06:28,Medium,Snow,Dry,1,47.5554,-83.2476
380,New York,2021-02-06,06:26,Medium,Snow,Icy,5,39.6634,-75.7142
381,Indianapolis,2022-02-28,17:29,Low,Clear,Dry,4,32.6354,-82.0943
382,Dallas,2023-08-27,18:23,Low,Fog,Dry,3,33.1682,-89.0496
383,Dallas,2022-08-21,15:23,Low,Clear,Dry,4,27.4601,-90.2357
384,Houston,2022-01-20,07:54,Medium,Fog,Wet,1,42.4144,-119.582
385,Houston,2021-09-10,18:28,Medium,Rain,Under Construction,1,37.1984,-119.4743
386,Charlotte,2023-06-06,19:30,Medium,Cloudy,Wet,2,41.8014,-115.3241
387,Columbus,2023-03-05,17:38,Medium,Clear,Under Construction,2,31.2927,-71.8931
388,New York,2022-08-26,13:08,Medium,Cloudy,Wet,5,44.7963,-84.9825
389,Dallas,2022-03-22,08:39,Medium,Cloudy,Dry,2,36.5895,-85.8958
390,Chicago,2022-10-23,18:48,Medium,Rain,Wet,4,40.5076,-75.519
391,Houston,2023-12-30,10:54,Low,Clear,Dry,1,40.4158,-111.6051
392,Los Angeles,2021-11-26,23:43,High,Rain,Dry,5,25.743,-79.6706
393,Dallas,2021-07-29,16:43,High,Fog,Wet,2,36.7512,-80.5647
394,Charlotte,2022-08-13,17:03,Low,Hail,Under Construction,3,47.2142,-119.2023
395,San Jose,2022-05-30,08:55,High,Snow,Slippery,3,42.3675,-93.576
396,Chicago,2022-02-07,18:12,Low,Rain,Dry,2,41.9068,-115.7936
397,Los Angeles,2021-03-25,12:35,Low,Snow,Dry,4,41.3229,-113.9501
398,New York,2021-11-11,21:38,High,Rain,Wet,4,43.1679,-93.3917
399,Phoenix,2021-05-30,19:20,High,Rain,Icy,2,34.5664,-94.0741
400,Los Angeles,2021-07-08,11:56,Low,Clear,Dry,5,37.2015,-70.1752
401,Houston,2021-01-19,06:22,High,Rain,Wet,1,40.6987,-105.3113
402,Dallas,2021-08-21,12:34,Low,Rain,Icy,5,43.4648,-98.831
403,Los Angeles,2021-03-31,10:41,Medium,Cloudy,Dry,5,37.2637,-89.3995
404,Los Angeles,2022-03-08,17:49,Medium,Snow,Dry,4,39.8709,-73.1329
405,Chicago,2021-11-11,02:45,Low,Clear,Icy,5,26.6202,-79.2758
406,San Diego,2022-06-14,12:28,Medium,Clear,Wet,5,25.1357,-84.5451
407,New York,2021-05-10,18:37,High,Clear,Wet,3,43.0985,-106.3298
408,Houston,2021-06-27,09:59,Low,Rain,Dry,5,30.0569,-83.1688
409,Chicago,2022-08-28,22:09,High,Hail,Slippery,3,47.02,-121.4202
410,Philadelphia,2021-10-17,07:00,Low,Rain,Dry,2,42.2108,-75.0156
411,San Diego,2022-12-06,08:57,Medium,Clear,Dry,3,29.4695,-112.5694
412,Indianapolis,2021-04-22,20:59,Medium,Rain,Dry,1,30.7658,-111.7343
413,New York,2023-09-25,22:22,Medium,Clear,Wet,2,32.3091,-98.5664
414,Philadelphia,2022-09-19,17:09,Low,Clear,Dry,1,32.2039,-81.1457
415,New York,2023-06-13,09:23,Medium,Snow,Dry,3,42.8196,-96.6775
416,New York,2021-08-11,07:38,Low,Snow,Slippery,2,31.0544,-75.9105
417,New York,2021-06-06,18:57,Medium,Clear,Wet,4,42.6916,-110.9364
418,Columbus,2021-03-17,15:34,Medium,Rain,Dry,4,30.1361,-81.8485
419,Phoenix,2022-08-19,07:32,Low,Rain,Wet,5,40.7357,-82.6253
420,Philadelphia,2021-10-15,13:11,Medium,Snow,Dry,4,46.601,-119.8982
421,Chicago,2023-09-26,08:16,Low,Clear,Slippery,3,33.9261,-74.2691
422,Chicago,2021-04-06,03:41,Medium,Rain,Icy,3,38.3085,-92.3517
423,San Antonio,2023-02-11,17:23,High,Clear,Dry,2,36.8766,-103.6493
424,Columbus,2022-12-08,13:30,Low,Cloudy,Dry,2,26.773,-88.5392
425,Chicago,2022-03-10,07:10,Medium,Clear,Dry,3,41.5659,-96.9611
426,Los Angeles,2023-09-08,13:37,High,Clear,Dry,5,38.624,-114.9943
427,New York,2023-11-16,03:36,Low,Cloudy,Wet,4,38.7852,-92.6926
428,San Diego,2021-02-08,20:46,Low,Clear,Dry,4,44.948,-113.1305
429,San Antonio,2023-04-22,16:50,Medium,Rain,Wet,2,41.6563,-104.1811
430,Los Angeles,2023-07-18,16:04,Low,Clear,Dry,5,40.7405,-79.0213
431,San Antonio,2021-07-17,07:57,Low,Fog,Wet,1,27.1434,-87.7116
432,San Diego,2021-01-03,20:49,Medium,Clear,Slippery,5,34.866,-73.2021
433,Chicago,2023-09-15,19:24,High,Cloudy,Icy,5,27.2475,-115.0381
434,Jacksonville,2023-09-05,18:58,Low,Snow,Dry,2,25.1258,-83.3304
435,Phoenix,2021-01-15,15:07,Low,Clear,Icy,4,33.3322,-113.9515
436,Houston,2022-06-04,09:34,Low,Clear,Wet,2,34.5042,-81.243
437,Philadelphia,2023-09-16,07:35,Low,Clear,Dry,4,41.923,-77.5401
438,San Jose,2021-09-01,18:28,High,Clear,Wet,3,43.4196,-90.0707
439,New York,2021-04-17,07:40,Low,Clear,Slippery,4,27.0272,-108.3192
440,Dallas,2023-01-30,06:02,High,Clear,Wet,3,41.3669,-90.9314
441,New York,2021-12-25,16:28,High,Cloudy,Wet,2,25.773,-90.8252
442,Los Angeles,2023-11-23,17:39,Low,Clear,Dry,2,26.9974,-107.6513
443,Houston,2023-03-30,11:25,Low,Clear,Wet,1,37.6406,-84.2408
444,Los Angeles,2022-12-14,11:52,Medium,Clear,Slippery,5,25.107,-112.8982
445,Phoenix,2023-11-03,06:04,Low,Clear,Wet,3,45.1506,-79.7163
446,Philadelphia,2022-05-28,17:24,Medium,Fog,Under Construction,4,40.6767,-75.3808
447,New York,2021-02-26,13:16,Medium,Windy,Wet,2,43.4037,-100.5538
448,Dallas,2022-12-25,14:00,Low,Clear,Dry,3,26.7487,-73.5674
449,Columbus,2023-09-03,10:13,Low,Cloudy,Wet,2,36.477,-111.6173
450,Los Angeles,2022-05-11,20:13,High,Snow,Dry,1,27.7572,-117.9186
451,Jacksonville,2023-10-06,16:48,High,Snow,Dry,3,36.3238,-70.7612
452,Charlotte,2022-07-17,13:48,Low,Clear,Wet,1,37.0919,-99.9949
453,Jacksonville,2021-03-08,14:25,Medium,Rain,Dry,5,35.5816,-86.1611
454,San Antonio,2021-01-25,17:24,Low,Rain,Dry,5,31.0455,-107.9908
455,Houston,2022-12-04,11:31,Medium,Fog,Dry,4,31.4315,-112.6458
456,Los Angeles,2021-09-26,23:43,Low,Clear,Dry,4,44.6951,-111.8047
457,Los Angeles,2021-11-03,13:00,Medium,Windy,Icy,5,37.2816,-105.5822
458,Jacksonville,2023-09-24,10:35,Low,Clear,Dry,2,43.7178,-97.2199
459,Los Angeles,2021-07-17,13:21,Low,Rain,Icy,3,25.4562,-115.6957
460,San Diego,2022-02-12,15:41,Low,Fog,Dry,5,36.2124,-83.7006
461,Houston,2021-06-10,12:18,High,Snow,Wet,3,34.7018,-90.1599
462,New York,2023-04-09,20:04,Low,Clear,Wet,3,38.9239,-101.4363
463,Dallas,2023-07-01,18:23,Medium,Rain,Dry,1,27.8759,-109.7994
464,Dallas,2022-05-31,21:44,Low,Clear,Dry,4,37.614,-120.629
465,New York,2023-03-25,14:05,Medium,Clear,Slippery,4,32.1155,-109.1354
466,New York,2022-08-05,12:08,High,Clear,Wet,3,44.8775,-97.7059
467,Indianapolis,2022-07-12,15:08,Medium,Clear,Wet,5,35.0045,-88.7311
468,Phoenix,2023-12-30,10:22,Low,Clear,Dry,4,30.9756,-106.2142
469,Jacksonville,2021-01-01,14:48,Low,Rain,Dry,4,46.78,-97.1925
470,Chicago,2021-01-19,18:51,Low,Clear,Dry,4,45.2897,-99.2705
471,San Diego,2022-05-27,07:47,High,Clear,Dry,2,36.882,-80.4021
472,Philadelphia,2022-07-11,10:47,Low,Clear,Dry,2,31.6607,-88.8816
473,Phoenix,2023-07-17,09:39,Low,Clear,Under Construction,1,29.2766,-116.6818
474,Dallas,2022-07-06,07:28,Low,Clear,Dry,3,34.6656,-81.1423
475,Dallas,2023-10-18,23:29,Low,Clear,Icy,2,26.2889,-81.666
476,Los Angeles,2021-05-27,14:11,High,Snow,Icy,1,47.4158,-84.8365
477,Los Angeles,2023-02-28,18:28,High,Clear,Wet,1,36.9862,-70.93
478,Charlotte,2023-08-27,12:19,Low,Fog,Wet,5,36.9813,-108.8277
479,New York,2022-09-04,08:56,Medium,Hail,Dry,4,32.4638,-113.2973
480,San Jose,2022-07-20,15:25,Low,Clear,Icy,4,40.8334,-113.9404
481,New York,2021-07-03,09:31,Medium,Cloudy,Under Construction,1,26.3748,-88.4821
482,Chicago,2021-08-08,07:14,Medium,Rain,Dry,4,41.8633,-120.8897
483,Los Angeles,2023-02-13,11:08,Low,Fog,Wet,5,41.0319,-112.1317
484,Dallas,2022-01-18,15:20,Low,Snow,Slippery,5,28.6879,-94.3809
485,Philadelphia,2023-07-10,10:16,Medium,Fog,Wet,2,45.3074,-89.7738
486,Chicago,2023-01-16,18:15,Low,Hail,Icy,2,37.0536,-96.1274
487,Houston,2021-11-12,16:20,Low,Clear,Wet,1,44.2094,-115.2517
488,Los Angeles,2021-03-06,08:31,Low,Rain,Dry,4,37.0939,-85.5317
489,San Antonio,2022-06-09,04:14,Low,Cloudy,Dry,4,46.3533,-78.732
490,Chicago,2023-08-17,19:03,Medium,Cloudy,Icy,1,43.9438,-108.1776
491,Chicago,2021-03-25,18:53,High,Hail,Dry,2,37.2282,-112.1481
492,San Antonio,2023-12-14,17:36,Low,Fog,Dry,1,42.6245,-92.0187
493,Columbus,2023-07-29,17:27,Low,Clear,Dry,3,40.1232,-94.2372
494,Chicago,2023-06-27,21:57,High,Clear,Dry,4,44.0016,-105.1806
495,Chicago,2022-05-08,15:13,Medium,Fog,Dry,4,35.2925,-101.3513
496,New York,2021-03-12,23:38,Low,Cloudy,Dry,2,29.9409,-105.625
497,Philadelphia,2022-07-20,21:32,High,Clear,Dry,3,28.5905,-108.2206
498,Chicago,2022-05-27,08:51,Medium,Rain,Dry,1,41.6424,-80.769
499,Dallas,2021-12-21,13:57,Medium,Cloudy,Wet,3,25.8595,-79.9663
500,Charlotte,2023-02-21,06:03,Low,Snow,Dry,1,45.0051,-110.2107
501,Chicago,2021-01-24,16:40,Low,Clear,Wet,2,32.5171,-85.716
502,Indianapolis,2021-11-10,04:46,High,Fog,Wet,1,30.108,-106.9313
503,New York,2023-03-19,07:21,Medium,Clear,Dry,1,34.1661,-99.4065
504,Philadelphia,2021-09-25,18:30,Medium,Rain,Dry,5,47.9328,-94.7391
505,Houston,2022-05-12,05:49,Medium,Rain,Dry,4,34.7414,-103.888
506,New York,2022-10-19,11:41,Low,Windy,Wet,4,39.3332,-99.0959
507,Los Angeles,2022-04-24,08:23,Medium,Clear,Wet,2,46.8256,-73.8101
508,Austin,2022-08-13,01:44,Low,Rain,Dry,5,29.8731,-93.5859
509,Dallas,2022-06-14,15:39,Low,Rain,Dry,5,45.8389,-94.6064
510,Los Angeles,2022-06-08,07:18,Medium,Clear,Dry,1,26.5317,-87.6606
511,Chicago,2023-01-08,20:01,High,Clear,Under Construction,5,47.4621,-116.8206
512,Philadelphia,2022-10-09,13:38,Low,Rain,Dry,1,25.9143,-74.042
513,Dallas,2022-09-17,11:25,Low,Rain,Dry,3,30.4327,-71.1313
514,San Antonio,2023-10-24,09:03,High,Cloudy,Icy,1,46.7151,-72.6459
515,Houston,2022-04-07,07:57,Low,Fog,Wet,5,45.0721,-86.3008
516,Houston,2023-05-05,09:09,Low,Rain,Dry,2,29.7554,-114.794
517,Dallas,2022-02-19,20:19,High,Cloudy,Dry,2,40.0933,-92.6281
518,Philadelphia,2021-11-20,10:35,Medium,Clear,Icy,2,41.7228,-82.1974
519,Houston,2023-04-28,22:19,High,Cloudy,Slippery,3,28.495,-112.2275
520,Indianapolis,2021-09-27,07:48,Medium,Rain,Wet,5,30.3402,-86.2563
521,Phoenix,2023-01-06,06:49,Medium,Rain,Wet,3,29.2315,-101.8521
522,Los Angeles,2023-08-29,07:12,Medium,Hail,Slippery,4,30.1187,-87.0904
523,Los Angeles,2022-02-20,18:04,High,Clear,Wet,3,44.9358,-75.8455
524,San Antonio,2023-05-26,12:02,High,Fog,Dry,5,38.6575,-94.688
525,Houston,2021-03-20,14:28,High,Snow,Dry,5,34.0991,-83.7712
526,Indianapolis,2023-03-05,14:40,Low,Clear,Slippery,3,35.611,-100.032
527,New York,2021-04-22,17:57,High,Rain,Wet,1,29.1347,-91.5567
528,Houston,2021-10-05,12:20,Low,Rain,Wet,2,45.2986,-117.3107
529,Dallas,2022-10-26,17:58,Low,Fog,Dry,4,39.5837,-117.5641
530,San Antonio,2023-02-26,18:32,Low,Rain,Dry,2,45.9818,-92.5944
531,Los Angeles,2021-11-04,07:09,Medium,Clear,Dry,4,31.642,-112.6038
532,San Antonio,2021-09-27,22:00,Low,Rain,Slippery,5,43.5715,-90.3848
533,San Diego,2023-10-08,08:37,Medium,Clear,Wet,1,30.6284,-93.5382
534,New York,2022-03-02,04:09,Low,Clear,Dry,5,44.2743,-106.481
535,Indianapolis,2021-06-29,04:26,Low,Clear,Wet,5,38.1625,-92.7668
536,Charlotte,2023-07-22,18:23,Low,Clear,Dry,4,43.8661,-82.561
537,New York,2021-05-13,10:08,High,Clear,Dry,2,41.0041,-90.1732
538,Phoenix,2021-08-12,15:40,Low,Fog,Wet,3,34.8222,-77.9145
539,Chicago,2022-06-16,14:39,Low,Rain,Wet,4,36.3276,-112.6448
540,New York,2022-04-22,18:12,Low,Rain,Dry,2,43.39,-70.0527
541,Philadelphia,2023-04-28,04:22,Medium,Clear,Dry,3,30.8516,-118.4725
542,San Jose,2022-09-07,14:20,Low,Clear,Dry,5,39.1678,-120.4859
543,Chicago,2021-12-26,08:53,Medium,Cloudy,Icy,2,36.0744,-89.3856
544,Houston,2022-11-18,13:52,Medium,Snow,Dry,3,37.7691,-121.0266
545,Austin,2022-11-11,19:56,Low,Clear,Icy,3,47.6232,-89.4214
546,Los Angeles,2021-12-06,15:24,Low,Fog,Dry,3,41.3263,-107.8821
547,Chicago,2021-06-27,13:15,High,Clear,Wet,2,27.5813,-81.1829
548,Phoenix,2022-02-18,21:28,Medium,Cloudy,Dry,3,46.2436,-83.9131
549,New York,2023-12-09,10:20,High,Snow,Slippery,2,29.7193,-120.0993
550,New York,2023-03-05,18:33,Low,Clear,Icy,1,32.6657,-75.7623
551,Dallas,2021-07-31,14:42,Low,Fog,Wet,2,32.3802,-111.9876
552,Houston,2022-07-21,14:49,Low,Clear,Dry,1,47.0409,-92.8995
553,Philadelphia,2021-07-29,08:22,Low,Cloudy,Icy,5,30.631,-118.2954
554,New York,2022-11-25,14:03,Medium,Rain,Dry,1,26.9808,-101.6203
555,Chicago,2023-07-03,16:19,Low,Fog,Icy,1,47.3947,-82.7014
556,Austin,2023-08-12,15:05,High,Rain,Dry,4,35.8226,-72.7327
557,Los Angeles,2021-10-22,20:39,Low,Clear,Slippery,3,43.1419,-76.115
558,Phoenix,2023-07-18,13:04,Low,Rain,Dry,3,38.9021,-115.3755
559,Austin,2021-07-30,12:45,Low,Rain,Icy,5,35.6024,-91.2921
560,Los Angeles,2022-05-04,16:35,Medium,Clear,Dry,5,34.9164,-71.0293
561,Los Angeles,2022-12-02,15:15,Medium,Fog,Wet,4,27.6294,-91.0041
562,Houston,2022-10-29,15:52,Low,Clear,Wet,5,42.7409,-102.2966
563,New York,2023-10-10,17:03,High,Cloudy,Slippery,1,42.4128,-87.6342
564,San Antonio,2023-07-17,14:24,Medium,Clear,Slippery,3,38.1164,-74.5134
565,Houston,2022-09-16,21:59,High,Clear,Dry,1,39.0643,-95.458
566,Chicago,2021-09-19,20:03,Medium,Clear,Wet,3,27.5231,-107.3251
567,San Antonio,2021-03-05,08:44,Medium,Fog,Dry,4,37.5377,-87.5506
568,Chicago,2023-08-31,07:35,High,Snow,Dry,2,28.0884,-118.2692
569,Phoenix,2021-02-02,07:56,Medium,Windy,Dry,4,44.7835,-75.5337
570,Phoenix,2023-05-22,16:29,Medium,Rain,Dry,2,34.7698,-121.6136
571,Dallas,2023-10-18,19:15,Low,Cloudy,Wet,1,47.4994,-92.4562
572,Indianapolis,2023-01-25,06:30,Low,Fog,Wet,3,35.6935,-117.9318
573,Dallas,2021-07-01,09:40,High,Clear,Wet,5,32.1875,-119.2557
574,Houston,2022-12-05,14:00,Medium,Rain,Wet,4,33.117,-71.1565
575,Dallas,2022-08-27,10:02,Medium,Clear,Icy,3,26.4126,-97.3957
576,Indianapolis,2021-12-13,15:42,High,Rain,Dry,1,27.9169,-118.0032
577,Los Angeles,2022-07-24,09:39,High,Clear,Dry,2,45.933,-83.5737
578,Los Angeles,2023-07-04,11:11,Medium,Rain,Icy,1,32.8855,-117.6111
579,Los Angeles,2021-10-25,16:52,Medium,Windy,Icy,2,40.1953,-84.248
580,Jacksonville,2021-12-09,08:46,Low,Clear,Icy,1,28.8548,-101.2653
581,Charlotte,2022-09-10,13:48,Low,Rain,Dry,3,28.3384,-76.7456
582,Houston,2021-01-25,10:51,Medium,Hail,Wet,1,27.2394,-94.3727
583,San Antonio,2022-12-26,22:27,Medium,Clear,Dry,1,30.8729,-91.6228
584,Los Angeles,2023-08-03,18:47,Medium,Fog,Wet,2,32.2052,-121.4499
585,Houston,2021-01-18,19:00,Medium,Rain,Dry,3,30.7936,-120.2298
586,San Diego,2021-07-08,05:38,High,Hail,Wet,1,26.9869,-90.5563
587,San Diego,2023-02-09,17:57,High,Clear,Dry,2,30.8267,-97.7183
588,Indianapolis,2021-06-05,16:59,Medium,Rain,Wet,3,30.9187,-81.402
589,Chicago,2022-07-22,18:24,High,Clear,Icy,2,35.1332,-96.4305
590,San Diego,2022-02-15,16:11,Low,Rain,Dry,5,39.7968,-74.5443
591,New York,2022-06-15,06:04,Medium,Fog,Dry,4,28.4236,-88.7026
592,Los Angeles,2021-03-19,17:17,Low,Clear,Dry,4,35.9972,-100.9965
593,Chicago,2021-05-24,14:00,Medium,Fog,Dry,5,46.506,-103.3362
594,Indianapolis,2022-09-13,12:40,Medium,Clear,Slippery,3,26.8505,-98.0988
595,Philadelphia,2022-08-17,17:11,High,Rain,Dry,4,45.6186,-89.2079
596,San Diego,2023-01-06,13:56,Medium,Clear,Dry,5,30.4852,-101.7841
597,Austin,2022-09-23,13:53,High,Clear,Dry,3,43.1189,-119.7736
598,San Diego,2021-08-31,08:41,Medium,Rain,Slippery,2,42.0442,-109.8847
599,Phoenix,2021-05-28,03:09,Low,Cloudy,Wet,2,41.1298,-115.212
600,Chicago,2021-12-19,16:57,Medium,Rain,Dry,5,26.471,-79.4915
601,San Antonio,2021-08-22,13:51,Low,Clear,Dry,4,32.4574,-71.2556
602,Los Angeles,2021-10-09,10:50,Low,Clear,Dry,3,28.2484,-100.412
603,Los Angeles,2023-01-28,15:28,Medium,Clear,Icy,5,33.651,-113.7968
604,Los Angeles,2023-09-25,06:00,Low,Rain,Slippery,4,40.9506,-80.8035
605,New York,2023-09-02,17:13,Low,Rain,Dry,2,39.0424,-120.0437
606,Indianapolis,2022-01-04,18:39,Medium,Fog,Dry,1,37.8273,-112.0211
607,Chicago,2023-12-22,22:39,Medium,Rain,Dry,2,31.3578,-111.9266
608,Phoenix,2021-11-02,17:58,Low,Rain,Dry,3,31.5565,-99.3971
609,San Jose,2022-11-16,16:56,Low,Fog,Slippery,2,28.635,-120.4886
610,Los Angeles,2023-11-21,06:57,Medium,Rain,Dry,3,30.2915,-116.2731
611,Houston,2022-04-12,06:47,Low,Cloudy,Dry,5,36.1414,-75.6946
612,Houston,2021-10-24,08:39,Low,Clear,Wet,3,47.4378,-111.485
613,New York,2021-09-18,02:36,Low,Snow,Dry,2,42.4878,-110.5676
614,Austin,2022-08-28,16:50,High,Cloudy,Wet,5,44.6651,-117.5033
615,San Antonio,2023-12-05,13:13,High,Clear,Wet,2,30.7001,-99.4191
616,Charlotte,2022-04-01,20:37,High,Cloudy,Dry,1,25.9213,-97.5261
617,Houston,2023-10-30,03:33,High,Rain,Dry,4,30.5318,-92.9587
618,Charlotte,2021-01-26,17:26,Low,Clear,Wet,1,25.3664,-87.2101
619,Philadelphia,2021-11-28,17:54,Medium,Hail,Dry,2,45.1066,-100.9213
620,San Diego,2023-01-29,16:45,High,Clear,Slippery,3,37.2112,-106.5773
621,Philadelphia,2022-07-07,17:39,Medium,Fog,Dry,3,41.9225,-119.1498
622,Chicago,2023-01-16,20:07,Medium,Clear,Dry,5,41.2121,-92.8406
623,Los Angeles,2022-02-24,07:21,Low,Rain,Slippery,5,45.036,-85.4521
624,Los Angeles,2022-04-07,10:57,Medium,Clear,Dry,3,35.4054,-95.9246
625,San Diego,2021-09-09,13:34,Medium,Clear,Wet,1,29.3321,-76.0331
626,Los Angeles,2021-06-28,06:57,High,Clear,Dry,1,41.0329,-96.1909
627,New York,2022-02-23,14:40,Medium,Rain,Slippery,4,32.9741,-98.9193
628,New York,2021-02-13,10:04,High,Snow,Wet,3,34.4689,-104.1748
629,Dallas,2022-10-31,13:42,High,Clear,Dry,2,45.6605,-106.0623
630,Indianapolis,2022-06-17,08:23,Medium,Clear,Dry,4,46.9929,-89.8312
631,Los Angeles,2021-11-26,18:18,Low,Fog,Slippery,2,28.7089,-115.9203
632,Los Angeles,2022-10-11,15:28,Low,Rain,Dry,3,47.4945,-114.3069
633,Philadelphia,2023-07-08,14:10,Low,Clear,Slippery,2,46.7991,-73.7538
634,Philadelphia,2021-11-16,00:47,Medium,Rain,Dry,3,47.3009,-82.7836
635,Columbus,2021-10-29,19:46,Medium,Rain,Wet,1,28.2067,-93.3501
636,Jacksonville,2022-09-23,02:39,Medium,Clear,Dry,2,38.4189,-110.4485
637,Philadelphia,2022-07-24,08:05,Medium,Rain,Dry,5,34.0717,-96.4958
638,San Diego,2023-11-14,21:58,Low,Fog,Dry,4,33.5751,-107.1982
639,Columbus,2022-12-21,10:28,Low,Fog,Dry,4,43.4848,-106.991
640,New York,2023-05-19,18:26,Medium,Clear,Dry,4,47.7328,-94.6843
641,San Jose,2022-11-18,05:37,Low,Clear,Slippery,4,29.0225,-97.9698
642,Chicago,2021-10-08,08:53,Medium,Clear,Icy,5,31.99,-92.9174
643,New York,2023-08-08,08:50,Low,Hail,Icy,4,27.8561,-87.3725
644,Columbus,2022-08-13,12:31,Medium,Clear,Icy,4,47.8697,-118.5303
645,Houston,2023-01-11,15:36,Low,Rain,Under Construction,1,33.5837,-83.8862
646,San Antonio,2021-02-05,19:10,Low,Rain,Wet,3,28.7561,-107.8211
647,New York,2023-05-10,16:22,Low,Rain,Dry,2,42.6282,-112.4711
648,Philadelphia,2021-07-13,16:10,High,Snow,Wet,3,31.2436,-85.7057
649,Chicago,2023-01-13,06:37,Low,Clear,Dry,4,34.4759,-74.1128
650,Phoenix,2021-11-30,06:09,High,Fog,Wet,5,44.4596,-84.9475
651,New York,2021-08-22,12:58,High,Cloudy,Dry,3,40.8942,-114.7713
652,Phoenix,2023-06-25,20:38,High,Clear,Dry,1,30.1142,-77.4456
653,New York,2021-10-19,17:19,Low,Clear,Wet,1,26.7879,-81.716
654,New York,2023-06-03,03:06,Medium,Rain,Dry,3,25.9955,-106.3144
655,New York,2021-01-22,18:50,Medium,Rain,Dry,3,25.673,-114.431
656,Chicago,2022-07-23,22:22,High,Fog,Wet,5,38.1154,-116.8465
657,Los Angeles,2021-01-29,14:45,Low,Cloudy,Wet,1,46.2573,-74.1352
658,Los Angeles,2023-08-31,11:37,Medium,Clear,Icy,4,34.7541,-95.2589
659,New York,2023-04-15,06:20,Low,Clear,Icy,3,37.814,-119.8884
660,Los Angeles,2022-11-03,13:24,Medium,Clear,Under Construction,4,30.1951,-100.8213
661,Columbus,2023-05-27,08:04,High,Cloudy,Dry,1,47.9706,-96.4343
662,San Diego,2021-08-04,12:33,Low,Clear,Dry,5,47.4841,-83.4455
663,Chicago,2021-12-12,05:12,Medium,Windy,Dry,4,41.6796,-107.517
664,San Diego,2022-07-14,18:51,Medium,Rain,Wet,4,47.713,-95.4064
665,New York,2021-10-29,18:06,Medium,Clear,Slippery,1,27.2909,-119.2517
666,Indianapolis,2021-05-20,13:01,Low,Rain,Dry,5,39.3344,-82.4711
667,Houston,2023-12-01,18:50,Low,Rain,Wet,5,32.9032,-77.297
668,Indianapolis,2021-02-06,22:02,High,Clear,Dry,4,35.1788,-120.129
669,San Jose,2021-12-29,15:55,High,Clear,Dry,3,41.4616,-96.6523
670,San Diego,2021-08-13,15:31,Medium,Rain,Dry,2,36.6538,-101.648
671,San Antonio,2023-10-11,16:24,Low,Hail,Dry,1,38.5807,-115.3337
672,San Antonio,2023-01-21,11:47,Medium,Rain,Dry,4,32.9383,-103.417
673,Los Angeles,2022-12-21,05:15,Medium,Rain,Slippery,1,44.9856,-116.0475
674,New York,2021-12-14,01:20,Medium,Clear,Wet,4,31.1322,-85.8102
675,Philadelphia,2021-02-15,23:24,Low,Clear,Dry,2,32.7273,-95.856
676,Chicago,2022-11-27,07:19,Medium,Rain,Icy,1,44.3288,-94.1366
677,Indianapolis,2022-08-12,09:19,Medium,Clear,Wet,1,41.5073,-91.934
678,Austin,2022-11-21,09:36,Medium,Clear,Icy,3,36.6067,-106.4047
679,Los Angeles,2022-10-04,08:25,Medium,Rain,Wet,1,39.4404,-95.1563
680,San Diego,2022-01-18,15:13,High,Cloudy,Dry,5,43.6055,-77.6557
681,San Antonio,2023-06-08,21:46,Medium,Clear,Dry,2,42.168,-82.1924
682,Jacksonville,2023-06-11,12:55,Low,Clear,Dry,3,39.859,-108.6648
683,New York,2022-04-29,12:07,Low,Fog,Dry,4,37.876,-99.3211
684,New York,2021-03-17,08:17,Low,Snow,Wet,2,39.8188,-119.8039
685,Jacksonville,2023-09-23,18:03,Low,Rain,Slippery,4,45.6258,-87.0731
686,Dallas,2021-07-04,12:53,Low,Clear,Wet,1,37.005,-78.893
687,New York,2023-12-12,09:56,Medium,Fog,Dry,5,41.9564,-80.0962
688,New York,2022-04-29,21:13,Low,Hail,Dry,3,44.8467,-119.0919
689,Chicago,2023-12-29,11:07,Medium,Rain,Under Construction,2,33.349,-84.7851
690,San Antonio,2022-09-24,01:57,High,Rain,Slippery,2,30.8186,-101.9961
691,New York,2023-01-14,21:43,High,Snow,Dry,4,46.3327,-74.2678
692,San Jose,2022-09-09,06:52,Low,Snow,Dry,4,39.5211,-76.2677
693,Jacksonville,2023-04-13,19:17,High,Cloudy,Dry,4,46.3094,-104.6984
694,New York,2023-05-16,20:52,Low,Clear,Dry,4,38.8487,-79.7017
695,San Jose,2022-11-01,13:01,Medium,Clear,Dry,2,25.0707,-111.5961
696,New York,2022-09-18,10:05,Low,Fog,Icy,2,44.4801,-86.3408
697,Dallas,2022-10-17,13:55,Low,Rain,Icy,3,29.5693,-100.4462
698,Charlotte,2022-01-08,12:24,High,Clear,Slippery,5,39.8835,-89.4154
699,Los Angeles,2021-07-02,22:12,High,Clear,Wet,5,30.9836,-117.3688
700,New York,2023-01-24,07:36,Medium,Clear,Slippery,4,44.0269,-96.3043
701,Charlotte,2022-04-05,18:12,High,Clear,Wet,4,27.9946,-77.4704
702,Dallas,2022-03-18,23:18,Low,Clear,Icy,1,31.6744,-108.3864
703,San Antonio,2023-07-13,21:23,Medium,Clear,Dry,3,47.4112,-101.3272
704,Houston,2022-03-11,18:45,Medium,Clear,Wet,1,32.6558,-109.7882
705,Indianapolis,2022-12-27,23:42,Medium,Fog,Dry,3,36.6045,-102.1912
706,Indianapolis,2023-03-20,17:08,Medium,Rain,Dry,5,36.3353,-104.3628
707,Dallas,2023-08-17,07:20,Medium,Clear,Dry,2,36.4818,-71.3847
708,Houston,2022-07-30,18:59,High,Clear,Icy,3,36.8904,-99.3397
709,San Jose,2021-12-04,10:31,Low,Snow,Wet,4,26.2241,-114.2717
710,Los Angeles,2022-04-16,07:30,Medium,Clear,Under Construction,4,25.9382,-103.461
711,Jacksonville,2023-09-21,13:07,High,Clear,Dry,3,29.1551,-113.2487
712,Columbus,2023-11-08,19:36,Medium,Rain,Under Construction,5,42.6375,-112.6104
713,San Diego,2021-06-07,09:31,High,Clear,Wet,1,34.0659,-91.3024
714,New York,2021-08-06,19:09,Medium,Fog,Dry,3,38.6667,-121.6981
715,Chicago,2021-03-31,17:28,Medium,Fog,Under Construction,5,27.9744,-77.1095
716,Dallas,2022-08-03,10:03,Medium,Rain,Dry,3,29.0942,-71.8174
717,Los Angeles,2023-03-28,06:54,Low,Clear,Wet,2,27.7738,-96.4761
718,Chicago,2023-06-05,18:58,Medium,Clear,Wet,3,36.791,-96.5396
719,San Antonio,2023-03-06,13:36,Low,Clear,Dry,2,34.9844,-99.8471
720,San Diego,2021-03-24,14:29,Medium,Fog,Slippery,5,39.4799,-94.7168
721,Columbus,2022-08-19,13:05,Medium,Clear,Dry,3,44.3554,-94.7992
722,New York,2022-08-29,15:35,Low,Clear,Dry,1,35.6871,-84.5439
723,New York,2022-06-03,11:37,Medium,Clear,Wet,2,43.0821,-78.1687
724,Dallas,2021-04-03,06:56,Low,Fog,Icy,4,39.3476,-108.2161
725,Dallas,2022-01-19,08:05,Medium,Snow,Dry,5,25.4121,-101.4634
726,Houston,2021-01-28,07:30,Medium,Rain,Wet,4,31.9644,-79.7171
727,San Diego,2023-01-09,17:44,High,Clear,Dry,2,27.574,-121.174
728,Phoenix,2022-01-21,20:13,Low,Clear,Icy,5,29.391,-106.3523
729,New York,2023-08-08,07:27,Low,Clear,Wet,4,35.8443,-77.2906
730,Austin,2022-05-12,08:36,Low,Clear,Dry,4,47.5282,-77.872
731,Phoenix,2022-08-19,03:25,Medium,Rain,Wet,4,30.3338,-118.8434
732,Philadelphia,2021-02-08,12:20,Low,Rain,Slippery,1,36.3801,-73.1738
733,New York,2022-12-12,13:27,Low,Clear,Dry,2,36.6756,-91.4417
734,Jacksonville,2022-11-26,21:54,Medium,Clear,Dry,4,47.0755,-78.6798
735,Indianapolis,2023-01-08,19:51,Low,Clear,Wet,1,40.3423,-115.287
736,New York,2022-02-13,07:31,Medium,Windy,Dry,2,37.8071,-70.0384
737,San Diego,2023-01-05,20:22,Low,Snow,Wet,1,32.7679,-116.0736
738,Phoenix,2022-04-10,07:14,High,Fog,Icy,5,31.1523,-114.1387
739,Dallas,2023-11-22,16:06,High,Clear,Dry,1,47.4172,-81.3541
740,Phoenix,2021-07-28,19:02,Low,Clear,Dry,3,28.6117,-106.8096
741,Dallas,2023-06-24,18:31,Low,Rain,Dry,2,27.8286,-111.5017
742,Los Angeles,2023-05-02,18:00,High,Clear,Wet,1,31.1184,-84.8096
743,Los Angeles,2023-04-30,11:42,Medium,Rain,Icy,2,43.4407,-100.5027
744,Phoenix,2023-04-19,20:54,Medium,Cloudy,Dry,1,41.5054,-95.0979
745,Houston,2021-05-23,06:20,Medium,Clear,Dry,1,40.1841,-88.6438
746,Austin,2021-04-29,22:45,High,Hail,Dry,5,45.0916,-84.4793
747,Austin,2022-10-05,21:00,High,Rain,Dry,4,35.2623,-111.3331
748,Austin,2023-06-25,17:56,Medium,Fog,Slippery,1,25.8503,-104.6064
749,Los Angeles,2021-09-16,14:34,Low,Rain,Wet,2,25.5387,-75.7034
750,Chicago,2022-06-14,09:49,Medium,Rain,Wet,3,30.9744,-95.61
751,Charlotte,2021-09-11,04:41,Medium,Rain,Dry,3,47.6079,-80.1198
752,Chicago,2023-12-29,19:14,Low,Fog,Wet,2,41.4301,-94.9773
753,San Antonio,2022-05-23,06:33,High,Clear,Dry,4,44.0541,-117.7387
754,Phoenix,2021-05-08,12:08,Medium,Clear,Wet,5,37.8563,-81.5011
755,Houston,2022-06-25,15:40,Medium,Cloudy,Dry,4,43.9477,-114.494
756,New York,2021-09-18,13:29,Medium,Snow,Dry,2,35.4749,-120.3044
757,Charlotte,2021-11-18,21:23,Low,Snow,Dry,3,38.1506,-119.9053
758,Indianapolis,2021-11-10,06:19,Low,Rain,Icy,2,43.0272,-100.0686
759,Los Angeles,2022-09-17,20:13,Medium,Clear,Wet,1,45.0198,-100.2861
760,Chicago,2022-09-27,15:57,Low,Snow,Icy,2,42.5249,-95.7523
761,Houston,2023-08-02,18:42,High,Clear,Icy,5,34.4215,-109.8932
762,Indianapolis,2023-03-21,11:02,High,Fog,Wet,2,41.2658,-92.2563
763,San Diego,2022-09-25,15:07,Low,Hail,Wet,1,47.0177,-94.8688
764,New York,2023-09-02,14:01,High,Clear,Dry,2,30.6416,-85.3079
765,San Antonio,2023-06-29,06:34,Medium,Clear,Slippery,1,32.819,-112.6136
766,Chicago,2021-02-19,20:20,Low,Hail,Wet,3,28.3128,-108.7112
767,San Diego,2021-07-03,07:26,Low,Hail,Dry,1,31.8546,-116.8653
768,Los Angeles,2021-10-19,12:20,High,Cloudy,Dry,2,42.2991,-91.5265
769,Chicago,2023-10-07,14:32,Low,Clear,Dry,4,26.5055,-120.4969
770,Los Angeles,2022-04-24,21:01,High,Rain,Dry,5,39.9857,-115.4703
771,San Diego,2023-04-14,13:54,Low,Hail,Dry,2,42.9865,-94.0481
772,Houston,2023-05-18,22:35,Low,Rain,Icy,3,40.0204,-113.2962
773,Los Angeles,2021-05-04,21:30,Low,Rain,Under Construction,2,38.4587,-95.4629
774,Philadelphia,2021-04-04,07:34,Low,Clear,Dry,2,41.6767,-70.0613
775,Indianapolis,2023-06-04,08:32,Low,Rain,Dry,3,47.5317,-85.1968
776,Chicago,2022-07-14,09:20,Medium,Rain,Dry,2,39.8682,-121.8935
777,San Diego,2023-09-03,00:00,Medium,Cloudy,Wet,4,37.377,-81.0601
778,Jacksonville,2021-06-08,14:57,Medium,Rain,Dry,4,44.0317,-103.3858
779,Dallas,2021-12-29,19:51,Low,Rain,Slippery,4,25.2154,-83.3565
780,Chicago,2022-07-30,17:45,Low,Rain,Dry,2,30.3879,-96.3219
781,Columbus,2023-01-14,03:31,Medium,Clear,Dry,4,27.5518,-107.5779
782,Los Angeles,2023-10-22,13:35,Medium,Rain,Wet,2,26.5033,-115.3312
783,Philadelphia,2021-05-14,07:59,Low,Rain,Icy,2,44.4963,-120.7979
784,Philadelphia,2023-12-28,16:43,Medium,Cloudy,Wet,1,44.6388,-105.204
785,Phoenix,2023-04-14,09:43,Medium,Rain,Dry,2,26.0802,-74.2436
786,Houston,2023-12-27,13:00,Low,Cloudy,Icy,2,47.4962,-99.9613
787,Los Angeles,2021-06-02,21:12,Low,Rain,Dry,4,34.9348,-120.7508
788,New York,2022-11-16,19:15,Low,Clear,Dry,3,36.9525,-109.6893
789,Houston,2021-05-30,18:39,Low,Clear,Dry,1,46.0844,-102.3755
790,Charlotte,2021-05-14,19:03,Medium,Clear,Wet,1,27.342,-119.0989
791,Houston,2021-04-17,10:24,Medium,Clear,Slippery,5,25.244,-102.0362
792,New York,2023-05-27,20:39,Medium,Rain,Dry,5,32.5485,-111.991
793,New York,2021-07-30,01:45,Medium,Clear,Wet,5,30.8946,-100.1076
794,Austin,2023-06-30,08:08,Low,Clear,Dry,3,32.1573,-75.9685
795,San Antonio,2021-10-26,07:19,Low,Hail,Wet,2,26.3183,-95.6304
796,Indianapolis,2021-04-22,12:12,Medium,Clear,Dry,2,40.3608,-85.8714
797,Jacksonville,2023-08-16,16:21,Medium,Clear,Dry,3,28.7324,-98.3763
798,New York,2021-03-28,13:58,Low,Clear,Wet,2,36.0572,-82.0459
799,Los Angeles,2022-11-10,19:24,Low,Windy,Dry,1,33.2314,-93.156
800,San Diego,2021-10-19,10:12,High,Clear,Under Construction,2,29.55,-112.9444
801,Jacksonville,2022-06-21,18:21,Low,Clear,Dry,3,45.9449,-120.9083
802,Columbus,2021-10-09,11:50,Low,Clear,Dry,3,43.6182,-87.6327
803,Columbus,2023-12-16,22:39,High,Clear,Dry,2,43.2827,-112.0326
804,San Antonio,2023-02-14,17:20,High,Clear,Dry,5,38.5085,-77.5694
805,Los Angeles,2022-08-26,19:20,Medium,Clear,Dry,5,47.2728,-75.9366
806,Phoenix,2022-03-05,18:50,Medium,Clear,Wet,5,33.6081,-95.0176
807,Phoenix,2022-01-02,10:23,Medium,Hail,Dry,5,34.2218,-74.0984
808,Los Angeles,2021-03-16,08:57,High,Clear,Dry,4,38.1415,-73.3541
809,New York,2023-02-06,09:05,Low,Clear,Dry,5,25.9463,-95.3624
810,Houston,2022-11-20,12:29,Low,Rain,Dry,1,29.13,-109.8429
811,Chicago,2021-06-05,11:05,Medium,Rain,Dry,3,46.3119,-116.8827
812,Los Angeles,2021-05-27,11:34,Low,Clear,Dry,3,29.3848,-90.5902
813,Dallas,2021-10-10,23:48,Medium,Clear,Icy,3,43.9131,-81.2773
814,Philadelphia,2023-04-08,22:52,Medium,Rain,Wet,2,44.9057,-110.1659
815,San Antonio,2022-03-06,13:33,Medium,Rain,Icy,3,43.214,-105.7201
816,Houston,2022-01-20,12:44,Medium,Snow,Dry,2,38.2827,-115.326
817,Jacksonville,2021-01-20,13:42,Low,Clear,Wet,4,42.5454,-86.093
818,Philadelphia,2022-09-06,10:01,Low,Clear,Under Construction,3,38.0684,-80.4444
819,Charlotte,2023-03-12,23:13,Low,Clear,Dry,3,38.0988,-98.5202
820,San Diego,2022-09-16,06:06,Low,Snow,Wet,1,29.2939,-118.3865
821,Chicago,2023-03-02,10:14,Medium,Rain,Dry,1,28.952,-77.2952
822,New York,2023-04-22,12:07,Medium,Fog,Dry,2,27.9884,-111.3048
823,Phoenix,2023-06-05,19:42,Medium,Cloudy,Wet,5,41.4858,-98.1343
824,Houston,2022-02-18,00:09,High,Rain,Dry,3,45.937,-76.2796
825,Dallas,2023-08-01,13:02,Low,Cloudy,Dry,3,33.9951,-79.1817
826,Columbus,2021-12-25,12:11,Medium,Rain,Slippery,2,41.066,-117.0322
827,Los Angeles,2021-03-31,09:55,High,Rain,Wet,1,41.055,-84.4347
828,Indianapolis,2022-03-21,21:26,Medium,Windy,Dry,1,36.6011,-81.4654
829,Los Angeles,2023-04-20,13:16,Low,Clear,Wet,4,33.7666,-83.2102
830,Los Angeles,2022-02-03,12:00,Medium,Clear,Wet,4,36.1495,-118.4517
831,New York,2022-05-12,18:28,High,Snow,Dry,1,38.9607,-112.7837
832,Los Angeles,2021-09-12,14:25,Medium,Clear,Dry,4,33.236,-110.733
833,Los Angeles,2021-03-12,20:34,Medium,Snow,Icy,1,33.9842,-105.9671
834,San Jose,2021-04-18,16:03,Medium,Cloudy,Dry,2,29.5997,-121.166
835,Austin,2021-02-27,23:21,Medium,Clear,Under Construction,1,43.3293,-78.8166
836,Houston,2021-12-10,18:02,Low,Clear,Wet,2,39.3675,-73.415
837,Los Angeles,2023-03-21,21:07,Low,Clear,Dry,3,25.2756,-110.9361
838,Los Angeles,2022-03-27,05:52,Medium,Clear,Slippery,4,31.9353,-90.8588
839,Indianapolis,2021-07-28,18:50,High,Clear,Under Construction,5,32.4601,-89.1946
840,Dallas,2023-03-07,17:49,Low,Rain,Slippery,3,47.4945,-87.3487
841,Charlotte,2021-05-19,11:38,Medium,Rain,Wet,5,38.5118,-70.6042
842,Columbus,2022-04-22,01:48,Low,Fog,Icy,5,26.826,-114.8471
843,Chicago,2023-10-19,10:09,Medium,Clear,Wet,4,42.0029,-104.9081
844,San Jose,2022-07-24,10:50,Medium,Hail,Wet,3,42.2627,-110.0915
845,Philadelphia,2022-11-10,11:13,High,Rain,Dry,2,38.9855,-102.1627
846,New York,2022-10-21,07:40,High,Clear,Dry,2,46.5803,-115.4708
847,Austin,2021-12-22,16:53,Low,Rain,Dry,4,32.1636,-84.473
848,Los Angeles,2022-05-17,12:38,Low,Clear,Wet,3,44.8358,-96.9791
849,Phoenix,2023-01-07,12:10,Medium,Rain,Dry,2,43.8509,-80.735
850,Jacksonville,2021-02-10,18:27,Medium,Cloudy,Wet,2,37.7156,-112.8636
851,Los Angeles,2023-02-19,13:29,Medium,Rain,Dry,4,29.5015,-74.3611
852,Dallas,2021-01-09,01:32,Low,Clear,Dry,4,47.3213,-102.5965
853,New York,2023-09-30,10:37,High,Windy,Dry,5,28.7343,-82.3266
854,Dallas,2022-06-07,18:48,Medium,Rain,Wet,1,39.9708,-73.821
855,Charlotte,2022-05-21,09:02,Low,Fog,Dry,2,31.0106,-98.3155
856,Philadelphia,2021-10-29,09:38,Medium,Clear,Dry,1,39.8211,-74.3221
857,New York,2023-03-26,17:57,High,Snow,Dry,4,30.816,-106.2846
858,San Antonio,2023-12-28,17:24,Medium,Fog,Slippery,1,27.5133,-92.2242
859,Dallas,2022-12-07,19:17,High,Clear,Dry,2,43.777,-121.9179
860,Phoenix,2021-05-24,18:26,Medium,Fog,Dry,3,29.2872,-115.0147
861,Houston,2023-09-24,07:07,High,Clear,Dry,2,43.6111,-112.022
862,San Antonio,2023-04-18,12:58,High,Clear,Dry,4,27.8677,-118.6584
863,Phoenix,2021-03-02,15:30,Medium,Clear,Dry,1,40.3024,-80.9612
864,Austin,2021-03-27,06:33,Low,Rain,Under Construction,3,46.439,-97.3919
865,Chicago,2022-11-22,16:21,High,Windy,Icy,3,40.2968,-102.3213
866,Chicago,2021-04-28,22:55,Low,Rain,Wet,2,25.5906,-115.6095
867,San Jose,2023-12-23,09:44,Low,Rain,Wet,4,36.843,-87.6681
868,Chicago,2021-01-07,23:52,Medium,Snow,Under Construction,3,40.5924,-109.855
869,Austin,2023-09-20,12:39,Low,Cloudy,Slippery,4,47.698,-77.4308
870,San Antonio,2021-07-25,18:18,Medium,Snow,Slippery,5,25.7302,-96.1079
871,Indianapolis,2021-06-28,10:43,High,Rain,Slippery,1,36.0899,-93.8853
872,Charlotte,2022-05-14,08:48,Medium,Clear,Under Construction,1,28.6854,-73.6937
873,Dallas,2023-02-25,18:14,Medium,Hail,Wet,2,46.2229,-89.0555
874,Chicago,2023-10-05,06:44,Low,Rain,Slippery,1,39.8117,-102.3955
875,Philadelphia,2023-02-21,17:50,High,Snow,Dry,1,31.6925,-116.2081
876,Los Angeles,2022-11-28,18:59,High,Rain,Dry,3,46.9436,-92.0003
877,Philadelphia,2021-01-04,10:37,High,Hail,Dry,3,43.3429,-73.4359
878,San Antonio,2021-09-16,14:38,Low,Clear,Slippery,3,28.3281,-72.9697
879,New York,2022-03-25,13:29,Low,Fog,Icy,1,38.7742,-105.9376
880,Dallas,2021-09-10,09:54,Medium,Snow,Dry,4,26.3527,-79.8691
881,Jacksonville,2021-11-09,19:13,High,Clear,Wet,2,44.7059,-84.1754
882,Charlotte,2022-09-05,23:42,Low,Clear,Dry,4,40.5917,-70.5037
883,Dallas,2023-03-13,12:33,Low,Cloudy,Wet,5,34.0568,-115.1932
884,Chicago,2021-04-21,20:45,Medium,Rain,Dry,4,31.6949,-114.4692
885,Dallas,2022-03-23,19:12,Low,Fog,Wet,2,33.6608,-70.8996
886,Chicago,2021-12-11,21:06,Medium,Cloudy,Dry,5,39.9522,-91.1436
887,Los Angeles,2021-11-01,16:25,Low,Clear,Dry,5,46.9548,-88.0546
888,San Diego,2023-02-08,18:50,Low,Rain,Icy,4,31.33,-88.0338
889,New York,2023-01-23,01:07,Medium,Rain,Wet,1,38.4976,-70.6578
890,New York,2023-09-10,09:47,Medium,Clear,Under Construction,4,31.8624,-115.4877
891,Jacksonville,2022-10-29,05:58,Medium,Clear,Wet,4,37.7894,-94.1063
892,Jacksonville,2023-12-22,13:33,Medium,Snow,Wet,2,47.2107,-75.3247
893,Los Angeles,2022-01-06,20:44,Medium,Snow,Dry,2,38.2269,-88.0627
894,San Jose,2021-06-29,15:54,Low,Clear,Dry,5,28.9469,-71.1906
895,Charlotte,2021-01-01,09:02,Medium,Fog,Wet,4,28.2167,-96.497
896,San Antonio,2022-10-03,14:22,Medium,Rain,Wet,1,30.4533,-112.2202
897,Indianapolis,2022-09-06,20:13,Medium,Clear,Dry,2,41.7694,-100.0552
898,Columbus,2022-06-07,09:41,Medium,Clear,Dry,4,46.6246,-114.5513
899,Los Angeles,2022-02-22,05:46,Medium,Rain,Wet,5,40.1183,-79.3336
900,Chicago,2021-12-02,12:09,Medium,Clear,Under Construction,2,26.7831,-115.5197
901,New York,2021-08-14,17:26,Medium,Clear,Dry,3,28.3656,-80.4989
902,Indianapolis,2022-07-15,00:24,Low,Hail,Icy,1,29.0418,-84.127
903,Phoenix,2022-09-20,16:51,Medium,Fog,Slippery,5,31.2342,-116.8486
904,Chicago,2021-04-09,07:48,Low,Fog,Under Construction,5,37.6884,-76.1349
905,Los Angeles,2023-04-05,13:08,Medium,Fog,Wet,2,33.7124,-83.758
906,Indianapolis,2021-04-19,21:40,Medium,Clear,Wet,4,29.2114,-70.7152
907,Indianapolis,2023-08-18,14:17,Medium,Fog,Slippery,2,32.0193,-77.3881
908,Jacksonville,2022-09-18,12:20,Medium,Clear,Dry,1,28.7976,-119.0146
909,Austin,2022-08-09,15:31,Low,Cloudy,Wet,2,36.0321,-95.2194
910,New York,2023-12-27,17:25,Low,Snow,Dry,4,41.1596,-83.0173
911,Indianapolis,2022-05-16,23:42,High,Cloudy,Wet,5,25.9742,-98.6701
912,San Jose,2021-12-12,17:56,High,Clear,Dry,2,36.8147,-72.4709
913,Chicago,2023-05-16,13:10,Low,Cloudy,Dry,5,44.5679,-77.3941
914,Los Angeles,2022-08-18,10:18,Low,Rain,Dry,3,46.3695,-72.125
915,Charlotte,2023-11-22,19:02,High,Snow,Dry,1,39.1572,-104.9153
916,Columbus,2022-12-26,06:22,Low,Clear,Dry,4,29.5435,-94.487
917,Phoenix,2021-11-11,12:58,Low,Rain,Dry,4,33.6091,-103.0462
918,New York,2022-01-09,14:17,Medium,Snow,Dry,3,42.1831,-121.6979
919,New York,2022-02-11,06:18,Low,Fog,Slippery,2,40.3227,-72.6845
920,Philadelphia,2022-06-29,06:31,Medium,Fog,Dry,4,36.5427,-73.9748
921,Austin,2023-03-08,07:06,Low,Clear,Dry,2,26.1969,-78.8485
922,New York,2023-05-30,22:47,Medium,Clear,Dry,4,30.6982,-114.0702
923,San Jose,2023-11-14,08:17,High,Windy,Dry,4,29.5635,-85.264
924,San Antonio,2021-07-31,17:32,Low,Snow,Wet,2,30.2758,-115.1206
925,Charlotte,2021-03-20,09:12,Medium,Rain,Dry,1,33.7481,-94.7015
926,Phoenix,2022-04-19,08:27,Medium,Rain,Dry,3,33.3623,-72.9641
927,New York,2023-05-07,09:57,Low,Clear,Wet,2,31.5623,-107.4317
928,Charlotte,2021-07-26,12:16,Low,Clear,Dry,1,40.7081,-81.9359
929,Austin,2021-09-24,11:47,Medium,Rain,Wet,2,39.9557,-111.0783
930,New York,2023-02-26,06:06,Medium,Clear,Wet,2,29.4373,-98.82
931,San Antonio,2021-07-22,05:34,Low,Rain,Icy,5,41.5777,-119.7218
932,Los Angeles,2022-01-28,12:45,High,Snow,Slippery,3,45.583,-98.6789
933,Phoenix,2021-08-29,21:04,Medium,Hail,Icy,2,38.7805,-85.7713
934,New York,2021-09-22,10:36,High,Clear,Icy,4,40.748,-76.7467
935,Phoenix,2021-06-03,07:48,Medium,Clear,Wet,2,29.2335,-113.6798
936,Columbus,2022-03-23,16:00,Medium,Rain,Wet,5,30.9532,-77.6713
937,New York,2022-08-30,18:35,Low,Rain,Dry,2,46.6671,-107.5567
938,New York,2021-09-30,09:50,High,Windy,Dry,1,25.0322,-103.932
939,Columbus,2023-01-26,10:45,Low,Clear,Slippery,3,32.4666,-119.0223
940,Dallas,2021-01-22,19:14,Low,Clear,Dry,5,27.4482,-83.22
941,Columbus,2023-02-22,22:16,Medium,Rain,Icy,2,32.458,-111.3962
942,Dallas,2023-03-21,07:14,Medium,Clear,Dry,4,29.1748,-112.3785
943,Charlotte,2021-12-27,08:31,Low,Clear,Dry,2,43.8025,-86.2569
944,Houston,2022-01-20,05:04,Medium,Rain,Dry,5,28.1577,-82.9769
945,Chicago,2021-01-25,16:24,Low,Clear,Icy,1,28.0401,-81.9539
946,San Antonio,2022-07-03,07:40,Medium,Clear,Icy,5,41.931,-104.4037
947,San Jose,2021-06-24,08:30,High,Snow,Dry,4,28.5538,-119.0945
948,New York,2022-07-02,16:07,Low,Rain,Dry,4,28.2622,-74.5673
949,New York,2021-02-19,08:24,Medium,Clear,Slippery,4,40.7956,-84.8277
950,Los Angeles,2021-08-19,13:07,High,Clear,Dry,3,27.7221,-73.9874
951,Los Angeles,2021-06-23,20:38,Medium,Clear,Dry,4,28.4551,-87.3018
952,Chicago,2022-09-10,16:18,Low,Cloudy,Wet,3,43.6465,-85.0121
953,Charlotte,2021-06-06,19:55,Low,Rain,Dry,4,35.274,-80.5638
954,Philadelphia,2023-09-07,19:07,High,Clear,Dry,2,29.1831,-101.9791
955,Dallas,2022-10-16,13:30,Medium,Fog,Dry,2,33.8133,-93.4344
956,Austin,2023-12-30,13:34,Low,Rain,Dry,5,42.8616,-79.8128
957,Chicago,2022-03-26,17:15,Low,Snow,Dry,4,47.0252,-74.113
958,Jacksonville,2021-05-03,21:23,High,Snow,Dry,2,44.2108,-93.322
959,Los Angeles,2023-05-13,09:52,Medium,Clear,Wet,2,33.6816,-120.63
960,New York,2023-05-20,11:44,Medium,Rain,Wet,2,25.6943,-103.0073
961,Philadelphia,2021-06-11,09:00,High,Clear,Dry,2,42.2065,-85.6747
962,Chicago,2022-09-06,13:46,Medium,Rain,Dry,2,26.38,-88.5924
963,Houston,2021-12-22,14:00,Medium,Cloudy,Dry,3,46.1405,-95.9026
964,Los Angeles,2022-04-11,12:10,Low,Clear,Under Construction,2,34.2093,-119.0882
965,Indianapolis,2023-03-15,07:47,Medium,Clear,Wet,4,32.2034,-88.6217
966,Chicago,2023-02-19,07:51,Medium,Clear,Dry,3,38.8734,-77.9763
967,Philadelphia,2021-02-27,09:10,Low,Rain,Icy,3,29.3181,-111.5103
968,Indianapolis,2021-03-08,09:05,Medium,Rain,Icy,1,26.1051,-117.153
969,San Jose,2022-09-25,00:22,High,Rain,Dry,4,41.6908,-71.3598
970,Dallas,2021-07-19,11:57,Low,Snow,Dry,5,43.3096,-97.1984
971,Dallas,2021-03-18,10:09,Low,Rain,Under Construction,2,45.3412,-80.0112
972,Indianapolis,2021-10-16,18:10,Medium,Windy,Wet,5,46.3952,-104.2464
973,San Antonio,2021-09-26,11:23,High,Clear,Wet,4,30.4995,-70.1555
974,San Antonio,2021-06-03,22:36,Medium,Snow,Dry,3,37.5841,-71.6147
975,Chicago,2021-06-28,13:29,High,Clear,Dry,3,33.1275,-118.301
976,Indianapolis,2023-08-02,09:30,Medium,Clear,Slippery,1,47.3487,-96.6105
977,Houston,2023-01-15,20:25,Medium,Rain,Dry,5,44.4312,-72.4937
978,Phoenix,2023-02-05,06:26,Low,Snow,Wet,5,47.4809,-119.0329
979,New York,2022-05-17,17:35,High,Clear,Dry,4,44.6381,-110.4013
980,Houston,2023-08-05,17:22,Medium,Cloudy,Dry,1,29.1463,-116.3659
981,Houston,2023-03-24,18:12,Low,Clear,Wet,2,41.1527,-97.2366
982,Los Angeles,2022-07-25,13:34,Medium,Rain,Dry,1,47.7196,-81.7413
983,San Jose,2021-05-08,21:23,High,Clear,Dry,1,46.9108,-86.4491
984,New York,2022-07-07,09:11,Low,Clear,Dry,4,45.0396,-94.7115
985,New York,2022-06-16,07:03,High,Clear,Icy,2,29.5679,-73.019
986,San Jose,2023-09-14,13:44,High,Clear,Slippery,5,33.9502,-121.4836
987,Philadelphia,2022-02-11,06:42,Low,Rain,Icy,3,25.3263,-75.3819
988,New York,2021-10-30,13:20,High,Clear,Wet,1,47.7295,-72.9472
989,Indianapolis,2021-09-15,16:40,Low,Clear,Under Construction,4,41.0183,-81.732
990,Indianapolis,2023-02-13,08:13,High,Rain,Dry,3,25.3724,-75.3739
991,Dallas,2023-10-26,19:07,Medium,Rain,Dry,3,44.0483,-99.8558
992,Houston,2022-11-19,06:11,Low,Rain,Dry,4,33.776,-78.0552
993,San Antonio,2023-06-15,16:44,High,Snow,Under Construction,1,27.0617,-121.1458
994,San Jose,2023-04-23,06:47,High,Clear,Dry,5,43.535,-87.2791
995,Houston,2023-05-12,08:49,Low,Clear,Dry,1,33.0641,-80.7249
996,San Diego,2023-08-09,12:52,Medium,Clear,Slippery,2,36.6739,-108.0843
997,Austin,2022-06-26,10:57,Medium,Clear,Slippery,4,25.7515,-120.6352
998,Austin,2023-02-06,19:33,Medium,Clear,Under Construction,4,30.5621,-71.3785
999,Austin,2022-01-30,16:25,High,Rain,Dry,4,47.4792,-112.9667
1000,Los Angeles,2022-10-14,14:27,Medium,Clear,Dry,5,43.0385,-78.1624
1001,Charlotte,2022-06-17,19:10,Low,Clear,Dry,5,28.5201,-89.8588
1002,Dallas,2021-06-11,15:01,Low,Rain,Wet,3,29.2908,-88.0688
1003,Jacksonville,2022-03-31,10:34,Medium,Snow,Dry,3,40.1629,-107.7018
1004,Indianapolis,2021-10-22,16:40,High,Clear,Slippery,1,27.4628,-107.3119
1005,Jacksonville,2022-01-05,06:31,High,Clear,Dry,1,34.5161,-96.7011
1006,Chicago,2021-06-06,08:26,Low,Cloudy,Icy,2,31.8714,-75.0108
1007,Indianapolis,2021-03-06,06:21,Medium,Rain,Wet,2,37.0002,-108.7659
1008,Philadelphia,2021-09-07,08:01,Medium,Fog,Dry,3,27.6401,-110.7182
1009,Dallas,2022-11-02,07:05,High,Clear,Dry,1,33.0167,-93.3222
1010,Phoenix,2022-08-26,13:51,Medium,Clear,Dry,2,29.5512,-78.0061
1011,San Antonio,2022-07-30,22:06,Medium,Clear,Icy,4,34.9698,-98.7998
1012,New York,2022-07-11,19:39,Low,Clear,Dry,1,35.3363,-75.7486
1013,Chicago,2023-11-14,09:26,High,Rain,Under Construction,3,34.1611,-116.0382
1014,Chicago,2022-10-23,12:11,Low,Rain,Dry,3,27.813,-105.4334
1015,Houston,2021-01-23,18:13,Medium,Cloudy,Wet,4,31.5231,-110.9669
1016,Dallas,2022-03-22,06:17,High,Snow,Wet,5,45.5313,-100.069
1017,Los Angeles,2023-06-11,10:20,Low,Rain,Dry,3,34.6885,-115.5472
1018,Chicago,2021-12-17,16:37,Medium,Clear,Wet,5,47.723,-74.5946
1019,New York,2022-08-06,07:25,Medium,Rain,Dry,1,26.5974,-117.0538
1020,Chicago,2023-05-01,18:17,Low,Clear,Icy,4,39.0834,-101.547
1021,Indianapolis,2023-07-20,13:41,Low,Clear,Wet,1,30.1523,-79.0763
1022,Jacksonville,2021-10-12,06:20,Medium,Clear,Dry,3,43.7714,-94.047
1023,New York,2021-01-11,21:55,High,Clear,Dry,3,26.726,-104.8749
1024,Charlotte,2023-02-17,09:10,Medium,Clear,Dry,2,42.3198,-75.8345
1025,New York,2023-04-27,16:42,Medium,Rain,Wet,3,32.404,-83.995
1026,Chicago,2022-04-08,06:49,Low,Rain,Slippery,2,40.9842,-118.0925
1027,San Diego,2023-10-10,05:00,Medium,Clear,Dry,3,29.7992,-91.2928
1028,San Jose,2023-12-17,14:20,Low,Rain,Dry,5,27.4302,-115.2369
1029,Jacksonville,2023-01-15,12:28,Medium,Fog,Dry,3,34.7312,-86.3142
1030,New York,2021-07-29,07:56,Low,Clear,Dry,3,25.6575,-87.582
1031,Charlotte,2023-07-17,11:07,Low,Clear,Dry,5,34.9095,-104.6455
1032,New York,2023-06-23,09:06,Low,Cloudy,Dry,2,34.2619,-91.1094
1033,Houston,2023-12-21,16:33,Medium,Rain,Under Construction,2,27.6493,-75.457
1034,New York,2022-06-30,08:34,Low,Rain,Wet,4,34.0364,-110.5658
1035,San Jose,2022-07-04,13:10,Low,Clear,Wet,1,27.1676,-95.8315
1036,Columbus,2023-09-04,18:54,Low,Clear,Dry,2,32.6396,-98.3288
1037,Chicago,2021-01-27,17:27,Low,Clear,Dry,1,38.6621,-71.5838
1038,Phoenix,2021-01-03,13:15,Low,Clear,Wet,3,44.2133,-94.686
1039,New York,2021-12-09,18:49,Low,Fog,Dry,3,47.7652,-108.6183
1040,New York,2023-09-24,09:29,Low,Fog,Slippery,5,36.1402,-107.9633
1041,New York,2023-11-30,18:01,Medium,Clear,Under Construction,3,36.4501,-109.2929
1042,New York,2023-06-02,11:47,High,Clear,Dry,3,45.1743,-86.7023
1043,Phoenix,2023-07-10,23:56,Low,Rain,Slippery,4,38.5504,-72.8461
1044,Philadelphia,2022-07-20,10:02,Medium,Snow,Dry,4,38.0332,-80.7887
1045,Phoenix,2022-12-12,10:00,Medium,Rain,Dry,3,39.3473,-87.4553
1046,Austin,2022-09-14,13:04,Low,Clear,Dry,5,27.839,-96.6049
1047,Jacksonville,2021-01-11,12:42,Low,Clear,Slippery,5,40.3025,-82.018
1048,Los Angeles,2021-11-14,22:45,High,Clear,Wet,1,31.6884,-120.3289
1049,San Diego,2022-12-28,09:43,Medium,Hail,Dry,3,46.1645,-90.954
1050,Columbus,2021-12-21,15:43,High,Clear,Icy,3,28.1209,-93.1772
1051,Philadelphia,2022-09-09,10:19,Medium,Rain,Dry,4,27.209,-94.6183
1052,Dallas,2022-10-04,14:43,Medium,Clear,Dry,4,35.6095,-74.547
1053,New York,2021-02-24,22:26,Low,Cloudy,Icy,5,36.7808,-115.3817
1054,Houston,2022-08-24,04:54,Medium,Clear,Icy,5,35.5851,-119.174
1055,New York,2021-04-23,09:41,Medium,Snow,Wet,3,44.8792,-115.685
1056,Dallas,2023-11-13,18:03,Medium,Rain,Under Construction,2,30.1415,-86.8646
1057,Dallas,2021-11-13,10:19,High,Snow,Wet,2,27.6383,-121.9981
1058,Los Angeles,2021-09-05,14:15,Medium,Snow,Dry,1,46.299,-106.404
1059,Los Angeles,2023-09-18,23:52,High,Clear,Wet,4,44.7642,-89.9078
1060,Los Angeles,2023-06-05,07:01,High,Rain,Dry,5,29.6081,-97.0157
1061,Phoenix,2022-08-16,17:37,Medium,Clear,Wet,1,35.6712,-79.6983
1062,New York,2021-10-31,02:29,Low,Rain,Dry,5,35.223,-74.7784
1063,Columbus,2022-12-28,22:29,Medium,Clear,Dry,5,44.6843,-95.8333
1064,Houston,2022-12-16,21:33,Low,Rain,Dry,5,32.8037,-84.8105
1065,San Diego,2021-10-14,09:48,High,Clear,Icy,4,33.66,-97.4689
1066,Phoenix,2022-01-05,15:59,Medium,Clear,Wet,5,46.9695,-103.899
1067,Jacksonville,2023-04-07,05:01,Low,Clear,Dry,4,32.4442,-109.9602
1068,Los Angeles,2022-04-30,06:56,High,Fog,Dry,1,26.4243,-108.9748
1069,Houston,2021-03-18,19:04,Low,Rain,Dry,2,32.3867,-85.6663
1070,Philadelphia,2023-02-13,07:40,Low,Clear,Dry,3,30.1864,-83.408
1071,Austin,2023-06-08,19:51,Low,Clear,Under Construction,1,29.6814,-79.8795
1072,Philadelphia,2021-01-11,11:26,High,Clear,Wet,5,36.412,-78.715
1073,San Antonio,2023-08-29,14:22,Medium,Clear,Dry,4,39.3858,-76.5532
1074,Chicago,2021-06-10,07:33,Low,Clear,Wet,3,25.5185,-79.291
1075,Houston,2022-08-17,21:16,Low,Snow,Dry,3,26.7199,-92.0815
1076,Chicago,2023-11-27,21:32,Medium,Rain,Slippery,5,35.8325,-74.2957
1077,Chicago,2022-06-23,17:02,Low,Clear,Icy,2,29.6974,-79.5284
1078,Charlotte,2022-11-07,21:42,Low,Rain,Icy,5,45.7994,-85.4393
1079,Charlotte,2021-03-14,11:04,Medium,Rain,Dry,5,36.0117,-115.2678
1080,Phoenix,2021-03-27,06:31,Medium,Clear,Dry,2,25.4932,-119.1215
1081,Chicago,2022-02-06,14:55,Medium,Clear,Dry,4,42.6107,-85.8371
1082,New York,2023-05-31,17:35,Medium,Cloudy,Under Construction,3,33.0911,-104.1575
1083,San Antonio,2021-04-29,08:05,Low,Fog,Slippery,5,38.0651,-70.4712
1084,Austin,2021-01-31,20:15,Low,Clear,Dry,1,32.2249,-90.6744
1085,San Antonio,2022-05-16,23:08,Medium,Clear,Dry,3,46.5825,-111.2952
1086,Los Angeles,2023-01-02,20:54,Medium,Cloudy,Icy,3,44.9863,-109.3013
1087,Phoenix,2022-07-02,10:34,Low,Cloudy,Wet,5,36.1828,-117.9208
1088,Los Angeles,2021-10-08,19:33,Medium,Clear,Dry,2,25.825,-109.7745
1089,Indianapolis,2023-06-21,17:29,Low,Snow,Dry,5,33.8361,-78.9867
1090,San Antonio,2021-06-23,05:54,Medium,Snow,Dry,1,30.1623,-102.275
1091,Chicago,2023-06-02,14:42,Medium,Clear,Dry,5,42.353,-104.5166
1092,Los Angeles,2022-06-22,19:37,Low,Fog,Wet,4,43.0001,-73.7145
1093,Chicago,2021-04-27,19:35,Medium,Rain,Slippery,5,35.6606,-92.2247
1094,Houston,2023-11-29,09:24,High,Clear,Slippery,3,43.3905,-72.5497
1095,Philadelphia,2021-06-25,23:49,Low,Clear,Wet,3,31.1812,-108.9733
1096,San Diego,2021-01-26,07:36,High,Snow,Dry,1,35.1179,-97.7451
1097,Philadelphia,2023-01-05,13:54,Medium,Rain,Dry,5,37.6833,-72.4287
1098,San Jose,2023-06-22,07:49,Low,Rain,Dry,2,28.3787,-89.8666
1099,New York,2021-04-12,08:41,Medium,Snow,Wet,1,37.7284,-110.1465
1100,San Diego,2022-06-15,22:01,High,Clear,Wet,5,30.398,-116.3235
1101,New York,2023-11-05,12:32,Low,Rain,Icy,4,26.642,-99.8233
1102,San Antonio,2022-08-03,07:20,Low,Hail,Slippery,3,35.8258,-71.3779
1103,Chicago,2021-03-05,07:02,Low,Rain,Dry,2,43.5848,-95.4386
1104,Chicago,2023-11-07,19:45,Low,Snow,Dry,2,33.7651,-70.1133
1105,Indianapolis,2021-06-10,22:59,Medium,Windy,Wet,4,37.3962,-115.6954
1106,Phoenix,2023-12-17,19:38,Medium,Clear,Dry,5,31.7405,-109.3105
1107,Los Angeles,2022-05-13,19:23,Low,Hail,Wet,4,41.8544,-76.2282
1108,Phoenix,2023-01-12,06:35,High,Rain,Wet,4,43.085,-110.0523
1109,San Jose,2021-09-14,21:15,Medium,Rain,Dry,3,43.3047,-104.2383
1110,Phoenix,2021-08-30,06:26,Low,Rain,Slippery,2,45.6971,-76.4269
1111,Los Angeles,2021-02-01,07:26,Medium,Cloudy,Wet,2,44.9976,-78.6394
1112,New York,2021-02-19,17:04,High,Cloudy,Slippery,3,27.9314,-85.7597
1113,Chicago,2022-05-10,18:07,High,Clear,Wet,1,47.8651,-119.6476
1114,Houston,2022-12-28,22:58,Medium,Snow,Dry,4,41.1026,-83.861
1115,New York,2023-11-10,06:57,Medium,Rain,Dry,3,35.0875,-95.5493
1116,Los Angeles,2022-07-27,21:06,Medium,Clear,Wet,5,38.336,-78.1086
1117,Chicago,2023-05-24,10:24,Low,Clear,Icy,2,34.9024,-107.5307
1118,Los Angeles,2022-10-06,06:18,Low,Rain,Dry,2,31.635,-74.28
1119,Los Angeles,2021-08-06,21:42,Low,Rain,Wet,2,25.6291,-75.0679
1120,Austin,2022-02-04,00:53,Low,Clear,Slippery,4,41.8381,-94.9135
1121,Dallas,2023-07-19,10:07,High,Clear,Slippery,4,31.0503,-77.0459
1122,Indianapolis,2022-07-25,18:07,High,Fog,Dry,1,32.5237,-95.6329
1123,Phoenix,2022-07-20,13:47,Medium,Fog,Dry,1,34.9677,-73.5169
1124,Philadelphia,2023-12-04,10:53,High,Rain,Slippery,1,30.656,-91.5101
1125,Phoenix,2022-03-27,17:16,Medium,Clear,Dry,2,29.5672,-76.4551
1126,Los Angeles,2023-11-24,20:47,Medium,Rain,Wet,2,25.8927,-86.225
1127,San Diego,2023-02-18,16:15,Medium,Rain,Dry,3,44.3359,-76.498
1128,Houston,2023-09-21,13:40,Low,Rain,Dry,1,47.1471,-75.3654
1129,Chicago,2022-08-12,12:28,Medium,Clear,Dry,3,40.1941,-103.9259
1130,Columbus,2023-03-27,17:49,High,Snow,Wet,2,25.6661,-108.068
1131,Houston,2022-03-17,20:50,Medium,Clear,Wet,4,34.0017,-99.0185
1132,Los Angeles,2023-03-28,09:03,Medium,Clear,Icy,3,35.2956,-110.4919
1133,San Antonio,2021-12-08,14:49,High,Rain,Dry,5,37.4146,-72.5855
1134,San Jose,2021-02-13,19:05,Low,Clear,Icy,1,40.0634,-95.0303
1135,Jacksonville,2023-01-12,14:10,Low,Fog,Dry,2,45.945,-104.7619
1136,Charlotte,2022-03-18,15:15,Low,Clear,Slippery,1,36.5345,-80.8501
1137,New York,2021-03-28,07:19,Medium,Rain,Dry,1,43.6989,-102.3514
1138,Columbus,2023-04-01,07:47,High,Clear,Wet,4,25.4635,-83.3821
1139,Austin,2021-11-07,06:37,Low,Rain,Dry,3,34.7785,-83.3389
1140,New York,2022-09-11,09:12,High,Rain,Dry,4,27.1404,-71.7219
1141,Dallas,2022-07-25,13:58,Medium,Clear,Under Construction,4,46.8835,-82.3396
1142,Indianapolis,2021-08-10,13:36,Low,Clear,Dry,5,27.5058,-105.8483
1143,New York,2021-10-22,19:05,Low,Snow,Dry,2,26.9294,-101.0339
1144,Philadelphia,2023-08-28,14:53,Low,Fog,Dry,3,42.0318,-78.6152
1145,San Antonio,2021-03-16,10:36,High,Clear,Dry,5,43.278,-93.6294
1146,Chicago,2022-10-04,22:15,Medium,Rain,Slippery,1,46.1883,-99.8635
1147,New York,2021-06-08,11:48,Medium,Clear,Dry,1,25.8984,-99.9425
1148,Phoenix,2021-12-16,16:33,Medium,Rain,Dry,3,27.7044,-70.2213
1149,Columbus,2022-07-10,14:39,Medium,Clear,Dry,2,43.4647,-72.4962
1150,Phoenix,2023-01-31,14:16,Low,Clear,Wet,2,28.7775,-84.8158
1151,Los Angeles,2023-08-29,00:26,Medium,Windy,Dry,2,29.5832,-117.1199
1152,San Antonio,2023-07-29,11:03,Medium,Clear,Wet,2,32.934,-121.2653
1153,Charlotte,2022-01-30,09:52,Medium,Fog,Dry,4,46.4891,-92.8222
1154,New York,2022-02-19,06:09,Low,Clear,Wet,2,43.3283,-91.4595
1155,Jacksonville,2023-02-24,11:49,Medium,Hail,Wet,5,40.3754,-97.3828
1156,Indianapolis,2021-12-11,00:14,Low,Snow,Dry,2,35.9357,-121.9872
1157,New York,2021-06-09,20:03,High,Clear,Dry,3,36.5086,-115.9006
1158,Dallas,2023-03-17,11:24,Low,Snow,Dry,1,45.3156,-78.2061
1159,Los Angeles,2021-12-07,21:53,Low,Clear,Dry,3,40.7635,-92.9889
1160,New York,2023-06-11,17:11,Low,Rain,Wet,4,29.9169,-92.8907
1161,Charlotte,2022-01-27,12:11,High,Clear,Dry,2,25.1291,-105.8597
1162,Los Angeles,2021-07-12,21:58,High,Rain,Dry,3,39.7585,-101.2887
1163,Indianapolis,2022-06-03,09:03,High,Snow,Slippery,5,39.5415,-96.5044
1164,San Jose,2023-08-28,18:41,High,Clear,Dry,2,41.2297,-112.8008
1165,Jacksonville,2021-09-27,06:53,Low,Rain,Dry,1,44.7315,-107.5711
1166,New York,2022-02-02,17:47,High,Snow,Dry,2,45.8317,-91.4839
1167,Houston,2023-01-21,14:42,High,Rain,Dry,5,28.3928,-108.1349
1168,San Antonio,2021-12-20,12:17,Medium,Clear,Wet,1,32.1568,-92.8509
1169,Jacksonville,2021-08-30,11:36,Low,Cloudy,Dry,1,29.1975,-117.5063
1170,San Jose,2022-10-13,16:01,Medium,Clear,Dry,1,45.1756,-72.9517
1171,Charlotte,2022-09-23,19:41,High,Fog,Wet,3,26.2267,-85.2925
1172,Chicago,2021-12-31,09:36,Low,Clear,Slippery,2,47.5234,-108.5136
1173,Chicago,2023-06-20,09:31,Low,Fog,Wet,2,25.8448,-78.5943
1174,Los Angeles,2023-03-01,07:36,Medium,Clear,Icy,3,29.7713,-85.618
1175,Austin,2023-10-29,15:47,Low,Fog,Dry,4,30.9995,-74.0602
1176,Phoenix,2023-11-25,17:11,Medium,Clear,Wet,5,45.7293,-105.2367
1177,Columbus,2021-08-03,16:55,Low,Rain,Dry,1,29.3036,-103.3838
1178,San Jose,2021-11-30,13:11,Medium,Rain,Wet,4,41.812,-97.3743
1179,San Antonio,2022-05-14,09:23,Medium,Clear,Dry,2,42.553,-75.155
1180,San Jose,2023-11-05,06:27,High,Clear,Dry,5,28.8268,-106.3697
1181,San Jose,2023-12-10,08:36,Low,Clear,Under Construction,1,32.1133,-82.1772
1182,Houston,2022-12-10,13:10,Medium,Clear,Dry,3,26.8486,-109.7185
1183,Los Angeles,2022-02-21,12:46,Medium,Snow,Dry,4,28.6646,-116.8045
1184,Phoenix,2023-03-19,17:58,Low,Rain,Dry,1,33.9142,-105.4455
1185,Columbus,2021-10-01,12:20,High,Fog,Dry,4,37.2846,-103.9629
1186,Los Angeles,2021-02-25,08:38,Low,Clear,Wet,1,39.043,-82.9124
1187,Phoenix,2021-06-08,17:08,Low,Clear,Dry,4,40.043,-99.863
1188,Austin,2022-08-07,10:43,Low,Hail,Dry,2,34.159,-95.0979
1189,Chicago,2021-08-06,13:05,Medium,Rain,Dry,1,28.7003,-115.3055
1190,New York,2023-11-05,12:29,Medium,Rain,Dry,1,31.968,-108.5502
1191,Columbus,2021-08-26,16:51,Medium,Fog,Wet,5,47.3507,-116.193
1192,San Jose,2022-01-02,23:34,High,Clear,Dry,5,30.9302,-95.2254
1193,Los Angeles,2023-07-21,12:29,Low,Rain,Dry,5,40.7869,-108.879
1194,Austin,2022-11-23,17:49,Medium,Clear,Dry,1,35.2757,-106.5205
1195,Dallas,2021-03-14,16:22,Medium,Clear,Dry,5,27.1752,-84.2071
1196,Chicago,2023-10-08,12:17,Medium,Rain,Slippery,5,38.0886,-119.8867
1197,San Antonio,2022-10-31,11:09,Medium,Snow,Dry,5,47.5461,-117.9042
1198,Los Angeles,2022-09-11,12:01,Medium,Fog,Wet,1,44.2476,-99.4614
1199,Los Angeles,2021-08-27,19:36,Low,Rain,Slippery,2,40.9679,-119.4608
1200,Houston,2023-08-27,08:59,Medium,Fog,Dry,1,38.9063,-74.6932
1201,Los Angeles,2022-08-07,09:26,Medium,Rain,Dry,4,38.7788,-71.2533
1202,New York,2022-10-14,06:14,Low,Clear,Dry,5,44.0204,-91.4285
1203,Charlotte,2022-11-05,14:30,Low,Clear,Dry,4,28.4909,-77.5735
1204,Los Angeles,2023-10-19,08:44,Low,Clear,Wet,5,47.2576,-89.168
1205,Indianapolis,2022-12-09,06:47,Low,Clear,Dry,4,25.68,-89.5071
1206,Houston,2021-12-08,16:36,High,Clear,Under Construction,5,42.1132,-70.5366
1207,Chicago,2023-02-08,21:08,High,Clear,Dry,2,47.819,-92.3213
1208,San Jose,2022-01-01,20:49,Medium,Clear,Dry,2,34.6181,-90.8391
1209,New York,2022-10-17,18:40,High,Hail,Icy,3,36.553,-94.3096
1210,San Jose,2022-04-07,20:31,Low,Cloudy,Dry,2,34.2013,-121.8265
1211,Los Angeles,2022-11-16,18:41,High,Clear,Wet,4,34.4368,-88.9063
1212,Phoenix,2022-04-05,07:39,Low,Rain,Dry,1,32.4755,-109.0031
1213,New York,2023-08-25,17:23,Medium,Fog,Dry,5,44.8591,-77.7839
1214,Columbus,2021-11-27,13:46,Low,Cloudy,Slippery,3,28.051,-118.6297
1215,Houston,2021-03-05,08:29,Medium,Clear,Dry,2,47.3745,-95.9888
1216,Chicago,2021-08-16,19:53,High,Clear,Dry,1,25.1583,-120.3192
1217,Jacksonville,2023-04-13,20:30,Low,Clear,Dry,5,27.7826,-81.617
1218,Phoenix,2023-12-30,18:28,Medium,Clear,Dry,1,33.3576,-84.7355
1219,Houston,2023-11-14,16:28,Low,Clear,Dry,5,42.3323,-116.1872
1220,Chicago,2021-12-13,11:42,High,Fog,Dry,1,32.5906,-85.9268
1221,San Jose,2023-07-28,20:31,Medium,Clear,Wet,3,43.1096,-85.6228
1222,New York,2022-07-18,16:48,Medium,Clear,Slippery,5,33.3427,-106.8566
1223,Phoenix,2021-11-21,15:19,Medium,Clear,Wet,2,28.3701,-106.7987
1224,New York,2023-02-26,09:14,Low,Clear,Wet,3,33.3757,-95.5532
1225,Columbus,2023-11-25,12:39,High,Rain,Wet,5,32.2288,-102.5331
1226,Phoenix,2023-09-21,17:55,Low,Cloudy,Dry,1,32.8744,-105.916
1227,San Jose,2022-04-05,07:38,Medium,Rain,Dry,4,38.0964,-88.7909
1228,Austin,2021-01-25,19:54,Medium,Cloudy,Wet,3,40.2776,-101.2785
1229,New York,2021-07-22,22:32,Medium,Rain,Wet,1,47.3201,-119.0893
1230,Austin,2023-12-07,09:16,Low,Cloudy,Slippery,2,40.8617,-98.2846
1231,Philadelphia,2021-03-24,23:17,Low,Clear,Icy,1,45.8412,-115.1075
1232,Los Angeles,2022-09-13,05:14,Medium,Rain,Dry,1,32.3337,-89.0369
1233,New York,2022-02-07,13:28,Low,Rain,Dry,4,31.8991,-121.5007
1234,Dallas,2023-05-31,20:07,Medium,Rain,Wet,5,42.3775,-70.4036
1235,Los Angeles,2022-05-31,18:38,Medium,Clear,Dry,3,46.883,-106.4189
1236,San Diego,2023-12-26,09:17,Medium,Rain,Dry,2,36.2144,-105.4012
1237,Los Angeles,2023-11-10,13:10,Medium,Rain,Dry,4,32.8759,-86.2781
1238,San Jose,2022-01-10,08:06,Low,Rain,Dry,5,35.8531,-86.3932
1239,Chicago,2022-03-07,15:09,Low,Clear,Dry,2,39.0328,-113.8291
1240,San Antonio,2023-11-24,23:41,Medium,Fog,Dry,3,35.8556,-77.4756
1241,Chicago,2022-09-14,11:19,Low,Fog,Dry,4,37.9556,-82.3398
1242,New York,2021-01-12,18:25,Medium,Rain,Dry,4,42.6421,-120.9871
1243,Los Angeles,2022-02-19,08:45,High,Clear,Dry,4,32.4908,-92.8814
1244,Phoenix,2022-02-13,19:39,High,Clear,Dry,3,41.6255,-73.0423
1245,San Jose,2023-08-21,22:02,Low,Hail,Wet,2,31.4433,-90.4513
1246,San Diego,2023-02-08,05:03,Low,Clear,Slippery,1,35.8523,-76.1958
1247,Dallas,2021-06-01,10:49,High,Snow,Wet,5,29.5999,-117.4237
1248,San Jose,2022-05-18,11:34,Low,Rain,Dry,1,28.2308,-81.9649
1249,Columbus,2022-10-05,22:23,Medium,Cloudy,Dry,4,30.2367,-103.1654
1250,Los Angeles,2022-02-12,17:45,Medium,Cloudy,Dry,4,34.8286,-80.0846
1251,Charlotte,2021-04-09,19:03,Medium,Clear,Dry,1,47.0751,-76.5998
1252,Los Angeles,2022-11-01,19:31,Low,Clear,Dry,1,47.4072,-81.4094
1253,Jacksonville,2023-12-26,07:32,Low,Cloudy,Wet,2,42.2939,-82.11
1254,Houston,2023-06-02,19:29,High,Fog,Wet,1,29.1785,-92.0884
1255,Dallas,2023-07-19,14:44,High,Cloudy,Dry,3,25.1461,-78.9324
1256,Houston,2021-02-08,00:20,Low,Clear,Wet,3,37.2444,-88.0121
1257,Charlotte,2022-02-15,18:36,High,Fog,Wet,2,42.7788,-111.2805
1258,San Antonio,2022-01-07,06:34,High,Fog,Wet,1,32.5316,-105.6025
1259,Chicago,2022-04-17,17:12,Medium,Clear,Slippery,2,42.7639,-120.5806
1260,New York,2023-06-20,07:24,High,Snow,Dry,1,35.2767,-101.2427
1261,Austin,2022-02-26,18:37,Low,Clear,Slippery,5,27.7992,-82.6565
1262,San Antonio,2021-09-04,21:47,Medium,Clear,Dry,1,43.3952,-103.2874
1263,New York,2022-06-07,14:29,Low,Clear,Under Construction,1,33.1577,-72.8219
1264,San Diego,2021-05-14,12:54,Low,Fog,Wet,4,45.1467,-121.1758
1265,Chicago,2022-07-17,18:57,Low,Clear,Wet,2,36.9283,-114.7085
1266,San Antonio,2023-08-21,18:03,Low,Fog,Dry,5,34.5422,-113.8109
1267,Indianapolis,2021-12-20,07:33,Medium,Snow,Dry,1,43.0908,-120.441
1268,Chicago,2022-02-22,10:40,High,Rain,Dry,1,32.6264,-75.7813
1269,Charlotte,2021-03-12,18:09,Low,Clear,Wet,5,28.904,-116.794
1270,Houston,2022-12-16,20:05,Low,Hail,Dry,4,44.6912,-94.0902
1271,San Diego,2021-10-03,20:51,Low,Rain,Slippery,2,32.4262,-93.9207
1272,Jacksonville,2021-07-17,13:47,Medium,Clear,Wet,2,30.1877,-117.7262
1273,Columbus,2021-07-14,18:18,Low,Clear,Dry,3,32.5584,-71.3542
1274,Los Angeles,2023-12-01,14:56,High,Clear,Dry,2,38.3255,-73.3995
1275,Chicago,2021-03-12,18:51,Low,Clear,Dry,2,39.5965,-78.5603
1276,New York,2022-05-03,07:20,Medium,Snow,Dry,5,34.3301,-70.3797
1277,Houston,2023-07-18,16:34,Medium,Rain,Wet,3,32.7569,-75.5886
1278,Phoenix,2022-06-07,11:55,Medium,Rain,Wet,3,42.5552,-108.3311
1279,Indianapolis,2023-01-19,12:01,Low,Clear,Dry,1,27.7664,-84.9398
1280,Houston,2021-09-16,20:19,Medium,Cloudy,Under Construction,5,29.2001,-79.3586
1281,Dallas,2023-11-13,08:53,Medium,Clear,Wet,5,38.8215,-114.1079
1282,Philadelphia,2023-12-23,14:51,Medium,Rain,Under Construction,2,33.6129,-116.7928
1283,San Antonio,2021-12-06,16:54,High,Fog,Dry,5,34.7524,-111.4858
1284,Chicago,2021-04-11,22:25,High,Hail,Slippery,4,32.4042,-84.4795
1285,Dallas,2022-09-07,00:16,Medium,Clear,Wet,5,47.0633,-118.9204
1286,Austin,2023-04-21,07:30,Medium,Snow,Under Construction,2,33.9985,-113.709
1287,Los Angeles,2023-05-09,12:12,Low,Clear,Slippery,2,45.5307,-115.5795
1288,San Diego,2021-11-07,08:09,Medium,Clear,Dry,3,37.0575,-81.8738
1289,Chicago,2023-08-23,08:28,Low,Fog,Dry,1,45.2452,-82.779
1290,Chicago,2022-12-01,20:02,High,Clear,Dry,5,28.8745,-85.0924
1291,Phoenix,2023-09-25,18:14,Low,Fog,Under Construction,3,30.5497,-77.8018
1292,Houston,2023-10-10,19:27,Medium,Snow,Dry,3,45.8088,-88.7062
1293,Los Angeles,2022-11-05,12:53,Low,Clear,Wet,4,30.5831,-96.2612
1294,Indianapolis,2023-06-08,17:06,High,Rain,Wet,5,33.6439,-95.0137
1295,San Antonio,2023-02-23,03:06,Medium,Hail,Wet,1,47.2348,-109.5921
1296,Dallas,2023-05-14,19:45,Low,Fog,Slippery,5,44.8585,-120.0616
1297,Dallas,2023-03-28,19:40,Medium,Cloudy,Dry,2,25.5553,-72.8106
1298,Austin,2021-07-22,10:26,Medium,Snow,Dry,3,33.1047,-71.7894
1299,Chicago,2022-07-21,13:03,Medium,Rain,Icy,2,29.8158,-81.9179
1300,Chicago,2022-10-22,18:48,High,Snow,Slippery,3,33.0915,-94.0118
1301,New York,2022-04-12,10:19,Medium,Rain,Dry,4,39.7079,-82.6586
1302,Phoenix,2022-02-19,09:45,Low,Clear,Dry,2,47.0641,-105.2165
1303,Columbus,2021-08-17,08:19,Medium,Rain,Icy,5,29.0919,-89.8395
1304,Dallas,2021-06-05,08:05,High,Rain,Slippery,2,41.4654,-94.293
1305,New York,2023-03-24,07:24,High,Snow,Slippery,3,39.1087,-71.5212
1306,Austin,2022-10-26,23:28,Low,Clear,Under Construction,1,36.3733,-78.6711
1307,Houston,2022-03-25,09:14,High,Clear,Dry,1,44.7232,-96.8698
1308,Indianapolis,2023-06-18,12:35,Low,Clear,Wet,4,39.4269,-75.7926
1309,Austin,2023-03-04,18:45,Low,Snow,Dry,3,45.7012,-73.28
1310,Indianapolis,2022-10-18,14:04,Low,Snow,Under Construction,2,43.2978,-91.8942
1311,Indianapolis,2021-07-17,23:50,Medium,Rain,Dry,5,30.24,-103.8862
1312,Jacksonville,2022-04-04,13:36,Medium,Clear,Wet,1,46.9228,-113.0903
1313,Columbus,2023-07-08,15:03,Medium,Fog,Dry,3,26.5045,-84.6188
1314,New York,2022-06-01,22:46,Medium,Clear,Icy,2,47.6828,-110.8094
1315,San Diego,2023-07-15,10:44,Low,Rain,Slippery,4,28.3174,-93.9401
1316,New York,2022-10-07,20:39,Medium,Rain,Icy,1,39.1186,-94.4519
1317,Indianapolis,2021-11-27,18:15,Medium,Windy,Icy,1,39.9364,-96.2613
1318,Charlotte,2021-09-02,11:06,Medium,Cloudy,Dry,4,33.7697,-97.3308
1319,Chicago,2022-12-05,07:19,Medium,Snow,Dry,2,30.9916,-111.5684
1320,New York,2022-12-21,23:40,Medium,Clear,Dry,5,26.4007,-93.0293
1321,Indianapolis,2023-02-04,06:00,Medium,Clear,Dry,1,43.4009,-92.4599
1322,Los Angeles,2023-02-07,20:11,Medium,Clear,Dry,3,27.2302,-86.4746
1323,Los Angeles,2021-11-13,16:36,Medium,Snow,Icy,5,28.4235,-79.4122
1324,Philadelphia,2021-03-04,16:59,High,Cloudy,Icy,3,46.5057,-116.3957
1325,Columbus,2022-01-05,16:10,Medium,Rain,Under Construction,3,46.5698,-73.7125
1326,San Diego,2023-03-08,19:07,Low,Clear,Dry,4,29.3318,-100.9772
1327,Phoenix,2023-01-04,05:58,High,Rain,Icy,5,27.2719,-94.9681
1328,Philadelphia,2022-10-19,21:36,Medium,Clear,Wet,2,31.4989,-114.9553
1329,Houston,2022-02-10,10:40,Medium,Clear,Dry,1,32.3948,-96.8266
1330,San Jose,2023-03-08,10:50,Medium,Rain,Wet,1,29.3258,-117.3623
1331,New York,2021-12-22,16:47,Low,Hail,Dry,3,47.1763,-119.2734
1332,Jacksonville,2023-06-08,18:33,Medium,Rain,Dry,2,27.269,-72.6019
1333,Dallas,2022-03-30,18:04,Medium,Rain,Wet,1,46.208,-111.2864
1334,Columbus,2021-08-27,21:00,Medium,Cloudy,Dry,2,47.703,-79.0182
1335,New York,2023-02-01,21:25,Low,Clear,Wet,4,40.6491,-85.071
1336,San Diego,2022-09-27,08:56,High,Clear,Dry,4,33.674,-78.183
1337,Los Angeles,2022-01-24,19:31,Low,Rain,Dry,4,27.9644,-86.146
1338,Los Angeles,2021-05-25,16:07,Medium,Clear,Wet,2,46.7006,-108.662
1339,Los Angeles,2023-03-27,10:18,Medium,Clear,Dry,2,46.8548,-93.153
1340,Indianapolis,2023-10-17,08:33,Medium,Clear,Dry,4,29.243,-82.3478
1341,Chicago,2021-05-19,09:39,Medium,Clear,Icy,5,42.6362,-112.1736
1342,Philadelphia,2022-03-07,18:02,High,Clear,Under Construction,2,33.0527,-111.5662
1343,Charlotte,2021-04-26,12:09,Medium,Clear,Wet,3,40.1343,-99.1787
1344,San Antonio,2023-06-22,05:15,Low,Clear,Wet,3,26.3044,-86.3923
1345,San Antonio,2023-04-20,14:01,Low,Cloudy,Dry,2,45.735,-86.4155
1346,New York,2021-01-13,12:36,Low,Rain,Slippery,1,37.9637,-118.156
1347,Chicago,2023-09-03,21:41,Medium,Clear,Slippery,2,40.7063,-90.1444
1348,Houston,2022-12-08,23:40,High,Clear,Wet,3,30.1483,-107.0831
1349,Indianapolis,2021-12-24,22:24,High,Clear,Dry,3,28.3116,-98.0835
1350,Jacksonville,2022-04-10,23:08,Low,Cloudy,Dry,4,35.5934,-98.4798
1351,Chicago,2023-03-07,13:21,Low,Fog,Dry,2,41.3896,-92.4439
1352,Jacksonville,2023-01-15,20:35,Medium,Clear,Dry,4,28.2506,-116.3502
1353,Indianapolis,2023-07-16,10:53,High,Clear,Dry,3,37.6889,-113.8506
1354,Los Angeles,2023-02-27,21:27,Medium,Rain,Dry,2,31.2864,-83.2095
1355,San Jose,2021-11-16,16:36,Low,Clear,Dry,2,42.5403,-96.6924
1356,New York,2023-12-23,18:56,Low,Clear,Dry,1,32.6247,-117.3228
1357,Indianapolis,2023-01-01,08:09,Low,Clear,Wet,3,38.4193,-78.9308
1358,Los Angeles,2023-08-31,11:11,Low,Rain,Slippery,2,28.7549,-115.8411
1359,San Antonio,2023-04-20,07:35,Medium,Clear,Icy,2,47.4509,-87.4788
1360,San Jose,2021-10-28,21:06,Low,Clear,Dry,2,42.6442,-91.5189
1361,Philadelphia,2023-01-13,21:37,Medium,Clear,Dry,5,32.9081,-104.3316
1362,Los Angeles,2021-06-24,20:04,Medium,Rain,Slippery,1,47.8366,-80.8697
1363,Chicago,2022-02-08,22:20,Medium,Fog,Dry,4,25.367,-75.6655
1364,Jacksonville,2023-05-06,23:23,Low,Clear,Wet,1,36.261,-74.8975
1365,Chicago,2021-04-17,17:44,Medium,Clear,Dry,4,40.1664,-104.6882
1366,San Antonio,2021-03-06,07:59,Medium,Clear,Dry,4,33.7404,-120.1289
1367,Chicago,2022-07-08,17:21,Medium,Windy,Dry,3,28.0438,-103.9956
1368,Los Angeles,2022-06-20,15:31,Low,Clear,Wet,3,44.814,-75.4174
1369,San Jose,2021-02-17,19:51,Low,Clear,Dry,5,43.4335,-81.4984
1370,Dallas,2021-06-04,00:00,Low,Cloudy,Dry,5,39.4009,-76.6898
1371,San Jose,2023-08-02,16:21,Low,Clear,Wet,2,46.114,-73.8188
1372,New York,2022-01-16,06:05,Medium,Clear,Dry,1,33.8987,-89.4765
1373,Dallas,2022-01-30,13:12,Medium,Fog,Dry,5,44.8952,-118.8142
1374,Los Angeles,2022-01-14,14:05,Low,Clear,Wet,2,41.0992,-85.4509
1375,Chicago,2021-06-05,08:54,High,Clear,Wet,5,31.8245,-100.5613
1376,Austin,2022-08-08,08:16,Medium,Rain,Wet,3,31.4733,-113.6143
1377,Columbus,2021-05-07,05:22,Low,Fog,Dry,4,25.276,-83.298
1378,Charlotte,2021-06-30,10:49,Low,Rain,Wet,1,38.0916,-84.1883
1379,Austin,2022-10-16,13:47,Low,Clear,Dry,5,47.9792,-112.1052
1380,Houston,2021-12-16,03:22,High,Clear,Icy,4,35.6633,-75.2473
1381,San Jose,2023-07-16,07:47,Medium,Clear,Dry,3,33.7735,-76.747
1382,Houston,2021-11-02,12:00,High,Cloudy,Dry,2,29.9909,-121.1478
1383,Los Angeles,2023-08-26,07:21,Medium,Clear,Icy,5,31.3864,-112.1228
1384,Los Angeles,2023-10-20,12:54,High,Clear,Under Construction,1,46.9179,-85.2867
1385,Charlotte,2022-08-16,07:33,High,Clear,Dry,3,39.5247,-104.3938
1386,San Antonio,2022-09-29,17:27,Medium,Rain,Dry,3,43.5639,-77.0669
1387,New York,2023-01-27,15:30,Medium,Clear,Dry,3,40.8305,-74.6724
1388,Indianapolis,2022-10-03,16:57,Medium,Rain,Wet,3,41.0616,-75.1035
1389,Indianapolis,2022-10-22,18:36,Low,Rain,Dry,2,36.2375,-97.5729
1390,New York,2021-02-09,10:56,Medium,Rain,Dry,4,35.6419,-75.1776
1391,San Jose,2022-06-29,05:24,Medium,Clear,Dry,1,35.8962,-110.3867
1392,San Antonio,2021-01-07,11:52,Medium,Fog,Under Construction,4,47.6615,-90.5519
1393,Los Angeles,2022-02-14,19:41,High,Rain,Dry,1,41.9164,-111.863
1394,Chicago,2023-10-30,09:50,Medium,Snow,Dry,2,28.3134,-120.6852
1395,San Jose,2023-05-14,06:29,High,Clear,Dry,2,38.6584,-82.56
1396,Los Angeles,2021-08-09,21:29,Medium,Rain,Dry,2,32.4245,-121.1183
1397,Phoenix,2021-04-18,20:35,Low,Snow,Dry,1,39.4645,-88.3909
1398,Jacksonville,2023-03-22,07:39,Low,Clear,Wet,5,25.9058,-95.3912
1399,New York,2021-09-28,13:59,Low,Rain,Slippery,2,27.1128,-103.2635
1400,Chicago,2023-01-02,11:26,Low,Clear,Dry,4,39.7618,-101.4085
1401,Austin,2021-11-14,15:05,Medium,Clear,Slippery,3,30.2301,-119.0613
1402,Dallas,2021-02-19,04:53,Medium,Clear,Icy,2,46.9517,-114.841
1403,San Diego,2022-10-17,10:48,Low,Rain,Dry,1,40.4018,-85.7495
1404,New York,2021-05-20,03:37,Low,Rain,Dry,1,38.3764,-102.8579
1405,Philadelphia,2021-12-03,12:09,High,Fog,Dry,5,33.6089,-101.8022
1406,Chicago,2022-02-17,18:16,Low,Clear,Dry,3,35.3879,-98.8317
1407,Los Angeles,2023-11-15,18:13,Low,Snow,Wet,2,29.6033,-92.3492
1408,Los Angeles,2022-09-04,19:43,Medium,Clear,Dry,2,38.0375,-76.0122
1409,Chicago,2022-06-01,08:01,Low,Clear,Dry,4,46.7763,-101.7943
1410,San Antonio,2022-11-02,13:25,Low,Rain,Wet,3,43.2851,-87.3147
1411,Columbus,2022-05-24,06:06,High,Rain,Slippery,3,46.3937,-106.2208
1412,New York,2023-02-21,18:10,Low,Rain,Under Construction,3,26.7503,-100.2907
1413,Columbus,2021-02-15,10:02,Low,Clear,Slippery,2,27.7675,-88.8911
1414,Phoenix,2021-03-04,20:59,Low,Clear,Dry,5,40.9831,-107.797
1415,New York,2021-02-16,17:30,Medium,Clear,Dry,4,25.6877,-96.134
1416,Philadelphia,2023-08-12,12:00,Low,Clear,Icy,3,41.3277,-84.6187
1417,San Diego,2022-02-20,19:01,High,Clear,Wet,1,47.9043,-119.7056
1418,Phoenix,2023-06-11,15:44,Low,Snow,Dry,3,27.0336,-102.9005
1419,San Diego,2023-08-26,15:23,Low,Rain,Dry,3,34.361,-91.829
1420,San Jose,2023-02-02,13:22,Low,Rain,Slippery,5,34.38,-72.0079
1421,New York,2021-06-27,16:56,High,Rain,Dry,5,44.8214,-113.4576
1422,Jacksonville,2021-03-29,11:58,Medium,Rain,Wet,2,44.5753,-92.168
1423,New York,2022-02-26,19:25,Medium,Clear,Wet,1,36.9501,-92.0758
1424,Charlotte,2022-06-06,21:42,Medium,Rain,Icy,4,27.6892,-83.9436
1425,Phoenix,2023-02-04,15:25,High,Clear,Dry,4,40.8194,-70.6266
1426,Los Angeles,2022-04-08,16:29,Medium,Fog,Wet,5,43.3985,-96.2494
1427,Los Angeles,2021-05-28,17:19,Medium,Snow,Wet,1,46.8857,-112.0677
1428,Los Angeles,2021-02-03,02:07,High,Rain,Dry,4,46.8733,-100.0603
1429,Dallas,2023-01-03,17:00,Low,Clear,Dry,4,39.2429,-74.1831
1430,Phoenix,2021-03-27,17:02,Low,Clear,Dry,4,42.3171,-81.9711
1431,Columbus,2023-05-16,17:39,High,Rain,Under Construction,4,25.8894,-96.6527
1432,New York,2021-06-27,13:34,Low,Snow,Wet,1,35.4578,-83.0493
1433,New York,2022-05-10,16:30,Low,Fog,Slippery,2,39.1155,-117.0624
1434,San Jose,2021-09-20,16:43,High,Clear,Wet,4,31.319,-92.6174
1435,Dallas,2021-04-10,09:07,Medium,Cloudy,Dry,2,25.9158,-90.7417
1436,Indianapolis,2023-05-24,06:09,Low,Rain,Dry,4,42.842,-80.0463
1437,Chicago,2021-12-28,18:02,Low,Snow,Wet,4,30.2608,-98.8773
1438,New York,2021-08-26,06:08,High,Rain,Dry,4,33.4335,-85.6561
1439,Dallas,2021-02-12,18:57,Medium,Clear,Dry,3,35.0347,-85.4935
1440,Columbus,2021-05-18,05:16,Medium,Rain,Wet,2,45.8522,-76.4723
1441,Philadelphia,2021-09-05,02:05,Medium,Clear,Under Construction,3,37.8195,-97.1503
1442,Philadelphia,2022-01-15,15:07,Low,Clear,Dry,4,25.2575,-118.8803
1443,Los Angeles,2021-01-25,06:42,Medium,Clear,Icy,3,46.1768,-77.2495
1444,Phoenix,2022-03-14,08:30,Low,Clear,Wet,5,44.7499,-118.3122
1445,Jacksonville,2021-09-18,20:09,Low,Rain,Under Construction,5,28.7889,-89.3991
1446,Charlotte,2023-04-27,19:23,High,Clear,Icy,1,45.0254,-81.4071
1447,Charlotte,2021-02-26,08:46,Low,Rain,Slippery,2,36.0254,-72.6318
1448,Columbus,2023-11-10,20:41,Medium,Clear,Wet,4,42.7813,-99.4974
1449,New York,2021-03-05,12:35,High,Clear,Wet,3,31.38,-107.3967
1450,San Antonio,2022-12-01,10:34,High,Snow,Dry,4,33.8802,-76.6997
1451,Dallas,2021-10-09,13:05,High,Rain,Wet,1,30.7866,-108.053
1452,Phoenix,2022-07-10,20:38,Low,Cloudy,Slippery,5,29.3991,-71.4383
1453,San Diego,2022-01-28,19:33,Low,Rain,Wet,2,42.6712,-75.6914
1454,Chicago,2021-10-13,19:44,Medium,Clear,Wet,3,29.7027,-97.9401
1455,Dallas,2023-12-02,07:46,Low,Clear,Wet,3,29.2108,-88.3312
1456,Phoenix,2023-10-15,11:25,Low,Rain,Wet,2,30.8587,-118.2534
1457,Philadelphia,2021-09-12,22:52,Low,Clear,Icy,3,46.3395,-98.3525
1458,Los Angeles,2022-07-22,14:26,Low,Clear,Under Construction,5,27.4858,-99.267
1459,New York,2022-10-04,06:11,Medium,Windy,Dry,1,31.3792,-93.4785
1460,Charlotte,2022-07-04,07:06,Medium,Clear,Slippery,5,26.3772,-116.2055
1461,Los Angeles,2022-07-22,10:15,Medium,Rain,Dry,5,33.1317,-109.7092
1462,San Jose,2021-02-17,15:20,Low,Hail,Dry,5,39.1748,-72.3674
1463,Indianapolis,2021-07-06,15:39,Low,Rain,Dry,4,30.0824,-98.1057
1464,Los Angeles,2021-12-06,20:58,Low,Clear,Dry,5,44.8006,-77.8213
1465,Jacksonville,2023-07-03,08:06,Medium,Clear,Dry,4,44.5635,-82.9639
1466,Los Angeles,2021-02-17,14:17,Medium,Clear,Slippery,3,32.4078,-96.0503
1467,Los Angeles,2023-03-06,19:38,Low,Clear,Icy,4,28.8728,-100.9917
1468,Los Angeles,2022-03-23,10:25,Medium,Cloudy,Dry,4,47.0951,-86.3024
1469,Houston,2022-05-15,17:04,High,Clear,Dry,4,25.4714,-99.3128
1470,Houston,2023-07-02,21:05,Low,Clear,Slippery,3,36.0062,-113.2358
1471,Los Angeles,2023-11-26,16:51,Low,Clear,Dry,2,27.0694,-74.3758
1472,New York,2021-07-09,16:35,Low,Cloudy,Dry,3,28.2576,-99.3335
1473,Los Angeles,2022-01-16,08:19,Low,Snow,Wet,5,40.0563,-81.2183
1474,Charlotte,2021-12-27,10:30,High,Clear,Icy,2,38.8606,-117.9935
1475,Los Angeles,2021-07-27,09:50,Low,Rain,Icy,2,28.5125,-73.5282
1476,Jacksonville,2022-05-19,19:20,Medium,Rain,Dry,5,45.5813,-101.5221
1477,Jacksonville,2021-12-09,04:09,Low,Rain,Dry,3,35.6353,-98.3429
1478,San Diego,2021-08-14,18:10,Medium,Clear,Dry,1,31.6057,-94.4976
1479,Philadelphia,2023-10-01,17:25,Medium,Cloudy,Dry,5,33.1405,-90.5131
1480,Charlotte,2023-04-10,18:33,Low,Snow,Dry,1,29.7585,-90.8105
1481,San Antonio,2023-01-23,19:07,Medium,Clear,Dry,3,36.2061,-82.9838
1482,San Jose,2022-03-18,12:40,Medium,Rain,Icy,2,39.9286,-106.2974
1483,Los Angeles,2022-05-16,07:57,Medium,Rain,Dry,4,33.546,-111.356
1484,Los Angeles,2021-09-25,12:03,Low,Rain,Dry,3,26.2217,-97.8154
1485,Houston,2023-03-03,20:55,Medium,Clear,Wet,4,25.9321,-70.9694
1486,Los Angeles,2023-09-09,05:21,High,Clear,Under Construction,2,42.1198,-92.7973
1487,San Diego,2021-05-03,02:13,Low,Clear,Dry,5,35.5867,-89.6678
1488,Phoenix,2022-08-07,11:51,Low,Clear,Dry,5,25.8316,-81.476
1489,Charlotte,2023-11-03,05:09,Low,Rain,Dry,3,28.3109,-82.3703
1490,Los Angeles,2022-02-07,06:24,Low,Clear,Dry,2,29.4733,-92.3967
1491,Los Angeles,2023-05-06,19:56,Medium,Clear,Slippery,1,47.7936,-113.5036
1492,San Jose,2021-03-18,09:30,Low,Cloudy,Dry,4,27.6275,-87.1903
1493,Jacksonville,2022-12-03,16:23,High,Clear,Wet,3,39.5251,-105.0203
1494,Dallas,2021-11-15,17:53,Medium,Clear,Wet,2,30.2026,-120.8443
1495,Chicago,2023-09-17,09:32,High,Windy,Dry,5,31.9079,-77.1175
1496,Los Angeles,2021-08-07,19:35,Medium,Cloudy,Dry,2,46.2992,-85.7362
1497,Houston,2023-11-02,11:47,Medium,Clear,Dry,5,36.067,-73.7227
1498,Columbus,2021-05-16,18:59,Medium,Snow,Dry,4,47.5022,-104.6431
1499,Phoenix,2023-01-29,06:15,High,Cloudy,Dry,2,34.3223,-77.8286
1500,Los Angeles,2022-08-10,09:51,Low,Clear,Dry,1,27.3152,-117.7199
1501,Phoenix,2021-01-18,07:27,Low,Hail,Icy,2,47.8123,-121.8915
1502,Indianapolis,2021-12-30,03:18,Low,Rain,Icy,3,40.3193,-117.449
1503,New York,2021-12-05,20:21,High,Clear,Dry,1,43.8929,-112.0031
1504,Indianapolis,2021-12-15,20:52,Low,Rain,Wet,5,26.6487,-90.1377
1505,Jacksonville,2021-10-11,05:38,Low,Fog,Wet,4,38.9491,-86.1703
1506,San Diego,2021-03-07,12:21,Medium,Snow,Dry,5,32.0472,-88.0186
1507,Los Angeles,2023-04-02,12:59,High,Clear,Dry,2,35.6096,-85.4318
1508,Columbus,2021-03-17,06:37,Low,Windy,Dry,1,31.4969,-104.6981
1509,Phoenix,2022-10-18,15:45,Medium,Cloudy,Wet,5,41.7758,-106.2676
1510,New York,2022-03-06,20:41,Low,Clear,Dry,1,44.3458,-80.2114
1511,Houston,2023-03-09,08:31,High,Fog,Slippery,4,28.0568,-105.0008
1512,San Jose,2023-05-15,17:58,High,Clear,Slippery,2,46.9487,-100.3783
1513,New York,2023-09-25,20:21,High,Clear,Wet,3,45.8681,-84.5192
1514,San Diego,2023-05-06,03:00,Medium,Snow,Dry,1,27.4057,-81.8785
1515,Chicago,2023-10-24,08:09,Medium,Fog,Wet,5,33.9859,-94.5058
1516,Austin,2022-02-07,12:46,Medium,Fog,Wet,5,47.9262,-98.2653
1517,San Antonio,2022-08-06,11:26,High,Clear,Icy,4,46.3681,-74.4665
1518,San Antonio,2022-04-18,21:53,Medium,Clear,Wet,1,43.7849,-87.2415
1519,Philadelphia,2022-06-05,12:00,Low,Hail,Dry,4,25.0518,-119.5163
1520,Philadelphia,2021-06-05,19:17,High,Cloudy,Dry,3,42.6847,-87.5077
1521,Philadelphia,2023-10-15,23:13,Medium,Fog,Slippery,4,37.8974,-104.9135
1522,New York,2022-02-15,01:27,Medium,Cloudy,Dry,2,46.4149,-83.9871
1523,Los Angeles,2021-12-13,17:42,Low,Clear,Wet,3,27.2449,-73.5494
1524,Philadelphia,2022-09-26,23:44,Low,Windy,Slippery,1,46.9325,-118.5689
1525,San Jose,2022-07-08,22:07,Low,Rain,Icy,5,35.7018,-115.6509
1526,San Jose,2022-07-24,19:22,Low,Clear,Dry,3,41.6823,-74.6322
1527,New York,2021-06-26,23:10,Low,Snow,Wet,4,47.7956,-82.6197
1528,Chicago,2022-12-21,02:54,Medium,Clear,Wet,4,29.8843,-112.1125
1529,Dallas,2023-09-18,18:47,High,Fog,Icy,4,37.8215,-98.1916
1530,Columbus,2022-10-22,17:12,Low,Clear,Wet,1,47.7162,-73.4362
1531,New York,2022-11-25,12:53,Low,Rain,Dry,1,38.6769,-92.8066
1532,Phoenix,2021-08-27,16:30,High,Fog,Dry,5,43.6491,-81.1204
1533,Austin,2022-10-12,09:34,Low,Snow,Dry,3,40.2909,-70.083
1534,Los Angeles,2022-06-13,19:09,High,Windy,Under Construction,3,26.7276,-105.964
1535,Indianapolis,2022-09-07,12:01,Low,Fog,Slippery,5,38.8668,-77.7184
1536,San Jose,2023-01-13,06:16,Low,Clear,Wet,5,43.4085,-109.961
1537,Philadelphia,2022-07-21,10:48,Medium,Snow,Icy,5,46.5098,-76.7444
1538,Chicago,2022-09-01,21:42,High,Fog,Dry,4,27.1383,-104.6701
1539,Charlotte,2021-04-17,07:06,Medium,Clear,Dry,4,43.6185,-100.8886
1540,Charlotte,2021-08-07,09:37,High,Clear,Dry,2,39.9152,-92.4112
1541,Phoenix,2021-08-01,16:01,Medium,Clear,Wet,5,30.4875,-100.7887
1542,Austin,2023-12-08,20:36,Medium,Clear,Wet,1,34.8836,-90.1106
1543,Chicago,2023-03-07,08:33,Low,Hail,Dry,5,31.6162,-109.0504
1544,San Diego,2021-09-13,18:16,Medium,Hail,Dry,2,42.1761,-86.0524
1545,New York,2022-01-13,19:37,Medium,Clear,Dry,2,42.1322,-83.9749
1546,Los Angeles,2023-03-20,07:13,Low,Clear,Dry,1,44.0893,-121.2845
1547,New York,2021-08-08,11:28,Medium,Fog,Slippery,3,47.4768,-102.3063
1548,San Diego,2023-11-29,17:28,High,Clear,Dry,2,45.0089,-77.3781
1549,Houston,2022-05-13,13:17,Low,Clear,Dry,1,42.2115,-94.7373
1550,Los Angeles,2022-02-22,12:56,Low,Clear,Icy,4,43.071,-94.4612
1551,Los Angeles,2023-07-20,11:41,Low,Snow,Icy,4,31.2017,-97.0218
1552,San Jose,2023-06-17,21:01,Medium,Clear,Under Construction,5,36.723,-73.4332
1553,Phoenix,2021-08-13,09:23,Medium,Clear,Wet,3,42.1673,-120.9444
1554,Los Angeles,2021-08-08,09:18,Low,Hail,Slippery,5,38.2115,-73.9296
1555,New York,2022-01-10,16:33,High,Clear,Wet,5,34.6537,-104.2526
1556,Dallas,2023-09-13,08:06,Medium,Clear,Wet,3,38.4824,-89.3
1557,San Antonio,2023-01-01,06:30,High,Clear,Slippery,3,35.8418,-109.4593
1558,Indianapolis,2022-11-14,13:27,Low,Clear,Wet,2,30.32,-76.9393
1559,Indianapolis,2022-02-24,13:34,Low,Rain,Under Construction,4,41.5239,-110.5219
1560,New York,2022-03-16,08:06,Low,Rain,Dry,3,39.7894,-75.7303
1561,Los Angeles,2022-03-05,06:59,Low,Snow,Icy,5,42.1676,-73.2099
1562,Los Angeles,2022-05-09,04:44,Low,Fog,Wet,4,43.7925,-110.7494
1563,New York,2023-04-24,20:06,Medium,Cloudy,Dry,4,41.0167,-73.3979
1564,New York,2023-07-16,15:10,Low,Rain,Dry,3,29.4285,-79.2397
1565,Los Angeles,2022-04-25,18:46,High,Clear,Dry,1,40.2182,-110.2675
1566,Charlotte,2021-10-03,02:46,Low,Rain,Slippery,3,44.1992,-99.5452
1567,Phoenix,2021-05-10,19:10,Low,Clear,Wet,4,27.4961,-82.2503
1568,New York,2022-03-10,05:26,Low,Snow,Dry,5,41.4156,-76.0409
1569,San Antonio,2023-12-24,22:59,High,Rain,Dry,4,28.6201,-70.1447
1570,Indianapolis,2023-12-28,17:13,Medium,Rain,Icy,3,32.2618,-90.4734
1571,Chicago,2021-02-11,08:18,Medium,Cloudy,Slippery,1,43.3218,-115.4075
1572,Philadelphia,2021-04-21,08:44,High,Rain,Dry,5,41.3863,-79.5314
1573,Columbus,2021-04-19,14:34,Medium,Clear,Dry,5,37.5044,-118.143
1574,New York,2021-06-21,11:34,Low,Rain,Icy,1,34.8376,-77.7873
1575,Los Angeles,2022-02-25,07:50,Medium,Rain,Wet,1,34.7088,-89.0396
1576,Houston,2021-06-14,18:20,Medium,Windy,Dry,1,42.606,-81.4375
1577,New York,2021-02-19,20:46,Low,Fog,Icy,5,26.8645,-86.2263
1578,Houston,2023-09-12,22:06,High,Rain,Dry,5,25.5943,-114.2117
1579,New York,2022-12-25,10:43,High,Rain,Icy,3,28.6633,-93.6197
1580,Philadelphia,2021-10-30,16:36,Low,Rain,Icy,2,29.0417,-82.3121
1581,Chicago,2023-10-24,16:02,Medium,Rain,Dry,1,38.7819,-121.8546
1582,Chicago,2022-06-20,20:24,Low,Clear,Wet,5,28.449,-102.3585
1583,Austin,2021-09-09,08:09,Medium,Windy,Dry,1,33.4228,-79.2779
1584,Dallas,2023-02-08,18:35,Medium,Clear,Dry,4,38.8484,-90.0611
1585,Indianapolis,2023-08-01,16:50,Medium,Fog,Under Construction,5,29.2496,-118.6452
1586,New York,2022-07-03,19:59,Low,Snow,Dry,5,46.0504,-83.5977
1587,Indianapolis,2022-06-20,16:16,Medium,Rain,Dry,2,36.8603,-102.3394
1588,Houston,2022-01-20,14:04,Low,Rain,Dry,4,39.2387,-106.6521
1589,San Diego,2021-12-16,14:41,Medium,Clear,Dry,2,45.2273,-82.6631
1590,Jacksonville,2021-09-25,11:46,Medium,Clear,Under Construction,3,26.8899,-76.5809
1591,Chicago,2023-03-11,10:40,Low,Fog,Icy,1,29.2915,-80.9897
1592,Los Angeles,2023-01-26,11:43,Low,Snow,Wet,1,35.8061,-105.9981
1593,Philadelphia,2022-07-28,20:32,High,Rain,Slippery,2,41.8079,-102.8447
1594,Indianapolis,2023-10-23,14:53,Low,Hail,Dry,1,40.4946,-104.3237
1595,Indianapolis,2022-08-17,17:03,Low,Clear,Dry,3,29.4696,-94.6369
1596,Houston,2022-10-08,20:07,Low,Clear,Dry,1,41.36,-98.3533
1597,New York,2023-08-14,18:50,Low,Hail,Dry,1,39.5101,-111.7045
1598,Chicago,2022-03-20,07:41,Low,Cloudy,Slippery,1,46.9928,-74.2572
1599,Indianapolis,2023-11-01,13:20,Low,Hail,Slippery,5,41.5666,-94.7273
1600,Los Angeles,2021-01-18,00:11,Low,Snow,Wet,3,42.9086,-116.1752
1601,Charlotte,2021-09-19,19:33,Low,Clear,Dry,4,31.0694,-107.2502
1602,Houston,2021-09-03,22:58,Low,Rain,Dry,3,39.0241,-104.0188
1603,New York,2021-04-29,06:38,Low,Rain,Icy,3,27.5037,-106.8033
1604,Chicago,2022-04-19,12:30,Low,Clear,Under Construction,2,28.9238,-84.4064
1605,New York,2022-03-18,16:32,Low,Clear,Dry,1,27.1212,-73.4436
1606,Houston,2022-08-26,07:34,Medium,Snow,Wet,3,30.4659,-73.3492
1607,Dallas,2023-05-28,12:50,Medium,Clear,Wet,4,42.9471,-121.0656
1608,Indianapolis,2021-03-28,21:55,Medium,Clear,Dry,5,27.0327,-76.6958
1609,Houston,2021-02-25,12:43,Low,Fog,Dry,2,42.6547,-108.7906
1610,Houston,2022-11-29,11:52,Medium,Clear,Dry,4,34.7629,-92.8087
1611,Jacksonville,2021-10-20,16:33,Low,Hail,Dry,3,45.6163,-121.7421
1612,Los Angeles,2023-12-17,23:49,Low,Rain,Wet,5,41.9431,-94.5124
1613,San Diego,2023-04-15,04:14,Medium,Clear,Dry,3,35.3853,-85.9137
1614,San Antonio,2021-04-08,14:36,Low,Clear,Wet,1,41.437,-98.4384
1615,Houston,2022-06-07,15:10,Medium,Rain,Slippery,4,42.6325,-92.2188
1616,Chicago,2023-02-09,20:42,Medium,Rain,Wet,4,27.0621,-94.845
1617,Philadelphia,2021-10-25,14:23,Medium,Rain,Dry,5,27.3677,-120.8938
1618,San Antonio,2023-10-22,20:36,High,Clear,Dry,2,27.4922,-78.3623
1619,San Jose,2022-04-02,10:09,Medium,Rain,Under Construction,1,34.3798,-85.6168
1620,New York,2023-08-27,07:40,Medium,Hail,Dry,4,29.0,-110.7728
1621,Chicago,2022-04-13,14:14,Medium,Cloudy,Wet,5,28.186,-75.3526
1622,Austin,2021-02-05,19:18,High,Hail,Slippery,1,47.5768,-75.0831
1623,Austin,2023-06-09,11:35,Medium,Clear,Icy,5,40.5607,-99.4244
1624,Chicago,2022-06-29,06:35,Low,Clear,Dry,2,25.3435,-96.9397
1625,Dallas,2023-05-23,06:53,Low,Clear,Wet,5,32.7476,-73.961
1626,San Jose,2021-09-04,09:12,Low,Clear,Wet,3,44.5446,-107.8611
1627,Indianapolis,2021-03-25,20:53,Medium,Clear,Dry,5,34.9877,-101.685
1628,New York,2023-03-09,05:03,High,Clear,Dry,1,40.3712,-79.6557
1629,Jacksonville,2022-11-17,19:52,Low,Clear,Wet,5,39.9106,-117.8346
1630,New York,2021-05-30,20:20,Medium,Clear,Wet,2,45.0523,-72.63
1631,Dallas,2023-04-23,16:03,Low,Clear,Dry,4,35.1349,-90.8605
1632,Charlotte,2023-03-12,07:45,High,Fog,Icy,4,40.442,-90.9918
1633,New York,2022-12-07,01:51,High,Fog,Icy,4,46.2311,-70.9369
1634,New York,2021-05-17,18:16,High,Rain,Dry,2,29.5641,-98.3989
1635,Chicago,2021-07-02,21:59,Medium,Clear,Dry,4,27.5004,-93.6764
1636,Jacksonville,2021-06-12,13:13,High,Clear,Dry,5,28.7578,-102.2489
1637,Austin,2022-03-25,18:15,High,Clear,Dry,5,38.189,-104.0618
1638,New York,2021-09-06,08:28,Medium,Clear,Dry,1,41.6977,-113.2279
1639,Houston,2022-10-24,04:55,Medium,Hail,Dry,3,31.5495,-119.2492
1640,Jacksonville,2023-07-15,08:16,Low,Rain,Slippery,4,42.0411,-96.0178
1641,New York,2023-11-18,07:11,High,Rain,Slippery,5,37.3336,-112.5156
1642,Indianapolis,2022-02-01,09:59,Low,Rain,Wet,4,43.0411,-86.2875
1643,Jacksonville,2023-06-16,08:27,Low,Snow,Dry,1,44.5057,-112.7847
1644,Los Angeles,2022-10-15,12:21,Medium,Hail,Dry,5,37.5258,-88.8942
1645,Houston,2023-04-05,17:07,Medium,Clear,Slippery,2,45.7072,-95.0496
1646,Chicago,2021-10-28,20:00,Low,Rain,Dry,2,29.1503,-89.2829
1647,Indianapolis,2022-11-03,17:05,Medium,Rain,Dry,3,37.3987,-98.7413
1648,Philadelphia,2021-08-03,17:25,Medium,Rain,Icy,2,26.6733,-92.3279
1649,San Jose,2022-11-02,15:29,High,Rain,Wet,3,30.41,-89.5813
1650,New York,2022-08-15,19:55,Low,Cloudy,Dry,3,43.3629,-72.5272
1651,Houston,2022-04-16,17:34,Medium,Fog,Dry,3,39.9125,-106.4969
1652,Phoenix,2022-11-23,19:39,Medium,Rain,Dry,4,39.3995,-95.6082
1653,New York,2021-03-15,17:28,High,Clear,Wet,4,33.9814,-111.8086
1654,Houston,2022-01-18,02:39,Low,Clear,Wet,4,36.3827,-94.3257
1655,San Antonio,2023-02-27,14:54,High,Rain,Wet,2,44.252,-115.2666
1656,Indianapolis,2023-11-24,15:31,Low,Rain,Dry,5,25.0151,-88.5354
1657,Los Angeles,2022-05-02,11:44,Low,Cloudy,Dry,4,33.7616,-89.784
1658,San Diego,2023-07-25,15:01,Low,Cloudy,Dry,3,44.6071,-108.0472
1659,Houston,2022-01-09,21:25,Low,Clear,Icy,5,31.7658,-88.8083
1660,Philadelphia,2021-09-30,17:47,Low,Clear,Slippery,2,37.5622,-75.1211
1661,Los Angeles,2021-07-31,11:10,Medium,Cloudy,Dry,3,41.6157,-73.5276
1662,Chicago,2021-12-31,21:21,High,Clear,Slippery,2,44.9717,-110.4419
1663,Chicago,2023-12-21,16:43,Low,Windy,Wet,5,41.3442,-102.8
1664,Phoenix,2021-02-22,22:31,High,Cloudy,Wet,1,39.0273,-82.6886
1665,New York,2022-08-12,19:14,Low,Rain,Slippery,5,43.9596,-118.1255
1666,Phoenix,2021-08-20,21:38,Low,Rain,Wet,5,30.4284,-80.7405
1667,Houston,2021-06-26,19:13,Low,Clear,Dry,3,29.6528,-110.737
1668,Los Angeles,2021-12-22,11:56,Medium,Fog,Under Construction,1,30.4774,-99.835
1669,Los Angeles,2022-10-12,04:39,High,Rain,Wet,1,31.52,-81.9725
1670,Los Angeles,2021-06-28,03:22,Low,Rain,Under Construction,5,37.0456,-92.8027
1671,Los Angeles,2021-09-27,18:00,Low,Snow,Wet,3,34.2505,-75.7104
1672,Austin,2022-11-09,15:58,Medium,Clear,Dry,5,36.6481,-80.8006
1673,Chicago,2023-07-11,14:17,Low,Rain,Dry,3,47.6125,-75.5551
1674,Dallas,2022-07-27,14:21,Medium,Clear,Slippery,5,31.6248,-95.8944
1675,New York,2022-09-16,22:58,Low,Rain,Under Construction,1,28.1309,-77.7473
1676,Chicago,2021-03-22,03:51,Medium,Rain,Slippery,1,47.0446,-115.1813
1677,Chicago,2021-08-26,19:55,Low,Clear,Dry,5,29.6941,-89.0837
1678,Chicago,2022-01-09,17:18,High,Rain,Dry,5,39.2591,-84.7296
1679,Dallas,2021-10-23,13:54,High,Clear,Slippery,4,41.5453,-106.7813
1680,New York,2023-04-27,07:00,High,Windy,Wet,3,31.622,-72.6154
1681,Austin,2021-05-23,14:51,Medium,Snow,Dry,2,29.3797,-118.7284
1682,Jacksonville,2022-02-14,16:56,Low,Clear,Dry,4,41.9808,-75.9549
1683,Phoenix,2023-12-01,09:16,Low,Rain,Dry,5,28.7964,-97.4736
1684,Houston,2023-11-29,17:42,Medium,Cloudy,Dry,3,30.9878,-71.3886
1685,Los Angeles,2022-06-29,13:24,Medium,Clear,Dry,1,36.7513,-81.6731
1686,Philadelphia,2023-07-18,12:42,Medium,Clear,Wet,2,41.5206,-72.0618
1687,Dallas,2023-08-19,07:29,Low,Fog,Wet,5,40.0741,-71.7357
1688,Los Angeles,2021-03-01,10:11,High,Cloudy,Dry,4,45.2759,-72.3222
1689,Jacksonville,2023-05-25,19:42,Low,Clear,Wet,2,30.4385,-113.3387
1690,San Jose,2023-01-15,17:15,High,Rain,Dry,3,31.1359,-115.6479
1691,Phoenix,2023-08-07,18:56,Low,Clear,Dry,1,38.134,-108.426
1692,Phoenix,2022-06-04,15:49,Medium,Clear,Slippery,5,43.972,-77.2481
1693,Los Angeles,2023-06-18,00:36,Low,Clear,Dry,5,35.7758,-94.596
1694,Phoenix,2023-10-17,18:13,High,Clear,Wet,5,46.7535,-95.0149
1695,San Diego,2021-09-25,07:51,High,Clear,Dry,1,37.6035,-112.9902
1696,Phoenix,2021-04-02,09:35,High,Rain,Dry,5,36.6361,-92.4161
1697,Dallas,2022-12-17,17:44,Medium,Clear,Wet,2,30.4463,-94.1805
1698,San Jose,2021-05-05,19:59,High,Fog,Dry,3,47.4938,-109.7131
1699,Philadelphia,2023-03-06,17:52,Medium,Clear,Dry,3,44.2092,-113.5238
1700,Columbus,2022-03-07,20:36,High,Clear,Dry,5,28.852,-73.8032
1701,Chicago,2022-12-15,17:05,Medium,Rain,Wet,2,26.3038,-79.191
1702,New York,2021-01-11,15:30,Medium,Rain,Wet,1,28.3392,-119.4823
1703,Los Angeles,2021-11-06,18:07,Low,Rain,Wet,4,34.4326,-82.8617
1704,San Jose,2021-10-13,04:38,Medium,Clear,Dry,1,27.9786,-112.6032
1705,Houston,2021-09-05,16:02,Medium,Rain,Slippery,4,46.4453,-111.7065
1706,Los Angeles,2022-03-15,03:36,Low,Clear,Dry,2,35.4729,-76.4026
1707,New York,2022-09-10,18:06,Medium,Clear,Dry,1,43.1663,-86.4818
1708,Jacksonville,2023-12-11,07:21,Medium,Clear,Dry,5,31.5944,-115.302
1709,Indianapolis,2022-02-01,17:23,Low,Clear,Icy,1,43.5233,-110.8399
1710,San Antonio,2022-12-09,07:44,High,Fog,Dry,4,27.729,-107.676
1711,Chicago,2023-05-19,21:35,Low,Clear,Slippery,2,44.4659,-108.5134
1712,Los Angeles,2021-06-03,20:49,Low,Rain,Dry,1,33.3219,-113.5784
1713,New York,2022-04-18,15:17,Medium,Clear,Wet,1,34.9181,-77.1779
1714,New York,2021-02-15,12:08,Low,Rain,Slippery,3,32.347,-72.4484
1715,San Diego,2021-11-21,19:43,Low,Fog,Slippery,1,30.743,-115.5159
1716,Indianapolis,2023-01-14,21:25,Medium,Fog,Dry,4,45.54,-105.9705
1717,San Diego,2021-05-13,11:37,High,Clear,Dry,2,46.7527,-108.9334
1718,Los Angeles,2021-08-06,07:51,Medium,Clear,Wet,1,43.337,-95.2625
1719,Charlotte,2021-03-21,08:51,Medium,Rain,Dry,4,31.3519,-72.9531
1720,New York,2023-09-29,07:33,Low,Clear,Wet,3,35.2985,-114.2971
1721,Indianapolis,2021-03-04,20:06,Medium,Rain,Dry,1,34.3975,-116.7133
1722,Chicago,2021-04-21,13:14,High,Snow,Dry,5,46.9394,-96.4143
1723,New York,2022-02-13,19:11,Low,Clear,Dry,3,37.2289,-94.5376
1724,Houston,2022-12-29,13:45,Low,Clear,Dry,1,32.6765,-70.0125
1725,Austin,2022-02-15,16:10,High,Clear,Dry,4,45.4616,-99.2859
1726,New York,2021-11-01,06:37,Low,Clear,Slippery,1,25.7379,-71.0492
1727,Chicago,2023-04-06,12:06,Low,Rain,Icy,1,26.1633,-91.3973
1728,New York,2023-08-16,07:16,Medium,Clear,Dry,5,26.5627,-84.8251
1729,Los Angeles,2022-07-07,15:20,High,Clear,Icy,1,30.877,-90.3398
1730,San Diego,2021-03-19,19:19,Medium,Rain,Slippery,5,37.1713,-96.3731
1731,Houston,2022-04-04,17:12,Medium,Clear,Dry,5,37.8005,-106.784
1732,New York,2023-04-22,21:06,Medium,Hail,Dry,5,31.122,-109.8685
1733,Los Angeles,2021-12-23,18:27,Medium,Hail,Wet,5,31.6494,-92.4399
1734,Austin,2021-08-22,23:28,Low,Snow,Dry,4,44.5068,-72.3008
1735,New York,2021-10-13,02:29,Medium,Cloudy,Icy,1,27.0475,-119.144
1736,New York,2021-11-21,17:42,High,Rain,Dry,5,46.7054,-80.4423
1737,San Jose,2022-04-27,11:44,Medium,Rain,Slippery,5,35.3173,-114.3765
1738,Indianapolis,2021-08-18,06:28,Medium,Rain,Wet,3,46.3395,-95.5727
1739,Houston,2021-05-25,22:59,Low,Rain,Dry,1,35.3797,-76.2308
1740,Charlotte,2022-12-31,14:47,Medium,Clear,Wet,4,46.4477,-93.9668
1741,Philadelphia,2021-05-07,19:16,Medium,Clear,Wet,2,44.3687,-102.227
1742,New York,2021-06-24,10:25,Medium,Clear,Dry,4,40.5098,-91.2976
1743,Philadelphia,2021-12-05,16:27,Medium,Rain,Icy,5,46.6952,-87.1456
1744,Los Angeles,2023-09-05,17:03,Medium,Clear,Dry,1,43.1727,-99.9768
1745,Columbus,2022-12-28,12:31,Medium,Clear,Dry,5,37.8383,-104.668
1746,Charlotte,2023-02-12,11:49,Medium,Snow,Wet,4,29.1797,-88.7201
1747,Jacksonville,2023-05-14,17:18,Low,Rain,Wet,5,34.8741,-108.1865
1748,Houston,2023-11-14,10:04,Low,Clear,Dry,2,47.5682,-103.5103
1749,Los Angeles,2022-05-13,19:26,Medium,Clear,Under Construction,2,31.1161,-101.1932
1750,Columbus,2023-10-25,08:02,Low,Clear,Dry,5,35.239,-92.061
1751,New York,2023-05-21,02:53,Low,Clear,Icy,5,45.6094,-70.3005
1752,Indianapolis,2022-05-24,11:48,Medium,Clear,Icy,2,41.4389,-116.3861
1753,Columbus,2022-03-13,13:26,Low,Windy,Dry,3,32.388,-95.4257
1754,Dallas,2023-04-01,11:53,High,Clear,Under Construction,3,36.3986,-108.3665
1755,New York,2021-07-19,12:41,Low,Clear,Dry,5,34.577,-78.0533
1756,Columbus,2023-08-21,18:30,High,Clear,Wet,3,38.6746,-92.1918
1757,Dallas,2021-03-27,15:58,High,Rain,Wet,1,31.2445,-98.9717
1758,San Jose,2023-04-28,14:06,High,Rain,Slippery,4,46.7853,-93.6124
1759,Houston,2022-05-25,17:37,Medium,Clear,Slippery,4,38.0461,-86.1882
1760,Los Angeles,2021-07-04,11:37,Low,Rain,Dry,5,28.0997,-90.8464
1761,San Jose,2022-01-05,05:43,High,Clear,Slippery,1,33.079,-118.34
1762,New York,2021-06-10,12:46,High,Rain,Icy,4,29.7643,-105.6518
1763,New York,2023-04-22,22:41,Medium,Clear,Dry,1,33.7166,-121.6007
1764,Philadelphia,2021-02-20,16:41,High,Clear,Under Construction,3,29.1153,-106.7475
1765,Jacksonville,2023-02-10,23:43,Medium,Fog,Wet,4,34.9208,-100.6561
1766,Los Angeles,2022-11-01,19:16,High,Cloudy,Dry,3,36.2707,-98.959
1767,Indianapolis,2021-03-01,15:50,Medium,Hail,Dry,5,43.5211,-120.4977
1768,Chicago,2021-09-25,09:50,Medium,Snow,Icy,2,42.7198,-104.5016
1769,San Diego,2022-08-16,04:25,Medium,Clear,Slippery,1,40.9802,-86.8861
1770,Los Angeles,2021-11-25,20:07,Low,Hail,Icy,4,47.1797,-97.125
1771,San Jose,2023-08-29,10:08,Medium,Clear,Dry,2,31.4614,-70.8583
1772,Phoenix,2021-07-09,11:54,High,Rain,Wet,4,47.8476,-121.6818
1773,Phoenix,2021-01-31,06:37,Low,Fog,Under Construction,2,29.5053,-117.8851
1774,Columbus,2023-01-04,12:50,High,Clear,Dry,4,43.2282,-77.6574
1775,New York,2023-05-21,06:46,Low,Clear,Dry,4,32.8695,-99.6356
1776,New York,2023-03-02,20:34,Medium,Hail,Wet,3,47.6182,-72.7046
1777,San Diego,2021-12-25,10:07,Medium,Clear,Dry,3,33.3267,-82.8741
1778,Charlotte,2022-07-04,04:43,Low,Rain,Dry,4,32.7864,-114.4266
1779,New York,2022-02-08,19:04,High,Clear,Wet,4,31.5657,-94.0621
1780,Dallas,2023-10-04,17:39,High,Rain,Slippery,4,42.5756,-109.3694
1781,Dallas,2022-08-25,17:43,Medium,Clear,Slippery,5,37.3946,-86.3757
1782,Dallas,2021-05-30,20:22,Medium,Clear,Icy,5,43.0329,-71.9596
1783,San Diego,2021-03-27,09:45,Low,Rain,Icy,2,32.475,-93.6434
1784,Los Angeles,2021-10-24,09:57,High,Cloudy,Dry,1,36.8382,-84.8119
1785,Los Angeles,2023-03-23,12:32,High,Snow,Dry,2,31.4136,-108.7715
1786,New York,2023-01-07,09:27,Medium,Snow,Slippery,1,35.9276,-89.7839
1787,New York,2023-07-12,17:35,Medium,Rain,Slippery,3,30.5412,-91.0207
1788,Phoenix,2021-10-29,14:32,Low,Rain,Dry,5,38.0617,-99.8696
1789,Columbus,2023-12-17,14:09,Medium,Rain,Dry,3,36.0685,-85.44
1790,Houston,2023-09-09,06:53,Low,Clear,Dry,1,44.8225,-70.7022
1791,Los Angeles,2023-02-20,18:11,High,Snow,Wet,5,35.3392,-94.8839
1792,Los Angeles,2022-05-03,15:06,Low,Rain,Wet,1,34.0136,-79.5206
1793,Jacksonville,2022-03-07,23:33,High,Fog,Wet,2,28.859,-115.7014
1794,Los Angeles,2021-08-28,01:14,Low,Clear,Wet,4,34.9813,-116.0401
1795,San Antonio,2021-03-03,14:40,High,Cloudy,Wet,4,27.7992,-93.5175
1796,Austin,2022-08-29,08:24,Low,Cloudy,Dry,5,31.6553,-105.3951
1797,San Antonio,2022-05-15,16:05,Medium,Fog,Dry,5,39.7548,-111.8607
1798,Chicago,2022-09-26,12:37,Medium,Clear,Dry,1,35.512,-82.917
1799,Austin,2022-01-09,00:52,High,Hail,Wet,4,44.1841,-104.7668
1800,San Diego,2021-04-05,12:57,Medium,Clear,Dry,4,46.0712,-106.4473
1801,Jacksonville,2021-06-27,18:45,High,Clear,Dry,4,37.458,-116.7703
1802,New York,2022-07-05,18:30,Medium,Clear,Wet,2,34.8876,-93.4918
1803,Philadelphia,2022-08-26,15:24,Medium,Rain,Dry,5,35.5596,-121.1978
1804,Philadelphia,2022-04-25,14:35,High,Rain,Dry,4,42.9766,-118.2223
1805,Houston,2021-03-04,11:37,Low,Snow,Wet,4,25.5376,-91.0755
1806,New York,2021-09-17,02:05,High,Fog,Dry,5,38.2782,-78.7861
1807,Indianapolis,2022-01-18,11:19,Medium,Clear,Slippery,5,33.4765,-114.7616
1808,Chicago,2021-05-30,19:23,Low,Hail,Dry,4,31.6881,-117.309
1809,San Antonio,2021-10-10,13:24,Medium,Clear,Wet,5,28.327,-117.2211
1810,Los Angeles,2023-04-05,21:27,Low,Rain,Dry,5,38.5156,-98.6375
1811,Los Angeles,2022-06-26,18:23,Low,Snow,Dry,3,33.5755,-78.6612
1812,Phoenix,2021-04-03,10:49,Low,Rain,Dry,3,36.4297,-121.9968
1813,New York,2021-02-06,21:03,Low,Cloudy,Slippery,4,31.3275,-119.2523
1814,Los Angeles,2021-12-18,08:08,High,Windy,Wet,5,39.0536,-75.8539
1815,Phoenix,2022-07-28,00:05,Medium,Cloudy,Wet,2,40.8435,-84.712
1816,New York,2022-05-08,06:26,High,Rain,Slippery,3,25.1437,-118.5726
1817,Dallas,2022-12-21,21:41,High,Clear,Wet,1,39.0396,-78.1203
1818,New York,2021-08-12,23:42,Low,Clear,Slippery,3,30.2305,-79.5191
1819,New York,2023-06-22,04:36,Low,Rain,Icy,5,32.2199,-121.2353
1820,Austin,2023-09-18,09:44,Medium,Snow,Wet,3,37.9208,-104.9841
1821,New York,2022-08-24,08:41,Medium,Rain,Wet,5,29.9068,-77.4119
1822,Los Angeles,2022-12-07,07:16,Medium,Clear,Icy,1,47.0647,-80.7624
1823,Los Angeles,2023-11-21,21:30,Low,Rain,Dry,1,25.817,-104.7209
1824,San Diego,2021-11-11,11:35,Medium,Rain,Dry,3,29.9067,-76.1543
1825,San Jose,2023-01-08,12:33,High,Clear,Slippery,4,37.1886,-100.9072
1826,New York,2022-07-14,23:27,Medium,Clear,Wet,3,45.4929,-73.5907
1827,Indianapolis,2023-10-28,08:19,Low,Clear,Slippery,3,34.3355,-114.8292
1828,Houston,2021-04-08,11:03,Medium,Clear,Dry,3,35.3267,-104.5507
1829,Los Angeles,2021-06-13,11:25,Medium,Fog,Dry,1,37.4394,-104.6681
1830,San Antonio,2022-10-27,06:31,Low,Clear,Under Construction,1,45.4581,-116.814
1831,San Jose,2021-06-20,23:29,High,Clear,Under Construction,1,28.2735,-80.1171
1832,Dallas,2023-07-01,17:03,Low,Rain,Dry,5,33.5318,-109.842
1833,Dallas,2022-07-03,17:05,High,Cloudy,Wet,2,35.068,-105.6852
1834,New York,2023-01-02,20:03,High,Fog,Wet,1,26.8156,-116.2283
1835,Los Angeles,2022-03-16,20:59,High,Hail,Wet,5,30.9715,-89.0467
1836,New York,2022-11-27,02:18,High,Clear,Dry,2,44.4241,-97.8878
1837,Dallas,2021-04-12,21:45,Medium,Rain,Slippery,1,26.1073,-70.9065
1838,Los Angeles,2022-08-13,22:39,Low,Fog,Dry,5,27.7259,-107.5734
1839,Los Angeles,2021-09-16,21:56,Low,Rain,Under Construction,3,26.4814,-93.7764
1840,Chicago,2021-07-12,22:41,Medium,Cloudy,Under Construction,3,32.9605,-82.9978
1841,New York,2023-02-05,17:21,Low,Clear,Dry,4,38.0961,-91.9643
1842,Charlotte,2021-02-09,12:27,High,Rain,Dry,4,41.494,-97.17
1843,Los Angeles,2021-04-01,18:57,Medium,Clear,Wet,2,40.2309,-92.3456
1844,Indianapolis,2022-08-15,10:44,Low,Clear,Dry,4,35.545,-82.5443
1845,Los Angeles,2021-11-18,11:00,Medium,Snow,Dry,2,47.6635,-105.7186
1846,Los Angeles,2021-09-24,20:11,Medium,Clear,Wet,2,40.2143,-92.2205
1847,Chicago,2021-11-03,08:14,High,Clear,Wet,1,38.1403,-88.5561
1848,Chicago,2023-05-14,19:02,Low,Fog,Wet,4,36.74,-109.3653
1849,New York,2021-11-07,20:07,Low,Clear,Dry,1,31.4766,-86.7264
1850,Indianapolis,2023-07-24,11:56,Medium,Windy,Dry,5,44.7962,-117.4382
1851,New York,2023-05-18,10:25,High,Clear,Wet,2,43.3388,-75.9933
1852,Phoenix,2021-10-17,13:22,Low,Rain,Dry,1,40.9828,-115.4437
1853,Chicago,2023-07-01,06:51,Low,Fog,Wet,2,29.348,-85.578
1854,San Antonio,2021-12-11,06:50,Medium,Clear,Slippery,5,43.0706,-94.8428
1855,Chicago,2023-09-29,18:43,Low,Clear,Dry,4,29.863,-102.6857
1856,Chicago,2021-06-17,18:56,Medium,Rain,Dry,1,33.7796,-95.1283
1857,Chicago,2021-04-14,18:49,Low,Rain,Icy,5,44.7358,-118.5072
1858,Phoenix,2023-02-08,16:09,Medium,Cloudy,Icy,3,32.6291,-76.1325
1859,New York,2021-04-20,17:32,Medium,Rain,Dry,2,37.6776,-90.0178
1860,Indianapolis,2021-09-19,16:53,Low,Cloudy,Dry,1,31.3808,-96.6617
1861,New York,2022-07-25,17:46,Medium,Rain,Dry,4,47.4006,-72.259
1862,New York,2022-02-06,17:43,Medium,Clear,Dry,2,47.5095,-107.5961
1863,New York,2021-11-02,08:08,Medium,Clear,Slippery,1,30.6051,-84.6717
1864,New York,2021-03-26,20:48,Low,Clear,Dry,3,34.1051,-121.8499
1865,San Antonio,2021-04-28,11:50,High,Clear,Dry,4,45.7711,-117.0104
1866,Dallas,2022-04-05,07:04,Medium,Windy,Dry,1,35.8026,-102.3378
1867,San Antonio,2021-03-25,20:10,High,Clear,Slippery,1,31.0644,-78.2084
1868,Houston,2022-07-20,05:24,Low,Clear,Slippery,1,34.6554,-121.2724
1869,Columbus,2021-04-25,11:35,High,Clear,Under Construction,4,35.5916,-82.8366
1870,Houston,2021-03-25,12:44,Low,Rain,Icy,3,33.3184,-106.2338
1871,Los Angeles,2022-08-11,18:50,Medium,Clear,Dry,2,40.7517,-90.5577
1872,Houston,2022-01-22,18:36,Low,Rain,Dry,4,29.3648,-77.9815
1873,Jacksonville,2023-03-01,07:56,Low,Hail,Dry,4,40.3057,-74.179
1874,Dallas,2022-12-05,21:35,Low,Clear,Wet,5,39.6333,-72.3421
1875,Indianapolis,2023-12-30,18:38,Medium,Fog,Slippery,2,39.7078,-84.3335
1876,Dallas,2021-06-23,17:36,Low,Clear,Dry,2,45.4093,-84.5514
1877,Columbus,2022-07-31,22:11,Medium,Clear,Dry,2,30.9971,-111.48
1878,New York,2021-03-13,19:15,Medium,Clear,Wet,4,34.3304,-102.5592
1879,San Jose,2022-07-01,11:29,Low,Rain,Wet,4,32.609,-98.4164
1880,Charlotte,2022-07-04,18:57,Low,Clear,Under Construction,4,33.5265,-97.4462
1881,Dallas,2022-07-09,12:59,Medium,Clear,Icy,4,29.7983,-107.4214
1882,Chicago,2021-06-11,07:18,Medium,Cloudy,Wet,5,46.0925,-106.0698
1883,San Jose,2021-06-29,19:11,Medium,Clear,Slippery,5,33.7696,-106.2915
1884,Charlotte,2023-07-04,07:54,Low,Snow,Dry,2,33.4627,-84.695
1885,New York,2021-09-01,09:24,High,Clear,Wet,3,39.9653,-91.6569
1886,Charlotte,2022-05-23,19:10,High,Clear,Dry,3,29.9103,-79.9012
1887,San Diego,2023-07-17,15:14,Medium,Clear,Slippery,1,25.6897,-88.4279
1888,Austin,2021-09-07,13:33,High,Clear,Dry,3,41.7875,-98.775
1889,Chicago,2022-07-30,10:13,High,Clear,Slippery,4,45.4511,-95.7147
1890,Dallas,2023-08-02,09:54,High,Rain,Dry,2,39.7848,-113.4928
1891,Austin,2021-02-21,17:26,High,Snow,Dry,4,35.6444,-115.133
1892,Houston,2023-05-31,12:20,Low,Clear,Dry,1,39.8512,-119.5747
1893,Houston,2023-01-02,19:52,Medium,Clear,Slippery,3,39.9288,-87.7692
1894,Los Angeles,2021-04-04,03:58,High,Clear,Dry,3,29.2851,-97.918
1895,San Antonio,2022-02-04,07:01,Low,Rain,Icy,2,42.5505,-94.4875
1896,Columbus,2021-06-27,13:10,Low,Clear,Wet,3,41.3113,-95.0589
1897,New York,2023-03-12,07:46,Medium,Rain,Wet,4,43.0341,-104.1136
1898,Austin,2023-02-04,22:22,High,Rain,Slippery,2,28.8864,-88.7233
1899,Los Angeles,2023-06-26,08:39,Medium,Rain,Dry,3,44.6159,-86.0581
1900,New York,2022-03-31,18:14,Medium,Clear,Dry,1,35.7995,-117.2348
1901,New York,2021-04-11,15:29,Low,Rain,Icy,1,42.5833,-80.0399
1902,New York,2022-02-14,12:06,Low,Clear,Dry,5,30.112,-71.9372
1903,Phoenix,2022-01-10,17:54,Medium,Rain,Slippery,3,37.285,-108.5699
1904,Houston,2023-04-05,13:20,Low,Clear,Under Construction,2,47.5895,-70.9115
1905,Dallas,2021-10-18,22:58,Low,Clear,Wet,3,47.9342,-104.0025
1906,Indianapolis,2021-11-12,18:42,Medium,Clear,Wet,3,34.3156,-102.3946
1907,New York,2022-11-23,08:41,Low,Snow,Wet,4,44.8833,-109.2786
1908,Houston,2021-08-23,14:17,Medium,Clear,Icy,1,36.168,-105.6067
1909,Philadelphia,2022-09-17,18:41,Low,Cloudy,Dry,4,29.0138,-87.6229
1910,Houston,2023-11-08,19:42,Medium,Fog,Wet,4,26.4549,-84.0141
1911,Los Angeles,2023-09-03,04:20,Low,Clear,Wet,1,33.4706,-99.7378
1912,San Jose,2022-07-03,05:36,Medium,Clear,Dry,5,46.4669,-117.2512
1913,San Antonio,2023-02-09,16:13,Medium,Rain,Icy,1,35.9747,-121.9725
1914,Houston,2021-10-08,01:10,Low,Clear,Wet,4,27.2102,-84.0939
1915,Charlotte,2021-07-03,07:04,Medium,Fog,Dry,5,34.2813,-94.337
1916,Indianapolis,2023-07-19,12:36,Medium,Clear,Dry,4,30.3205,-80.5097
1917,Chicago,2022-01-15,07:41,Medium,Rain,Dry,5,47.1682,-94.1922
1918,Chicago,2023-09-01,17:26,High,Cloudy,Slippery,5,45.7025,-85.6893
1919,New York,2022-09-25,08:38,Medium,Clear,Dry,5,40.4586,-81.1468
1920,New York,2022-11-17,07:07,Low,Rain,Dry,1,42.8157,-96.7129
1921,Philadelphia,2023-02-14,09:18,Medium,Cloudy,Dry,1,25.0274,-100.115
1922,Philadelphia,2023-08-09,12:19,Medium,Rain,Dry,4,38.641,-73.9854
1923,Chicago,2021-07-02,12:12,Low,Rain,Dry,3,25.7596,-100.8513
1924,Phoenix,2022-12-24,10:14,Low,Fog,Under Construction,5,34.8124,-112.3035
1925,Columbus,2023-08-10,12:07,Medium,Clear,Wet,4,30.123,-111.2938
1926,New York,2023-01-30,16:46,Low,Clear,Wet,4,34.5111,-111.2688
1927,Jacksonville,2022-09-06,08:05,Medium,Cloudy,Wet,5,44.3314,-82.3006
1928,Houston,2023-03-17,11:18,Medium,Clear,Dry,3,45.1172,-73.011
1929,Dallas,2022-08-22,18:19,Medium,Fog,Dry,1,34.097,-73.7438
1930,Jacksonville,2022-05-16,18:15,High,Clear,Wet,3,30.2075,-76.1923
1931,San Jose,2023-04-20,09:33,High,Rain,Dry,2,26.0981,-104.9342
1932,Phoenix,2023-05-11,07:46,High,Windy,Wet,5,39.7785,-76.1185
1933,New York,2022-07-07,06:10,Low,Cloudy,Wet,2,26.4077,-112.9865
1934,Chicago,2023-09-08,18:30,High,Rain,Dry,4,33.5225,-97.4239
1935,New York,2021-09-28,20:08,Low,Clear,Wet,3,33.7745,-118.6674
1936,New York,2022-04-03,15:52,High,Snow,Dry,1,29.6929,-77.0837
1937,Chicago,2022-11-14,20:55,Medium,Clear,Dry,3,39.4441,-78.3417
1938,Indianapolis,2021-01-05,15:27,Low,Rain,Dry,1,31.0051,-103.2542
1939,Chicago,2022-09-04,08:44,Low,Clear,Dry,5,37.6668,-119.501
1940,Los Angeles,2022-02-24,10:11,Medium,Cloudy,Wet,1,44.7334,-111.8651
1941,Houston,2023-07-26,10:16,Medium,Clear,Dry,4,41.4267,-100.3844
1942,Jacksonville,2023-03-23,18:34,Low,Fog,Under Construction,3,41.3474,-75.3463
1943,Indianapolis,2022-07-29,12:37,Low,Snow,Dry,4,35.0775,-107.1256
1944,Chicago,2023-08-12,09:02,High,Clear,Dry,3,46.7867,-113.5048
1945,Los Angeles,2022-07-29,12:21,Medium,Fog,Icy,2,29.5763,-115.0592
1946,New York,2021-11-10,16:14,Low,Clear,Wet,1,29.9571,-76.3536
1947,Los Angeles,2022-04-16,02:12,Medium,Clear,Wet,4,43.0162,-103.0096
1948,New York,2021-01-22,12:27,Medium,Rain,Icy,3,30.7298,-83.0836
1949,Los Angeles,2021-12-22,09:23,Low,Cloudy,Slippery,5,37.791,-108.5676
1950,Los Angeles,2023-09-26,07:01,Medium,Hail,Dry,2,37.4242,-98.1605
1951,Los Angeles,2021-02-03,06:45,Low,Fog,Dry,3,26.3453,-79.6551
1952,San Diego,2023-04-28,21:16,Medium,Fog,Under Construction,4,39.7704,-86.0688
1953,New York,2022-10-20,19:26,Medium,Rain,Slippery,3,26.1511,-103.2924
1954,Houston,2022-04-11,14:58,Medium,Rain,Dry,5,45.0608,-118.6674
1955,Austin,2021-11-15,10:02,Medium,Rain,Dry,5,31.4802,-108.7544
1956,Charlotte,2023-11-05,18:09,Medium,Rain,Dry,1,43.2719,-116.8141
1957,New York,2021-06-23,06:03,Medium,Rain,Dry,3,47.598,-93.2545
1958,Indianapolis,2021-04-13,17:57,Low,Snow,Slippery,4,31.701,-120.1252
1959,New York,2022-04-07,16:22,High,Rain,Wet,2,38.7581,-83.7686
1960,Los Angeles,2021-08-13,13:11,High,Cloudy,Wet,2,30.0672,-98.371
1961,Los Angeles,2021-12-01,01:54,Low,Clear,Dry,3,40.7573,-108.445
1962,Columbus,2023-02-23,20:12,Medium,Clear,Wet,2,29.6542,-106.9254
1963,Jacksonville,2022-09-11,12:57,Low,Snow,Dry,5,38.3425,-104.8091
1964,Los Angeles,2022-07-09,13:51,High,Rain,Dry,5,40.7402,-118.2887
1965,Houston,2022-10-04,08:43,Low,Fog,Dry,4,39.5972,-111.1214
1966,Los Angeles,2022-10-11,12:17,High,Rain,Icy,2,45.9771,-92.5036
1967,Houston,2021-02-05,12:56,Medium,Clear,Wet,1,40.0448,-92.2194
1968,New York,2021-11-19,07:18,Low,Snow,Slippery,4,30.0224,-114.115
1969,Dallas,2022-10-13,10:42,Medium,Clear,Dry,2,39.8523,-113.0373
1970,New York,2022-08-31,17:11,Low,Clear,Dry,5,25.6226,-87.2212
1971,Dallas,2022-11-27,06:13,Low,Rain,Slippery,1,31.2701,-94.2095
1972,New York,2022-04-05,17:10,Medium,Clear,Dry,2,42.9886,-102.6501
1973,Columbus,2022-08-30,14:58,Medium,Rain,Slippery,5,34.5946,-96.0258
1974,New York,2023-04-03,10:00,Medium,Rain,Dry,5,26.3452,-105.9162
1975,Jacksonville,2022-09-18,18:53,Low,Fog,Dry,5,46.058,-96.1129
1976,Chicago,2023-12-11,13:53,Low,Fog,Dry,4,31.4807,-76.7488
1977,San Antonio,2022-09-29,18:07,Medium,Clear,Wet,1,39.0418,-84.8273
1978,New York,2023-06-13,19:11,Low,Clear,Dry,3,28.7512,-108.8473
1979,Los Angeles,2022-03-21,19:07,Medium,Rain,Slippery,1,27.0711,-77.1396
1980,Houston,2023-07-04,07:48,Medium,Hail,Dry,5,27.2203,-113.6341
1981,New York,2022-02-12,06:35,Low,Clear,Dry,2,41.2433,-118.7558
1982,Los Angeles,2022-12-14,21:47,Low,Rain,Dry,1,25.0885,-89.146
1983,Los Angeles,2022-10-31,19:17,Medium,Clear,Wet,3,37.7225,-113.5844
1984,Los Angeles,2023-05-06,19:39,Medium,Fog,Dry,4,34.1565,-85.7297
1985,Houston,2021-12-02,19:48,Low,Clear,Icy,2,45.2863,-95.9167
1986,Indianapolis,2023-03-01,17:56,Low,Rain,Slippery,1,36.6301,-88.98
1987,New York,2023-04-05,07:29,Medium,Clear,Icy,1,47.3824,-112.1267
1988,Columbus,2023-11-02,19:12,Medium,Clear,Wet,5,41.8151,-110.3621
1989,Dallas,2022-01-18,13:38,Low,Rain,Wet,1,34.3394,-75.426
1990,New York,2023-10-07,12:41,Medium,Fog,Icy,2,25.1443,-75.2596
1991,Austin,2023-12-07,06:41,Low,Clear,Dry,5,35.2257,-100.6929
1992,New York,2023-08-02,21:44,High,Clear,Slippery,2,37.4434,-106.4568
1993,New York,2023-10-16,07:43,Medium,Fog,Wet,4,33.4787,-72.4263
1994,Los Angeles,2023-03-29,14:48,High,Rain,Dry,3,35.309,-105.9815
1995,Indianapolis,2023-11-05,16:57,Low,Clear,Dry,4,39.4503,-121.5303
1996,New York,2023-06-30,18:56,High,Clear,Dry,4,28.2825,-89.8982
1997,New York,2023-05-17,16:19,Medium,Rain,Dry,5,25.0885,-81.344
1998,Phoenix,2023-07-26,10:43,Medium,Rain,Slippery,3,34.3294,-118.0861
1999,Austin,2023-11-09,08:38,High,Clear,Dry,3,44.2946,-95.0126
2000,San Antonio,2022-12-05,08:46,High,Clear,Dry,5,37.2752,-108.2085
2001,Los Angeles,2022-10-10,00:38,Medium,Snow,Slippery,3,47.1916,-115.8501
2002,Indianapolis,2021-03-06,07:08,Low,Clear,Wet,1,25.4158,-93.6931
2003,Chicago,2022-07-09,14:16,Low,Clear,Wet,5,38.1821,-112.1224
2004,San Diego,2021-03-26,11:19,Medium,Clear,Wet,4,31.024,-77.5603
2005,Indianapolis,2021-08-06,15:26,Low,Clear,Under Construction,3,46.0496,-119.5433
2006,Dallas,2022-03-12,04:22,Medium,Clear,Wet,5,33.1855,-111.4281
2007,Philadelphia,2023-01-03,12:06,Medium,Clear,Dry,5,40.2942,-75.3455
2008,New York,2022-08-26,12:36,Medium,Cloudy,Slippery,1,37.2088,-113.5762
2009,San Jose,2021-03-13,02:40,Medium,Cloudy,Dry,2,31.2418,-106.6274
2010,Charlotte,2022-06-01,07:38,Low,Clear,Dry,4,37.8484,-73.6855
2011,Chicago,2023-02-06,07:02,Medium,Clear,Dry,3,39.0595,-99.3182
2012,Houston,2023-09-06,07:59,Low,Cloudy,Dry,5,25.182,-109.7326
2013,Los Angeles,2022-08-27,12:01,Low,Cloudy,Dry,3,40.7489,-105.0646
2014,Los Angeles,2022-04-02,16:20,High,Snow,Wet,3,25.1405,-78.8173
2015,Chicago,2021-10-08,10:46,Low,Fog,Slippery,5,26.2962,-83.4668
2016,Charlotte,2023-03-19,07:11,High,Clear,Wet,4,30.4471,-81.5024
2017,Phoenix,2021-10-21,16:29,Medium,Clear,Wet,2,39.2022,-93.1044
2018,Los Angeles,2022-10-20,15:10,Medium,Clear,Icy,2,41.3945,-105.7434
2019,Chicago,2023-04-12,06:32,Low,Clear,Dry,3,46.0734,-94.4872
2020,New York,2021-04-07,11:38,Medium,Clear,Dry,3,39.6885,-103.4557
2021,Phoenix,2021-10-17,10:55,Medium,Fog,Dry,4,27.7389,-91.8098
2022,Jacksonville,2023-07-30,08:18,Medium,Clear,Dry,5,37.2893,-110.4432
2023,New York,2021-09-13,14:26,Medium,Rain,Dry,5,46.1242,-71.019
2024,Phoenix,2023-05-25,21:32,Medium,Clear,Slippery,1,33.1104,-112.9474
2025,Austin,2023-09-01,08:18,Medium,Clear,Dry,2,27.8112,-86.0415
2026,Los Angeles,2023-04-17,11:42,Low,Clear,Icy,5,26.1501,-95.382
2027,Phoenix,2021-08-08,11:43,Low,Snow,Dry,4,35.1819,-102.2972
2028,San Antonio,2021-11-29,16:25,Low,Clear,Dry,4,28.1407,-90.5607
2029,Austin,2022-06-11,20:40,Low,Cloudy,Dry,5,38.2277,-80.9046
2030,San Antonio,2021-03-17,06:34,Low,Clear,Dry,2,44.1512,-86.4446
2031,New York,2022-11-29,07:45,Medium,Rain,Dry,3,28.9146,-106.6699
2032,San Jose,2022-07-22,18:32,Low,Fog,Slippery,5,41.6565,-91.6924
2033,Columbus,2023-06-17,07:58,High,Cloudy,Dry,5,33.0162,-94.9652
2034,San Antonio,2023-11-28,18:53,Low,Clear,Wet,4,41.8159,-90.3215
2035,Phoenix,2021-06-01,19:19,Low,Rain,Slippery,1,35.6288,-73.836
2036,Charlotte,2023-12-20,10:16,High,Fog,Icy,2,34.7854,-82.4514
2037,Indianapolis,2021-11-24,14:25,Low,Clear,Dry,1,29.8282,-95.8556
2038,San Jose,2023-06-09,20:07,Medium,Rain,Under Construction,5,26.8351,-72.8465
2039,Austin,2022-11-21,15:56,Medium,Rain,Slippery,5,39.4963,-113.32
2040,New York,2021-08-04,12:36,Low,Rain,Dry,4,38.4596,-110.5074
2041,San Diego,2023-02-05,06:53,Medium,Rain,Dry,4,47.1073,-121.3818
2042,Houston,2022-10-15,08:43,Medium,Clear,Wet,5,26.8359,-109.0718
2043,Indianapolis,2023-12-27,07:36,Low,Rain,Dry,1,30.597,-99.8172
2044,Austin,2021-05-01,17:20,Medium,Snow,Wet,1,31.5184,-118.8282
2045,Houston,2021-10-05,10:45,Medium,Cloudy,Slippery,5,36.4124,-102.286
2046,New York,2023-04-04,07:28,Medium,Rain,Wet,5,30.643,-103.632
2047,Chicago,2021-05-04,17:40,Low,Snow,Icy,4,27.078,-89.0908
2048,New York,2022-08-21,13:15,Low,Clear,Dry,5,36.2089,-112.3313
2049,New York,2022-12-12,19:07,Low,Clear,Wet,1,40.1806,-78.4074
2050,Houston,2022-05-07,13:11,High,Rain,Dry,4,34.4268,-104.158
2051,New York,2022-05-26,10:33,High,Clear,Icy,4,26.7605,-75.5483
2052,San Diego,2023-08-04,22:20,Low,Rain,Icy,3,34.4207,-108.1887
2053,Los Angeles,2023-02-04,22:02,Medium,Clear,Dry,2,25.1903,-114.5791
2054,Charlotte,2023-05-10,08:08,Medium,Clear,Wet,3,35.4256,-94.4988
2055,Los Angeles,2022-04-16,16:50,Low,Clear,Icy,4,36.3918,-108.4734
2056,Phoenix,2021-01-08,15:11,Medium,Clear,Wet,4,42.601,-76.6992
2057,Los Angeles,2022-12-20,06:45,High,Clear,Wet,4,28.123,-96.4701
2058,New York,2023-07-18,09:12,High,Snow,Under Construction,1,43.1432,-82.6069
2059,Austin,2022-07-09,18:49,Low,Cloudy,Wet,5,45.7264,-95.6226
2060,San Diego,2022-02-25,15:28,Low,Rain,Wet,2,34.3082,-82.429
2061,New York,2023-07-10,01:16,Medium,Rain,Wet,1,46.6678,-103.8465
2062,Houston,2023-11-16,19:55,Low,Rain,Dry,3,31.0837,-113.3233
2063,San Diego,2021-03-22,21:04,Low,Snow,Slippery,5,25.8016,-88.0766
2064,Los Angeles,2023-07-12,13:00,Low,Clear,Wet,4,40.8577,-78.379
2065,Los Angeles,2022-07-12,06:13,Low,Fog,Icy,1,26.3684,-96.8985
2066,Charlotte,2022-09-26,06:40,Low,Clear,Under Construction,1,38.5098,-83.7603
2067,Indianapolis,2023-08-31,07:24,High,Rain,Dry,2,33.5835,-70.4235
2068,Los Angeles,2022-09-04,19:11,Low,Cloudy,Wet,2,28.965,-116.8167
2069,New York,2023-12-29,19:03,Low,Rain,Dry,4,29.9476,-97.3057
2070,Dallas,2021-11-02,15:28,Low,Cloudy,Dry,1,25.7313,-104.5685
2071,Houston,2022-04-30,12:51,Low,Rain,Dry,5,38.418,-121.4812
2072,New York,2023-08-11,13:20,Low,Clear,Dry,5,47.211,-120.6482
2073,New York,2023-08-03,08:29,Medium,Clear,Dry,2,27.1511,-111.3819
2074,Phoenix,2023-02-19,15:47,High,Rain,Dry,2,27.7589,-80.1782
2075,Dallas,2022-06-04,10:59,Low,Clear,Dry,4,27.5521,-113.3064
2076,Houston,2021-05-21,13:00,Low,Clear,Under Construction,2,43.9762,-82.502
2077,Columbus,2022-08-24,20:59,Low,Clear,Wet,1,28.3136,-112.5836
2078,Indianapolis,2022-07-07,18:09,High,Rain,Dry,3,32.0171,-79.1888
2079,San Antonio,2023-08-30,20:24,Low,Clear,Wet,3,32.2635,-110.3182
2080,San Diego,2021-09-25,13:05,Medium,Clear,Wet,2,31.218,-104.0628
2081,New York,2023-01-06,15:22,Low,Clear,Wet,1,32.3524,-73.6327
2082,Philadelphia,2021-07-06,07:27,Medium,Fog,Dry,5,43.4537,-75.9854
2083,Austin,2022-06-07,13:27,High,Rain,Dry,2,35.663,-70.0454
2084,Chicago,2021-01-20,14:17,Low,Rain,Dry,5,47.4577,-71.2105
2085,Chicago,2021-08-13,15:31,High,Clear,Dry,1,26.1581,-92.2934
2086,Columbus,2023-12-20,21:49,High,Clear,Under Construction,2,44.1729,-81.158
2087,Phoenix,2022-04-17,09:17,Low,Cloudy,Dry,2,27.6972,-92.1476
2088,Houston,2023-12-17,12:17,Low,Snow,Dry,2,29.5839,-84.2037
2089,Columbus,2021-10-31,20:22,Low,Clear,Dry,1,25.4743,-93.4757
2090,Dallas,2023-02-11,09:18,High,Rain,Wet,5,25.1111,-95.1598
2091,Houston,2021-07-04,07:07,Low,Rain,Slippery,1,33.8431,-82.8456
2092,Dallas,2021-11-08,19:08,Low,Rain,Icy,5,46.7366,-91.9872
2093,New York,2023-07-31,18:39,Low,Fog,Dry,5,47.7468,-72.5503
2094,Chicago,2023-05-21,13:16,Low,Clear,Wet,5,36.8461,-86.4166
2095,New York,2022-05-26,12:56,High,Hail,Dry,1,37.038,-117.5715
2096,San Diego,2021-07-09,17:35,Medium,Clear,Dry,5,47.1456,-105.9296
2097,Austin,2021-02-07,08:16,Medium,Clear,Dry,2,31.3879,-100.622
2098,San Antonio,2023-07-04,10:36,Low,Rain,Wet,4,34.9347,-114.29
2099,New York,2021-04-20,06:35,High,Fog,Icy,5,45.9357,-86.1866
2100,Los Angeles,2021-11-08,21:41,Medium,Cloudy,Dry,1,28.4337,-75.6845
2101,Phoenix,2021-10-16,03:22,Low,Clear,Dry,2,35.7541,-80.9372
2102,Houston,2023-01-05,16:12,Low,Cloudy,Dry,4,25.4001,-106.6777
2103,Philadelphia,2021-11-23,16:49,Low,Fog,Dry,1,40.7922,-73.2101
2104,Chicago,2021-12-28,19:20,Low,Rain,Slippery,1,45.3175,-118.8367
2105,Houston,2021-12-21,08:16,Low,Clear,Wet,5,28.2965,-117.4934
2106,Columbus,2021-07-03,18:47,Low,Cloudy,Wet,4,26.5788,-117.3423
2107,Charlotte,2021-03-02,17:16,Medium,Clear,Wet,4,42.2829,-110.3318
2108,New York,2022-06-14,10:46,High,Rain,Slippery,4,34.6361,-110.6243
2109,New York,2022-09-07,12:01,Low,Clear,Dry,2,47.1729,-105.9254
2110,Philadelphia,2021-11-01,09:22,Medium,Rain,Dry,2,28.7532,-105.4718
2111,Austin,2021-07-27,18:08,Medium,Clear,Dry,1,36.7159,-77.9402
2112,Dallas,2023-03-05,21:59,Medium,Clear,Dry,1,46.997,-89.6871
2113,Jacksonville,2023-06-25,20:26,Medium,Snow,Dry,5,31.7494,-97.7118
2114,New York,2021-06-14,17:37,Low,Clear,Dry,1,43.5444,-106.228
2115,New York,2023-09-17,23:09,Low,Clear,Dry,1,32.0665,-100.1976
2116,Los Angeles,2023-02-14,15:07,Low,Rain,Icy,5,41.9799,-103.4734
2117,Los Angeles,2023-01-01,09:50,High,Rain,Dry,3,39.7848,-117.427
2118,San Antonio,2021-09-11,06:45,Medium,Rain,Dry,2,35.6628,-121.8689
2119,Chicago,2023-05-29,08:14,Medium,Clear,Slippery,5,43.5447,-84.3512
2120,Austin,2023-12-18,14:37,Medium,Windy,Dry,1,32.9883,-116.8863
2121,New York,2021-07-26,23:11,High,Clear,Dry,3,26.892,-84.2372
2122,Dallas,2022-05-22,20:07,Low,Rain,Under Construction,4,25.0964,-72.8097
2123,Dallas,2023-10-15,07:45,High,Clear,Under Construction,2,28.7526,-70.0259
2124,Philadelphia,2022-02-17,06:28,Medium,Rain,Under Construction,1,27.0577,-107.6468
2125,Charlotte,2021-01-28,08:58,High,Clear,Icy,4,42.1934,-91.3359
2126,Houston,2023-08-14,18:35,Medium,Clear,Wet,4,45.3344,-113.9094
2127,Indianapolis,2022-12-28,17:39,High,Fog,Dry,5,39.9043,-78.0391
2128,Jacksonville,2023-08-14,19:21,High,Rain,Dry,4,32.8367,-104.4397
2129,Phoenix,2021-12-06,17:01,Low,Rain,Slippery,4,37.0195,-121.8199
2130,San Jose,2021-10-09,18:38,Medium,Rain,Slippery,1,34.8153,-93.2687
2131,Houston,2023-11-15,06:39,High,Clear,Dry,5,45.2197,-91.4199
2132,San Jose,2023-02-26,09:31,Medium,Rain,Icy,1,35.2904,-100.2003
2133,Los Angeles,2021-08-06,20:00,Low,Clear,Wet,5,33.4257,-103.7013
2134,San Diego,2023-10-23,02:10,Medium,Clear,Icy,2,29.9056,-101.4464
2135,New York,2022-01-17,07:52,Medium,Fog,Dry,4,37.6842,-77.9604
2136,New York,2022-06-16,12:30,High,Rain,Dry,4,39.2541,-115.8435
2137,Charlotte,2023-01-17,17:56,Low,Clear,Dry,4,45.5769,-79.1805
2138,Charlotte,2023-03-07,05:30,Low,Clear,Under Construction,5,42.6374,-75.575
2139,Dallas,2021-11-17,09:13,Medium,Rain,Slippery,5,28.1499,-93.8249
2140,New York,2022-08-23,14:14,Low,Clear,Dry,1,43.7231,-105.5476
2141,Chicago,2022-04-14,04:06,Low,Rain,Dry,5,47.7507,-85.6891
2142,Los Angeles,2023-04-08,18:15,High,Rain,Dry,3,37.6489,-117.1394
2143,Columbus,2022-10-30,01:07,Low,Rain,Dry,2,36.2834,-79.3463
2144,Chicago,2023-05-20,20:07,Low,Clear,Wet,1,28.1468,-81.9377
2145,Austin,2023-07-09,21:21,Low,Rain,Icy,4,36.6539,-104.249
2146,Charlotte,2022-06-16,07:54,Low,Rain,Wet,2,30.2229,-102.0657
2147,Houston,2021-11-11,10:18,Medium,Windy,Icy,4,42.7828,-97.6347
2148,New York,2021-03-17,11:28,Medium,Clear,Wet,1,33.318,-80.1135
2149,San Jose,2023-09-12,14:41,Medium,Fog,Dry,4,32.3152,-71.1076
2150,Columbus,2023-12-22,01:11,Low,Clear,Dry,3,41.2306,-87.0706
2151,Los Angeles,2023-02-25,04:36,Low,Fog,Wet,4,47.5691,-75.5378
2152,Chicago,2022-01-16,15:53,Low,Clear,Dry,1,35.2423,-75.5969
2153,Jacksonville,2022-02-28,07:04,Medium,Cloudy,Dry,5,47.2386,-101.1539
2154,San Antonio,2023-05-06,17:22,Low,Rain,Wet,4,38.9698,-100.8653
2155,Charlotte,2021-03-03,19:33,Medium,Clear,Wet,2,26.3233,-104.6003
2156,New York,2023-01-29,18:16,Medium,Rain,Slippery,5,42.7561,-97.3382
2157,Chicago,2023-05-07,18:57,High,Clear,Dry,1,32.2282,-86.5458
2158,Dallas,2022-10-21,12:03,Medium,Cloudy,Dry,3,32.918,-113.7432
2159,New York,2021-06-07,15:55,High,Rain,Dry,2,35.9677,-77.2637
2160,Los Angeles,2021-09-24,13:13,Medium,Clear,Wet,4,27.3756,-82.398
2161,Columbus,2023-08-10,19:41,Medium,Clear,Dry,4,28.7808,-81.4692
2162,Chicago,2021-11-19,16:34,Low,Snow,Dry,5,30.3518,-102.5106
2163,New York,2021-08-01,19:37,Medium,Snow,Dry,2,42.1782,-70.2651
2164,Los Angeles,2021-01-29,06:56,Medium,Clear,Icy,1,34.713,-120.6858
2165,Columbus,2021-05-27,13:56,Low,Clear,Under Construction,4,46.2486,-98.8263
2166,New York,2021-03-22,20:43,Low,Rain,Dry,4,44.208,-112.4559
2167,Jacksonville,2022-07-27,11:14,High,Clear,Wet,4,34.9643,-109.4334
2168,New York,2021-01-11,14:36,Low,Cloudy,Dry,2,45.2625,-89.9793
2169,Los Angeles,2022-10-28,06:38,Medium,Clear,Wet,4,29.1442,-77.2187
2170,Austin,2021-11-24,20:07,Low,Rain,Dry,5,43.7934,-118.906
2171,Houston,2023-06-01,18:28,Low,Clear,Slippery,5,39.824,-103.4933
2172,San Antonio,2022-02-25,16:16,Medium,Clear,Dry,1,36.6303,-93.6012
2173,Dallas,2022-09-10,19:26,High,Fog,Icy,1,28.9019,-93.6267
2174,Jacksonville,2021-07-31,15:53,Medium,Clear,Icy,3,42.8625,-72.8862
2175,Los Angeles,2022-05-03,16:17,Medium,Clear,Dry,2,33.0154,-111.9937
2176,Los Angeles,2022-02-27,07:10,Low,Clear,Dry,3,32.9132,-71.3819
2177,Los Angeles,2021-08-21,16:46,Low,Clear,Wet,1,30.1988,-100.9494
2178,Philadelphia,2023-10-30,19:51,Medium,Clear,Dry,2,29.4332,-113.5655
2179,San Antonio,2022-05-20,12:10,Low,Snow,Dry,5,42.1723,-94.005
2180,Indianapolis,2022-04-18,07:53,Low,Clear,Dry,5,26.3232,-81.4361
2181,San Antonio,2023-03-16,10:55,Medium,Hail,Dry,2,47.2406,-101.1226
2182,San Antonio,2021-06-04,13:19,Low,Clear,Dry,2,38.6918,-76.9179
2183,Houston,2021-07-10,15:57,Medium,Fog,Wet,2,34.097,-118.0473
2184,Los Angeles,2022-04-15,06:23,Medium,Cloudy,Slippery,3,35.8894,-114.1405
2185,Los Angeles,2023-11-08,16:25,Low,Cloudy,Wet,5,34.7916,-98.6744
2186,San Antonio,2022-04-14,02:36,Medium,Snow,Slippery,3,45.1149,-107.9349
2187,New York,2022-01-27,07:06,Medium,Snow,Dry,3,27.164,-111.086
2188,New York,2021-10-13,06:40,Low,Snow,Wet,4,36.1576,-91.2535
2189,Indianapolis,2021-10-14,09:38,Low,Fog,Slippery,2,47.3272,-95.9106
2190,San Antonio,2022-04-29,18:16,Medium,Fog,Wet,1,38.5861,-83.7304
2191,Phoenix,2021-01-16,10:34,Low,Rain,Dry,5,29.5603,-111.1336
2192,San Antonio,2022-04-26,18:37,Medium,Clear,Dry,5,46.6834,-113.3717
2193,Los Angeles,2023-08-15,18:42,Medium,Clear,Wet,5,43.069,-103.3176
2194,Dallas,2023-12-16,14:53,Low,Fog,Wet,4,28.1044,-80.9961
2195,Houston,2021-02-06,18:17,Low,Rain,Dry,3,46.2515,-77.1623
2196,San Jose,2022-10-16,18:05,Low,Rain,Dry,3,25.1983,-116.4729
2197,San Diego,2022-01-11,11:50,Medium,Clear,Slippery,3,35.2861,-93.2715
2198,Columbus,2022-01-22,16:16,Medium,Clear,Slippery,2,30.6507,-107.7766
2199,San Antonio,2022-08-12,15:11,Medium,Rain,Wet,4,28.9155,-85.9315
2200,New York,2021-03-23,07:25,High,Cloudy,Icy,1,47.1461,-103.2121
2201,Jacksonville,2022-02-02,08:30,Medium,Clear,Dry,1,26.1478,-82.4666
2202,Los Angeles,2022-03-26,09:48,Medium,Clear,Dry,4,27.1539,-72.6188
2203,Dallas,2022-04-01,12:00,Medium,Clear,Wet,4,36.1746,-120.0619
2204,Charlotte,2023-03-31,09:07,Medium,Snow,Dry,4,45.0171,-101.672
2205,Charlotte,2022-03-24,18:45,Low,Rain,Dry,2,29.5974,-99.9697
2206,New York,2023-06-30,19:42,Low,Clear,Under Construction,2,43.0895,-116.0374
2207,Indianapolis,2022-06-15,10:05,Low,Cloudy,Wet,4,33.0262,-75.2037
2208,Los Angeles,2022-08-13,06:47,Low,Rain,Slippery,5,33.3263,-72.5469
2209,Los Angeles,2021-03-06,12:44,Low,Clear,Wet,1,43.8322,-76.24
2210,Chicago,2021-05-23,13:54,Medium,Clear,Under Construction,4,39.2536,-92.6391
2211,New York,2021-12-20,10:11,Low,Rain,Dry,3,42.7444,-117.956
2212,Chicago,2023-10-14,07:17,Medium,Fog,Wet,4,38.1698,-98.671
2213,Chicago,2021-01-23,07:55,Medium,Fog,Dry,2,34.6145,-92.4734
2214,Los Angeles,2022-07-30,17:11,Medium,Fog,Dry,1,47.5228,-121.8329
2215,Chicago,2022-11-26,08:55,High,Rain,Slippery,2,27.1015,-84.2421
2216,San Antonio,2022-04-26,10:37,High,Clear,Icy,4,37.2735,-108.3838
2217,Jacksonville,2023-05-26,04:31,Medium,Fog,Dry,4,36.6193,-74.8605
2218,New York,2022-06-21,09:29,Medium,Clear,Icy,3,45.2048,-108.6668
2219,San Diego,2023-04-29,20:08,Low,Clear,Wet,1,33.4581,-106.5594
2220,Phoenix,2021-06-28,14:52,Medium,Clear,Dry,4,35.9337,-85.8195
2221,Chicago,2021-08-14,01:33,Low,Rain,Icy,5,33.8564,-106.9171
2222,Columbus,2022-04-29,11:48,Low,Cloudy,Dry,2,35.2168,-74.428
2223,Houston,2023-11-09,09:01,Medium,Rain,Dry,4,35.8331,-80.8442
2224,Los Angeles,2021-09-04,15:08,Low,Clear,Slippery,5,39.7746,-81.6427
2225,Phoenix,2021-02-03,18:28,Medium,Clear,Wet,3,40.5538,-79.9664
2226,Los Angeles,2021-04-06,12:48,Medium,Clear,Icy,5,40.9528,-76.8402
2227,New York,2023-10-29,18:25,High,Fog,Wet,1,44.4084,-88.8864
2228,Dallas,2021-10-10,07:07,Low,Rain,Wet,1,37.5365,-101.1234
2229,Los Angeles,2023-06-26,02:25,High,Fog,Dry,2,38.2912,-71.9678
2230,San Antonio,2021-01-31,13:51,Low,Snow,Icy,1,40.4768,-92.5342
2231,Los Angeles,2021-11-24,13:35,Medium,Hail,Icy,2,35.664,-98.2079
2232,Jacksonville,2021-01-13,14:52,Medium,Clear,Wet,2,25.6948,-84.6659
2233,San Diego,2022-04-26,22:05,Low,Clear,Wet,5,40.9236,-116.1264
2234,Indianapolis,2023-01-05,18:39,Medium,Windy,Wet,1,39.1894,-79.3846
2235,Los Angeles,2023-06-19,08:23,Medium,Clear,Under Construction,2,37.9125,-95.3433
2236,Austin,2022-07-24,17:15,Medium,Fog,Wet,1,35.7159,-93.9836
2237,Charlotte,2023-04-29,13:55,Low,Clear,Wet,2,40.5894,-104.1255
2238,San Jose,2023-12-17,15:48,High,Clear,Wet,3,45.2971,-91.7922
2239,Phoenix,2021-10-18,20:41,Low,Clear,Dry,1,27.6321,-119.1712
2240,New York,2021-11-16,12:19,High,Clear,Wet,5,25.7232,-88.6877
2241,Los Angeles,2021-05-15,13:25,Low,Cloudy,Wet,3,44.1572,-78.1927
2242,San Diego,2022-10-31,18:01,Low,Clear,Wet,5,47.2166,-72.5267
2243,San Diego,2022-01-12,17:29,Low,Clear,Dry,5,40.7647,-84.5999
2244,Austin,2023-02-28,20:10,Medium,Clear,Wet,5,28.0698,-121.1294
2245,San Jose,2021-09-03,13:40,Low,Cloudy,Dry,3,31.4541,-110.6462
2246,San Diego,2023-02-21,16:11,Low,Rain,Icy,4,45.6998,-117.7764
2247,Austin,2021-01-23,18:18,High,Clear,Dry,3,29.9438,-90.9731
2248,Indianapolis,2021-07-04,21:09,Medium,Clear,Dry,3,38.1072,-100.9364
2249,San Diego,2021-05-01,09:24,Medium,Clear,Icy,2,33.635,-115.0862
2250,Los Angeles,2022-09-24,03:22,Medium,Clear,Icy,5,43.7485,-80.9318
2251,Columbus,2022-07-25,17:15,High,Clear,Slippery,5,37.576,-115.8195
2252,Phoenix,2023-07-15,23:15,Low,Fog,Dry,2,47.0968,-109.9973
2253,Houston,2021-03-20,12:51,Medium,Hail,Dry,5,26.6949,-102.6127
2254,Indianapolis,2022-09-28,15:31,High,Rain,Dry,1,46.8803,-112.3282
2255,Indianapolis,2023-12-11,12:10,Medium,Clear,Dry,4,26.6714,-98.4073
2256,Chicago,2023-04-16,07:57,Medium,Rain,Slippery,5,40.118,-113.9754
2257,Philadelphia,2022-05-23,08:48,Medium,Hail,Wet,4,41.3327,-98.5511
2258,Houston,2022-01-19,11:49,Low,Clear,Wet,1,37.0349,-76.9195
2259,Los Angeles,2022-05-31,20:52,Low,Rain,Wet,5,26.9467,-70.4658
2260,Columbus,2023-04-05,00:00,Low,Clear,Under Construction,4,46.3888,-114.3667
2261,Dallas,2021-05-18,22:19,Medium,Snow,Slippery,5,26.6265,-106.373
2262,Philadelphia,2021-02-04,08:51,Low,Cloudy,Icy,4,28.0451,-91.2453
2263,San Diego,2023-06-10,17:53,Low,Fog,Wet,2,31.8276,-121.4095
2264,Los Angeles,2021-11-06,05:11,High,Clear,Slippery,4,34.8465,-72.9947
2265,Philadelphia,2021-07-29,16:16,Medium,Clear,Slippery,5,46.188,-71.0922
2266,Chicago,2021-03-11,17:54,Medium,Snow,Dry,3,30.6581,-73.3674
2267,New York,2023-07-08,16:26,Medium,Rain,Under Construction,2,42.427,-88.1149
2268,Chicago,2022-08-18,20:00,Medium,Clear,Dry,2,32.3137,-71.853
2269,Chicago,2022-02-02,13:39,Medium,Clear,Dry,4,29.5183,-113.183
2270,New York,2023-10-14,23:22,Medium,Fog,Icy,2,47.218,-114.3761
2271,Jacksonville,2022-11-15,19:47,Medium,Clear,Dry,4,29.4477,-98.0997
2272,Austin,2022-01-24,10:11,High,Clear,Icy,3,37.6489,-121.9956
2273,Houston,2022-07-09,13:01,High,Clear,Dry,2,32.2499,-118.5842
2274,Houston,2021-01-11,17:30,Low,Fog,Dry,4,39.4871,-71.1722
2275,Los Angeles,2023-01-02,06:44,Medium,Snow,Wet,1,31.1636,-102.0566
2276,New York,2022-06-08,03:52,Medium,Rain,Dry,5,42.0657,-84.0962
2277,Houston,2021-07-15,10:53,Low,Snow,Dry,3,30.7242,-87.3469
2278,Austin,2023-03-27,04:31,Low,Clear,Wet,1,41.487,-105.4155
2279,Indianapolis,2022-10-01,06:17,High,Clear,Slippery,5,28.4411,-117.7654
2280,Chicago,2021-02-19,17:37,Medium,Fog,Wet,1,30.4866,-102.6692
2281,San Antonio,2023-03-29,17:17,Medium,Clear,Dry,5,25.2863,-101.6294
2282,New York,2021-11-19,16:21,High,Clear,Dry,5,29.7529,-111.4064
2283,New York,2022-04-30,11:26,Low,Clear,Under Construction,3,31.0639,-120.9254
2284,San Jose,2023-11-05,20:48,Medium,Clear,Wet,5,37.843,-70.3952
2285,Indianapolis,2021-03-29,16:02,Medium,Rain,Wet,5,44.2992,-79.2391
2286,New York,2022-08-01,20:05,Medium,Cloudy,Icy,4,27.306,-104.5651
2287,New York,2022-07-19,15:35,Low,Clear,Dry,1,27.5631,-87.8777
2288,Austin,2021-03-08,10:29,Medium,Clear,Dry,2,38.8143,-97.54
2289,Chicago,2021-01-15,13:17,Low,Rain,Wet,1,44.8615,-86.6974
2290,Los Angeles,2021-10-09,21:57,Medium,Clear,Dry,1,43.9261,-92.2407
2291,Columbus,2022-05-15,15:26,Medium,Clear,Dry,4,29.1354,-105.0107
2292,Los Angeles,2023-02-09,21:23,Low,Fog,Dry,5,31.9278,-115.2535
2293,Houston,2023-09-23,19:58,Low,Clear,Dry,3,46.3469,-119.3046
2294,Los Angeles,2022-04-30,03:25,High,Clear,Dry,5,45.4033,-117.438
2295,San Antonio,2023-05-29,09:00,Medium,Clear,Dry,1,38.6244,-70.6013
2296,San Diego,2021-05-01,19:15,Low,Clear,Wet,3,28.6358,-111.5984
2297,Houston,2023-08-01,18:36,Medium,Clear,Dry,2,47.291,-119.8337
2298,Jacksonville,2023-12-29,12:08,Medium,Cloudy,Slippery,3,40.2165,-108.5949
2299,Indianapolis,2022-07-14,23:37,Low,Clear,Wet,5,31.4749,-107.1637
2300,New York,2022-11-06,08:05,Low,Rain,Wet,5,33.9537,-89.279
2301,Jacksonville,2023-12-21,08:56,Low,Clear,Under Construction,2,44.94,-90.9499
2302,San Antonio,2023-01-30,07:31,Low,Rain,Dry,2,47.2987,-100.7638
2303,Philadelphia,2023-05-11,19:19,Low,Clear,Dry,2,42.4287,-75.1065
2304,Chicago,2023-04-12,01:12,High,Clear,Dry,1,33.6126,-111.6495
2305,San Diego,2021-01-09,05:14,Medium,Clear,Dry,1,32.2688,-119.1936
2306,Chicago,2023-12-15,12:03,Low,Clear,Dry,5,32.5071,-98.9984
2307,Indianapolis,2022-06-28,05:24,Medium,Clear,Dry,3,40.9711,-70.6493
2308,Dallas,2023-08-16,15:20,Low,Cloudy,Dry,5,39.6562,-94.3611
2309,Chicago,2023-06-10,22:59,Medium,Rain,Dry,4,45.359,-93.2061
2310,San Antonio,2022-02-03,20:45,Low,Rain,Dry,5,46.9614,-102.5387
2311,Indianapolis,2023-08-18,04:11,High,Rain,Icy,1,37.4674,-109.2932
2312,Philadelphia,2021-01-13,19:06,Low,Rain,Dry,2,29.9913,-77.7839
2313,Dallas,2021-10-22,17:38,Low,Rain,Dry,4,31.6492,-119.9243
2314,Los Angeles,2021-10-01,10:48,Low,Snow,Under Construction,4,39.1982,-91.1256
2315,Phoenix,2022-01-18,09:28,Low,Cloudy,Dry,5,44.9517,-88.1113
2316,Los Angeles,2021-04-06,07:43,Medium,Clear,Under Construction,1,34.7354,-112.1773
2317,New York,2021-12-25,14:18,High,Rain,Dry,5,37.0812,-75.7482
2318,Chicago,2021-01-19,19:30,Low,Clear,Icy,3,27.9173,-101.7718
2319,Dallas,2023-06-26,10:36,Medium,Clear,Under Construction,1,25.6775,-84.7357
2320,Los Angeles,2023-03-17,19:15,Low,Fog,Dry,2,46.0131,-96.3763
2321,Charlotte,2023-08-16,13:13,Medium,Fog,Wet,1,46.9637,-101.1059
2322,Charlotte,2022-09-04,18:01,Medium,Clear,Dry,2,33.7044,-120.2032
2323,Austin,2022-10-04,07:32,Low,Clear,Wet,1,39.7272,-80.8636
2324,Columbus,2022-09-02,18:08,Low,Rain,Slippery,4,42.9745,-102.9252
2325,New York,2021-12-09,12:26,Medium,Clear,Slippery,2,25.3172,-119.9195
2326,San Diego,2023-04-10,08:32,Low,Snow,Icy,4,45.3099,-80.6359
2327,Philadelphia,2023-04-24,18:18,Low,Rain,Wet,2,27.4032,-73.8838
2328,Philadelphia,2023-09-20,18:53,Low,Windy,Icy,3,38.7711,-85.2846
2329,San Antonio,2023-05-26,03:47,Low,Clear,Slippery,5,41.1506,-87.5844
2330,Columbus,2021-10-20,19:49,Low,Clear,Wet,5,30.917,-102.1877
2331,Philadelphia,2021-09-25,06:45,Medium,Cloudy,Icy,1,40.1923,-74.6681
2332,Charlotte,2022-11-06,16:35,Low,Clear,Wet,2,40.7563,-99.2793
2333,Austin,2021-12-01,07:12,High,Fog,Dry,4,31.9039,-79.011
2334,Houston,2021-11-27,11:45,Medium,Rain,Icy,5,37.1062,-74.7323
2335,San Diego,2021-09-21,08:33,Medium,Clear,Wet,3,26.55,-94.8479
2336,Los Angeles,2023-02-27,17:46,Medium,Rain,Dry,3,35.7534,-71.0638
2337,San Diego,2022-07-10,12:48,Medium,Rain,Wet,5,42.826,-101.8853
2338,San Antonio,2022-05-10,22:54,High,Clear,Dry,1,26.166,-93.7638
2339,Houston,2021-10-16,12:24,Low,Clear,Dry,3,41.8465,-86.412
2340,Phoenix,2023-04-13,22:21,High,Cloudy,Dry,3,45.4348,-103.6926
2341,Los Angeles,2021-12-19,09:27,Low,Clear,Dry,5,43.0986,-100.4239
2342,Dallas,2023-12-24,20:18,Low,Clear,Dry,3,27.4498,-112.8935
2343,New York,2022-06-10,20:16,Medium,Rain,Slippery,1,28.3056,-77.9024
2344,Charlotte,2022-02-18,08:26,High,Clear,Icy,3,43.8734,-76.9023
2345,Houston,2021-05-11,13:15,Low,Rain,Icy,3,28.5393,-110.9676
2346,Austin,2023-04-23,05:02,Low,Clear,Wet,5,30.1368,-70.8778
2347,Los Angeles,2022-07-24,18:13,Medium,Rain,Dry,1,43.9445,-97.2672
2348,Austin,2023-09-20,20:58,Medium,Rain,Icy,3,47.7708,-93.1276
2349,San Antonio,2021-08-13,08:24,Medium,Clear,Slippery,4,29.7068,-82.8174
2350,Chicago,2023-02-13,18:31,Medium,Windy,Wet,4,39.7251,-72.4263
2351,Chicago,2022-05-30,17:56,High,Fog,Dry,4,25.0251,-84.7042
2352,Columbus,2022-05-29,09:41,High,Snow,Under Construction,3,45.961,-90.7758
2353,San Antonio,2021-10-14,11:17,High,Rain,Icy,2,25.94,-116.9888
2354,Los Angeles,2023-06-21,17:30,Medium,Clear,Dry,1,40.095,-118.5319
2355,Dallas,2023-05-22,18:58,Medium,Clear,Wet,2,44.2993,-105.36
2356,Phoenix,2023-12-01,20:44,High,Clear,Dry,2,39.8742,-110.5713
2357,Chicago,2023-05-30,02:41,Medium,Fog,Icy,2,35.5627,-78.3905
2358,New York,2022-08-23,21:13,High,Clear,Dry,4,29.1812,-91.3015
2359,Phoenix,2021-06-27,11:51,High,Fog,Dry,5,28.4404,-81.4952
2360,Chicago,2023-02-21,19:52,Low,Rain,Wet,1,46.472,-73.7517
2361,New York,2022-04-28,07:46,Medium,Clear,Wet,5,25.6204,-114.1218
2362,Austin,2021-12-17,08:43,Low,Fog,Icy,4,32.2762,-107.8179
2363,Philadelphia,2023-07-07,05:56,High,Windy,Wet,3,26.6238,-80.8648
2364,Los Angeles,2023-05-12,13:20,Medium,Windy,Slippery,5,37.4381,-86.3545
2365,Phoenix,2023-07-16,18:29,Low,Clear,Dry,1,37.83,-106.27
2366,Dallas,2023-11-11,23:48,Low,Clear,Wet,5,31.0622,-95.3902
2367,Jacksonville,2023-04-22,08:01,High,Rain,Dry,2,30.4693,-101.2443
2368,San Diego,2021-08-11,07:59,Medium,Clear,Icy,1,37.5852,-80.0214
2369,San Diego,2021-07-24,07:36,Medium,Rain,Icy,1,36.7471,-115.0416
2370,New York,2021-02-24,17:31,Medium,Fog,Icy,5,25.8429,-115.8421
2371,Phoenix,2023-07-21,15:14,Low,Rain,Dry,5,45.5497,-110.357
2372,Houston,2023-11-14,17:54,Low,Cloudy,Slippery,2,41.4185,-119.6996
2373,San Antonio,2023-10-03,11:32,High,Fog,Slippery,2,32.7813,-86.0931
2374,Los Angeles,2021-01-28,19:28,Low,Clear,Icy,2,27.3035,-104.878
2375,Chicago,2021-03-29,17:49,Medium,Clear,Dry,1,37.0703,-89.8709
2376,Austin,2022-04-01,14:45,Low,Clear,Under Construction,5,29.8124,-71.4634
2377,Phoenix,2022-09-30,05:56,Low,Cloudy,Dry,2,46.5328,-71.1556
2378,Houston,2022-10-23,20:12,High,Clear,Wet,4,43.8401,-81.6249
2379,San Diego,2021-06-02,18:37,High,Rain,Dry,1,45.0953,-114.6096
2380,Los Angeles,2022-09-12,19:40,Medium,Clear,Dry,4,38.2136,-106.7409
2381,Dallas,2022-04-20,19:27,Medium,Clear,Dry,4,30.0124,-114.9949
2382,Phoenix,2022-10-16,13:48,Medium,Snow,Dry,4,33.4192,-85.2662
2383,San Diego,2021-11-25,16:45,Medium,Clear,Wet,5,42.8025,-111.1644
2384,New York,2021-03-19,07:53,Medium,Cloudy,Wet,2,47.9064,-110.208
2385,Jacksonville,2021-12-25,10:24,Medium,Clear,Dry,3,37.3635,-91.6799
2386,Charlotte,2023-03-08,02:29,Low,Fog,Icy,3,33.9419,-84.1879
2387,Chicago,2022-12-09,18:36,Low,Clear,Wet,3,42.0366,-73.9859
2388,New York,2021-08-24,12:28,Low,Clear,Dry,5,40.2813,-100.9665
2389,Columbus,2021-05-28,17:18,Low,Fog,Dry,3,40.3559,-101.8966
2390,Austin,2021-04-30,17:16,Low,Rain,Dry,1,41.9267,-115.32
2391,San Diego,2021-09-14,14:18,High,Hail,Icy,1,43.6739,-99.9129
2392,New York,2022-12-14,22:47,Medium,Rain,Wet,2,27.6812,-75.684
2393,New York,2023-05-02,11:29,Medium,Windy,Dry,1,25.0344,-70.1361
2394,Los Angeles,2023-03-19,21:17,High,Clear,Icy,2,28.0737,-85.6547
2395,Philadelphia,2022-03-27,09:37,Low,Windy,Wet,4,37.7357,-75.6626
2396,New York,2023-09-27,11:47,Medium,Rain,Dry,2,39.6203,-107.6439
2397,New York,2023-04-07,07:18,Low,Clear,Slippery,1,35.5322,-77.7238
2398,New York,2023-01-09,12:19,High,Snow,Dry,4,30.6657,-82.9164
2399,San Antonio,2023-02-17,08:36,Medium,Fog,Wet,5,39.5752,-103.4872
2400,Dallas,2021-11-20,16:31,Low,Cloudy,Icy,3,38.9807,-120.6311
2401,Dallas,2022-10-25,00:11,Low,Clear,Wet,2,44.1301,-81.3466
2402,Dallas,2022-07-10,18:59,High,Clear,Dry,5,45.9439,-110.1079
2403,Los Angeles,2021-01-02,10:48,Low,Clear,Dry,4,41.8179,-85.8207
2404,San Antonio,2023-02-05,17:18,Low,Clear,Dry,5,35.5337,-95.113
2405,Columbus,2022-10-11,08:08,Low,Clear,Dry,2,35.1387,-88.1672
2406,New York,2023-05-21,06:12,Medium,Clear,Dry,1,41.631,-94.1325
2407,San Antonio,2022-05-14,06:13,Low,Cloudy,Dry,4,36.0718,-100.5473
2408,Phoenix,2021-08-01,21:00,Medium,Rain,Dry,5,40.4419,-89.1952
2409,Chicago,2022-10-18,12:08,Medium,Clear,Wet,1,28.2841,-99.7537
2410,Dallas,2022-02-10,09:51,Low,Clear,Wet,2,25.2815,-120.2715
2411,Indianapolis,2022-01-14,08:11,Medium,Clear,Wet,3,45.9289,-121.0189
2412,Los Angeles,2022-10-31,21:08,Medium,Clear,Icy,1,34.2855,-97.0192
2413,Chicago,2021-07-31,10:16,Medium,Clear,Dry,4,34.7615,-109.0079
2414,Jacksonville,2023-11-30,07:08,Low,Clear,Dry,5,28.0013,-87.4284
2415,San Diego,2021-04-07,11:08,Low,Rain,Wet,1,44.5577,-116.0787
2416,Los Angeles,2022-03-02,09:19,Medium,Clear,Wet,3,29.1753,-102.3007
2417,Los Angeles,2021-08-28,19:10,Medium,Clear,Slippery,3,32.6649,-110.7379
2418,San Jose,2022-01-16,14:19,Low,Clear,Icy,2,31.0653,-95.3761
2419,Dallas,2023-05-30,08:11,Medium,Rain,Dry,4,42.2581,-88.8938
2420,Austin,2023-08-28,16:55,Low,Rain,Wet,3,29.079,-97.4613
2421,San Jose,2022-04-21,11:53,Low,Clear,Dry,4,33.5313,-104.7092
2422,Columbus,2021-05-16,09:48,High,Clear,Dry,5,26.3933,-74.3616
2423,Phoenix,2023-05-03,10:17,High,Clear,Dry,5,41.0533,-113.7188
2424,Charlotte,2023-06-24,18:17,Low,Fog,Wet,3,29.7927,-91.8109
2425,Columbus,2023-04-16,07:40,Medium,Cloudy,Wet,2,31.6616,-76.3737
2426,Los Angeles,2023-03-07,13:37,Low,Rain,Dry,4,44.8585,-85.7122
2427,San Antonio,2023-05-07,22:47,High,Clear,Dry,3,34.449,-104.9168
2428,New York,2023-05-29,09:36,Medium,Clear,Wet,3,38.0067,-91.3076
2429,Columbus,2022-04-30,16:48,Medium,Rain,Dry,3,44.7902,-86.9618
2430,Columbus,2023-10-22,06:25,Medium,Clear,Dry,1,30.6314,-96.1507
2431,New York,2022-03-03,13:24,Medium,Fog,Icy,1,31.299,-90.0957
2432,Dallas,2023-09-15,22:57,Medium,Clear,Wet,5,29.7841,-115.1456
2433,San Jose,2021-09-08,23:25,Medium,Clear,Icy,4,29.2307,-88.5929
2434,San Diego,2021-10-23,18:53,Low,Fog,Dry,4,29.7176,-79.5709
2435,Charlotte,2021-08-11,13:47,High,Rain,Slippery,1,29.9503,-79.3257
2436,New York,2022-06-22,14:42,Medium,Clear,Dry,4,41.5279,-92.5078
2437,Indianapolis,2021-07-01,16:28,Low,Rain,Wet,2,32.5586,-90.7957
2438,New York,2021-03-09,06:24,Low,Fog,Dry,4,42.8496,-109.1613
2439,San Jose,2022-07-12,18:02,Low,Clear,Dry,3,29.9552,-74.2826
2440,Austin,2023-05-09,19:42,High,Clear,Icy,3,26.0486,-92.7057
2441,Indianapolis,2022-06-28,06:03,High,Rain,Dry,1,47.8614,-74.7471
2442,Indianapolis,2021-07-06,06:00,Medium,Fog,Wet,1,42.7482,-119.5268
2443,Los Angeles,2022-10-01,17:59,High,Clear,Wet,4,44.624,-73.8569
2444,Dallas,2023-04-08,21:02,Low,Rain,Dry,3,28.3207,-72.3518
2445,Dallas,2022-02-15,09:57,Low,Rain,Slippery,1,29.8192,-111.7309
2446,Philadelphia,2023-05-22,05:30,Medium,Rain,Slippery,5,27.2929,-74.1194
2447,San Jose,2023-02-22,05:20,Low,Fog,Dry,4,27.6681,-76.4009
2448,Charlotte,2021-07-20,15:19,High,Windy,Dry,4,40.3872,-121.776
2449,New York,2023-12-03,15:41,Low,Clear,Wet,3,32.2936,-74.7508
2450,Los Angeles,2021-06-03,18:38,Medium,Snow,Dry,4,31.775,-99.7074
2451,Indianapolis,2021-05-27,08:50,Low,Rain,Dry,1,40.1253,-102.2946
2452,Los Angeles,2022-08-10,07:41,Low,Snow,Dry,2,26.8952,-104.5532
2453,San Diego,2022-11-10,04:38,High,Clear,Dry,5,30.8252,-104.0915
2454,San Jose,2021-12-09,23:11,Medium,Clear,Dry,2,39.5589,-107.2842
2455,San Antonio,2021-05-14,21:29,Medium,Rain,Wet,3,34.7961,-90.5655
2456,Los Angeles,2023-11-04,15:38,Low,Clear,Wet,3,34.9518,-103.9109
2457,San Jose,2023-04-04,08:23,Low,Clear,Under Construction,4,39.6775,-117.5061
2458,San Jose,2021-11-16,12:08,Low,Clear,Dry,1,35.9575,-87.5065
2459,Charlotte,2021-06-19,10:41,Low,Clear,Under Construction,4,36.7126,-72.3025
2460,New York,2023-05-13,20:16,Medium,Clear,Icy,1,25.0789,-88.8151
2461,New York,2023-04-24,12:38,Low,Hail,Icy,4,28.1182,-114.6826
2462,Phoenix,2023-08-25,12:12,Low,Clear,Icy,2,28.2202,-114.5731
2463,Los Angeles,2021-10-31,07:35,Low,Clear,Dry,2,37.0982,-103.3884
2464,New York,2022-09-01,02:17,Medium,Rain,Dry,1,30.248,-75.7248
2465,Los Angeles,2021-07-28,17:59,Medium,Snow,Slippery,3,29.4675,-71.7065
2466,San Jose,2023-06-27,21:10,Medium,Clear,Icy,4,31.6532,-88.7431
2467,Indianapolis,2023-01-07,22:35,Medium,Rain,Dry,2,46.3126,-121.1059
2468,New York,2021-05-30,02:19,Low,Snow,Slippery,2,31.9295,-90.1102
2469,San Jose,2021-09-16,19:32,Low,Rain,Dry,5,34.4298,-98.3851
2470,New York,2021-09-21,15:11,Medium,Rain,Wet,1,33.8671,-82.6875
2471,San Diego,2023-10-17,23:35,High,Rain,Dry,5,38.4592,-115.9987
2472,San Diego,2021-10-26,06:52,Medium,Fog,Dry,2,43.9064,-101.0701
2473,Philadelphia,2021-01-29,10:21,High,Cloudy,Icy,5,38.1598,-85.7106
2474,Los Angeles,2021-02-12,15:17,High,Clear,Dry,4,38.0281,-119.4604
2475,Phoenix,2022-09-03,11:09,High,Clear,Dry,1,33.9357,-100.1403
2476,Los Angeles,2022-05-08,08:48,Medium,Clear,Dry,2,35.2157,-117.1519
2477,New York,2022-04-02,12:35,Medium,Rain,Dry,2,39.6054,-95.3745
2478,San Antonio,2022-02-03,13:25,Low,Rain,Dry,3,31.9298,-81.7587
2479,Chicago,2023-10-19,20:11,High,Clear,Dry,2,30.5289,-114.6764
2480,Phoenix,2022-05-29,07:19,Medium,Clear,Dry,2,32.0797,-84.5524
2481,Houston,2022-12-02,09:55,Low,Rain,Dry,3,44.4544,-91.5821
2482,Phoenix,2021-02-28,12:53,High,Clear,Dry,3,35.4001,-109.5636
2483,San Antonio,2022-03-13,08:09,Low,Rain,Dry,2,44.5114,-105.2478
2484,New York,2021-10-13,14:14,Low,Snow,Wet,4,29.2279,-76.1492
2485,Phoenix,2021-07-05,12:06,High,Rain,Icy,1,31.9468,-100.8219
2486,Dallas,2021-12-29,21:22,Medium,Cloudy,Dry,2,35.9213,-70.4931
2487,Austin,2021-01-11,12:08,Medium,Hail,Dry,2,38.4865,-95.9942
2488,Chicago,2022-09-11,14:52,Low,Clear,Dry,5,26.1212,-92.0244
2489,Los Angeles,2022-05-14,08:39,Medium,Clear,Dry,1,39.8609,-112.442
2490,New York,2022-12-01,12:24,High,Clear,Wet,3,41.1003,-118.6725
2491,Chicago,2023-01-25,11:38,Medium,Rain,Wet,2,30.2188,-107.146
2492,New York,2022-12-06,18:13,Low,Hail,Wet,4,35.7059,-81.3443
2493,Los Angeles,2021-06-04,10:24,Medium,Snow,Dry,1,39.1436,-72.861
2494,Dallas,2022-12-24,08:39,Low,Clear,Dry,4,34.8419,-100.1226
2495,Los Angeles,2023-05-27,11:22,Medium,Cloudy,Dry,2,25.6096,-92.0741
2496,Chicago,2021-06-27,19:41,Medium,Clear,Dry,5,26.3771,-115.1336
2497,Phoenix,2021-05-22,17:25,Medium,Cloudy,Dry,4,39.5501,-111.3661
2498,Dallas,2022-05-19,07:12,Low,Clear,Dry,2,33.7067,-88.9405
2499,Houston,2022-08-06,17:23,High,Clear,Dry,2,38.9443,-111.9866
2500,Los Angeles,2021-03-24,02:47,High,Fog,Dry,5,37.9858,-85.7617
2501,Los Angeles,2022-05-14,17:04,Low,Clear,Wet,5,44.5835,-102.2406
2502,San Jose,2022-03-04,07:30,Medium,Clear,Dry,5,29.6392,-86.4834
2503,Columbus,2023-04-26,11:04,Low,Clear,Wet,1,27.1677,-81.495
2504,Chicago,2021-03-04,19:51,Medium,Clear,Dry,4,44.9134,-76.4051
2505,Phoenix,2023-01-26,05:09,High,Clear,Dry,2,36.2472,-78.61
2506,Chicago,2023-03-15,10:48,Medium,Clear,Wet,5,31.7506,-99.8553
2507,Philadelphia,2021-12-04,09:51,Medium,Snow,Dry,4,39.3859,-105.6251
2508,Houston,2023-04-27,15:36,Low,Cloudy,Slippery,2,43.8237,-119.1797
2509,Houston,2023-05-14,18:48,Medium,Rain,Wet,2,42.013,-85.488
2510,Los Angeles,2023-06-22,15:13,High,Snow,Dry,5,27.5357,-99.2715
2511,New York,2023-01-31,20:11,Low,Cloudy,Dry,1,31.5981,-104.0658
2512,Jacksonville,2023-10-07,18:29,Low,Clear,Wet,1,35.556,-111.4122
2513,Houston,2023-12-21,07:18,Medium,Cloudy,Under Construction,2,42.8059,-111.9605
2514,Philadelphia,2021-11-16,17:59,Medium,Clear,Wet,4,36.2295,-82.1713
2515,Houston,2023-07-01,01:12,Low,Clear,Slippery,5,34.8058,-121.7741
2516,Austin,2021-05-18,23:56,Low,Snow,Icy,5,31.7201,-74.2585
2517,San Jose,2021-09-17,12:16,High,Clear,Under Construction,2,34.7258,-98.5293
2518,Phoenix,2023-02-20,02:50,High,Rain,Wet,4,41.647,-88.8169
2519,Chicago,2022-02-28,12:54,Medium,Rain,Dry,4,45.1643,-90.8315
2520,Charlotte,2021-02-19,15:23,Low,Fog,Dry,2,28.3481,-89.6752
2521,Los Angeles,2021-07-11,21:59,Low,Rain,Slippery,1,26.7812,-75.2561
2522,Chicago,2022-08-21,12:30,High,Fog,Slippery,1,37.4405,-119.463
2523,San Diego,2023-12-09,18:36,Medium,Clear,Dry,1,26.4088,-118.8053
2524,Chicago,2022-05-11,05:25,Medium,Clear,Dry,3,29.3914,-89.0161
2525,Los Angeles,2021-07-31,09:41,Low,Clear,Wet,2,25.9674,-88.7636
2526,Charlotte,2021-07-31,21:33,Low,Clear,Dry,4,37.625,-120.1232
2527,Austin,2021-03-18,07:29,Medium,Clear,Wet,5,39.8543,-111.3813
2528,Chicago,2021-07-30,12:06,High,Clear,Icy,4,27.5949,-92.425
2529,Houston,2023-08-21,19:24,Medium,Fog,Dry,2,28.6761,-118.585
2530,New York,2021-03-27,18:55,High,Rain,Dry,3,33.2004,-93.9658
2531,Dallas,2022-12-14,12:28,Medium,Clear,Under Construction,2,38.3056,-91.1501
2532,Chicago,2023-11-09,07:10,Medium,Clear,Slippery,4,32.7085,-119.7477
2533,Charlotte,2022-11-08,14:17,Medium,Rain,Slippery,1,43.7401,-81.6289
2534,Chicago,2021-01-14,07:32,Low,Snow,Dry,4,34.8899,-92.8709
2535,San Diego,2022-03-31,09:04,High,Fog,Dry,2,45.1201,-102.7279
2536,New York,2022-09-07,12:15,Medium,Snow,Slippery,1,37.3089,-92.6562
2537,Jacksonville,2023-08-25,07:46,Medium,Fog,Dry,2,46.853,-80.7454
2538,Indianapolis,2023-08-19,13:47,Low,Snow,Wet,2,32.3379,-85.9487
2539,Chicago,2023-09-12,17:58,Low,Rain,Dry,1,28.3678,-119.5014
2540,New York,2021-10-17,18:17,Low,Clear,Dry,1,33.0224,-87.7504
2541,San Jose,2023-07-05,23:06,High,Fog,Slippery,1,40.5907,-91.7067
2542,Dallas,2023-08-31,06:23,Medium,Fog,Dry,4,34.3546,-119.884
2543,Los Angeles,2023-02-13,14:15,Medium,Clear,Wet,3,28.5038,-73.3192
2544,Chicago,2022-07-31,21:43,Medium,Clear,Dry,2,47.0153,-112.5205
2545,Los Angeles,2021-06-30,15:48,High,Fog,Dry,3,40.9454,-97.1315
2546,New York,2022-05-14,12:48,Medium,Rain,Dry,3,25.8543,-85.4909
2547,Austin,2021-03-31,05:45,Low,Clear,Wet,2,34.2305,-92.8527
2548,Houston,2022-03-04,17:54,Low,Rain,Wet,2,30.0751,-106.9708
2549,Phoenix,2023-10-22,18:22,Low,Clear,Dry,4,35.8559,-117.2529
2550,Dallas,2022-06-01,12:57,High,Windy,Dry,3,40.6119,-109.5166
2551,New York,2021-11-16,02:13,High,Rain,Dry,4,34.7355,-114.3949
2552,Philadelphia,2023-11-28,07:25,Low,Cloudy,Slippery,4,40.4056,-106.9149
2553,Columbus,2021-03-22,19:44,Medium,Clear,Wet,1,26.9863,-87.3399
2554,New York,2023-02-12,19:20,Low,Fog,Dry,2,36.3967,-116.0438
2555,San Diego,2022-02-20,18:56,Medium,Windy,Dry,4,44.4354,-74.702
2556,Jacksonville,2023-02-21,16:48,Low,Clear,Slippery,1,41.6148,-91.3547
2557,Los Angeles,2023-12-14,19:37,Medium,Rain,Wet,3,44.633,-94.3519
2558,Indianapolis,2021-04-02,07:41,Low,Rain,Dry,3,37.5064,-72.9471
2559,San Antonio,2022-01-04,16:03,Low,Cloudy,Wet,4,34.5947,-117.3969
2560,Charlotte,2023-05-06,12:34,Low,Fog,Dry,2,40.5107,-99.6874
2561,San Jose,2021-05-17,11:55,Low,Rain,Wet,3,42.6894,-77.9662
2562,New York,2022-12-13,21:14,High,Windy,Dry,3,40.6603,-72.7624
2563,Houston,2022-05-16,00:39,High,Rain,Wet,3,47.5108,-117.0774
2564,San Diego,2021-09-13,18:08,Medium,Rain,Dry,3,39.8957,-82.6117
2565,Houston,2021-08-01,12:31,Medium,Clear,Dry,4,45.0039,-115.4862
2566,Houston,2023-12-24,14:13,Low,Rain,Slippery,3,25.5652,-84.1071
2567,San Diego,2023-03-24,20:50,Medium,Clear,Wet,2,34.7776,-99.381
2568,New York,2023-11-21,19:32,Medium,Clear,Wet,1,46.8409,-70.5455
2569,Charlotte,2022-10-28,07:35,Medium,Cloudy,Wet,5,25.0155,-106.8454
2570,Philadelphia,2022-05-11,19:36,Low,Clear,Dry,4,28.5028,-105.2188
2571,Philadelphia,2023-10-13,11:01,Low,Rain,Under Construction,5,25.5666,-120.475
2572,Chicago,2021-05-29,21:59,Medium,Clear,Slippery,4,32.5822,-93.3253
2573,New York,2022-01-21,15:52,High,Snow,Slippery,3,43.4329,-94.2121
2574,Jacksonville,2023-06-23,06:07,Low,Clear,Dry,3,42.799,-121.7731
2575,Dallas,2022-01-12,09:38,Low,Cloudy,Wet,4,33.0404,-97.9211
2576,New York,2021-04-12,16:41,Low,Clear,Dry,2,32.8176,-121.314
2577,New York,2023-11-05,12:40,Low,Rain,Under Construction,4,40.2161,-90.7622
2578,Los Angeles,2021-11-02,23:10,Low,Rain,Icy,5,25.3606,-113.2563
2579,San Diego,2021-03-27,01:31,Low,Clear,Dry,2,45.8081,-88.1372
2580,Austin,2023-05-18,07:44,Medium,Clear,Slippery,3,47.8653,-85.7411
2581,Dallas,2022-10-31,13:50,High,Fog,Dry,5,33.452,-100.7836
2582,Chicago,2023-10-13,09:46,High,Fog,Dry,3,30.8225,-102.6208
2583,Los Angeles,2022-06-05,11:04,Medium,Cloudy,Under Construction,4,33.1405,-76.5521
2584,Los Angeles,2022-02-11,17:55,Low,Clear,Wet,2,40.2111,-73.8049
2585,Houston,2023-05-29,16:54,Medium,Clear,Dry,3,36.9045,-109.5024
2586,Houston,2021-03-02,20:51,Low,Rain,Slippery,5,31.6867,-113.7285
2587,Philadelphia,2023-04-17,18:39,Medium,Rain,Dry,4,47.9268,-86.0935
2588,Dallas,2021-03-06,11:48,Low,Fog,Dry,1,38.7053,-94.3354
2589,Austin,2023-04-02,13:46,Low,Clear,Dry,5,42.4452,-92.5085
2590,Dallas,2023-08-16,13:58,High,Snow,Wet,3,39.6035,-74.0515
2591,New York,2021-01-10,09:59,Medium,Clear,Under Construction,1,33.15,-86.8176
2592,New York,2021-01-10,10:21,Low,Rain,Dry,3,30.2204,-118.634
2593,Dallas,2023-08-09,16:49,Medium,Clear,Dry,4,39.2701,-78.7133
2594,Dallas,2022-11-09,08:51,High,Clear,Dry,3,38.2504,-107.7119
2595,Columbus,2021-12-08,12:11,High,Clear,Dry,4,45.8405,-80.0815
2596,Phoenix,2022-12-06,06:03,Medium,Rain,Wet,3,33.0169,-104.2045
2597,Houston,2021-06-14,09:48,Low,Rain,Slippery,1,38.4458,-105.1427
2598,Charlotte,2021-06-10,13:57,Low,Clear,Icy,2,40.8387,-85.676
2599,Philadelphia,2023-05-06,07:11,Low,Rain,Dry,3,33.8612,-70.1203
2600,Chicago,2021-10-15,19:42,Medium,Hail,Wet,2,42.5042,-108.6189
2601,New York,2021-07-27,07:27,Low,Clear,Under Construction,4,34.0219,-121.266
2602,New York,2021-05-02,12:14,High,Clear,Icy,2,46.2278,-90.9189
2603,Charlotte,2021-06-01,12:31,Low,Clear,Dry,5,43.8946,-93.9276
2604,Dallas,2021-09-14,21:45,Medium,Rain,Dry,2,46.9022,-110.8037
2605,Charlotte,2022-04-15,19:33,Medium,Clear,Wet,1,40.1241,-88.1889
2606,Austin,2021-04-28,07:38,Medium,Clear,Slippery,2,37.7185,-81.1575
2607,New York,2022-05-02,06:16,Low,Clear,Dry,2,38.9467,-118.676
2608,Dallas,2022-11-10,10:01,Medium,Clear,Dry,2,39.8786,-109.066
2609,New York,2023-02-02,08:50,Low,Rain,Dry,5,36.1276,-115.8275
2610,New York,2021-08-08,10:26,Medium,Cloudy,Slippery,5,27.9097,-75.031
2611,Houston,2022-11-27,19:58,High,Rain,Icy,2,40.7621,-117.6642
2612,Los Angeles,2021-04-20,18:31,Medium,Clear,Wet,2,34.1326,-75.2056
2613,Houston,2022-10-22,12:43,Medium,Clear,Dry,2,37.9922,-86.5129
2614,Chicago,2023-09-26,00:41,High,Fog,Icy,1,33.5827,-111.7822
2615,New York,2022-06-05,09:03,High,Clear,Icy,4,42.0752,-94.9214
2616,Columbus,2023-10-10,15:02,Medium,Clear,Dry,1,28.9123,-105.5572
2617,New York,2023-03-30,13:25,Medium,Clear,Dry,2,31.2823,-86.3881
2618,San Antonio,2023-07-30,17:19,Medium,Fog,Dry,4,37.4592,-116.9946
2619,Philadelphia,2021-06-04,20:53,Low,Clear,Dry,3,27.303,-109.2825
2620,Chicago,2023-02-08,05:34,Low,Clear,Wet,5,28.8884,-80.6031
2621,Dallas,2021-12-22,02:35,Medium,Clear,Icy,4,37.0284,-84.3694
2622,New York,2023-04-22,08:53,Medium,Rain,Wet,4,47.7782,-83.6095
2623,San Antonio,2021-01-26,13:32,Low,Rain,Dry,1,25.9831,-103.6134
2624,New York,2021-06-15,09:45,Low,Rain,Dry,1,34.9751,-108.0123
2625,Austin,2023-01-18,20:01,Medium,Snow,Dry,2,29.9839,-121.6662
2626,Columbus,2023-01-31,06:07,Medium,Clear,Dry,3,33.3216,-73.3935
2627,San Antonio,2023-05-11,16:09,Low,Clear,Dry,2,35.4309,-96.0772
2628,Dallas,2022-04-29,12:46,Low,Fog,Wet,4,42.2519,-77.9842
2629,New York,2022-05-08,15:25,Medium,Fog,Dry,4,37.5098,-73.1223
2630,Houston,2023-02-02,11:13,Low,Snow,Wet,3,43.9328,-119.58
2631,Charlotte,2021-10-14,08:41,Medium,Clear,Dry,1,31.9443,-81.0521
2632,Los Angeles,2023-02-20,07:27,Low,Clear,Wet,1,43.5273,-100.363
2633,San Antonio,2021-07-18,17:11,Low,Clear,Wet,1,38.8222,-70.5018
2634,Houston,2023-05-14,08:59,Medium,Snow,Dry,4,37.3889,-92.6004
2635,New York,2023-11-12,21:59,Low,Rain,Under Construction,1,25.6511,-93.8532
2636,San Diego,2023-09-24,17:58,Medium,Clear,Icy,3,38.263,-112.5815
2637,Indianapolis,2021-10-24,18:45,Medium,Rain,Dry,1,33.8159,-90.8879
2638,Los Angeles,2022-07-28,05:58,Low,Cloudy,Dry,1,26.885,-98.5135
2639,Phoenix,2021-09-20,14:17,Medium,Clear,Wet,4,41.02,-81.8208
2640,Austin,2023-04-01,17:54,Low,Clear,Wet,5,40.0919,-78.7032
2641,San Antonio,2023-09-05,20:37,Medium,Clear,Dry,2,27.4485,-115.5396
2642,Austin,2022-07-26,15:26,High,Clear,Wet,5,39.2557,-87.5287
2643,Los Angeles,2021-01-20,12:31,High,Snow,Slippery,3,34.3468,-109.3508
2644,Los Angeles,2023-04-16,08:06,Medium,Hail,Icy,4,43.8135,-83.268
2645,Chicago,2023-04-29,06:38,Medium,Rain,Wet,1,27.0396,-78.3626
2646,Dallas,2022-03-09,14:44,Medium,Cloudy,Dry,5,47.4947,-113.3321
2647,San Diego,2021-04-07,06:13,Low,Clear,Under Construction,3,29.3361,-86.4701
2648,Austin,2021-12-18,06:14,Medium,Clear,Dry,2,26.7683,-90.0761
2649,New York,2023-12-16,11:37,High,Clear,Wet,1,30.5815,-87.0271
2650,Phoenix,2023-01-02,18:23,Low,Clear,Wet,2,40.6419,-74.3124
2651,Los Angeles,2021-09-11,07:54,Medium,Rain,Dry,3,42.8755,-75.6172
2652,New York,2021-08-05,12:17,Medium,Fog,Dry,1,39.4751,-78.1618
2653,Houston,2022-06-05,19:55,Low,Cloudy,Icy,2,41.2534,-100.8976
2654,Houston,2021-03-18,07:34,Medium,Clear,Dry,2,41.6365,-93.1473
2655,Chicago,2022-10-14,08:20,Medium,Rain,Dry,4,38.7498,-94.8915
2656,New York,2022-11-23,18:39,Medium,Rain,Dry,5,37.3827,-114.9482
2657,Philadelphia,2022-07-23,21:02,Medium,Rain,Dry,1,35.6008,-88.9253
2658,Charlotte,2022-01-21,11:48,Medium,Rain,Dry,2,29.9632,-89.6716
2659,New York,2022-01-29,21:28,Medium,Clear,Wet,3,47.4163,-85.2699
2660,Los Angeles,2022-01-05,10:41,Low,Snow,Dry,5,37.0798,-80.8205
2661,Houston,2022-04-16,19:03,High,Clear,Dry,3,32.0964,-121.2504
2662,Chicago,2021-07-24,17:19,Low,Fog,Wet,3,28.5719,-70.767
2663,Los Angeles,2021-03-05,07:17,High,Clear,Wet,3,35.102,-103.7461
2664,Phoenix,2021-07-06,06:47,Medium,Hail,Dry,3,25.1855,-80.2593
2665,Chicago,2022-08-07,06:31,Medium,Rain,Dry,2,35.7515,-105.3642
2666,Indianapolis,2021-10-02,10:20,Medium,Rain,Wet,2,33.8675,-118.0431
2667,Chicago,2021-05-25,02:12,Low,Clear,Wet,5,47.7718,-120.1679
2668,Dallas,2021-12-24,09:24,Medium,Rain,Under Construction,5,28.9852,-113.2702
2669,Chicago,2022-12-12,08:34,Medium,Clear,Dry,5,42.996,-112.0225
2670,Los Angeles,2021-02-03,19:50,Medium,Clear,Wet,2,31.7633,-102.3156
2671,Los Angeles,2021-12-30,14:12,Low,Snow,Wet,5,38.9037,-72.4819
2672,New York,2022-06-12,08:23,High,Rain,Dry,5,30.8512,-120.0613
2673,Austin,2023-06-10,18:23,Low,Clear,Wet,4,46.7069,-72.8748
2674,Los Angeles,2022-11-07,11:28,Low,Snow,Wet,3,28.7511,-82.5258
2675,San Antonio,2023-12-08,19:23,High,Cloudy,Icy,1,30.721,-99.8002
2676,Chicago,2023-05-15,10:13,Low,Snow,Dry,1,30.9481,-115.5208
2677,San Jose,2023-12-08,08:02,Medium,Clear,Dry,5,46.8394,-110.9621
2678,Dallas,2022-07-17,23:47,Medium,Rain,Wet,4,34.8831,-91.3698
2679,Dallas,2022-06-13,13:26,Medium,Snow,Wet,4,38.4376,-117.5798
2680,New York,2022-06-19,16:58,Low,Fog,Icy,3,43.3107,-72.5433
2681,Phoenix,2023-07-07,06:25,Low,Clear,Dry,3,26.7612,-84.1455
2682,New York,2023-05-16,21:43,Medium,Clear,Wet,2,29.7014,-85.8967
2683,Indianapolis,2023-01-24,16:40,Medium,Clear,Slippery,3,32.4567,-74.7148
2684,Jacksonville,2022-11-18,18:26,Medium,Cloudy,Dry,3,26.0479,-79.1092
2685,Philadelphia,2022-06-26,20:50,Low,Snow,Wet,2,45.6887,-80.3201
2686,Jacksonville,2021-09-12,10:02,Low,Windy,Wet,2,37.3951,-76.6927
2687,San Jose,2023-10-02,12:11,High,Clear,Under Construction,1,39.4713,-82.4493
2688,Philadelphia,2022-05-26,14:18,Medium,Clear,Wet,1,40.437,-111.8152
2689,Dallas,2023-11-15,11:01,Low,Fog,Slippery,2,35.1033,-91.9385
2690,San Antonio,2022-11-14,06:51,Low,Fog,Wet,5,44.7721,-114.3337
2691,Chicago,2023-09-30,13:33,Medium,Cloudy,Dry,4,28.3737,-72.8416
2692,Dallas,2023-05-16,08:19,Low,Rain,Dry,5,33.683,-83.585
2693,New York,2022-05-16,08:34,High,Clear,Dry,4,27.0419,-84.8687
2694,Jacksonville,2021-04-08,13:14,High,Clear,Slippery,4,35.6157,-99.7436
2695,Los Angeles,2023-04-27,20:24,Low,Rain,Wet,5,39.1278,-74.7065
2696,San Jose,2023-09-28,19:16,High,Snow,Wet,3,39.9515,-73.0707
2697,San Antonio,2023-10-26,18:08,High,Clear,Dry,3,45.1981,-76.8009
2698,Houston,2022-05-07,13:29,Medium,Clear,Slippery,1,47.0408,-97.039
2699,San Antonio,2023-08-15,11:19,Low,Clear,Dry,4,42.6302,-88.1095
2700,New York,2022-03-02,05:37,Low,Fog,Wet,3,41.9849,-80.5919
2701,Phoenix,2023-02-03,12:46,Low,Clear,Dry,2,37.0827,-72.1533
2702,Chicago,2022-11-15,17:27,Low,Clear,Dry,2,46.6542,-99.6485
2703,Charlotte,2021-03-07,16:58,Medium,Snow,Dry,4,25.6648,-70.0239
2704,Los Angeles,2021-06-11,05:47,Low,Windy,Wet,4,26.7893,-90.7996
2705,Houston,2023-10-25,15:47,Low,Clear,Wet,3,36.5548,-83.0585
2706,Houston,2023-07-07,19:17,Low,Fog,Dry,4,46.2363,-95.4422
2707,New York,2023-04-17,14:42,Medium,Fog,Dry,4,37.5939,-114.3424
2708,New York,2021-02-02,18:45,Medium,Hail,Wet,1,37.1153,-89.8211
2709,Los Angeles,2022-07-20,18:44,Low,Fog,Wet,2,36.4167,-74.7701
2710,Phoenix,2021-02-05,10:53,Low,Rain,Dry,2,26.543,-119.1507
2711,Philadelphia,2021-05-18,08:05,Low,Clear,Dry,2,29.9039,-91.2794
2712,Dallas,2021-07-04,09:46,Low,Clear,Dry,3,44.0351,-121.8615
2713,New York,2022-11-02,16:18,High,Fog,Wet,2,43.0111,-96.9958
2714,Philadelphia,2022-04-08,19:05,Medium,Rain,Slippery,4,32.1322,-76.9127
2715,Los Angeles,2023-10-15,13:06,High,Cloudy,Dry,2,25.1992,-103.5222
2716,Charlotte,2023-02-05,08:57,Medium,Clear,Icy,3,29.8309,-89.656
2717,San Diego,2023-12-16,18:23,Medium,Rain,Wet,3,45.167,-80.05
2718,Chicago,2021-04-29,19:33,High,Fog,Dry,2,47.3359,-93.192
2719,Phoenix,2023-02-08,11:51,High,Snow,Dry,3,42.4317,-112.7536
2720,San Antonio,2022-02-25,21:06,Low,Fog,Wet,5,45.5052,-82.1977
2721,New York,2021-04-24,23:34,Low,Clear,Dry,5,47.5867,-113.0014
2722,Columbus,2021-11-18,06:38,Medium,Fog,Dry,1,44.3296,-83.7537
2723,Chicago,2021-07-28,07:32,Medium,Clear,Dry,1,31.8016,-101.118
2724,Columbus,2022-02-07,09:21,Low,Clear,Dry,1,32.3767,-119.9724
2725,New York,2021-05-01,19:18,Medium,Clear,Wet,1,39.1827,-75.824
2726,Chicago,2023-04-15,11:35,Medium,Clear,Dry,4,30.4598,-80.3886
2727,New York,2022-10-29,23:19,Medium,Hail,Wet,1,28.2513,-73.1845
2728,Houston,2022-07-01,11:03,Medium,Cloudy,Slippery,1,25.5269,-71.4717
2729,Dallas,2023-02-23,23:24,Low,Clear,Icy,5,39.6383,-113.6781
2730,New York,2022-05-28,07:47,Medium,Clear,Wet,2,28.4947,-117.6466
2731,Houston,2023-10-20,11:40,Medium,Clear,Wet,4,46.9559,-120.4152
2732,Philadelphia,2022-02-01,16:31,High,Clear,Dry,3,38.0802,-114.7641
2733,New York,2022-12-22,13:48,Medium,Clear,Dry,2,25.7016,-72.0715
2734,Philadelphia,2023-08-07,21:17,Medium,Fog,Dry,2,37.7995,-73.1577
2735,Chicago,2021-10-24,16:05,Low,Fog,Dry,5,45.3454,-80.2522
2736,Charlotte,2021-02-17,17:09,High,Clear,Icy,1,31.6248,-120.5086
2737,San Jose,2022-01-08,09:26,High,Cloudy,Dry,4,40.9296,-90.4367
2738,New York,2022-11-30,03:37,High,Rain,Under Construction,5,36.6164,-99.3461
2739,Columbus,2022-06-16,08:06,Low,Snow,Dry,2,30.0728,-92.9391
2740,Houston,2023-12-24,14:32,High,Clear,Wet,5,39.3391,-109.6419
2741,Houston,2022-02-26,12:03,Low,Cloudy,Icy,1,45.3486,-70.4009
2742,Charlotte,2022-02-01,15:00,Medium,Rain,Wet,4,45.7587,-117.8586
2743,Los Angeles,2021-02-01,08:01,Low,Fog,Dry,5,38.4979,-70.5029
2744,Los Angeles,2022-10-23,18:35,Medium,Clear,Dry,1,30.9712,-79.9383
2745,Chicago,2021-04-08,22:14,Low,Clear,Dry,1,47.0182,-100.7404
2746,Philadelphia,2022-03-17,16:52,Medium,Clear,Wet,4,25.18,-93.0572
2747,Austin,2023-11-12,18:25,Medium,Fog,Icy,3,33.74,-87.6369
2748,Charlotte,2021-12-08,11:42,Medium,Clear,Slippery,5,45.8434,-84.721
2749,Phoenix,2021-01-04,18:07,Low,Clear,Dry,5,36.8275,-99.7911
2750,Houston,2022-09-03,17:53,High,Rain,Wet,5,46.8291,-107.5158
2751,Dallas,2022-03-25,13:17,Medium,Snow,Dry,2,26.825,-103.4145
2752,Chicago,2022-02-15,06:30,Low,Fog,Dry,2,46.2466,-85.5989
2753,Houston,2023-09-28,09:45,Low,Hail,Dry,3,47.3268,-101.9399
2754,San Jose,2021-11-17,12:20,High,Rain,Icy,5,36.3395,-108.6271
2755,Chicago,2022-04-04,09:26,Low,Fog,Icy,4,32.1457,-116.1972
2756,Houston,2023-04-06,12:38,High,Clear,Icy,5,46.9745,-103.75
2757,Jacksonville,2023-10-30,19:03,Low,Clear,Dry,3,38.239,-88.0852
2758,New York,2021-11-14,07:17,Medium,Fog,Icy,2,32.0221,-87.5334
2759,Philadelphia,2021-12-09,13:26,Medium,Rain,Dry,1,46.9631,-80.1679
2760,New York,2023-11-03,22:17,Low,Cloudy,Wet,1,44.2856,-104.6505
2761,Chicago,2022-03-25,12:15,High,Clear,Under Construction,4,27.3995,-104.0121
2762,New York,2022-06-19,09:56,Low,Clear,Dry,5,45.4822,-96.8031
2763,Indianapolis,2022-07-02,21:52,Medium,Clear,Dry,3,42.2359,-101.4554
2764,New York,2022-09-05,16:04,Medium,Fog,Icy,3,34.4017,-83.5779
2765,Dallas,2021-11-11,19:23,Low,Clear,Slippery,3,47.3065,-84.4219
2766,New York,2022-03-22,15:55,Medium,Clear,Dry,2,27.0548,-113.7468
2767,Charlotte,2022-01-09,12:13,Low,Rain,Wet,3,42.2129,-121.8686
2768,Chicago,2021-02-15,19:53,Medium,Cloudy,Wet,1,38.9644,-118.6369
2769,Los Angeles,2023-09-17,11:04,Medium,Clear,Dry,3,38.8924,-113.409
2770,Charlotte,2022-02-26,17:27,Medium,Clear,Icy,2,36.899,-88.5072
2771,Houston,2023-09-02,09:28,Low,Clear,Slippery,4,25.4311,-105.0405
2772,Los Angeles,2022-06-24,17:45,High,Clear,Icy,5,35.8273,-96.3833
2773,Philadelphia,2022-11-20,20:51,High,Fog,Icy,3,42.6567,-77.353
2774,Los Angeles,2021-04-21,13:44,High,Clear,Dry,4,35.7323,-70.3063
2775,San Diego,2021-04-08,06:21,Medium,Snow,Icy,5,47.1016,-109.4996
2776,Los Angeles,2021-05-27,19:42,Medium,Clear,Dry,3,35.7709,-95.975
2777,Chicago,2023-04-02,09:14,Medium,Fog,Dry,1,34.0507,-104.9025
2778,San Diego,2023-02-06,13:39,Low,Snow,Wet,3,33.0389,-121.082
2779,Chicago,2022-12-06,13:38,Medium,Cloudy,Dry,4,34.2564,-113.92
2780,San Antonio,2023-12-24,18:16,Low,Clear,Dry,2,42.0583,-87.9295
2781,New York,2022-09-11,12:19,Low,Clear,Wet,4,39.5728,-117.0072
2782,Dallas,2023-10-07,17:31,High,Rain,Under Construction,1,37.7873,-84.8905
2783,Dallas,2022-11-28,23:33,Medium,Clear,Wet,4,25.8528,-98.0031
2784,New York,2022-01-27,16:24,Low,Clear,Wet,1,42.4335,-99.2069
2785,Philadelphia,2021-03-14,21:29,Medium,Rain,Dry,4,41.1168,-112.7389
2786,New York,2023-12-20,10:43,High,Clear,Wet,3,38.3009,-81.4091
2787,Los Angeles,2023-05-19,12:43,High,Fog,Dry,2,33.4643,-86.962
2788,Houston,2022-12-31,17:38,Medium,Rain,Dry,5,29.9312,-81.4873
2789,Austin,2022-03-14,08:22,Medium,Rain,Dry,2,26.084,-97.659
2790,Chicago,2022-09-27,07:40,Medium,Clear,Slippery,2,32.2139,-84.9621
2791,Columbus,2023-04-28,12:52,High,Clear,Under Construction,2,41.1827,-77.584
2792,Houston,2021-01-23,17:58,Medium,Snow,Icy,4,44.4001,-92.8426
2793,Phoenix,2021-11-11,12:01,High,Clear,Slippery,4,30.4575,-84.0681
2794,New York,2022-06-26,18:51,High,Snow,Wet,4,46.5964,-116.6083
2795,Austin,2021-09-16,17:12,Low,Clear,Wet,3,44.935,-80.1346
2796,Phoenix,2021-06-19,21:37,Medium,Rain,Under Construction,3,43.6303,-77.0124
2797,Chicago,2023-03-19,22:48,High,Rain,Dry,3,41.1015,-112.5951
2798,New York,2022-10-12,09:59,Medium,Fog,Wet,3,26.9625,-102.1336
2799,Dallas,2023-07-11,08:01,Low,Clear,Icy,5,27.3061,-91.1582
2800,Houston,2023-06-30,19:46,Low,Clear,Icy,3,44.825,-73.1668
2801,Los Angeles,2022-06-17,12:08,High,Clear,Wet,2,30.5875,-108.1179
2802,Los Angeles,2021-05-03,20:07,Low,Clear,Dry,2,25.0372,-96.9525
2803,Columbus,2023-03-20,21:29,Low,Rain,Under Construction,4,35.0163,-71.4911
2804,New York,2022-05-01,18:24,Medium,Clear,Dry,4,40.848,-118.5846
2805,Phoenix,2023-05-03,08:06,Low,Rain,Icy,4,37.901,-87.8479
2806,Philadelphia,2021-07-30,14:52,Low,Cloudy,Wet,4,44.4339,-87.9743
2807,Houston,2023-04-01,09:27,Low,Rain,Dry,3,41.5123,-86.3963
2808,Chicago,2022-04-18,16:01,High,Fog,Wet,5,41.5443,-82.9642
2809,Chicago,2021-02-01,08:08,Medium,Clear,Under Construction,4,40.7016,-115.5841
2810,Philadelphia,2021-05-22,18:23,Low,Clear,Wet,5,33.999,-72.3668
2811,Indianapolis,2023-08-05,09:07,High,Clear,Dry,4,41.7584,-81.3901
2812,Austin,2022-11-30,22:25,Low,Clear,Wet,1,37.6593,-95.4777
2813,New York,2023-01-22,19:32,High,Cloudy,Dry,3,37.5404,-82.6877
2814,San Antonio,2022-09-03,08:53,Low,Clear,Dry,3,44.5795,-97.0391
2815,Philadelphia,2022-11-24,21:24,Medium,Fog,Dry,2,41.8913,-106.1786
2816,Los Angeles,2021-07-01,07:34,Low,Clear,Wet,5,41.2503,-92.5544
2817,Austin,2021-01-25,21:21,High,Rain,Dry,4,26.8733,-96.7315
2818,Houston,2021-02-24,08:22,Medium,Clear,Wet,1,27.9801,-74.676
2819,Indianapolis,2023-02-22,00:05,Low,Snow,Icy,5,38.5837,-111.1406
2820,New York,2023-07-07,12:16,Medium,Fog,Dry,4,44.9104,-99.3497
2821,Los Angeles,2021-05-05,00:17,Low,Hail,Icy,5,43.3779,-98.3376
2822,San Jose,2022-04-23,19:40,Medium,Clear,Dry,3,38.3433,-100.1497
2823,Indianapolis,2023-07-14,11:48,High,Clear,Slippery,1,42.9281,-106.2859
2824,New York,2022-07-30,20:54,Low,Snow,Dry,2,44.405,-93.8471
2825,Chicago,2022-12-07,12:54,Low,Rain,Dry,5,45.493,-103.2863
2826,Jacksonville,2022-09-05,19:26,Low,Clear,Under Construction,5,35.8711,-106.053
2827,Dallas,2023-07-10,11:43,Medium,Rain,Wet,4,28.4891,-101.8551
2828,Los Angeles,2022-03-07,10:21,High,Clear,Dry,1,39.0037,-108.5933
2829,Dallas,2023-02-18,14:22,Low,Clear,Wet,5,29.1859,-76.9939
2830,New York,2023-04-16,05:33,Medium,Rain,Dry,4,45.3125,-75.7007
2831,New York,2023-06-19,16:29,Medium,Rain,Slippery,4,28.3192,-110.4133
2832,Dallas,2023-08-18,16:56,Medium,Clear,Wet,1,26.269,-99.2341
2833,New York,2022-05-04,23:07,Medium,Clear,Wet,1,34.3579,-71.7245
2834,Los Angeles,2021-12-10,10:10,Medium,Fog,Dry,2,29.9605,-91.3519
2835,New York,2022-04-16,09:24,Medium,Fog,Dry,4,38.018,-71.3358
2836,Houston,2022-04-10,17:00,Low,Clear,Dry,5,45.239,-105.1978
2837,New York,2021-10-15,16:05,Low,Rain,Icy,1,43.0658,-77.2027
2838,Austin,2022-06-27,09:56,Low,Rain,Icy,3,30.6444,-115.9447
2839,Los Angeles,2023-12-02,19:16,Low,Clear,Dry,1,32.4516,-71.3298
2840,Indianapolis,2023-04-21,18:19,Low,Snow,Dry,4,37.6649,-88.8478
2841,San Diego,2023-07-04,15:01,Low,Fog,Under Construction,2,27.8139,-75.8389
2842,New York,2023-09-12,03:57,High,Cloudy,Wet,4,46.2176,-72.5261
2843,Philadelphia,2021-09-27,14:30,Medium,Clear,Slippery,4,29.6686,-80.5258
2844,Austin,2021-06-06,09:10,Medium,Fog,Dry,1,35.8995,-87.3403
2845,Houston,2023-03-15,10:07,Low,Fog,Wet,5,25.1525,-121.7666
2846,Los Angeles,2022-10-26,06:02,Medium,Clear,Dry,1,28.3842,-113.721
2847,Phoenix,2021-01-08,06:56,Low,Cloudy,Dry,3,37.186,-89.7853
2848,Los Angeles,2021-05-20,05:56,Medium,Snow,Dry,1,42.9381,-103.5134
2849,Houston,2023-04-11,17:36,Low,Snow,Dry,4,26.2742,-94.2032
2850,Charlotte,2022-12-01,10:34,High,Clear,Wet,3,36.6768,-96.3426
2851,Houston,2022-05-03,17:13,Medium,Clear,Dry,1,44.8819,-104.5502
2852,Phoenix,2021-11-11,08:25,Low,Rain,Dry,1,39.2821,-98.0642
2853,New York,2021-07-15,11:46,Medium,Rain,Icy,4,40.3941,-120.5591
2854,New York,2021-09-22,11:36,Low,Rain,Wet,3,27.9055,-110.2041
2855,Jacksonville,2021-11-02,22:28,High,Rain,Slippery,4,38.4663,-95.7129
2856,Columbus,2021-07-31,11:40,High,Snow,Dry,2,43.4477,-88.4119
2857,Indianapolis,2021-06-20,09:10,High,Rain,Icy,4,31.9622,-77.321
2858,Philadelphia,2022-09-27,21:19,Medium,Clear,Dry,4,27.9966,-90.7329
2859,Dallas,2023-11-26,21:15,Low,Rain,Under Construction,4,41.7352,-109.747
2860,Phoenix,2023-06-09,18:29,High,Clear,Dry,3,29.5437,-76.0662
2861,Phoenix,2022-09-16,16:29,Low,Hail,Dry,4,27.5373,-74.9918
2862,Jacksonville,2022-09-22,08:33,Medium,Snow,Wet,5,26.0781,-80.0838
2863,New York,2022-07-08,21:41,Low,Clear,Wet,4,47.1032,-89.4228
2864,San Antonio,2021-04-13,15:00,Medium,Clear,Dry,4,27.9312,-76.293
2865,Indianapolis,2023-04-11,12:49,High,Clear,Dry,2,46.2254,-110.5172
2866,New York,2022-04-18,04:48,High,Cloudy,Wet,1,45.9845,-86.704
2867,Charlotte,2021-10-31,13:06,Low,Rain,Icy,4,32.147,-118.5767
2868,Houston,2023-10-04,22:21,High,Clear,Dry,1,36.9992,-115.4546
2869,San Antonio,2022-04-02,08:21,High,Clear,Icy,2,28.632,-93.9874
2870,San Diego,2022-05-12,19:48,Low,Clear,Dry,4,43.1129,-80.543
2871,Jacksonville,2021-06-18,23:15,Low,Clear,Dry,2,42.0603,-97.8214
2872,New York,2022-04-29,12:00,Low,Rain,Dry,1,41.1729,-88.9199
2873,Houston,2023-06-05,10:29,High,Rain,Dry,4,36.5745,-109.0302
2874,Charlotte,2022-10-28,10:42,Medium,Clear,Wet,1,34.2127,-96.3791
2875,New York,2021-10-22,18:47,Medium,Hail,Icy,3,46.7601,-110.319
2876,Dallas,2022-02-07,10:14,Medium,Clear,Dry,2,42.0049,-87.0628
2877,Chicago,2022-01-11,19:44,Medium,Rain,Dry,4,29.5569,-78.9838
2878,Los Angeles,2023-11-13,06:14,High,Clear,Dry,2,26.1609,-70.7405
2879,Los Angeles,2023-05-17,10:54,Low,Rain,Dry,5,37.3909,-112.0744
2880,Los Angeles,2023-07-29,07:15,Low,Cloudy,Dry,2,30.7164,-115.1324
2881,Dallas,2021-07-16,19:31,Low,Clear,Wet,4,26.2452,-91.4366
2882,New York,2022-07-01,16:44,Low,Cloudy,Icy,3,46.765,-101.5499
2883,Los Angeles,2021-05-26,06:39,High,Snow,Dry,2,36.7459,-79.7416
2884,San Antonio,2023-09-23,18:04,High,Snow,Wet,3,45.7786,-103.8366
2885,San Antonio,2022-04-03,18:19,Low,Fog,Dry,4,27.5317,-86.0157
2886,Columbus,2022-10-06,11:07,Low,Fog,Dry,5,39.5315,-115.164
2887,Jacksonville,2022-07-23,12:01,Medium,Fog,Dry,1,40.4411,-76.6244
2888,Houston,2023-01-17,20:45,Low,Clear,Icy,4,35.0238,-118.1958
2889,Chicago,2021-03-27,10:03,Medium,Clear,Icy,4,38.6999,-98.0499
2890,Los Angeles,2021-06-08,10:43,High,Clear,Slippery,1,42.1387,-91.1712
2891,Los Angeles,2021-08-12,04:58,Medium,Fog,Icy,2,38.7976,-96.7492
2892,New York,2023-11-18,14:35,Medium,Clear,Icy,4,40.0982,-101.9346
2893,Houston,2022-05-13,15:07,Medium,Fog,Wet,1,37.1312,-86.3773
2894,Indianapolis,2023-05-12,21:02,Medium,Rain,Dry,4,42.4511,-94.1123
2895,Phoenix,2021-11-25,11:11,Low,Cloudy,Wet,2,43.9548,-84.3519
2896,Chicago,2021-08-18,17:55,Low,Clear,Dry,4,31.5025,-97.7623
2897,San Jose,2022-04-03,18:45,High,Clear,Icy,5,35.1992,-76.016
2898,Chicago,2023-01-31,06:16,Low,Rain,Dry,1,30.9849,-96.9981
2899,Phoenix,2021-03-14,21:24,Medium,Clear,Dry,5,32.7654,-96.446
2900,Chicago,2021-07-26,06:19,Low,Rain,Icy,4,29.7662,-106.2091
2901,San Antonio,2021-07-03,14:58,Medium,Rain,Dry,1,28.0982,-94.4787
2902,Austin,2022-12-10,12:48,Low,Rain,Dry,2,25.4239,-111.5967
2903,Phoenix,2023-02-15,13:35,Medium,Clear,Dry,3,31.5129,-97.0147
2904,New York,2021-11-11,01:06,Medium,Clear,Dry,3,32.7514,-120.7637
2905,San Antonio,2021-04-29,23:18,Low,Windy,Wet,5,38.4814,-93.3708
2906,Houston,2022-03-04,15:31,Medium,Rain,Dry,3,33.6827,-101.6302
2907,San Jose,2021-01-28,08:50,Low,Clear,Wet,1,25.6879,-117.8677
2908,Chicago,2022-04-03,10:39,High,Windy,Dry,3,27.4462,-70.4373
2909,Houston,2023-04-26,10:17,Low,Rain,Dry,2,33.2622,-94.8628
2910,Los Angeles,2023-02-13,07:21,Medium,Rain,Dry,2,27.9301,-120.0575
2911,New York,2022-04-05,20:18,Low,Rain,Slippery,1,29.2424,-117.9017
2912,New York,2023-01-26,14:47,Low,Cloudy,Slippery,2,42.7607,-95.6443
2913,Houston,2021-01-25,11:26,Low,Rain,Dry,2,30.0027,-115.3913
2914,Los Angeles,2023-12-16,15:49,Medium,Clear,Wet,2,34.5745,-105.028
2915,Austin,2023-08-29,12:20,High,Snow,Dry,3,28.5717,-114.4731
2916,Los Angeles,2022-06-16,17:09,Medium,Clear,Wet,2,44.971,-109.7953
2917,Los Angeles,2021-06-07,10:02,Low,Snow,Dry,5,25.726,-114.07
2918,New York,2023-02-19,16:51,Low,Clear,Icy,5,34.4016,-102.0718
2919,San Jose,2021-02-20,09:59,Low,Rain,Icy,1,44.1088,-79.6417
2920,Charlotte,2021-09-14,18:54,High,Rain,Dry,3,41.7045,-100.7212
2921,Los Angeles,2022-03-09,10:02,Low,Clear,Icy,5,27.3838,-72.9189
2922,Charlotte,2021-08-01,10:21,Medium,Clear,Dry,1,35.2335,-91.4632
2923,New York,2021-01-05,10:28,Low,Clear,Wet,1,43.5535,-75.0578
2924,Austin,2023-07-18,06:42,Medium,Clear,Dry,1,31.0416,-80.0235
2925,New York,2023-03-10,09:30,Medium,Rain,Wet,4,38.7918,-80.8909
2926,Los Angeles,2023-07-21,18:01,High,Cloudy,Dry,5,39.4299,-90.1013
2927,Charlotte,2023-12-12,13:38,Low,Clear,Dry,5,31.6454,-112.3372
2928,New York,2023-04-09,22:04,Low,Clear,Dry,4,33.0636,-73.1042
2929,Charlotte,2021-04-04,11:59,Low,Rain,Dry,1,47.9184,-90.6668
2930,New York,2022-11-12,10:50,Low,Clear,Dry,3,25.4903,-107.3933
2931,Houston,2022-08-19,22:25,Low,Rain,Icy,5,43.7751,-91.271
2932,Houston,2023-11-08,09:04,High,Clear,Icy,1,47.7292,-74.0896
2933,San Jose,2023-07-23,19:00,Medium,Cloudy,Icy,2,40.0384,-105.7137
2934,Los Angeles,2022-09-27,16:51,High,Clear,Wet,1,46.4263,-118.158
2935,Houston,2021-08-07,15:48,Low,Clear,Wet,2,46.204,-108.0614
2936,Chicago,2022-08-25,06:51,High,Clear,Dry,2,30.3658,-87.5771
2937,Houston,2022-09-13,17:46,Medium,Clear,Slippery,2,38.0536,-116.3373
2938,Los Angeles,2021-02-24,19:46,Low,Clear,Slippery,1,32.1557,-85.8739
2939,Indianapolis,2022-01-04,12:25,Low,Clear,Dry,5,35.9853,-78.7635
2940,Los Angeles,2022-04-28,06:29,Medium,Clear,Dry,2,31.2801,-96.2439
2941,Austin,2021-11-08,21:12,High,Snow,Icy,4,44.7299,-71.5731
2942,Jacksonville,2022-05-14,19:09,Medium,Clear,Dry,1,30.9978,-117.9315
2943,Austin,2022-05-10,09:12,High,Rain,Wet,4,46.5562,-99.6181
2944,New York,2023-01-19,11:41,High,Snow,Dry,2,27.7242,-84.7109
2945,Houston,2023-03-07,07:01,High,Rain,Dry,3,42.2527,-101.5565
2946,Philadelphia,2023-04-01,08:37,Medium,Clear,Slippery,3,33.2942,-121.7451
2947,Los Angeles,2022-04-18,16:15,Low,Rain,Under Construction,5,47.668,-101.3283
2948,San Antonio,2021-11-06,11:08,High,Clear,Dry,2,33.9569,-119.213
2949,Indianapolis,2021-04-09,17:50,High,Rain,Wet,1,43.8135,-99.9451
2950,Houston,2023-05-01,05:37,Medium,Fog,Under Construction,5,39.4164,-117.7412
2951,New York,2021-06-29,20:00,Medium,Rain,Wet,2,37.2097,-106.2463
2952,New York,2023-02-08,19:39,Medium,Hail,Slippery,5,44.612,-97.1403
2953,New York,2022-02-07,17:13,Low,Clear,Dry,4,46.8198,-109.2594
2954,Indianapolis,2023-04-26,20:23,Medium,Clear,Dry,1,42.7583,-94.4241
2955,Houston,2021-10-06,20:01,Medium,Rain,Under Construction,3,27.796,-102.0109
2956,Los Angeles,2022-04-03,19:09,Low,Clear,Wet,5,30.4909,-95.6494
2957,San Antonio,2022-10-11,21:39,Medium,Rain,Dry,2,28.3889,-81.3593
2958,Los Angeles,2021-05-19,18:46,Low,Clear,Icy,5,28.4313,-75.8827
2959,New York,2023-04-04,19:58,Low,Rain,Dry,3,38.9153,-89.5199
2960,Charlotte,2022-10-20,19:10,Low,Cloudy,Dry,3,30.9372,-86.4427
2961,Austin,2022-07-25,18:15,Medium,Clear,Wet,5,35.0051,-116.1258
2962,Indianapolis,2021-08-26,05:50,Low,Clear,Dry,5,25.564,-92.7797
2963,Chicago,2023-09-08,06:21,Low,Rain,Icy,1,42.7312,-74.688
2964,Phoenix,2021-12-08,18:33,Medium,Clear,Dry,1,40.8262,-121.1778
2965,Houston,2022-06-30,22:15,Low,Clear,Wet,4,34.0912,-120.8307
2966,Chicago,2021-10-26,08:32,Medium,Clear,Wet,3,40.1316,-91.3493
2967,Dallas,2023-09-30,13:14,High,Fog,Dry,3,47.4652,-77.6588
2968,Philadelphia,2022-10-09,18:04,Medium,Clear,Wet,3,40.6904,-118.1785
2969,Indianapolis,2023-09-09,17:25,Medium,Clear,Wet,2,47.1099,-101.5669
2970,New York,2023-08-07,20:06,Low,Rain,Wet,2,29.7216,-120.4073
2971,Houston,2021-01-30,14:23,Low,Fog,Wet,2,38.2948,-113.3613
2972,New York,2022-06-02,23:35,Medium,Hail,Icy,2,43.3855,-119.9556
2973,Phoenix,2023-08-25,17:33,Low,Rain,Dry,4,47.5766,-82.3502
2974,Los Angeles,2022-08-19,15:09,Medium,Clear,Wet,1,37.6595,-114.8382
2975,New York,2023-08-21,09:43,Medium,Clear,Wet,4,42.5267,-111.1143
2976,San Antonio,2023-03-22,11:10,Medium,Clear,Dry,1,25.4214,-103.1015
2977,San Antonio,2021-06-15,02:07,Medium,Fog,Wet,2,34.8733,-113.0083
2978,New York,2021-04-08,01:26,Medium,Clear,Dry,2,42.1539,-94.4948
2979,San Diego,2021-01-06,17:12,Medium,Snow,Wet,2,47.9026,-104.7935
2980,San Jose,2022-02-24,15:27,Low,Hail,Dry,5,27.5727,-100.3918
2981,Jacksonville,2023-03-23,08:27,Medium,Rain,Icy,4,41.7183,-106.1115
2982,Los Angeles,2022-05-25,08:00,Low,Clear,Slippery,4,27.2906,-101.6699
2983,Philadelphia,2023-08-09,00:43,Low,Fog,Wet,1,32.5716,-87.8938
2984,San Antonio,2023-10-01,12:09,Medium,Rain,Wet,5,27.9807,-117.0136
2985,New York,2023-01-05,00:52,Medium,Snow,Wet,4,27.2705,-84.6204
2986,Los Angeles,2022-02-04,07:53,Low,Clear,Dry,2,28.0627,-80.7545
2987,Philadelphia,2021-04-09,10:53,High,Rain,Wet,2,33.0464,-107.9073
2988,Dallas,2021-04-28,22:54,Medium,Clear,Slippery,2,38.7037,-119.5704
2989,Chicago,2021-08-07,06:58,Low,Clear,Wet,4,44.201,-97.9236
2990,New York,2021-12-29,12:14,Medium,Rain,Dry,2,25.4571,-74.7593
2991,Columbus,2023-01-05,19:34,Medium,Fog,Wet,1,44.2457,-99.5481
2992,Los Angeles,2022-09-26,19:08,High,Clear,Under Construction,3,47.0714,-82.0553
2993,New York,2023-01-17,16:11,Medium,Clear,Dry,3,35.2331,-90.8216
2994,San Jose,2021-06-30,06:12,High,Fog,Dry,3,42.4477,-97.6777
2995,Chicago,2021-10-20,12:16,High,Clear,Under Construction,1,37.6383,-71.0969
2996,Houston,2023-01-01,22:36,High,Fog,Dry,3,40.1638,-71.8584
2997,Los Angeles,2022-01-07,06:13,Medium,Rain,Dry,1,46.0545,-111.8206
2998,New York,2023-07-29,12:47,Medium,Rain,Slippery,5,39.2008,-110.1814
2999,New York,2023-10-13,09:57,Low,Clear,Icy,5,42.3673,-97.0835
3000,Columbus,2021-09-17,13:40,Low,Clear,Dry,2,29.8586,-86.8085
3001,Austin,2023-11-30,17:56,Medium,Fog,Under Construction,5,44.7979,-95.3707
3002,San Jose,2023-11-16,17:34,Low,Clear,Wet,4,41.0236,-119.3402
3003,Los Angeles,2021-01-18,17:30,Medium,Rain,Under Construction,3,42.9822,-105.7431
3004,Los Angeles,2022-06-02,20:19,High,Clear,Dry,2,42.1078,-114.9572
3005,Chicago,2022-12-05,10:14,Medium,Clear,Wet,4,25.7128,-80.3827
3006,San Diego,2022-06-15,09:37,Medium,Cloudy,Wet,5,42.0378,-97.9728
3007,Chicago,2023-05-29,11:54,Medium,Clear,Wet,3,34.5827,-70.7164
3008,Chicago,2021-05-28,11:33,High,Windy,Wet,4,44.3432,-85.942
3009,San Diego,2021-04-27,23:41,High,Snow,Dry,4,27.1601,-74.0973
3010,San Diego,2022-01-31,10:01,Low,Rain,Dry,5,28.6046,-112.0811
3011,Los Angeles,2023-10-24,10:00,Low,Rain,Wet,2,46.9405,-104.6824
3012,New York,2021-03-30,18:14,High,Clear,Icy,4,32.2464,-113.7517
3013,Dallas,2022-05-03,10:42,High,Clear,Dry,3,38.6674,-119.2112
3014,Los Angeles,2021-10-14,22:15,Medium,Clear,Icy,3,45.3833,-91.5717
3015,Dallas,2023-01-02,10:22,High,Clear,Under Construction,1,25.942,-116.0956
3016,Indianapolis,2022-05-31,05:26,Low,Cloudy,Dry,3,43.3844,-80.4418
3017,Philadelphia,2021-08-16,18:06,Low,Rain,Dry,2,35.985,-83.9142
3018,New York,2021-01-30,19:20,Medium,Clear,Dry,2,45.8461,-93.8669
3019,New York,2022-05-01,17:40,Low,Clear,Wet,3,30.7116,-121.7727
3020,Austin,2022-06-10,11:20,Low,Clear,Dry,4,29.8817,-104.6928
3021,San Jose,2021-01-14,13:31,Medium,Rain,Slippery,2,30.338,-114.8813
3022,Philadelphia,2023-04-20,20:12,Medium,Clear,Icy,1,25.6723,-112.747
3023,Dallas,2022-05-16,12:24,High,Snow,Slippery,4,45.4652,-92.7341
3024,New York,2022-01-12,22:11,Medium,Clear,Dry,1,34.2095,-98.1886
3025,Houston,2021-03-18,12:58,High,Clear,Dry,1,28.9708,-119.0975
3026,New York,2022-03-04,09:39,Medium,Rain,Dry,1,33.795,-84.138
3027,Dallas,2022-02-01,17:48,Low,Fog,Slippery,1,42.0346,-113.8073
3028,New York,2023-02-13,19:39,Low,Clear,Dry,1,28.6712,-74.1785
3029,Philadelphia,2021-03-28,20:57,High,Rain,Wet,4,42.2177,-112.5448
3030,Philadelphia,2021-04-21,10:39,Medium,Rain,Slippery,2,45.4853,-73.4563
3031,Los Angeles,2021-05-08,12:09,Medium,Snow,Wet,1,47.0797,-70.9958
3032,Philadelphia,2021-12-09,12:36,High,Clear,Wet,3,36.5752,-105.1497
3033,Jacksonville,2022-07-09,13:00,Medium,Rain,Dry,4,45.3807,-72.558
3034,Los Angeles,2023-06-21,07:40,High,Clear,Dry,2,35.4201,-97.7796
3035,Columbus,2022-05-29,13:35,Low,Clear,Icy,5,31.2694,-105.4598
3036,New York,2023-08-17,13:55,Medium,Clear,Wet,5,38.9533,-72.4182
3037,Houston,2021-11-10,15:09,Low,Rain,Wet,2,45.5524,-86.2751
3038,Chicago,2021-05-26,18:48,Low,Clear,Dry,4,26.7142,-95.1708
3039,Dallas,2023-05-19,03:24,Low,Rain,Icy,1,40.8694,-71.8879
3040,Indianapolis,2023-04-03,11:30,Medium,Clear,Dry,4,38.4006,-112.0728
3041,San Jose,2021-09-10,20:48,Low,Rain,Dry,3,40.4618,-107.957
3042,Philadelphia,2023-03-28,19:05,Low,Rain,Wet,5,25.4536,-99.1204
3043,Phoenix,2021-08-31,13:44,Medium,Clear,Slippery,1,33.4414,-119.9507
3044,Charlotte,2023-08-16,17:46,Medium,Clear,Dry,2,34.7669,-93.5055
3045,Chicago,2023-02-03,18:38,Medium,Rain,Dry,1,40.4029,-104.9688
3046,Austin,2021-05-18,06:59,High,Clear,Dry,1,36.4163,-83.6807
3047,Chicago,2021-02-27,18:00,Low,Rain,Wet,2,40.7798,-73.6249
3048,Los Angeles,2022-04-16,17:39,Low,Windy,Dry,4,33.3829,-89.5327
3049,San Diego,2023-08-28,09:29,Medium,Snow,Dry,2,44.9676,-100.0424
3050,Jacksonville,2023-07-14,18:16,Low,Clear,Wet,5,42.5617,-108.5884
3051,Houston,2021-12-06,05:05,Low,Fog,Dry,3,25.905,-80.746
3052,Indianapolis,2023-01-21,06:57,Low,Cloudy,Under Construction,2,44.9732,-80.9504
3053,San Jose,2023-03-21,18:49,Medium,Clear,Dry,4,42.6438,-121.7505
3054,San Jose,2023-12-22,10:31,High,Rain,Wet,1,43.3986,-94.9098
3055,Los Angeles,2023-03-12,14:05,Medium,Clear,Dry,3,36.5763,-113.1124
3056,Los Angeles,2021-04-03,17:28,Low,Rain,Wet,4,29.8093,-108.5613
3057,Dallas,2022-05-14,10:28,Low,Cloudy,Dry,1,45.954,-95.0599
3058,Houston,2021-05-26,22:16,Medium,Rain,Wet,3,38.7184,-79.4377
3059,Philadelphia,2021-06-06,09:52,Low,Rain,Dry,4,41.6339,-111.6749
3060,Philadelphia,2022-07-18,17:54,High,Clear,Dry,4,31.088,-103.9994
3061,New York,2023-10-12,17:08,High,Clear,Icy,5,36.892,-76.0127
3062,Jacksonville,2023-09-19,21:35,Medium,Clear,Dry,3,35.821,-86.4794
3063,New York,2022-07-28,13:24,Low,Clear,Dry,1,36.0809,-93.5225
3064,Columbus,2022-06-01,17:50,Low,Clear,Dry,4,32.7268,-119.5342
3065,San Antonio,2022-07-10,11:09,High,Clear,Slippery,4,39.2525,-95.8208
3066,Phoenix,2023-07-21,16:34,High,Clear,Dry,5,30.9336,-98.5002
3067,Los Angeles,2022-08-27,22:15,Low,Rain,Under Construction,5,47.7959,-70.8465
3068,New York,2023-05-02,23:58,Low,Rain,Dry,4,32.656,-70.4656
3069,Los Angeles,2022-03-04,09:57,Medium,Clear,Icy,5,31.5859,-106.6805
3070,San Diego,2022-05-12,12:50,Medium,Cloudy,Dry,3,34.4206,-80.2275
3071,Charlotte,2021-10-06,17:44,High,Clear,Slippery,4,25.6491,-100.218
3072,Chicago,2022-06-01,14:55,Low,Clear,Dry,2,35.3387,-73.9622
3073,Jacksonville,2022-05-10,09:13,High,Clear,Slippery,4,26.5503,-100.4795
3074,Columbus,2021-11-28,10:29,Low,Clear,Dry,1,27.9913,-118.0221
3075,Los Angeles,2021-01-30,13:54,High,Rain,Icy,4,34.5725,-105.4146
3076,Phoenix,2022-09-04,11:55,Medium,Clear,Dry,3,41.299,-106.5845
3077,San Antonio,2023-12-07,21:10,Medium,Rain,Dry,1,46.5773,-74.4267
3078,Houston,2023-12-08,17:24,Low,Cloudy,Icy,5,31.2677,-91.3547
3079,Philadelphia,2023-12-14,18:11,High,Windy,Icy,3,35.3272,-120.1278
3080,San Diego,2021-11-12,04:05,High,Clear,Wet,5,44.9421,-98.0659
3081,Charlotte,2021-12-10,08:10,Low,Clear,Dry,4,47.5437,-115.4076
3082,Phoenix,2023-06-26,21:47,Low,Clear,Wet,3,29.2815,-114.5107
3083,Dallas,2023-08-06,18:01,Low,Rain,Slippery,4,37.9039,-78.7796
3084,New York,2023-06-16,22:47,Low,Rain,Icy,3,39.6677,-103.9581
3085,Columbus,2023-01-25,13:21,Low,Hail,Dry,4,36.4932,-84.8805
3086,Los Angeles,2021-03-16,05:21,Medium,Fog,Dry,1,46.6549,-81.6506
3087,Austin,2022-03-28,18:42,Low,Clear,Slippery,4,46.224,-120.8224
3088,San Jose,2021-12-01,19:02,High,Clear,Dry,4,36.9878,-84.2248
3089,Houston,2022-04-02,23:50,High,Rain,Dry,1,27.392,-97.2128
3090,Houston,2021-05-22,11:37,Medium,Clear,Slippery,4,30.3555,-101.6693
3091,Chicago,2022-12-05,11:00,High,Rain,Slippery,3,42.1609,-99.5758
3092,Los Angeles,2022-04-13,08:45,High,Hail,Dry,5,38.8526,-103.683
3093,New York,2023-08-11,21:28,Medium,Clear,Dry,5,31.0207,-105.7351
3094,Los Angeles,2022-07-26,22:26,Medium,Clear,Wet,3,29.7456,-117.5726
3095,Philadelphia,2021-04-07,08:15,Low,Clear,Wet,5,36.4724,-76.9085
3096,Los Angeles,2023-02-09,07:14,Medium,Rain,Dry,5,42.8264,-118.0638
3097,Austin,2021-02-04,22:23,Low,Clear,Icy,3,34.2851,-120.8989
3098,San Jose,2023-07-11,13:32,Low,Clear,Dry,5,34.9243,-89.7083
3099,San Diego,2023-08-06,17:37,Low,Hail,Dry,3,39.0669,-102.7156
3100,Chicago,2023-01-24,02:21,Medium,Rain,Dry,5,41.3317,-117.6851
3101,Columbus,2021-08-23,10:23,High,Clear,Dry,2,39.3581,-73.0129
3102,San Diego,2022-10-03,07:54,Low,Snow,Dry,4,45.5671,-81.7707
3103,New York,2023-10-23,07:48,Medium,Clear,Dry,2,27.1282,-78.724
3104,Chicago,2023-02-06,13:45,Low,Snow,Dry,2,35.8924,-101.9427
3105,Phoenix,2022-06-21,13:01,Medium,Clear,Under Construction,2,43.9183,-103.1564
3106,New York,2022-05-11,07:59,Low,Windy,Slippery,3,25.221,-85.484
3107,Los Angeles,2022-02-15,23:27,Medium,Fog,Dry,3,27.0758,-80.5447
3108,New York,2021-07-01,19:57,Medium,Rain,Dry,5,32.2906,-92.4545
3109,Phoenix,2021-02-25,09:52,High,Clear,Icy,2,45.7975,-105.1043
3110,Columbus,2023-04-13,00:35,Low,Hail,Dry,3,42.0433,-84.0472
3111,Dallas,2022-04-23,09:32,Medium,Clear,Wet,5,34.9453,-112.8532
3112,New York,2023-08-04,12:26,Medium,Clear,Dry,1,28.467,-81.7899
3113,Los Angeles,2021-06-26,20:45,Low,Clear,Dry,5,44.7638,-92.8549
3114,New York,2021-11-30,16:38,Medium,Rain,Dry,4,40.5808,-106.295
3115,Austin,2023-01-09,07:07,Low,Rain,Wet,5,28.5438,-87.1235
3116,Dallas,2022-01-29,10:35,Medium,Clear,Under Construction,2,42.4886,-76.1879
3117,Indianapolis,2023-03-28,13:19,Medium,Rain,Dry,4,26.9568,-77.3706
3118,Philadelphia,2022-03-22,17:57,Medium,Cloudy,Icy,4,31.6829,-105.3049
3119,Los Angeles,2021-03-03,06:46,Low,Fog,Under Construction,3,46.9118,-108.2982
3120,New York,2023-01-24,12:31,High,Rain,Dry,1,44.0067,-96.2116
3121,Chicago,2022-12-12,18:09,High,Rain,Dry,4,42.3858,-111.1337
3122,San Diego,2023-03-19,02:12,High,Rain,Dry,1,32.2555,-75.7817
3123,Indianapolis,2023-06-20,22:01,Medium,Rain,Dry,2,26.3898,-101.2553
3124,San Antonio,2023-08-04,02:22,Low,Cloudy,Slippery,4,34.1359,-90.561
3125,Los Angeles,2021-10-08,23:15,Medium,Clear,Dry,3,37.027,-121.5371
3126,Charlotte,2021-02-24,15:55,Low,Clear,Dry,2,29.1999,-106.4913
3127,Chicago,2021-03-04,19:25,Medium,Rain,Dry,5,40.9503,-93.2929
3128,San Antonio,2021-12-17,09:21,Low,Rain,Dry,5,44.5711,-105.0988
3129,Charlotte,2021-10-17,17:35,Medium,Clear,Under Construction,1,29.8662,-81.9966
3130,Charlotte,2023-05-12,18:13,Medium,Clear,Icy,4,36.399,-92.8387
3131,Los Angeles,2022-02-27,15:31,High,Snow,Dry,2,37.2334,-120.3078
3132,Chicago,2022-04-28,12:28,Low,Clear,Icy,5,34.9067,-97.0604
3133,Phoenix,2022-06-29,06:14,Low,Clear,Dry,4,32.6571,-75.7064
3134,New York,2023-06-25,13:02,Low,Clear,Wet,1,42.2338,-107.9936
3135,Philadelphia,2021-06-12,11:11,Medium,Fog,Wet,1,26.6719,-93.9712
3136,Charlotte,2021-08-31,06:24,High,Snow,Dry,5,38.9742,-101.2172
3137,Chicago,2021-02-15,19:21,Medium,Clear,Dry,3,29.0353,-101.2917
3138,Los Angeles,2022-05-21,11:48,High,Fog,Icy,2,36.4961,-117.3457
3139,Chicago,2022-07-01,19:12,Medium,Clear,Wet,3,47.8132,-77.9248
3140,Houston,2022-12-27,17:50,Low,Windy,Slippery,1,38.8224,-100.4896
3141,New York,2021-10-09,07:49,Low,Rain,Icy,4,45.8632,-86.2766
3142,Indianapolis,2021-07-22,17:46,Medium,Snow,Dry,5,30.3303,-102.8822
3143,Jacksonville,2021-04-24,21:20,Medium,Clear,Icy,2,30.9487,-81.3936
3144,Columbus,2021-06-24,12:58,Low,Clear,Dry,3,44.691,-82.8119
3145,Phoenix,2021-02-09,09:52,Low,Clear,Slippery,4,43.6979,-120.2358
3146,Charlotte,2023-05-11,07:31,Low,Rain,Dry,1,32.0123,-112.5754
3147,Dallas,2022-12-29,09:39,Medium,Clear,Dry,1,47.5623,-82.9182
3148,Indianapolis,2023-09-02,19:44,High,Clear,Dry,5,25.1783,-121.377
3149,Columbus,2023-04-30,22:47,High,Fog,Dry,4,29.708,-106.0863
3150,San Antonio,2022-08-06,17:20,Low,Rain,Icy,2,37.6685,-79.1878
3151,Phoenix,2023-05-16,09:46,Medium,Clear,Under Construction,1,26.2195,-98.8623
3152,New York,2023-08-11,15:06,Medium,Clear,Wet,4,34.3158,-118.1056
3153,Columbus,2022-05-06,03:17,Medium,Cloudy,Dry,3,27.0668,-74.1079
3154,Columbus,2022-08-14,07:45,High,Snow,Dry,3,42.799,-81.0669
3155,Los Angeles,2022-02-18,16:30,Medium,Rain,Dry,4,40.144,-92.1635
3156,Charlotte,2021-09-13,17:03,Medium,Clear,Dry,4,46.8635,-97.4376
3157,New York,2021-06-19,11:35,Medium,Windy,Icy,4,47.0751,-86.8929
3158,New York,2023-12-05,19:17,Medium,Clear,Wet,1,27.6679,-100.3409
3159,Los Angeles,2021-06-05,10:25,Low,Rain,Under Construction,5,44.6939,-109.4619
3160,Los Angeles,2023-07-26,11:19,Medium,Snow,Dry,5,46.0967,-77.3851
3161,Los Angeles,2022-11-21,22:11,High,Rain,Under Construction,5,40.5179,-71.493
3162,Houston,2023-10-12,13:03,Medium,Clear,Dry,2,28.9694,-73.5661
3163,Dallas,2021-11-18,06:41,Medium,Clear,Under Construction,2,34.3421,-92.2689
3164,Houston,2021-05-04,16:42,Medium,Clear,Dry,2,37.6342,-110.8196
3165,Chicago,2023-01-10,13:26,Medium,Rain,Dry,1,42.6763,-121.9395
3166,Phoenix,2021-01-29,08:47,High,Fog,Icy,1,35.2814,-79.8414
3167,Phoenix,2023-09-26,14:03,Medium,Fog,Slippery,4,42.2836,-73.1605
3168,Austin,2022-04-06,07:31,Medium,Fog,Wet,5,30.3953,-95.7604
3169,Houston,2021-11-13,17:44,Medium,Rain,Slippery,2,39.1609,-103.9241
3170,Jacksonville,2023-08-31,19:43,High,Clear,Dry,4,35.8305,-103.2566
3171,Phoenix,2022-07-20,06:38,Medium,Clear,Wet,4,35.9625,-103.7987
3172,San Jose,2021-03-24,08:21,Medium,Clear,Dry,2,34.1356,-70.4318
3173,Jacksonville,2022-04-08,05:08,Low,Hail,Dry,2,46.9197,-102.6967
3174,San Antonio,2023-06-27,08:00,Medium,Clear,Under Construction,3,42.8379,-119.9604
3175,Houston,2023-02-20,08:05,Low,Rain,Dry,4,42.1265,-102.859
3176,Los Angeles,2021-09-14,11:35,Medium,Rain,Under Construction,1,41.5628,-103.3756
3177,San Jose,2022-03-06,12:59,Medium,Clear,Dry,4,30.3026,-70.3687
3178,Dallas,2021-09-23,07:22,Low,Cloudy,Wet,4,28.2157,-81.1008
3179,Los Angeles,2022-03-25,13:11,Medium,Clear,Dry,2,41.5016,-79.1233
3180,San Antonio,2021-04-19,00:44,Low,Clear,Slippery,1,29.7015,-98.8199
3181,Columbus,2022-07-02,08:14,Low,Clear,Wet,5,29.8425,-107.3916
3182,New York,2023-03-28,16:05,Medium,Cloudy,Wet,1,31.1958,-110.6057
3183,Dallas,2021-07-26,16:51,Medium,Fog,Wet,1,35.9829,-100.1097
3184,Indianapolis,2023-03-01,14:57,Medium,Clear,Icy,3,32.0648,-84.1489
3185,San Diego,2021-10-23,06:31,Medium,Clear,Wet,2,35.0068,-120.4339
3186,Austin,2022-02-27,18:40,Low,Hail,Under Construction,4,37.0151,-103.1417
3187,Phoenix,2022-02-23,09:08,Medium,Rain,Wet,2,38.8743,-90.0923
3188,San Diego,2023-08-18,21:43,High,Rain,Dry,3,25.5257,-113.421
3189,Austin,2023-11-11,11:37,Medium,Clear,Dry,1,40.6615,-84.1708
3190,Houston,2021-09-19,11:25,High,Fog,Wet,1,34.2753,-98.1974
3191,New York,2022-09-02,13:30,Low,Rain,Wet,4,30.6721,-92.9053
3192,Columbus,2023-01-04,18:05,Low,Rain,Dry,2,44.6999,-102.181
3193,Philadelphia,2021-11-09,06:22,Medium,Cloudy,Dry,2,38.1735,-70.739
3194,San Antonio,2022-04-12,16:16,High,Clear,Dry,5,33.0009,-81.0305
3195,San Jose,2022-08-09,12:27,Medium,Clear,Dry,5,36.2838,-120.3718
3196,New York,2021-11-03,18:05,Low,Snow,Dry,2,33.7439,-102.4458
3197,San Diego,2021-12-10,11:24,Medium,Fog,Icy,2,46.7827,-111.3657
3198,Los Angeles,2023-11-01,13:36,High,Clear,Dry,1,38.346,-120.264
3199,Houston,2021-01-22,10:33,Medium,Fog,Wet,2,47.4517,-83.214
3200,San Jose,2023-04-27,10:59,Medium,Rain,Wet,2,40.2829,-95.2669
3201,New York,2023-01-14,16:17,High,Fog,Icy,5,40.4306,-90.8276
3202,Chicago,2023-10-13,06:26,High,Fog,Wet,5,27.4712,-107.1507
3203,Los Angeles,2023-10-03,19:45,Medium,Rain,Dry,4,43.2338,-86.1894
3204,Philadelphia,2022-04-24,14:49,Low,Fog,Slippery,3,28.0077,-72.944
3205,Houston,2021-03-03,17:24,High,Clear,Dry,5,43.3735,-106.247
3206,Phoenix,2023-07-10,12:37,Medium,Rain,Under Construction,3,30.6468,-108.2708
3207,Phoenix,2021-03-30,16:25,Medium,Rain,Dry,3,26.3284,-109.5333
3208,San Antonio,2023-11-14,20:41,Medium,Clear,Icy,2,31.1,-110.4409
3209,Houston,2022-04-21,11:33,Low,Windy,Dry,1,40.7787,-101.7785
3210,New York,2022-04-27,14:04,Medium,Clear,Slippery,4,39.3036,-102.1484
3211,Austin,2021-01-02,21:37,Low,Clear,Dry,4,34.8972,-74.4717
3212,New York,2021-09-08,17:56,Low,Clear,Icy,1,47.6553,-109.6375
3213,Philadelphia,2023-04-10,17:22,Medium,Rain,Slippery,1,39.6849,-75.0471
3214,Chicago,2021-04-01,03:53,Low,Rain,Dry,3,28.0135,-93.722
3215,Los Angeles,2023-04-02,00:52,Low,Fog,Icy,1,28.8491,-104.3857
3216,New York,2023-09-14,08:33,High,Cloudy,Dry,3,43.6449,-77.4802
3217,Charlotte,2021-07-13,22:05,Medium,Clear,Slippery,1,38.748,-90.4056
3218,San Antonio,2021-08-26,08:25,Medium,Clear,Dry,1,38.2385,-87.0642
3219,Houston,2022-04-01,19:36,Medium,Rain,Icy,4,26.7665,-121.5951
3220,Charlotte,2021-01-24,17:39,Medium,Clear,Dry,5,45.865,-72.3805
3221,Charlotte,2023-01-19,01:58,Low,Clear,Dry,5,30.0601,-79.7354
3222,Philadelphia,2021-06-02,18:17,Low,Clear,Wet,3,25.951,-119.2876
3223,New York,2022-03-13,13:43,High,Rain,Wet,3,33.8632,-84.7499
3224,Houston,2022-06-07,14:24,Low,Cloudy,Slippery,2,45.8177,-80.9724
3225,Los Angeles,2021-09-26,18:41,Low,Clear,Under Construction,3,46.6934,-99.675
3226,New York,2023-10-02,17:10,Medium,Clear,Wet,5,26.883,-115.6852
3227,San Diego,2021-09-27,20:45,Low,Rain,Icy,2,29.5003,-112.5303
3228,Phoenix,2023-01-02,15:47,Medium,Fog,Dry,4,43.1247,-110.4996
3229,San Antonio,2022-08-06,19:21,Medium,Rain,Wet,1,44.4538,-76.1634
3230,San Jose,2023-03-04,16:36,High,Clear,Dry,1,32.9069,-117.3692
3231,Los Angeles,2021-10-16,18:53,Medium,Rain,Dry,3,42.8474,-73.0459
3232,Austin,2021-01-28,09:47,Medium,Clear,Wet,1,40.9112,-96.0227
3233,San Jose,2021-07-29,09:51,High,Clear,Wet,3,31.4513,-76.4854
3234,San Antonio,2021-03-03,19:00,High,Fog,Icy,5,25.7988,-78.9598
3235,Houston,2023-07-25,09:25,Medium,Rain,Wet,3,38.1445,-119.8877
3236,New York,2022-06-13,07:17,Low,Rain,Dry,5,33.259,-73.6445
3237,Chicago,2023-06-27,21:11,Low,Fog,Wet,4,34.3434,-101.6922
3238,Chicago,2021-06-25,20:51,Low,Clear,Slippery,3,36.3935,-94.7293
3239,San Diego,2023-04-01,07:18,Low,Rain,Wet,1,28.0993,-81.3195
3240,Houston,2023-03-05,07:51,Low,Clear,Dry,2,42.6807,-93.9125
3241,Chicago,2023-06-11,00:12,Medium,Clear,Slippery,5,38.6734,-89.171
3242,New York,2023-04-26,13:02,Low,Clear,Dry,4,43.895,-106.6417
3243,Austin,2021-11-20,05:23,Medium,Clear,Dry,2,32.4127,-107.7771
3244,Austin,2022-02-20,11:21,Low,Clear,Wet,5,44.2668,-105.9372
3245,Los Angeles,2023-03-11,20:28,Low,Snow,Dry,2,25.1899,-103.281
3246,New York,2022-04-12,11:49,Medium,Rain,Dry,4,25.3831,-90.1438
3247,Los Angeles,2022-04-16,10:09,Low,Fog,Dry,5,26.9595,-114.362
3248,Dallas,2022-07-09,21:56,Medium,Fog,Dry,1,31.4639,-120.3896
3249,Dallas,2023-09-22,14:16,High,Clear,Icy,4,45.1469,-96.9509
3250,New York,2021-11-06,17:19,Low,Cloudy,Dry,5,28.3873,-117.1781
3251,Jacksonville,2023-10-05,16:36,High,Rain,Wet,1,47.0826,-80.191
3252,Los Angeles,2023-02-24,07:19,Medium,Windy,Wet,5,42.3609,-99.3686
3253,Phoenix,2022-03-21,17:23,Medium,Clear,Slippery,3,44.9374,-100.3154
3254,New York,2022-09-08,14:34,Medium,Windy,Icy,2,32.235,-106.6378
3255,Los Angeles,2022-01-16,07:20,Low,Cloudy,Under Construction,5,42.4162,-93.216
3256,Los Angeles,2022-11-10,04:15,Low,Rain,Wet,5,47.1302,-113.7404
3257,Houston,2022-06-21,12:30,High,Fog,Wet,5,37.5576,-96.2525
3258,Phoenix,2022-10-20,18:52,Low,Rain,Dry,4,32.2083,-118.2427
3259,Philadelphia,2022-03-17,18:24,Medium,Clear,Icy,2,34.111,-117.0453
3260,Dallas,2021-03-12,13:18,High,Clear,Under Construction,2,25.0872,-79.41
3261,Los Angeles,2021-02-01,19:05,Low,Clear,Icy,5,33.7849,-106.0937
3262,Los Angeles,2023-08-03,10:59,Low,Fog,Slippery,1,43.6478,-86.4567
3263,Los Angeles,2023-01-13,08:52,Low,Rain,Dry,5,34.9391,-90.0063
3264,New York,2021-02-28,06:48,Low,Rain,Dry,3,38.7944,-96.1906
3265,Houston,2022-12-30,19:45,Low,Rain,Wet,4,36.7699,-119.2083
3266,San Antonio,2021-09-25,06:36,Medium,Clear,Dry,2,36.8443,-96.4657
3267,Indianapolis,2022-08-14,15:02,Low,Clear,Dry,2,45.0317,-105.2824
3268,New York,2021-03-25,21:28,Medium,Rain,Under Construction,5,30.0219,-101.3902
3269,Dallas,2023-08-07,10:30,Medium,Clear,Dry,4,33.8549,-77.2993
3270,San Diego,2022-12-25,12:00,Medium,Hail,Dry,5,44.6075,-115.7524
3271,Philadelphia,2022-01-06,19:41,Low,Snow,Dry,5,34.5528,-72.1639
3272,Los Angeles,2021-12-04,13:50,Medium,Clear,Wet,2,38.77,-111.7268
3273,San Jose,2021-01-23,21:46,Medium,Windy,Dry,2,40.2319,-120.0924
3274,New York,2023-04-04,12:25,Low,Clear,Dry,2,29.6548,-88.0215
3275,Phoenix,2022-06-26,08:21,Medium,Rain,Under Construction,1,27.5867,-94.9156
3276,Houston,2022-09-26,23:51,Low,Hail,Dry,1,45.0771,-83.0332
3277,Phoenix,2023-08-16,15:05,Medium,Clear,Wet,2,43.1535,-108.8741
3278,Houston,2023-12-20,06:44,Low,Clear,Dry,5,43.5493,-85.093
3279,Los Angeles,2022-06-13,07:39,Medium,Clear,Dry,4,29.4487,-86.1539
3280,Phoenix,2022-11-21,15:11,Medium,Rain,Dry,3,38.063,-103.2342
3281,San Jose,2023-05-21,05:53,Low,Clear,Wet,5,32.9591,-81.7297
3282,Philadelphia,2021-02-18,22:41,Low,Clear,Dry,2,29.4157,-90.3941
3283,Jacksonville,2021-01-27,17:31,Low,Snow,Dry,1,26.8859,-90.2909
3284,Chicago,2022-11-16,10:00,Low,Clear,Under Construction,4,39.2249,-82.5767
3285,New York,2022-06-20,23:38,Low,Fog,Under Construction,1,43.4052,-102.0074
3286,San Antonio,2022-05-28,19:45,Low,Rain,Icy,5,38.1258,-117.3428
3287,Charlotte,2023-09-13,08:42,Low,Rain,Wet,4,40.3251,-101.8706
3288,San Diego,2022-01-07,22:37,Low,Snow,Icy,4,29.1677,-106.1113
3289,Austin,2021-12-22,05:32,Medium,Clear,Dry,3,45.9569,-89.7366
3290,San Jose,2023-08-19,06:54,Low,Cloudy,Dry,2,28.61,-76.4249
3291,Dallas,2023-08-15,00:07,Low,Rain,Icy,4,40.5463,-111.3087
3292,Houston,2022-01-10,18:54,High,Rain,Wet,4,36.6929,-86.2313
3293,Charlotte,2023-05-11,18:02,Medium,Rain,Dry,3,36.522,-70.7119
3294,Charlotte,2023-09-08,20:52,Medium,Snow,Slippery,2,47.8358,-100.6425
3295,Los Angeles,2022-07-11,20:03,Low,Rain,Icy,4,45.3555,-82.2088
3296,Columbus,2022-12-20,16:51,Low,Clear,Dry,4,33.8553,-108.5173
3297,New York,2022-06-27,22:47,Low,Rain,Wet,3,44.6344,-74.8295
3298,San Diego,2022-10-17,17:45,Low,Fog,Dry,4,28.902,-88.3324
3299,Phoenix,2022-07-13,17:47,Low,Snow,Wet,3,32.6536,-120.5968
3300,Los Angeles,2023-06-23,19:22,High,Clear,Under Construction,5,25.1677,-110.0623
3301,Chicago,2022-03-19,08:34,Medium,Clear,Wet,1,30.6965,-90.7565
3302,New York,2022-09-13,22:33,High,Snow,Dry,2,35.5478,-119.1211
3303,Dallas,2022-07-17,06:00,Low,Clear,Under Construction,3,44.2839,-105.6602
3304,New York,2021-04-04,19:56,Low,Clear,Wet,5,34.9333,-111.4913
3305,Los Angeles,2022-08-20,21:29,Medium,Rain,Under Construction,4,44.8667,-83.2305
3306,Indianapolis,2022-05-23,08:54,High,Clear,Icy,5,35.9144,-116.2041
3307,Indianapolis,2021-10-28,18:45,Medium,Snow,Dry,1,25.4864,-89.3292
3308,Philadelphia,2023-06-13,04:51,Medium,Rain,Dry,3,47.4653,-108.3567
3309,Houston,2023-08-04,13:40,Medium,Windy,Slippery,1,34.8237,-108.2935
3310,Jacksonville,2022-03-17,20:28,Low,Fog,Dry,5,29.8386,-104.2475
3311,San Diego,2022-12-06,17:49,Low,Clear,Icy,1,41.7026,-77.2427
3312,Phoenix,2023-08-22,11:48,Medium,Rain,Slippery,5,40.6446,-115.773
3313,Columbus,2021-11-24,16:15,Low,Clear,Dry,1,27.9296,-96.4168
3314,San Antonio,2022-06-04,11:41,High,Hail,Dry,2,45.9122,-109.0801
3315,New York,2023-04-23,21:28,High,Rain,Under Construction,4,38.3119,-82.5583
3316,New York,2023-04-09,19:23,Low,Clear,Dry,1,47.2092,-94.5591
3317,Los Angeles,2022-09-10,12:46,High,Snow,Dry,5,44.3528,-103.734
3318,Chicago,2022-03-13,12:55,Low,Rain,Slippery,3,39.2644,-97.0811
3319,Los Angeles,2023-11-19,05:00,High,Rain,Icy,2,43.2128,-81.1345
3320,Houston,2022-06-09,09:05,Medium,Clear,Wet,3,46.8078,-70.3199
3321,Philadelphia,2021-03-27,15:42,Low,Fog,Dry,2,47.9045,-71.4707
3322,Chicago,2021-03-10,13:56,Low,Fog,Dry,4,39.2442,-81.3756
3323,Los Angeles,2021-09-12,18:10,High,Clear,Dry,5,40.1431,-101.0853
3324,Austin,2022-02-06,08:38,Low,Clear,Icy,4,33.1104,-71.6092
3325,San Diego,2022-05-17,02:38,Low,Clear,Icy,1,43.4991,-86.5039
3326,New York,2022-03-03,21:01,High,Rain,Dry,1,37.8438,-74.088
3327,Los Angeles,2021-01-09,02:08,Medium,Rain,Wet,4,46.4654,-115.4316
3328,New York,2021-04-24,10:55,Medium,Rain,Slippery,1,45.9195,-103.9773
3329,Los Angeles,2023-12-23,10:28,Medium,Clear,Icy,5,35.2826,-111.3622
3330,Los Angeles,2023-12-13,21:09,Medium,Rain,Dry,5,44.0869,-102.5131
3331,New York,2021-06-23,14:31,Medium,Fog,Slippery,4,46.4313,-77.6985
3332,Phoenix,2022-12-29,20:06,Low,Clear,Wet,4,42.8021,-81.261
3333,San Antonio,2021-06-12,11:21,Low,Cloudy,Dry,4,41.7424,-77.6756
3334,Dallas,2022-11-04,19:16,Medium,Clear,Icy,1,43.9648,-82.3652
3335,Dallas,2023-11-16,15:37,High,Snow,Wet,5,38.1585,-87.9708
3336,New York,2022-08-14,12:18,High,Clear,Slippery,4,38.7002,-103.2222
3337,San Jose,2022-12-23,16:51,Low,Snow,Wet,1,44.7525,-95.5949
3338,Houston,2021-10-02,17:28,Low,Clear,Icy,4,46.4768,-107.8815
3339,Dallas,2022-01-04,11:56,Low,Rain,Dry,3,41.9432,-79.7638
3340,San Antonio,2022-05-24,13:30,Low,Clear,Dry,3,45.5323,-90.808
3341,Philadelphia,2022-08-06,15:19,Medium,Rain,Dry,1,35.0367,-115.1063
3342,Jacksonville,2022-11-30,19:42,Low,Clear,Wet,3,45.7377,-73.6333
3343,San Antonio,2023-07-12,12:16,Medium,Clear,Dry,2,45.9591,-70.742
3344,Houston,2023-10-03,07:30,Low,Clear,Dry,3,46.814,-85.9416
3345,Columbus,2022-02-18,09:31,Medium,Clear,Dry,3,32.737,-109.4857
3346,Indianapolis,2022-08-17,11:39,High,Clear,Dry,2,47.039,-99.9539
3347,Indianapolis,2022-03-16,08:50,Medium,Rain,Slippery,4,34.5395,-119.1936
3348,Indianapolis,2022-12-31,18:19,Medium,Clear,Wet,1,31.7552,-117.8682
3349,Dallas,2021-07-01,11:21,Medium,Fog,Dry,5,35.5062,-109.9613
3350,New York,2023-03-12,15:56,High,Rain,Dry,1,40.3693,-100.1478
3351,Phoenix,2023-12-09,15:56,Medium,Clear,Wet,1,25.7685,-102.6661
3352,New York,2022-02-08,16:05,High,Clear,Dry,3,26.1152,-90.2234
3353,Los Angeles,2022-01-24,17:46,Low,Rain,Dry,5,25.979,-74.6984
3354,Houston,2022-04-29,14:40,Low,Rain,Under Construction,5,37.2428,-111.0147
3355,Phoenix,2022-09-01,10:28,Medium,Clear,Dry,4,30.7147,-76.1376
3356,Los Angeles,2021-10-04,18:34,Medium,Clear,Dry,4,35.0042,-97.0018
3357,Chicago,2021-11-01,18:26,High,Clear,Wet,2,42.6294,-82.2208
3358,Houston,2023-10-11,16:27,Medium,Fog,Dry,1,40.7113,-93.4174
3359,Los Angeles,2023-06-28,19:19,Medium,Clear,Wet,1,32.037,-72.6066
3360,Indianapolis,2023-02-26,19:13,Medium,Fog,Dry,3,32.5965,-99.2676
3361,San Antonio,2022-09-29,17:12,Low,Clear,Dry,5,42.4571,-77.9617
3362,Chicago,2023-02-08,09:37,Medium,Windy,Wet,1,40.2096,-94.0357
3363,New York,2021-10-12,15:50,Medium,Rain,Under Construction,2,31.1247,-92.8704
3364,Los Angeles,2021-10-09,08:03,Low,Rain,Wet,3,26.2244,-101.8861
3365,Phoenix,2021-05-12,08:26,Low,Cloudy,Wet,3,36.4028,-109.2804
3366,San Antonio,2022-06-28,19:20,Medium,Cloudy,Dry,4,40.2396,-88.1102
3367,Phoenix,2023-02-01,19:29,Medium,Clear,Slippery,3,26.5434,-83.7924
3368,San Diego,2023-03-22,16:30,Low,Clear,Wet,2,47.2666,-74.3946
3369,Houston,2021-12-06,13:23,Low,Clear,Dry,3,43.3916,-112.7663
3370,Indianapolis,2021-05-06,10:05,Medium,Clear,Dry,1,44.9056,-114.861
3371,Philadelphia,2022-05-27,10:40,Medium,Rain,Wet,1,43.5027,-100.7399
3372,Columbus,2021-07-27,08:20,Medium,Clear,Dry,3,47.7445,-74.5531
3373,Jacksonville,2022-01-16,18:32,Medium,Clear,Wet,2,29.2818,-96.5216
3374,Los Angeles,2021-04-08,18:08,Medium,Clear,Dry,5,39.1589,-117.9741
3375,Los Angeles,2023-10-03,03:23,Medium,Rain,Dry,3,38.3487,-82.1356
3376,Chicago,2023-01-12,16:01,Low,Clear,Dry,5,39.27,-117.0245
3377,Chicago,2021-08-20,19:13,High,Snow,Dry,1,39.4328,-97.085
3378,Houston,2023-01-21,07:02,Low,Fog,Slippery,2,27.5009,-93.4125
3379,Charlotte,2023-07-23,10:51,High,Clear,Under Construction,2,47.2278,-113.9401
3380,New York,2022-08-04,09:39,Low,Fog,Dry,4,34.4584,-101.2965
3381,Houston,2021-03-30,07:12,High,Hail,Dry,1,34.626,-114.4316
3382,New York,2023-07-19,10:21,Medium,Clear,Dry,2,34.3192,-75.6343
3383,Chicago,2021-04-28,07:46,Low,Cloudy,Dry,4,37.6468,-119.8332
3384,San Jose,2021-01-06,10:04,High,Clear,Wet,4,35.4337,-86.2159
3385,Chicago,2022-02-19,19:15,Medium,Rain,Dry,2,25.3841,-77.018
3386,San Antonio,2022-07-13,14:46,Low,Clear,Slippery,3,35.8808,-119.0846
3387,New York,2023-06-25,15:12,Low,Rain,Dry,3,29.0627,-86.463
3388,Chicago,2023-04-25,18:50,High,Clear,Dry,1,28.2817,-120.2049
3389,Columbus,2021-05-21,20:41,Low,Clear,Wet,3,27.2661,-90.4468
3390,Chicago,2022-01-25,10:49,Low,Windy,Dry,2,25.1498,-96.9363
3391,Houston,2023-01-25,17:12,High,Clear,Icy,3,27.7489,-81.9044
3392,Houston,2022-06-24,08:59,Medium,Clear,Icy,1,44.0545,-83.1721
3393,Los Angeles,2023-06-22,05:52,Medium,Snow,Dry,2,44.84,-74.1379
3394,Jacksonville,2023-08-22,06:41,Medium,Clear,Dry,4,38.918,-102.5013
3395,Indianapolis,2022-12-28,16:31,Low,Rain,Wet,1,42.5599,-118.4022
3396,Chicago,2021-04-28,17:46,High,Clear,Dry,5,29.3517,-84.6913
3397,Indianapolis,2021-05-31,13:13,Low,Rain,Dry,5,41.4079,-108.5996
3398,Dallas,2022-09-07,03:22,High,Clear,Under Construction,3,44.0448,-71.0859
3399,Jacksonville,2022-11-16,15:59,Medium,Rain,Slippery,4,44.8951,-121.6513
3400,New York,2022-06-19,12:55,Medium,Rain,Dry,2,35.3538,-91.7897
3401,New York,2021-11-24,12:48,High,Rain,Dry,1,27.7895,-99.3223
3402,Indianapolis,2021-02-10,18:01,High,Fog,Dry,1,38.5156,-118.4638
3403,Austin,2022-07-25,19:00,Low,Rain,Dry,2,47.8773,-96.0211
3404,New York,2023-04-12,17:33,High,Snow,Wet,5,35.6221,-79.1894
3405,Los Angeles,2023-10-13,19:05,Medium,Clear,Dry,2,45.2616,-116.7711
3406,San Jose,2022-11-19,12:41,Medium,Clear,Dry,4,35.3408,-88.9415
3407,Philadelphia,2023-01-12,12:51,Low,Rain,Dry,1,33.1443,-79.5704
3408,Houston,2021-09-04,22:23,High,Fog,Wet,4,43.3329,-84.0084
3409,Phoenix,2021-12-24,11:03,Low,Rain,Dry,5,34.5695,-97.41
3410,New York,2023-01-14,14:35,Low,Fog,Dry,4,46.7091,-107.328
3411,Jacksonville,2023-07-13,16:23,Medium,Rain,Wet,3,40.0559,-106.0415
3412,Philadelphia,2022-04-27,11:38,Medium,Clear,Dry,1,44.3741,-90.195
3413,Los Angeles,2021-05-07,17:57,Medium,Clear,Dry,4,27.5745,-117.3696
3414,Los Angeles,2023-05-11,22:36,Low,Rain,Dry,1,30.6423,-93.1341
3415,Houston,2022-03-20,03:41,Low,Fog,Wet,4,33.6,-109.7581
3416,Los Angeles,2022-11-10,07:44,Low,Rain,Icy,4,30.8324,-95.7826
3417,Houston,2021-08-21,08:10,High,Rain,Dry,3,27.8111,-110.0006
3418,Philadelphia,2021-12-05,19:08,Low,Rain,Wet,3,45.8303,-121.5801
3419,Dallas,2022-05-16,15:17,High,Clear,Icy,1,32.2741,-71.7973
3420,Jacksonville,2023-10-11,18:49,Low,Clear,Dry,2,40.3943,-110.9925
3421,Phoenix,2022-10-16,08:15,Medium,Clear,Dry,3,25.7281,-91.4443
3422,Los Angeles,2023-07-30,07:39,Low,Fog,Dry,3,35.3663,-103.6784
3423,Los Angeles,2023-05-06,08:39,Low,Clear,Wet,4,47.4591,-80.0575
3424,Philadelphia,2022-10-08,10:25,Low,Fog,Wet,3,31.1185,-116.4799
3425,Jacksonville,2021-05-19,01:09,Medium,Rain,Dry,2,33.0226,-78.2423
3426,New York,2021-11-04,06:00,Medium,Clear,Wet,5,34.5602,-75.5302
3427,San Jose,2021-08-21,08:09,High,Rain,Dry,3,29.8332,-106.0523
3428,New York,2023-10-27,20:04,Low,Rain,Slippery,3,35.5353,-101.4277
3429,Houston,2021-07-09,20:53,High,Snow,Dry,2,31.9434,-73.078
3430,New York,2022-10-25,10:10,Low,Clear,Dry,3,43.2401,-89.6049
3431,Philadelphia,2021-12-14,07:15,Low,Snow,Dry,4,30.6608,-106.6546
3432,New York,2022-07-20,12:58,High,Rain,Dry,3,35.8625,-119.4215
3433,Austin,2021-04-14,12:50,High,Rain,Under Construction,1,35.1544,-70.2489
3434,Chicago,2023-01-03,06:12,Low,Rain,Wet,2,25.0105,-113.1362
3435,Chicago,2022-08-20,16:31,Low,Rain,Slippery,3,35.0308,-87.4482
3436,Chicago,2021-06-25,14:58,Low,Clear,Dry,4,33.2721,-80.2118
3437,Austin,2021-10-15,14:38,Low,Cloudy,Wet,3,37.6943,-99.1593
3438,Phoenix,2021-07-22,17:46,Low,Clear,Dry,3,38.6309,-113.1504
3439,San Diego,2021-08-26,17:06,Low,Rain,Wet,5,27.5968,-116.2718
3440,Austin,2021-01-15,18:13,High,Rain,Dry,5,38.3649,-91.8146
3441,Chicago,2022-08-06,20:26,Low,Clear,Dry,1,27.4857,-106.2975
3442,Columbus,2021-03-29,07:39,Medium,Fog,Dry,5,36.8103,-94.9303
3443,Philadelphia,2023-04-06,11:19,Medium,Clear,Dry,5,27.8664,-87.5721
3444,Charlotte,2023-07-26,20:20,High,Cloudy,Dry,3,40.9585,-92.0109
3445,Dallas,2022-10-04,08:09,Medium,Clear,Dry,2,26.4176,-105.6384
3446,Houston,2021-10-09,08:22,High,Fog,Slippery,2,31.6659,-93.7565
3447,Columbus,2021-01-26,18:09,High,Cloudy,Dry,4,35.9621,-117.753
3448,New York,2022-05-13,23:10,Low,Clear,Icy,3,28.6553,-94.0814
3449,Houston,2023-06-23,19:52,Low,Clear,Dry,2,39.9917,-89.007
3450,Columbus,2023-10-08,16:58,Medium,Cloudy,Dry,5,41.1184,-75.4241
3451,New York,2023-10-20,13:08,Medium,Clear,Icy,1,25.4707,-78.7069
3452,Jacksonville,2021-03-15,20:23,Low,Rain,Icy,5,41.4377,-96.3616
3453,Austin,2021-10-24,10:29,Low,Clear,Dry,3,45.3633,-99.2829
3454,San Antonio,2023-12-26,16:13,Medium,Snow,Icy,2,38.3614,-105.4087
3455,New York,2022-01-15,08:42,Medium,Fog,Wet,2,45.8802,-88.2986
3456,Philadelphia,2021-12-07,18:29,Medium,Clear,Slippery,1,31.3065,-88.1629
3457,Houston,2022-04-21,11:58,Medium,Clear,Wet,3,38.3127,-118.3196
3458,Philadelphia,2021-06-15,18:43,Low,Clear,Dry,2,32.1866,-97.6859
3459,Houston,2021-04-27,11:52,High,Rain,Dry,3,25.141,-92.9533
3460,Philadelphia,2022-09-02,15:42,Medium,Cloudy,Dry,3,35.4896,-95.7624
3461,Los Angeles,2023-04-30,07:04,High,Snow,Slippery,3,26.6781,-81.3806
3462,Chicago,2022-06-11,15:47,Medium,Clear,Dry,3,32.7429,-111.8005
3463,Chicago,2022-01-22,18:47,Low,Clear,Wet,2,40.1673,-103.5719
3464,Phoenix,2021-07-23,02:26,Low,Rain,Under Construction,4,30.2757,-82.6719
3465,Dallas,2021-01-21,21:21,Low,Rain,Dry,2,28.2353,-108.4376
3466,Jacksonville,2023-05-10,20:31,Medium,Rain,Under Construction,1,47.8401,-111.6665
3467,Philadelphia,2021-12-20,08:52,Low,Clear,Dry,5,43.7682,-88.0003
3468,Chicago,2022-04-17,11:55,Medium,Rain,Wet,2,46.947,-115.7597
3469,Charlotte,2021-11-27,12:20,Medium,Fog,Dry,2,26.6176,-106.0977
3470,Columbus,2022-02-26,08:06,High,Rain,Dry,2,26.2383,-99.5368
3471,Columbus,2022-11-16,18:37,Medium,Clear,Dry,5,27.1971,-80.3393
3472,Philadelphia,2022-05-14,17:19,Low,Clear,Dry,1,27.9668,-95.9584
3473,New York,2022-09-16,05:16,Low,Clear,Wet,4,26.4417,-89.0108
3474,Austin,2023-08-22,14:41,Low,Fog,Dry,5,38.2007,-77.1823
3475,Indianapolis,2021-01-23,08:08,Low,Rain,Wet,3,29.9,-111.3436
3476,Houston,2022-09-18,07:02,Low,Clear,Dry,4,25.0447,-121.3767
3477,Los Angeles,2022-08-22,06:07,Low,Hail,Dry,3,28.0626,-84.5209
3478,San Diego,2021-10-28,17:08,Medium,Clear,Icy,4,28.001,-117.5755
3479,Dallas,2023-02-13,19:04,High,Rain,Icy,5,37.7493,-84.8037
3480,Dallas,2023-07-19,13:30,High,Snow,Dry,4,35.6885,-118.0243
3481,Philadelphia,2022-03-13,16:05,Medium,Rain,Wet,2,25.9596,-95.6527
3482,New York,2022-04-06,03:23,Low,Clear,Wet,5,43.5952,-117.6063
3483,Los Angeles,2023-07-24,19:14,Medium,Cloudy,Dry,5,40.1184,-81.4993
3484,Austin,2021-03-24,09:40,Low,Rain,Dry,3,39.2558,-74.827
3485,San Diego,2021-08-06,18:34,Low,Clear,Dry,3,45.7121,-78.9836
3486,Los Angeles,2022-01-27,18:37,Low,Rain,Dry,4,30.2418,-105.6713
3487,New York,2023-05-12,20:00,Low,Rain,Wet,3,29.5361,-92.9361
3488,Columbus,2022-07-26,08:43,Low,Rain,Wet,2,40.4967,-108.117
3489,Phoenix,2021-03-15,13:58,Medium,Clear,Dry,5,45.1141,-94.0216
3490,Dallas,2021-12-04,17:57,High,Fog,Icy,1,42.0261,-98.3123
3491,Charlotte,2021-10-14,17:00,Low,Fog,Dry,1,47.7048,-81.3209
3492,Houston,2022-08-28,12:44,Medium,Rain,Dry,3,27.1799,-75.8384
3493,Phoenix,2022-09-29,15:26,Medium,Clear,Dry,4,27.8999,-106.7981
3494,Philadelphia,2023-10-17,05:16,Medium,Clear,Icy,1,36.5479,-97.7575
3495,Chicago,2021-01-29,08:10,Medium,Rain,Wet,2,43.0741,-120.4843
3496,Chicago,2022-05-16,07:53,Medium,Rain,Under Construction,4,40.1172,-108.6689
3497,San Jose,2021-05-03,18:40,Low,Hail,Wet,1,43.4644,-98.9999
3498,New York,2023-10-22,21:36,Medium,Rain,Dry,1,31.4977,-94.5754
3499,Los Angeles,2021-08-04,21:43,Low,Clear,Under Construction,2,28.1257,-117.6456
3500,Chicago,2022-06-26,21:44,Low,Rain,Dry,4,33.4457,-117.805
3501,Los Angeles,2023-08-31,05:15,High,Rain,Dry,2,33.1443,-102.1707
3502,Austin,2023-08-19,10:52,Medium,Clear,Dry,3,27.1024,-88.231
3503,Austin,2021-11-14,08:04,Low,Rain,Dry,1,39.7218,-120.5561
3504,Dallas,2021-01-24,13:15,Medium,Clear,Icy,3,45.0363,-112.8201
3505,Jacksonville,2022-09-26,09:41,Medium,Clear,Under Construction,2,42.21,-102.9921
3506,New York,2022-02-14,15:42,Medium,Clear,Icy,1,47.1564,-105.7412
3507,Houston,2022-09-30,09:09,Medium,Rain,Slippery,3,32.2354,-99.1934
3508,Houston,2022-10-11,14:09,Low,Rain,Dry,5,27.4487,-77.7213
3509,Austin,2022-09-29,22:11,Low,Clear,Dry,2,43.986,-95.4188
3510,Charlotte,2022-02-27,22:47,Low,Rain,Wet,1,32.7295,-73.845
3511,Phoenix,2023-10-13,10:55,Medium,Clear,Wet,4,43.5908,-103.243
3512,Los Angeles,2022-08-27,21:22,Medium,Rain,Dry,3,31.5613,-74.6932
3513,Los Angeles,2023-03-11,09:37,Low,Clear,Dry,4,25.2003,-92.4484
3514,Chicago,2023-11-13,21:24,Medium,Hail,Wet,3,43.5432,-80.279
3515,San Jose,2023-10-15,13:14,High,Rain,Slippery,3,40.0242,-102.2484
3516,Columbus,2021-07-26,07:01,Low,Rain,Slippery,3,43.626,-103.5802
3517,New York,2022-02-10,16:02,Medium,Rain,Under Construction,2,28.2507,-89.1239
3518,Philadelphia,2022-06-02,13:28,Low,Clear,Wet,1,41.2532,-106.5743
3519,New York,2021-09-12,17:49,Low,Clear,Icy,5,31.8344,-86.9527
3520,Charlotte,2023-11-08,21:16,High,Rain,Wet,2,40.7706,-109.3745
3521,San Antonio,2021-07-05,19:31,Low,Clear,Dry,3,38.9034,-83.0803
3522,Jacksonville,2022-12-27,18:22,Medium,Snow,Dry,2,41.6899,-96.3634
3523,San Diego,2022-08-13,17:55,Low,Fog,Wet,2,44.5501,-73.5477
3524,Los Angeles,2022-07-28,21:10,High,Clear,Wet,2,35.9433,-116.6772
3525,Dallas,2023-04-17,21:17,Medium,Clear,Dry,4,32.7362,-102.9377
3526,Los Angeles,2021-06-15,07:24,Low,Clear,Dry,1,46.5676,-85.2178
3527,Los Angeles,2021-09-26,14:38,Medium,Rain,Wet,3,38.5162,-113.1752
3528,Houston,2023-12-14,22:08,High,Clear,Dry,3,29.1989,-89.5026
3529,Charlotte,2022-10-14,17:13,Low,Rain,Slippery,2,41.8224,-115.0739
3530,San Antonio,2023-06-22,14:13,Medium,Rain,Dry,3,27.753,-121.3802
3531,San Jose,2023-02-16,00:28,Low,Clear,Wet,3,46.9365,-85.7608
3532,San Diego,2023-03-01,22:36,Low,Fog,Icy,2,45.1155,-118.4493
3533,Indianapolis,2023-01-01,13:07,Low,Clear,Wet,2,26.5063,-98.4348
3534,Indianapolis,2021-03-04,17:36,Low,Rain,Icy,4,35.3337,-78.8607
3535,San Antonio,2022-04-12,06:08,High,Cloudy,Dry,1,42.0678,-95.1059
3536,Los Angeles,2021-04-16,20:49,Medium,Rain,Under Construction,5,39.6947,-75.4537
3537,Philadelphia,2021-02-24,14:26,Low,Rain,Dry,2,25.6329,-87.9291
3538,Charlotte,2023-09-06,06:10,Low,Rain,Icy,3,32.9849,-109.2438
3539,New York,2022-10-25,15:49,Low,Clear,Dry,5,45.8595,-75.5292
3540,New York,2023-11-23,18:22,Low,Fog,Dry,2,29.5221,-79.4093
3541,Houston,2023-12-13,14:50,Low,Rain,Slippery,4,32.7331,-113.1964
3542,Charlotte,2022-07-27,07:14,Low,Rain,Wet,4,39.9414,-95.1849
3543,Philadelphia,2023-09-20,10:43,High,Clear,Dry,1,31.9842,-119.7591
3544,Houston,2023-06-16,07:15,Medium,Rain,Dry,2,36.5392,-72.3174
3545,Los Angeles,2021-08-02,14:07,Medium,Clear,Icy,2,39.9799,-107.9397
3546,Indianapolis,2022-10-26,21:43,Low,Clear,Dry,4,30.9982,-111.9443
3547,Jacksonville,2022-08-29,16:12,High,Clear,Icy,4,35.33,-71.6301
3548,Philadelphia,2023-06-24,15:43,High,Clear,Wet,3,37.2567,-98.781
3549,New York,2021-06-04,22:05,Medium,Cloudy,Dry,2,47.5018,-106.9358
3550,Los Angeles,2021-07-07,14:39,Medium,Rain,Slippery,2,35.4538,-119.276
3551,Columbus,2021-11-24,09:13,Low,Fog,Dry,5,36.9954,-114.3446
3552,Houston,2022-06-14,23:59,Low,Clear,Dry,4,39.4501,-111.5529
3553,Jacksonville,2022-12-07,05:32,Low,Fog,Dry,4,45.6985,-75.0561
3554,Indianapolis,2021-10-13,18:53,Medium,Hail,Wet,2,35.8013,-111.1662
3555,New York,2022-12-03,18:07,Low,Rain,Dry,1,28.5489,-109.0433
3556,Houston,2021-02-25,15:21,Medium,Rain,Icy,1,33.4504,-114.6232
3557,Chicago,2022-09-17,07:49,Low,Rain,Icy,1,45.1356,-104.6505
3558,Houston,2023-10-03,19:13,Medium,Rain,Dry,2,45.7431,-108.0293
3559,Chicago,2022-05-19,19:25,Low,Rain,Dry,5,31.1403,-75.7187
3560,Houston,2023-06-28,20:51,High,Fog,Icy,4,26.0115,-96.0666
3561,San Jose,2023-02-12,06:17,Low,Clear,Under Construction,3,41.8649,-117.8741
3562,Indianapolis,2023-09-27,23:57,Low,Rain,Dry,4,30.4823,-74.6579
3563,New York,2023-07-28,12:55,Low,Rain,Dry,3,44.1463,-83.5692
3564,Phoenix,2022-06-07,22:53,Medium,Rain,Dry,5,41.662,-106.0045
3565,Chicago,2022-07-16,07:32,Low,Clear,Dry,5,36.5716,-97.5535
3566,Dallas,2023-05-07,08:16,Low,Rain,Dry,2,38.2536,-91.568
3567,Charlotte,2023-12-10,20:52,Low,Rain,Dry,4,41.0696,-115.608
3568,Los Angeles,2021-10-11,17:00,Low,Rain,Slippery,3,34.6579,-73.9696
3569,Austin,2023-09-17,05:53,Low,Fog,Dry,4,33.9835,-106.5716
3570,Los Angeles,2023-05-06,15:53,Low,Clear,Wet,3,33.5234,-88.0488
3571,San Diego,2023-10-04,21:52,Medium,Snow,Slippery,4,41.5503,-101.9869
3572,New York,2022-05-31,13:25,Low,Clear,Wet,3,44.547,-114.7367
3573,Chicago,2023-06-12,10:56,Low,Rain,Dry,5,39.3337,-94.9908
3574,Phoenix,2023-12-20,07:35,High,Rain,Dry,3,28.2601,-121.7428
3575,Chicago,2021-06-07,17:35,Low,Cloudy,Dry,5,35.7505,-86.6692
3576,Los Angeles,2023-12-14,12:43,Low,Snow,Dry,4,44.7993,-99.5468
3577,Jacksonville,2021-03-18,09:51,Low,Clear,Dry,2,47.996,-79.3204
3578,Columbus,2022-05-05,09:01,Low,Clear,Slippery,3,40.3774,-101.1748
3579,Chicago,2022-05-31,14:20,Medium,Clear,Wet,3,28.53,-101.5798
3580,Houston,2022-12-05,05:12,Medium,Clear,Dry,5,29.8558,-118.2114
3581,Philadelphia,2023-07-17,22:56,Medium,Rain,Slippery,2,32.5481,-71.6183
3582,Indianapolis,2023-05-19,21:27,Low,Windy,Icy,5,41.3771,-92.0913
3583,Houston,2023-06-15,17:04,Medium,Clear,Slippery,4,45.791,-85.99
3584,Dallas,2021-08-16,18:58,Low,Snow,Slippery,3,39.5779,-100.1129
3585,Austin,2021-12-11,16:25,Medium,Rain,Dry,5,44.7801,-78.5015
3586,Los Angeles,2023-09-21,22:29,Medium,Fog,Wet,1,27.0805,-76.3583
3587,Austin,2021-09-26,17:59,Medium,Clear,Icy,5,32.1946,-84.5445
3588,Philadelphia,2021-09-18,19:12,Medium,Clear,Slippery,1,42.8444,-80.3141
3589,Los Angeles,2021-06-04,15:40,Low,Fog,Dry,3,43.7567,-84.3974
3590,New York,2023-05-05,17:09,Low,Clear,Dry,2,38.8374,-70.7586
3591,Los Angeles,2022-12-24,03:09,Medium,Clear,Dry,5,27.1009,-107.6212
3592,Chicago,2022-04-27,04:31,High,Rain,Wet,3,26.5076,-107.77
3593,Los Angeles,2021-11-23,05:56,Low,Fog,Dry,4,31.4405,-121.2469
3594,Charlotte,2022-03-11,18:15,Medium,Snow,Wet,5,38.9863,-97.7872
3595,Chicago,2021-10-14,09:00,Medium,Clear,Slippery,1,35.7653,-116.998
3596,Dallas,2021-12-23,08:21,Low,Cloudy,Icy,4,35.9184,-88.5604
3597,Los Angeles,2023-09-30,12:21,Low,Clear,Dry,4,46.7813,-104.4472
3598,Los Angeles,2022-09-27,15:06,High,Clear,Dry,4,27.4323,-75.6516
3599,San Jose,2022-05-21,15:51,Medium,Clear,Dry,4,41.2795,-78.722
3600,San Diego,2021-05-22,11:59,Low,Clear,Slippery,2,38.0961,-99.2935
3601,Philadelphia,2023-08-26,16:47,Medium,Cloudy,Wet,3,43.6842,-97.396
3602,Philadelphia,2022-03-17,17:53,High,Rain,Wet,1,30.0841,-74.2141
3603,Chicago,2021-08-13,07:28,Low,Rain,Dry,4,40.363,-117.4482
3604,San Jose,2022-08-13,19:05,Low,Cloudy,Dry,2,25.7727,-73.8408
3605,San Diego,2023-03-13,20:46,Medium,Clear,Wet,3,29.3606,-108.9383
3606,Los Angeles,2022-03-18,12:18,High,Fog,Wet,4,38.5295,-108.8501
3607,Dallas,2021-11-17,17:59,Medium,Rain,Dry,4,34.1534,-95.9883
3608,New York,2022-10-16,07:32,Medium,Cloudy,Slippery,5,32.351,-96.915
3609,Los Angeles,2021-04-26,16:13,Medium,Clear,Dry,5,25.9979,-118.8802
3610,Chicago,2023-05-17,08:08,Medium,Clear,Under Construction,4,45.3483,-107.2483
3611,Phoenix,2023-01-28,15:07,Medium,Clear,Dry,1,30.5506,-107.7407
3612,Los Angeles,2023-05-13,16:14,Low,Clear,Wet,4,44.6804,-94.5252
3613,Houston,2021-05-14,11:47,Low,Clear,Dry,2,32.2124,-70.6182
3614,Chicago,2021-05-20,19:32,Medium,Snow,Dry,5,40.5162,-103.3333
3615,Chicago,2023-01-10,21:26,Medium,Clear,Slippery,2,41.2228,-98.7194
3616,Jacksonville,2022-10-07,07:36,Medium,Rain,Wet,1,25.2002,-113.6927
3617,Los Angeles,2021-09-19,10:46,Low,Cloudy,Wet,2,35.4227,-115.216
3618,Los Angeles,2023-09-20,12:02,Low,Cloudy,Dry,1,29.2524,-77.9948
3619,Austin,2021-04-05,15:14,Low,Rain,Dry,1,39.2585,-111.5836
3620,Los Angeles,2021-11-01,10:42,Low,Rain,Dry,1,41.4749,-86.9672
3621,New York,2022-09-18,15:57,Low,Rain,Dry,5,43.6297,-111.6969
3622,Philadelphia,2021-04-22,21:29,Low,Windy,Dry,4,34.2661,-86.274
3623,Phoenix,2021-02-19,04:28,Low,Clear,Under Construction,4,38.974,-86.2327
3624,Austin,2022-03-31,12:43,Medium,Rain,Dry,5,34.3949,-113.744
3625,Phoenix,2022-12-31,21:01,Low,Clear,Icy,4,28.7988,-97.2103
3626,San Jose,2022-01-13,11:36,Low,Snow,Icy,3,35.3023,-79.6399
3627,Dallas,2023-09-27,09:19,High,Cloudy,Icy,5,41.3669,-97.374
3628,Houston,2021-04-23,18:17,Low,Rain,Dry,3,45.1305,-71.1367
3629,Chicago,2023-05-03,12:02,High,Clear,Wet,4,26.9995,-119.4937
3630,Los Angeles,2023-02-15,20:25,High,Clear,Wet,5,40.9941,-72.3021
3631,San Antonio,2021-12-13,09:16,High,Cloudy,Icy,5,33.2852,-94.9526
3632,Houston,2023-05-25,16:20,Low,Rain,Dry,5,47.4254,-110.1514
3633,Los Angeles,2022-04-27,20:34,Low,Clear,Wet,3,35.7851,-91.5479
3634,Charlotte,2021-10-04,17:50,Medium,Rain,Under Construction,2,39.5277,-90.2841
3635,Columbus,2021-01-05,06:43,Low,Fog,Dry,2,27.2034,-82.2521
3636,Los Angeles,2022-01-05,02:40,Medium,Clear,Dry,2,30.5744,-79.0496
3637,San Jose,2022-03-21,17:18,Medium,Clear,Dry,1,29.2226,-115.646
3638,Jacksonville,2023-05-24,13:02,Low,Clear,Dry,2,27.2467,-81.7893
3639,Columbus,2023-09-23,16:25,Medium,Clear,Wet,1,40.0916,-88.7796
3640,Jacksonville,2021-06-12,22:24,High,Cloudy,Icy,2,46.5973,-77.8033
3641,San Jose,2023-12-21,08:13,Medium,Fog,Dry,1,32.1902,-84.6233
3642,New York,2022-09-16,12:07,High,Clear,Wet,5,35.4005,-115.0645
3643,Columbus,2021-10-16,14:11,High,Clear,Wet,5,25.2224,-76.7824
3644,Philadelphia,2022-02-18,10:45,Low,Snow,Dry,4,40.3195,-121.3438
3645,Dallas,2023-02-07,20:55,Low,Rain,Wet,2,40.7145,-82.7852
3646,Los Angeles,2022-01-18,18:24,Low,Snow,Slippery,1,30.0656,-116.8661
3647,Chicago,2023-08-16,15:46,Medium,Cloudy,Dry,4,36.3645,-120.6182
3648,New York,2021-06-20,12:32,High,Windy,Dry,5,34.463,-114.9436
3649,Chicago,2021-01-15,07:06,Medium,Snow,Icy,4,35.1757,-81.4549
3650,Philadelphia,2021-12-16,07:39,Low,Rain,Slippery,3,29.8005,-77.4292
3651,Chicago,2022-08-03,21:00,Low,Rain,Dry,1,26.3949,-104.1787
3652,New York,2023-07-06,10:20,Low,Clear,Wet,4,46.369,-98.7778
3653,Los Angeles,2022-04-22,18:32,Medium,Rain,Wet,5,40.0662,-110.1845
3654,Los Angeles,2021-02-18,17:25,Low,Clear,Slippery,2,32.4044,-84.6699
3655,Los Angeles,2021-01-16,06:57,Low,Rain,Under Construction,2,46.3865,-114.8476
3656,Jacksonville,2022-01-19,15:07,Medium,Clear,Dry,1,27.0698,-113.8022
3657,Columbus,2022-01-31,09:27,High,Rain,Dry,5,38.7204,-103.0784
3658,Chicago,2022-01-02,10:25,Low,Rain,Wet,3,44.6848,-97.3198
3659,New York,2021-06-09,18:29,Low,Rain,Slippery,4,38.035,-74.5573
3660,San Diego,2023-04-11,22:40,Low,Hail,Icy,1,35.3001,-87.6673
3661,Philadelphia,2021-02-21,10:19,Low,Clear,Under Construction,5,27.7708,-118.7531
3662,Charlotte,2021-09-12,06:48,Low,Cloudy,Wet,4,43.3018,-101.0899
3663,San Antonio,2023-06-19,12:04,Low,Clear,Dry,1,27.218,-119.9715
3664,Houston,2021-11-10,19:28,Low,Cloudy,Dry,4,42.4428,-119.9137
3665,New York,2021-11-09,17:35,Medium,Clear,Dry,4,36.6104,-113.5675
3666,Jacksonville,2023-08-01,17:20,Medium,Clear,Slippery,5,39.8197,-112.5055
3667,Phoenix,2022-07-03,14:35,Low,Fog,Dry,4,47.0183,-89.7912
3668,Chicago,2022-01-25,08:46,Medium,Rain,Dry,3,25.6903,-79.59
3669,San Diego,2022-05-13,15:25,Low,Rain,Wet,4,31.5822,-107.1281
3670,San Antonio,2021-10-05,17:15,Low,Fog,Dry,3,28.01,-109.5332
3671,Houston,2021-06-08,15:35,Medium,Clear,Under Construction,4,30.7254,-71.3879
3672,Chicago,2022-04-08,19:54,Low,Clear,Dry,1,34.4533,-111.8896
3673,Los Angeles,2022-07-08,18:07,High,Clear,Dry,2,30.8748,-86.1702
3674,Houston,2022-12-05,07:55,Medium,Fog,Wet,4,29.1848,-110.7082
3675,Los Angeles,2023-01-17,13:18,Low,Fog,Dry,3,29.6779,-76.6943
3676,Houston,2021-10-29,06:06,Low,Rain,Dry,5,32.6463,-88.6397
3677,San Diego,2021-12-08,18:05,Medium,Clear,Slippery,3,33.707,-95.7053
3678,New York,2023-01-22,05:39,High,Clear,Icy,5,28.9937,-108.9129
3679,San Antonio,2023-03-05,10:37,Medium,Clear,Dry,2,32.4338,-88.1057
3680,San Jose,2023-12-18,20:23,Medium,Clear,Dry,1,26.4066,-105.5636
3681,New York,2021-09-02,09:41,Medium,Snow,Dry,5,29.0807,-86.2571
3682,Austin,2022-04-26,04:29,Medium,Clear,Wet,1,25.5914,-95.835
3683,Columbus,2021-10-15,09:19,Low,Rain,Wet,4,46.6147,-105.956
3684,New York,2021-04-08,23:40,Low,Clear,Dry,5,33.9529,-84.2795
3685,San Antonio,2023-02-13,19:38,Low,Clear,Dry,1,45.2619,-114.3542
3686,San Antonio,2021-05-11,14:31,Medium,Clear,Dry,4,26.7831,-81.8174
3687,New York,2023-06-16,06:37,Low,Clear,Dry,2,26.8721,-119.7068
3688,Charlotte,2022-06-05,18:11,Medium,Rain,Icy,5,34.5594,-70.2584
3689,New York,2023-11-14,22:40,High,Clear,Dry,1,31.0783,-85.4952
3690,Jacksonville,2022-08-28,07:02,Medium,Fog,Wet,4,36.6209,-108.414
3691,New York,2021-03-08,21:41,Low,Snow,Dry,4,25.3183,-97.2643
3692,Jacksonville,2023-09-28,07:45,High,Clear,Under Construction,5,33.4689,-95.0214
3693,Jacksonville,2022-10-22,18:45,Low,Hail,Wet,4,29.9068,-82.8169
3694,Phoenix,2023-10-01,17:38,Medium,Clear,Dry,4,38.22,-87.676
3695,Chicago,2023-12-31,20:13,Medium,Rain,Wet,1,25.9283,-91.4952
3696,New York,2022-07-13,18:34,Low,Clear,Icy,5,26.2805,-109.7081
3697,New York,2023-06-08,18:55,Low,Rain,Dry,4,34.7873,-121.2159
3698,San Diego,2023-05-09,08:19,High,Clear,Slippery,3,44.441,-80.5457
3699,Chicago,2021-06-28,05:32,Low,Rain,Dry,3,46.0422,-94.6274
3700,San Antonio,2021-09-25,20:22,Low,Clear,Icy,2,32.398,-102.5779
3701,San Diego,2022-11-20,07:17,Medium,Rain,Wet,5,32.6096,-79.2062
3702,Chicago,2023-05-05,21:59,Medium,Rain,Dry,3,37.883,-83.0268
3703,Los Angeles,2022-12-24,18:47,Low,Clear,Dry,5,44.0773,-100.1959
3704,Austin,2021-04-16,06:31,Medium,Snow,Slippery,5,42.2848,-74.7955
3705,Jacksonville,2022-07-15,15:48,Medium,Snow,Dry,5,34.1404,-108.7506
3706,Los Angeles,2021-04-19,07:52,Medium,Clear,Dry,1,37.8862,-82.5004
3707,Charlotte,2022-12-03,15:05,Low,Clear,Wet,4,45.4457,-110.4884
3708,San Diego,2022-11-29,05:12,Medium,Rain,Wet,3,28.7036,-107.2153
3709,Houston,2021-05-25,10:46,Low,Clear,Wet,2,25.5157,-80.8886
3710,New York,2022-02-23,09:26,Medium,Rain,Dry,4,28.3102,-112.663
3711,Columbus,2023-02-23,20:38,Low,Clear,Wet,3,27.3554,-72.3687
3712,Columbus,2021-05-16,13:51,Low,Windy,Dry,2,26.4066,-79.6095
3713,San Diego,2022-08-21,09:33,Low,Rain,Slippery,1,40.2943,-86.7969
3714,Charlotte,2022-02-12,06:30,Medium,Fog,Wet,1,25.7225,-109.5046
3715,Charlotte,2023-05-01,13:46,Medium,Rain,Dry,2,44.6262,-104.2125
3716,Chicago,2023-07-24,11:22,Low,Cloudy,Dry,5,27.549,-104.7972
3717,Dallas,2022-05-28,08:49,Low,Cloudy,Dry,5,29.6993,-105.613
3718,Philadelphia,2022-02-25,08:03,Medium,Clear,Wet,2,40.0144,-76.3035
3719,Indianapolis,2022-02-26,11:47,Low,Rain,Dry,1,35.6837,-114.5507
3720,Austin,2022-05-28,01:08,Medium,Clear,Dry,1,32.356,-70.0481
3721,Phoenix,2022-09-01,10:32,Low,Cloudy,Slippery,4,47.0612,-92.7507
3722,San Diego,2022-05-17,18:16,Medium,Snow,Slippery,4,30.7327,-112.9382
3723,Chicago,2022-08-01,04:36,Medium,Clear,Dry,1,28.6267,-83.4926
3724,Houston,2023-01-10,14:13,Medium,Clear,Wet,5,31.0828,-70.7091
3725,Austin,2021-06-23,16:56,Medium,Hail,Icy,3,46.8891,-102.0272
3726,Dallas,2022-11-15,16:04,Medium,Clear,Icy,4,40.1067,-106.7533
3727,Chicago,2022-09-04,12:49,Low,Rain,Dry,1,47.2763,-113.1665
3728,Jacksonville,2021-11-16,23:56,Medium,Rain,Dry,3,36.3553,-121.5146
3729,San Jose,2021-05-22,14:30,Medium,Clear,Dry,3,33.6423,-73.1779
3730,San Jose,2022-04-13,12:09,High,Cloudy,Wet,5,41.0466,-119.0206
3731,Phoenix,2022-09-27,17:29,Medium,Snow,Dry,3,41.1242,-99.9854
3732,Los Angeles,2022-05-24,06:06,Low,Fog,Wet,2,43.4435,-83.2207
3733,Phoenix,2023-03-01,20:22,High,Rain,Dry,2,41.5038,-84.9952
3734,Philadelphia,2022-02-17,20:48,Low,Rain,Wet,1,47.0679,-86.6371
3735,Phoenix,2023-05-17,21:25,Medium,Clear,Wet,1,40.9291,-103.0301
3736,Jacksonville,2023-05-02,17:05,Medium,Windy,Slippery,1,38.0105,-100.13
3737,San Diego,2022-05-05,12:26,Low,Cloudy,Dry,4,27.681,-74.8614
3738,Houston,2022-03-25,08:21,Low,Clear,Slippery,1,36.7475,-102.594
3739,New York,2023-04-08,05:08,Low,Fog,Slippery,4,44.4503,-75.617
3740,Chicago,2023-03-06,15:35,Medium,Fog,Wet,5,47.7792,-83.5447
3741,Los Angeles,2021-06-24,15:59,Low,Rain,Dry,2,33.9397,-76.4972
3742,Austin,2022-01-11,07:22,Medium,Clear,Dry,1,46.6497,-115.0246
3743,Dallas,2022-07-31,12:58,Low,Rain,Dry,1,42.3224,-117.2952
3744,Houston,2023-10-26,20:15,Medium,Clear,Wet,3,30.2031,-101.8081
3745,Los Angeles,2023-05-11,19:11,Medium,Clear,Dry,3,36.2776,-102.5669
3746,Phoenix,2022-08-16,07:38,High,Clear,Dry,1,44.2762,-85.0834
3747,Houston,2022-03-21,20:10,Low,Fog,Dry,5,29.0046,-98.8866
3748,Chicago,2023-02-20,08:50,Medium,Clear,Dry,4,26.8599,-93.047
3749,Jacksonville,2021-11-06,01:15,Medium,Rain,Dry,5,32.5788,-87.3578
3750,New York,2023-04-26,22:42,Low,Cloudy,Under Construction,1,41.3339,-117.1179
3751,Houston,2021-12-02,14:05,Medium,Clear,Slippery,4,34.7497,-101.5513
3752,Chicago,2023-03-15,17:39,Low,Clear,Dry,4,46.8881,-105.0288
3753,Los Angeles,2023-11-22,09:00,High,Rain,Dry,2,40.3604,-90.7367
3754,Chicago,2021-03-05,19:31,Low,Rain,Wet,1,40.1835,-113.9244
3755,Jacksonville,2022-05-29,18:08,Medium,Rain,Dry,1,38.3871,-104.2002
3756,Phoenix,2022-05-27,05:25,Medium,Rain,Dry,4,32.5845,-107.23
3757,New York,2022-08-22,19:38,Low,Fog,Wet,5,30.4731,-95.8552
3758,Dallas,2021-12-13,21:58,Low,Clear,Dry,4,34.5141,-92.1341
3759,Houston,2022-05-19,12:05,Low,Clear,Dry,5,45.7512,-113.3408
3760,San Jose,2021-10-02,17:51,Low,Rain,Dry,3,41.294,-92.6952
3761,Philadelphia,2021-02-18,20:08,Medium,Clear,Icy,2,40.4308,-83.2766
3762,Houston,2022-06-09,18:20,High,Windy,Slippery,1,41.6021,-109.6389
3763,New York,2023-06-14,11:21,Medium,Cloudy,Dry,5,44.5688,-85.7331
3764,Houston,2022-12-11,18:47,Low,Cloudy,Wet,3,47.0633,-82.6468
3765,Charlotte,2022-01-21,12:00,Medium,Clear,Dry,4,25.7059,-102.0912
3766,New York,2022-11-02,17:26,Medium,Rain,Under Construction,4,28.1237,-87.2151
3767,Los Angeles,2021-03-01,21:57,Medium,Clear,Slippery,1,46.7006,-113.7869
3768,Houston,2023-05-25,12:30,Low,Clear,Dry,4,30.1415,-81.7341
3769,Chicago,2023-10-28,08:57,Medium,Clear,Wet,5,39.4653,-121.8695
3770,Phoenix,2023-04-11,17:20,Low,Snow,Dry,4,36.2497,-120.2337
3771,Los Angeles,2022-06-18,12:28,Low,Clear,Wet,1,38.5779,-83.3798
3772,Columbus,2022-12-01,09:27,Medium,Rain,Under Construction,1,42.3662,-95.0908
3773,New York,2023-10-27,12:07,Low,Clear,Dry,5,43.4185,-100.0341
3774,Indianapolis,2023-05-10,07:17,Medium,Cloudy,Wet,5,32.5389,-119.3091
3775,Chicago,2021-01-29,20:49,Low,Clear,Icy,1,25.9404,-118.3423
3776,New York,2021-04-24,22:59,Low,Rain,Dry,4,35.1436,-82.5696
3777,Phoenix,2022-04-20,16:46,Low,Clear,Wet,5,39.6332,-120.3135
3778,Philadelphia,2022-07-20,06:06,Low,Rain,Dry,5,30.0378,-116.3211
3779,Charlotte,2021-01-28,11:08,Medium,Clear,Icy,2,33.2446,-118.4763
3780,San Diego,2021-06-27,22:37,Low,Clear,Dry,1,38.2899,-113.3653
3781,Chicago,2022-08-02,05:11,Medium,Rain,Icy,1,41.7601,-110.13
3782,Dallas,2021-10-13,09:34,Medium,Windy,Dry,4,25.8343,-89.0967
3783,Philadelphia,2021-12-05,19:33,Low,Windy,Dry,2,42.9653,-78.7647
3784,San Antonio,2021-02-04,17:36,High,Rain,Wet,3,31.6745,-85.6145
3785,Phoenix,2022-02-03,01:06,Medium,Clear,Icy,2,39.5737,-76.6249
3786,Chicago,2023-07-06,17:11,Low,Rain,Slippery,4,27.8154,-73.4629
3787,Los Angeles,2021-06-13,15:07,High,Clear,Icy,5,34.5441,-104.2617
3788,Phoenix,2023-07-09,12:28,Medium,Windy,Icy,5,37.7115,-114.9918
3789,Charlotte,2021-03-10,20:03,Medium,Windy,Dry,4,31.2058,-103.4089
3790,New York,2022-01-16,08:53,Medium,Clear,Dry,4,27.5476,-76.6605
3791,Phoenix,2021-12-14,09:38,High,Clear,Dry,4,26.4753,-73.9817
3792,Phoenix,2022-08-01,15:26,Low,Clear,Wet,3,32.2762,-98.4644
3793,Chicago,2021-12-30,11:46,High,Rain,Slippery,5,37.2324,-70.8789
3794,San Diego,2022-10-24,07:26,High,Rain,Dry,1,43.7766,-103.0044
3795,Austin,2021-08-02,18:06,Low,Clear,Slippery,2,37.4993,-104.0954
3796,Dallas,2022-10-17,13:18,Medium,Clear,Dry,4,42.2708,-77.9861
3797,Philadelphia,2023-12-26,00:38,Medium,Clear,Dry,5,30.1368,-99.4363
3798,Chicago,2021-05-04,07:31,High,Clear,Slippery,3,42.1707,-75.2027
3799,Jacksonville,2023-02-11,08:15,Medium,Rain,Dry,5,47.3461,-103.3026
3800,New York,2022-07-26,18:28,Low,Snow,Slippery,4,44.6243,-73.1945
3801,Philadelphia,2021-10-01,12:34,High,Clear,Dry,3,47.8935,-83.5727
3802,New York,2021-10-25,13:24,Medium,Rain,Icy,5,45.9133,-102.3527
3803,Phoenix,2023-08-06,22:16,Medium,Clear,Slippery,2,39.5497,-120.7216
3804,Houston,2022-12-07,17:17,Medium,Fog,Wet,4,37.112,-92.3185
3805,San Antonio,2022-01-23,21:50,Low,Rain,Dry,2,46.4627,-85.5117
3806,New York,2021-10-13,14:44,High,Windy,Dry,3,30.535,-91.8522
3807,Los Angeles,2021-07-14,21:23,Low,Clear,Wet,2,32.3208,-75.3279
3808,New York,2022-05-05,06:49,High,Clear,Dry,2,45.8053,-113.7573
3809,Chicago,2021-11-05,12:12,Low,Rain,Dry,4,38.3302,-82.7395
3810,Houston,2023-02-18,11:06,Medium,Rain,Dry,2,27.1247,-114.3165
3811,Los Angeles,2023-01-21,05:26,Medium,Cloudy,Dry,3,47.0896,-111.063
3812,Dallas,2023-06-17,12:43,High,Cloudy,Dry,1,38.2623,-77.746
3813,Austin,2023-06-19,07:38,Medium,Clear,Slippery,2,34.0374,-117.9422
3814,Philadelphia,2022-02-19,09:54,Low,Clear,Dry,4,47.2513,-114.0831
3815,Dallas,2021-01-30,08:13,Medium,Rain,Wet,3,43.0065,-87.2905
3816,New York,2022-07-31,15:40,High,Clear,Slippery,2,44.7443,-86.6498
3817,Dallas,2022-04-14,21:03,Medium,Clear,Dry,4,34.9253,-70.7939
3818,Jacksonville,2021-10-22,14:23,Low,Clear,Dry,3,35.4354,-74.483
3819,Philadelphia,2023-02-14,07:57,Low,Snow,Wet,5,32.1806,-99.7965
3820,Houston,2021-03-16,12:49,Low,Rain,Dry,4,45.4932,-106.5979
3821,Los Angeles,2021-02-06,16:28,Medium,Clear,Icy,5,27.4369,-79.213
3822,Columbus,2023-02-17,20:08,Low,Hail,Dry,4,37.5508,-107.0297
3823,Jacksonville,2023-08-22,20:14,Low,Clear,Dry,2,45.957,-107.7621
3824,Los Angeles,2022-03-10,18:36,Low,Clear,Icy,4,26.7541,-118.4811
3825,Los Angeles,2021-02-01,17:48,Medium,Clear,Dry,1,47.7808,-88.7879
3826,Houston,2021-03-04,19:27,Low,Clear,Slippery,2,42.8527,-96.02
3827,San Jose,2021-06-15,09:36,Low,Fog,Dry,5,46.1395,-76.949
3828,Philadelphia,2021-12-06,10:48,Low,Snow,Dry,5,26.6612,-81.1208
3829,Jacksonville,2022-01-06,04:37,Medium,Clear,Icy,4,37.5935,-115.7497
3830,Los Angeles,2021-11-20,12:27,High,Snow,Icy,4,41.9434,-70.6837
3831,San Antonio,2021-10-06,09:58,Low,Rain,Dry,2,43.8217,-86.224
3832,San Jose,2021-12-12,11:47,Medium,Rain,Icy,2,37.9065,-95.6969
3833,Charlotte,2022-07-31,10:48,High,Hail,Icy,4,39.7742,-103.5514
3834,Los Angeles,2022-03-08,16:37,High,Rain,Dry,5,25.4406,-110.3122
3835,Los Angeles,2021-02-23,14:40,Low,Rain,Wet,2,38.588,-119.566
3836,Indianapolis,2022-10-16,19:21,Medium,Clear,Wet,4,40.1982,-104.6018
3837,Philadelphia,2021-02-26,19:07,High,Rain,Dry,1,39.1286,-96.8683
3838,Dallas,2022-08-15,09:36,Medium,Rain,Dry,4,46.6121,-77.5863
3839,Los Angeles,2021-01-21,02:45,Low,Rain,Wet,3,46.0532,-94.4422
3840,San Jose,2022-11-06,17:31,Medium,Fog,Wet,4,33.6719,-121.7446
3841,Dallas,2021-10-04,08:24,Medium,Snow,Icy,3,27.3813,-121.6526
3842,Houston,2021-08-05,14:12,Medium,Rain,Dry,2,43.1819,-86.7242
3843,San Antonio,2022-08-01,00:13,Medium,Clear,Dry,4,38.9771,-85.1553
3844,New York,2023-09-17,22:23,High,Clear,Dry,5,46.5124,-110.7145
3845,Houston,2021-07-22,12:25,Low,Clear,Dry,5,26.5423,-104.4082
3846,Los Angeles,2023-09-26,12:17,High,Cloudy,Dry,5,30.0649,-111.122
3847,New York,2023-01-03,09:23,Medium,Snow,Dry,5,47.5787,-112.2133
3848,Dallas,2023-08-17,20:18,Low,Clear,Wet,5,36.2432,-84.57
3849,Dallas,2023-07-22,23:17,Low,Snow,Dry,4,25.8496,-82.4357
3850,Houston,2021-03-23,15:26,Low,Clear,Icy,4,47.4632,-104.5076
3851,San Antonio,2023-09-09,22:14,Low,Cloudy,Wet,3,25.4885,-97.5526
3852,Dallas,2023-04-03,14:54,Low,Clear,Slippery,1,31.7468,-116.3057
3853,Houston,2023-10-15,22:20,Medium,Cloudy,Dry,2,43.5177,-75.3122
3854,Houston,2023-10-27,17:32,Medium,Clear,Wet,5,38.5285,-101.8653
3855,Houston,2023-11-03,13:14,Low,Clear,Dry,5,44.7573,-99.138
3856,New York,2023-05-10,13:58,Low,Clear,Dry,2,37.632,-118.5329
3857,Jacksonville,2021-10-22,19:37,Low,Rain,Wet,5,36.7045,-74.5866
3858,San Antonio,2021-12-04,09:43,Medium,Clear,Wet,3,27.2982,-85.8242
3859,Houston,2022-11-17,20:12,Low,Fog,Dry,4,45.6816,-111.4335
3860,Houston,2023-12-21,10:36,Medium,Rain,Dry,5,44.196,-108.726
3861,New York,2021-07-15,09:19,Low,Fog,Dry,4,33.5006,-119.6529
3862,New York,2022-05-04,18:07,Medium,Hail,Dry,5,36.1841,-91.6158
3863,Dallas,2023-12-10,18:11,Medium,Cloudy,Wet,3,28.539,-73.9556
3864,Dallas,2022-07-02,09:37,Medium,Fog,Dry,3,27.6429,-77.6598
3865,Houston,2023-09-11,17:51,Medium,Snow,Under Construction,4,41.8536,-102.9563
3866,Indianapolis,2023-08-04,19:44,Medium,Fog,Under Construction,4,45.9251,-74.6666
3867,Dallas,2022-10-23,08:37,Low,Rain,Wet,4,40.9436,-96.2306
3868,Dallas,2021-09-04,15:12,Low,Rain,Dry,2,41.1147,-108.6264
3869,New York,2021-11-20,11:50,Low,Clear,Dry,4,44.4746,-97.8279
3870,Houston,2021-10-30,13:00,High,Cloudy,Wet,4,27.3595,-99.6413
3871,Austin,2022-10-30,00:55,Low,Windy,Dry,5,41.5761,-74.3277
3872,San Antonio,2022-08-26,08:35,Medium,Fog,Dry,2,46.4572,-113.2666
3873,Chicago,2023-06-17,03:47,Low,Clear,Wet,2,38.2147,-105.4345
3874,Columbus,2022-09-25,23:17,Low,Clear,Icy,4,43.5587,-70.5809
3875,New York,2023-11-16,07:41,Low,Rain,Dry,1,32.3663,-80.632
3876,Los Angeles,2022-12-20,03:52,High,Clear,Dry,5,45.0295,-97.4942
3877,Austin,2021-07-11,20:09,Medium,Snow,Wet,4,35.0982,-100.8909
3878,Chicago,2022-10-24,10:00,Medium,Clear,Dry,1,40.9069,-100.5826
3879,Dallas,2022-07-23,08:14,High,Rain,Dry,1,35.7263,-87.3925
3880,Los Angeles,2023-01-19,15:04,High,Clear,Dry,2,29.2962,-110.3739
3881,Charlotte,2023-06-28,20:48,Medium,Clear,Dry,3,28.0678,-116.2689
3882,Indianapolis,2021-09-02,02:00,Low,Clear,Dry,3,47.1725,-113.8651
3883,Philadelphia,2023-02-04,03:25,High,Clear,Dry,2,32.9045,-86.9712
3884,Charlotte,2023-06-08,17:59,Medium,Rain,Slippery,2,32.2138,-120.7023
3885,San Diego,2023-02-24,17:21,Low,Clear,Icy,5,45.0688,-98.7697
3886,Los Angeles,2023-01-14,05:37,High,Clear,Dry,1,44.2076,-113.0218
3887,Los Angeles,2022-02-10,09:55,High,Rain,Dry,1,39.3615,-96.3893
3888,Houston,2021-11-23,06:17,Low,Clear,Dry,3,28.42,-85.6045
3889,Los Angeles,2023-06-03,18:15,Low,Snow,Icy,4,25.8999,-86.8216
3890,New York,2021-07-14,23:00,Medium,Clear,Wet,4,26.6629,-92.9648
3891,Philadelphia,2022-07-13,04:53,High,Rain,Dry,3,37.7375,-82.2559
3892,Houston,2021-09-02,19:57,Low,Fog,Wet,1,41.74,-94.8978
3893,Austin,2021-02-07,10:34,Medium,Clear,Slippery,5,25.9614,-115.7216
3894,Dallas,2021-02-02,08:18,Low,Windy,Wet,1,40.9822,-75.5544
3895,Los Angeles,2022-11-26,11:45,High,Rain,Icy,4,43.6383,-91.2519
3896,San Jose,2021-03-19,16:06,High,Clear,Wet,5,31.9796,-120.8539
3897,Los Angeles,2021-10-08,22:04,High,Clear,Dry,4,44.0776,-81.6595
3898,Dallas,2021-10-23,14:09,Medium,Clear,Wet,2,34.1204,-113.748
3899,San Antonio,2023-07-26,19:17,High,Fog,Dry,3,38.7728,-77.9438
3900,New York,2023-03-08,00:37,Low,Clear,Icy,4,33.4972,-71.6318
3901,Columbus,2022-12-26,13:57,Medium,Clear,Dry,5,39.5295,-111.0237
3902,Chicago,2022-08-08,23:39,Low,Clear,Wet,4,31.6861,-116.7778
3903,Chicago,2022-07-09,11:33,High,Fog,Wet,3,29.3707,-75.8402
3904,Phoenix,2021-09-18,19:01,Low,Clear,Wet,5,46.1016,-101.9515
3905,New York,2021-07-12,21:26,Low,Snow,Dry,3,36.2702,-105.3291
3906,New York,2023-03-24,06:47,Low,Rain,Wet,3,45.3438,-120.1209
3907,Austin,2022-03-26,11:40,Low,Clear,Wet,5,37.1992,-92.6409
3908,New York,2023-11-11,07:11,Medium,Clear,Wet,2,33.5205,-74.4009
3909,Houston,2023-04-30,19:29,Low,Clear,Wet,1,43.5426,-97.5594
3910,Philadelphia,2022-04-18,21:07,Medium,Rain,Icy,3,47.2008,-88.9914
3911,Dallas,2023-08-22,19:52,High,Clear,Under Construction,2,45.5624,-121.0771
3912,Indianapolis,2023-07-20,13:43,Medium,Rain,Dry,1,28.0709,-101.8981
3913,San Jose,2022-08-10,09:14,Medium,Clear,Under Construction,3,41.0199,-89.6932
3914,Charlotte,2021-03-04,18:11,Medium,Clear,Wet,4,47.2256,-77.4493
3915,San Diego,2021-04-13,20:27,High,Clear,Dry,2,42.2766,-84.9536
3916,New York,2021-07-19,06:55,Low,Clear,Dry,4,44.4622,-112.9823
3917,Philadelphia,2021-02-06,19:41,Medium,Rain,Wet,3,39.8201,-112.2038
3918,Los Angeles,2022-08-02,07:20,Low,Rain,Dry,2,33.2819,-82.2628
3919,Houston,2023-09-04,13:11,Low,Clear,Dry,2,47.8878,-87.7648
3920,Los Angeles,2023-12-04,14:22,Low,Cloudy,Wet,4,47.8915,-110.1817
3921,San Antonio,2023-02-15,08:14,Low,Fog,Dry,5,45.0832,-112.83
3922,San Diego,2021-02-02,18:50,Medium,Cloudy,Wet,5,42.7527,-109.1776
3923,Houston,2023-10-28,19:19,Medium,Cloudy,Wet,2,40.6968,-112.7618
3924,San Diego,2022-11-29,09:41,Low,Hail,Dry,4,26.8679,-100.1763
3925,Houston,2023-08-30,16:18,High,Rain,Wet,1,36.9558,-82.3909
3926,Dallas,2023-11-25,19:13,Medium,Clear,Dry,5,32.4881,-84.6304
3927,New York,2022-11-03,22:37,High,Clear,Wet,4,28.9771,-72.4516
3928,New York,2022-11-12,22:03,Low,Clear,Dry,4,28.1657,-86.9164
3929,Chicago,2023-11-01,21:37,High,Clear,Under Construction,5,45.1908,-86.6937
3930,San Antonio,2021-06-25,18:35,Low,Snow,Dry,1,37.6532,-88.4702
3931,Dallas,2021-02-17,19:06,Low,Snow,Wet,5,26.3273,-112.5253
3932,San Antonio,2021-06-25,10:20,Low,Snow,Icy,1,37.9964,-101.328
3933,San Diego,2021-07-21,16:50,High,Rain,Dry,3,39.5167,-103.642
3934,Los Angeles,2023-09-18,20:17,Low,Snow,Slippery,3,45.1611,-84.5238
3935,San Diego,2023-03-19,12:45,Medium,Snow,Dry,1,46.8466,-104.0428
3936,Los Angeles,2023-07-25,07:29,Low,Clear,Dry,3,29.7305,-72.9636
3937,Houston,2022-11-02,08:27,Medium,Rain,Dry,2,30.7659,-84.4464
3938,San Jose,2021-09-24,12:53,Medium,Rain,Dry,1,25.2087,-85.1393
3939,New York,2023-06-16,16:16,High,Clear,Slippery,2,44.9514,-120.448
3940,Indianapolis,2023-04-26,06:42,Medium,Rain,Dry,4,34.0398,-85.1849
3941,Jacksonville,2023-04-25,16:31,Low,Clear,Icy,1,35.5677,-82.9637
3942,Chicago,2021-12-15,10:14,Medium,Rain,Dry,1,30.0145,-103.8902
3943,Charlotte,2022-02-08,12:54,Low,Clear,Dry,5,35.2463,-83.7318
3944,Dallas,2023-02-17,13:20,Medium,Rain,Dry,1,40.2073,-112.8554
3945,Austin,2022-04-04,17:19,High,Clear,Wet,1,29.2185,-102.2984
3946,San Jose,2022-06-18,16:40,Low,Clear,Slippery,1,42.7315,-101.4673
3947,Chicago,2023-06-23,11:44,Low,Snow,Dry,3,26.4636,-90.5319
3948,Los Angeles,2022-11-21,12:25,Low,Rain,Dry,2,41.3531,-115.8577
3949,Chicago,2021-04-21,11:04,Low,Rain,Slippery,1,45.0352,-78.3577
3950,Dallas,2023-10-24,06:13,Low,Snow,Icy,4,42.2184,-70.3327
3951,Charlotte,2022-05-20,16:23,Medium,Rain,Dry,5,32.2888,-83.0364
3952,Dallas,2023-03-15,12:30,Low,Clear,Wet,1,35.9067,-70.7441
3953,Charlotte,2023-02-26,16:38,Low,Fog,Dry,4,25.2177,-87.8434
3954,Austin,2022-05-22,08:44,Low,Clear,Wet,2,35.8322,-108.3854
3955,Houston,2021-02-10,07:15,Medium,Rain,Dry,4,36.0867,-85.9542
3956,Dallas,2021-05-19,14:11,Medium,Clear,Wet,4,42.3164,-97.4081
3957,Los Angeles,2023-01-17,11:38,Low,Clear,Slippery,5,32.4328,-96.5072
3958,Houston,2021-02-22,20:57,Low,Rain,Icy,5,42.8998,-84.8981
3959,Indianapolis,2022-04-02,19:22,Medium,Clear,Wet,1,33.615,-75.5238
3960,San Diego,2022-12-20,19:38,Low,Cloudy,Dry,3,44.5613,-96.0605
3961,Chicago,2023-04-25,09:23,Medium,Clear,Wet,1,42.4384,-73.9883
3962,Dallas,2021-09-09,23:22,Low,Rain,Slippery,4,32.2701,-83.5182
3963,San Diego,2022-12-20,18:47,Medium,Rain,Dry,1,27.5041,-92.7754
3964,Austin,2023-05-12,13:31,Low,Rain,Dry,2,35.2703,-79.8114
3965,Chicago,2023-05-25,11:53,Medium,Clear,Dry,2,30.3813,-79.5036
3966,Houston,2023-06-26,09:36,Low,Hail,Wet,2,28.593,-77.0039
3967,Phoenix,2023-06-01,21:10,Medium,Clear,Dry,2,36.1532,-111.2497
3968,New York,2023-10-19,09:20,High,Clear,Dry,3,45.8905,-121.7969
3969,New York,2023-08-28,07:26,Medium,Cloudy,Wet,2,38.689,-107.9766
3970,Chicago,2023-09-24,13:26,Medium,Fog,Slippery,5,27.6416,-93.0542
3971,Indianapolis,2023-06-19,18:31,Low,Clear,Dry,4,39.8475,-94.588
3972,Phoenix,2023-12-10,13:19,Medium,Rain,Slippery,3,35.4117,-109.2735
3973,Indianapolis,2022-06-03,22:16,Medium,Cloudy,Dry,4,30.5926,-92.6467
3974,Phoenix,2022-01-06,11:16,Medium,Clear,Wet,1,28.2569,-95.6054
3975,Chicago,2023-11-22,13:23,High,Fog,Slippery,1,46.3388,-82.6904
3976,Phoenix,2023-11-30,13:23,High,Rain,Under Construction,2,41.8008,-79.6733
3977,Charlotte,2021-03-24,16:01,Low,Clear,Dry,1,35.0775,-102.2512
3978,Dallas,2023-01-17,10:20,Low,Clear,Dry,2,31.6803,-115.4644
3979,Los Angeles,2023-08-20,06:08,Low,Cloudy,Slippery,4,32.7334,-111.4867
3980,San Antonio,2022-02-03,20:23,Medium,Cloudy,Icy,5,25.4631,-101.4105
3981,Dallas,2021-11-17,14:46,Medium,Cloudy,Wet,5,36.2423,-89.2813
3982,Philadelphia,2023-08-22,14:55,Medium,Fog,Under Construction,4,44.5946,-99.904
3983,Houston,2021-04-08,16:30,Medium,Snow,Wet,4,44.4475,-100.5804
3984,Phoenix,2023-10-21,17:31,Low,Clear,Dry,1,40.7807,-106.7985
3985,Dallas,2023-01-16,17:28,Medium,Clear,Wet,1,40.7842,-121.1047
3986,Los Angeles,2023-06-24,16:45,High,Clear,Dry,5,28.6418,-106.9382
3987,Chicago,2022-05-02,01:39,Low,Clear,Dry,1,35.5527,-105.3866
3988,San Diego,2023-06-25,07:51,Medium,Fog,Wet,5,35.5881,-120.2165
3989,New York,2023-11-03,17:19,Low,Clear,Dry,5,43.5475,-103.0426
3990,Phoenix,2023-03-14,11:40,Medium,Clear,Wet,3,25.7644,-98.4212
3991,Los Angeles,2021-02-19,11:51,Low,Rain,Dry,1,42.9281,-94.1941
3992,Philadelphia,2022-10-13,12:15,Medium,Snow,Dry,5,46.548,-110.3315
3993,Philadelphia,2021-11-15,06:46,Low,Clear,Dry,2,25.058,-75.909
3994,Indianapolis,2022-01-29,15:53,Low,Clear,Dry,3,40.7198,-95.9033
3995,Phoenix,2023-05-21,18:48,Low,Clear,Dry,4,34.788,-87.3312
3996,Phoenix,2021-04-05,21:30,High,Clear,Dry,2,41.9053,-82.823
3997,New York,2022-11-01,10:51,High,Fog,Wet,4,36.072,-87.7351
3998,New York,2022-12-26,22:18,Low,Snow,Wet,5,41.9599,-93.4976
3999,Chicago,2021-02-22,16:58,Low,Clear,Dry,4,36.5886,-82.6843
4000,Phoenix,2023-08-26,16:02,Low,Cloudy,Dry,3,26.9699,-118.9181
4001,San Jose,2023-08-15,18:59,Medium,Clear,Dry,5,40.4357,-99.7376
4002,Chicago,2021-08-23,06:40,Low,Clear,Dry,3,25.3829,-107.6744
4003,Columbus,2022-12-31,04:02,Low,Rain,Dry,5,38.5047,-115.2336
4004,Columbus,2023-09-06,02:55,Medium,Clear,Wet,3,38.9606,-105.997
4005,Chicago,2022-05-11,11:41,Medium,Cloudy,Icy,1,46.1672,-110.2863
4006,Houston,2023-03-18,08:13,Medium,Snow,Dry,3,42.738,-74.3522
4007,Dallas,2021-07-19,13:33,Low,Clear,Icy,3,45.0371,-87.2701
4008,Columbus,2022-06-18,09:40,Medium,Snow,Dry,2,40.4375,-120.1687
4009,Chicago,2021-03-25,18:16,Medium,Cloudy,Wet,3,41.1339,-76.6049
4010,Jacksonville,2023-05-05,13:10,Low,Clear,Wet,1,41.991,-119.3517
4011,New York,2023-10-26,21:13,High,Hail,Wet,1,45.4134,-71.5791
4012,Los Angeles,2023-12-29,21:06,Low,Snow,Wet,4,38.863,-86.6731
4013,Chicago,2021-07-16,11:06,Low,Cloudy,Dry,2,33.5029,-109.955
4014,Houston,2021-11-14,20:14,Low,Clear,Wet,4,28.961,-76.9196
4015,Dallas,2022-12-28,21:50,Medium,Clear,Dry,1,37.7736,-89.1948
4016,New York,2023-11-02,16:28,High,Rain,Dry,3,42.8022,-117.1095
4017,Los Angeles,2023-05-19,03:17,High,Snow,Dry,3,35.2993,-75.374
4018,Los Angeles,2022-11-13,03:16,Low,Clear,Dry,3,40.6903,-95.9883
4019,Houston,2021-10-21,16:50,Medium,Fog,Dry,1,40.1768,-78.3575
4020,Dallas,2021-08-23,19:59,Medium,Clear,Wet,4,44.0553,-114.9781
4021,Los Angeles,2022-01-23,19:51,Low,Clear,Dry,2,32.1865,-112.9718
4022,Dallas,2023-09-01,17:00,Medium,Rain,Dry,4,31.0152,-82.3292
4023,Houston,2022-07-08,00:10,Low,Clear,Dry,3,33.1241,-101.9599
4024,Dallas,2022-02-09,07:27,High,Clear,Dry,1,44.851,-103.2756
4025,San Diego,2021-05-29,19:36,Low,Clear,Under Construction,3,42.7728,-76.9539
4026,Columbus,2022-11-26,00:25,Medium,Clear,Slippery,5,46.2212,-85.7496
4027,Los Angeles,2023-06-18,07:04,Low,Clear,Wet,2,40.1012,-110.9816
4028,San Jose,2023-12-21,21:46,Low,Rain,Dry,2,28.557,-100.7098
4029,Houston,2023-07-09,13:46,Low,Cloudy,Dry,5,43.2503,-77.2842
4030,Indianapolis,2022-08-23,18:34,Medium,Rain,Dry,2,47.4395,-106.9445
4031,Houston,2022-02-02,19:12,Low,Cloudy,Dry,4,34.404,-108.447
4032,Los Angeles,2021-01-10,21:21,Medium,Cloudy,Wet,2,42.5549,-120.3491
4033,Dallas,2021-06-04,12:57,Medium,Snow,Dry,5,25.3407,-109.3471
4034,Dallas,2021-03-26,21:35,Low,Clear,Wet,1,36.7781,-116.5192
4035,New York,2023-04-05,09:52,Low,Clear,Dry,1,45.04,-110.4518
4036,Charlotte,2023-12-19,19:47,Medium,Clear,Dry,1,33.1331,-81.7055
4037,Columbus,2022-05-09,15:34,Low,Clear,Icy,3,38.3354,-117.6081
4038,Phoenix,2023-02-13,18:00,High,Clear,Dry,1,31.6632,-120.0306
4039,Los Angeles,2021-10-17,12:41,Low,Snow,Dry,5,28.032,-73.4788
4040,Philadelphia,2022-11-21,06:50,Medium,Snow,Slippery,1,46.6836,-81.6298
4041,New York,2022-11-22,03:26,Low,Clear,Dry,4,44.4201,-75.7196
4042,Houston,2023-10-14,21:01,Medium,Cloudy,Dry,5,47.9731,-97.1641
4043,Philadelphia,2022-12-26,07:27,Medium,Clear,Under Construction,2,34.6312,-117.167
4044,San Diego,2023-03-13,15:51,Low,Clear,Dry,2,35.834,-111.8098
4045,New York,2023-12-13,17:29,Low,Clear,Dry,5,25.2303,-75.5297
4046,Chicago,2021-11-14,02:03,Medium,Rain,Dry,1,36.0946,-89.1104
4047,Austin,2022-08-06,13:32,High,Clear,Wet,5,44.3917,-89.9657
4048,Los Angeles,2021-05-10,08:29,Low,Clear,Dry,5,43.0474,-111.2249
4049,San Diego,2021-10-04,15:42,High,Clear,Dry,3,38.6312,-77.6185
4050,Columbus,2022-05-25,15:54,Medium,Cloudy,Dry,1,36.6348,-101.1054
4051,Houston,2022-09-30,11:17,Low,Rain,Wet,5,28.9951,-70.9186
4052,Indianapolis,2023-05-28,08:26,High,Clear,Icy,3,47.4956,-88.2225
4053,Chicago,2021-02-04,09:58,Low,Rain,Dry,4,42.1966,-71.5961
4054,Houston,2021-04-22,18:07,Low,Rain,Dry,2,42.6153,-70.4484
4055,Los Angeles,2023-10-22,00:12,Low,Fog,Wet,5,34.6721,-121.0439
4056,New York,2021-04-10,06:25,High,Rain,Under Construction,2,32.5181,-121.629
4057,Austin,2023-06-10,07:11,Low,Rain,Dry,4,42.0945,-115.2165
4058,Los Angeles,2023-03-03,12:59,Low,Clear,Dry,5,46.929,-112.1043
4059,Dallas,2021-01-16,05:05,Low,Fog,Dry,4,46.1885,-108.9975
4060,San Diego,2022-11-16,18:38,Medium,Clear,Dry,1,25.1306,-78.8376
4061,Austin,2022-11-13,12:28,Low,Clear,Icy,2,33.3904,-102.8078
4062,Chicago,2023-08-25,19:15,Low,Clear,Slippery,2,41.2041,-80.0731
4063,Phoenix,2023-12-16,19:24,Low,Clear,Dry,4,25.4991,-106.6677
4064,Columbus,2021-12-10,22:23,Medium,Clear,Wet,5,26.0084,-97.5174
4065,New York,2023-10-18,11:09,Medium,Rain,Slippery,4,40.9643,-86.7601
4066,Chicago,2022-12-14,07:07,Medium,Cloudy,Wet,5,38.6798,-84.8615
4067,Jacksonville,2023-04-02,19:35,Low,Hail,Dry,1,27.1532,-108.581
4068,Dallas,2022-06-23,06:18,Medium,Windy,Slippery,4,35.1108,-118.1331
4069,Dallas,2022-02-22,12:59,High,Cloudy,Dry,5,45.5012,-121.9716
4070,Chicago,2023-04-20,12:20,High,Rain,Wet,4,42.0264,-121.7444
4071,San Diego,2022-06-05,00:07,Medium,Cloudy,Dry,1,35.6146,-101.8785
4072,New York,2022-02-27,17:02,Medium,Rain,Wet,1,40.2873,-94.8379
4073,Charlotte,2021-06-29,13:01,High,Rain,Dry,4,30.9691,-120.4061
4074,San Diego,2021-05-11,17:54,Medium,Clear,Slippery,4,41.6244,-85.1004
4075,Jacksonville,2023-06-16,15:09,Low,Clear,Dry,3,42.5329,-113.0285
4076,Columbus,2021-05-23,19:16,Medium,Snow,Wet,4,28.3234,-74.7022
4077,Indianapolis,2023-12-18,07:14,Low,Clear,Under Construction,3,27.9048,-118.1891
4078,Los Angeles,2021-06-12,12:32,Low,Rain,Slippery,5,43.6058,-116.9146
4079,Los Angeles,2022-11-24,16:15,Medium,Clear,Dry,4,31.5924,-108.6297
4080,New York,2022-01-21,18:14,Medium,Snow,Wet,3,25.2196,-120.2459
4081,New York,2022-10-25,17:18,Medium,Clear,Under Construction,1,46.421,-88.6232
4082,Columbus,2022-08-19,16:47,Low,Clear,Wet,4,37.4964,-77.9129
4083,Houston,2021-04-04,16:34,High,Fog,Dry,4,26.2308,-93.0137
4084,Los Angeles,2023-12-16,08:00,Medium,Clear,Slippery,3,39.6907,-96.6004
4085,Dallas,2023-10-18,09:17,Low,Rain,Wet,5,35.7823,-99.535
4086,Houston,2023-09-06,03:42,Medium,Clear,Under Construction,2,26.7596,-79.9502
4087,New York,2023-09-18,19:20,High,Fog,Dry,1,26.8999,-83.123
4088,Philadelphia,2023-11-28,11:25,Medium,Clear,Dry,5,33.2448,-92.6377
4089,Charlotte,2022-11-02,18:42,Low,Clear,Slippery,2,36.5504,-94.4068
4090,Houston,2023-07-05,18:24,Low,Cloudy,Wet,5,38.9289,-75.6296
4091,New York,2022-08-13,06:40,Medium,Snow,Dry,4,29.0825,-96.6257
4092,Indianapolis,2021-02-23,14:34,Medium,Clear,Wet,2,27.0477,-115.6176
4093,Chicago,2021-08-30,13:37,Low,Rain,Icy,2,29.8223,-72.3103
4094,Phoenix,2022-01-15,11:31,Low,Snow,Wet,2,36.9394,-104.1102
4095,Dallas,2023-05-29,07:11,Medium,Hail,Dry,2,31.4232,-112.9276
4096,Chicago,2023-10-10,08:12,Medium,Rain,Slippery,2,45.8886,-116.736
4097,San Antonio,2022-09-26,18:00,Low,Clear,Dry,4,31.0008,-102.78
4098,Dallas,2023-11-07,13:39,Low,Clear,Under Construction,3,47.9166,-114.931
4099,Columbus,2022-11-07,08:55,High,Clear,Icy,3,33.2546,-77.8839
4100,Indianapolis,2023-10-04,13:51,Medium,Clear,Wet,2,36.237,-98.0627
4101,Phoenix,2022-12-15,13:14,Medium,Clear,Wet,1,27.9362,-114.2734
4102,San Diego,2022-05-06,10:06,Medium,Clear,Dry,1,25.6758,-104.935
4103,New York,2023-02-03,21:43,High,Clear,Wet,5,44.1426,-79.7497
4104,Austin,2021-08-01,07:08,Low,Clear,Dry,1,37.8275,-81.1617
4105,Dallas,2023-12-09,18:56,High,Clear,Icy,5,32.0013,-91.5921
4106,Indianapolis,2021-08-03,09:00,High,Rain,Dry,5,29.7173,-89.8655
4107,Houston,2021-09-11,08:07,High,Rain,Dry,1,36.8649,-89.9019
4108,New York,2022-03-05,13:23,Low,Cloudy,Icy,3,31.209,-90.8745
4109,Houston,2022-05-20,14:12,Low,Rain,Slippery,2,37.5058,-117.0227
4110,Los Angeles,2022-03-04,12:42,Low,Clear,Icy,3,32.0975,-99.1397
4111,New York,2023-09-27,20:00,High,Cloudy,Dry,5,36.932,-77.5891
4112,San Diego,2022-06-25,15:06,Medium,Clear,Wet,2,37.987,-83.2063
4113,Austin,2023-11-26,23:03,Low,Cloudy,Dry,4,38.6059,-93.2267
4114,Phoenix,2021-12-06,22:32,Low,Rain,Under Construction,4,42.7133,-116.7836
4115,Houston,2022-04-26,08:02,Low,Clear,Wet,4,26.3996,-75.7113
4116,Los Angeles,2023-04-03,08:57,Low,Fog,Dry,4,41.0301,-70.0572
4117,New York,2022-11-12,11:14,Low,Clear,Dry,2,30.8796,-119.0322
4118,Indianapolis,2023-09-26,13:04,Low,Cloudy,Dry,2,25.6321,-116.9288
4119,New York,2021-10-08,20:57,High,Clear,Dry,4,28.3092,-116.982
4120,Indianapolis,2022-01-09,19:28,Low,Clear,Wet,4,30.6082,-103.2703
4121,Charlotte,2022-10-20,05:27,High,Rain,Wet,3,41.4796,-110.6201
4122,New York,2023-06-23,16:07,High,Windy,Slippery,1,39.2922,-97.2123
4123,Dallas,2021-02-16,19:20,Medium,Clear,Under Construction,1,38.0725,-82.8165
4124,Charlotte,2023-04-29,14:51,Medium,Clear,Dry,4,47.9746,-83.3059
4125,Los Angeles,2021-06-12,19:28,High,Clear,Dry,1,46.3106,-88.9362
4126,Chicago,2021-06-23,22:58,Medium,Clear,Dry,3,25.2213,-81.0727
4127,San Diego,2021-04-10,06:25,Medium,Rain,Wet,2,25.815,-70.9897
4128,Jacksonville,2021-05-27,08:16,Low,Snow,Dry,5,26.1998,-89.2359
4129,Los Angeles,2021-02-09,15:53,Medium,Hail,Dry,5,30.9198,-71.2338
4130,New York,2021-01-28,03:18,Low,Clear,Icy,3,39.3352,-101.9777
4131,Austin,2022-03-09,10:34,Low,Clear,Dry,5,38.3621,-114.6176
4132,Chicago,2022-08-01,12:08,Medium,Clear,Dry,1,41.0236,-90.6732
4133,New York,2021-06-12,06:32,Medium,Clear,Icy,3,29.0683,-87.7905
4134,Chicago,2021-05-03,15:07,Low,Clear,Dry,3,46.6219,-99.162
4135,New York,2021-05-25,18:16,Medium,Clear,Slippery,4,44.7054,-71.5269
4136,San Jose,2023-03-05,20:52,High,Rain,Wet,2,42.8685,-113.8719
4137,Houston,2022-05-22,07:29,Low,Clear,Under Construction,1,34.5058,-108.7931
4138,Houston,2022-08-23,09:37,Low,Cloudy,Wet,2,30.7798,-105.9678
4139,San Jose,2022-04-12,08:57,High,Snow,Icy,4,39.5524,-107.8635
4140,Dallas,2022-07-26,18:59,High,Clear,Wet,3,47.5201,-117.1995
4141,Indianapolis,2022-06-30,21:19,High,Rain,Dry,1,38.2119,-105.9041
4142,Philadelphia,2022-11-27,20:55,High,Clear,Under Construction,5,28.5573,-83.0636
4143,San Diego,2023-10-28,13:01,Medium,Clear,Dry,4,34.6154,-108.7585
4144,Philadelphia,2023-08-21,21:28,Low,Clear,Dry,1,37.9468,-77.5399
4145,Jacksonville,2023-07-20,07:08,Medium,Clear,Dry,4,34.9482,-85.9016
4146,San Antonio,2023-03-31,18:44,Medium,Rain,Slippery,2,33.7526,-108.8378
4147,San Antonio,2022-12-03,15:41,Low,Clear,Wet,1,37.2118,-103.5381
4148,New York,2023-07-06,10:07,Low,Rain,Wet,2,43.3196,-83.8484
4149,Chicago,2023-05-02,13:42,Low,Clear,Under Construction,1,31.2489,-103.5172
4150,Charlotte,2023-07-12,19:29,Low,Hail,Under Construction,1,41.0359,-103.2813
4151,New York,2022-08-01,09:18,High,Rain,Wet,5,32.3763,-79.7634
4152,Los Angeles,2021-09-28,11:40,Low,Cloudy,Slippery,5,31.189,-104.4951
4153,Phoenix,2022-11-21,18:41,High,Cloudy,Wet,2,30.5666,-104.4103
4154,Dallas,2022-07-11,22:00,High,Clear,Wet,3,46.8963,-81.422
4155,Dallas,2023-07-10,07:59,Low,Rain,Wet,2,35.9205,-92.2672
4156,New York,2023-11-06,20:31,Medium,Rain,Dry,2,41.9138,-88.4541
4157,Los Angeles,2023-05-24,19:01,High,Snow,Wet,2,42.891,-99.3707
4158,San Diego,2022-09-20,09:11,Medium,Hail,Icy,3,29.5206,-103.2613
4159,Jacksonville,2021-04-26,22:38,High,Clear,Dry,4,45.0254,-97.7142
4160,Phoenix,2023-12-13,09:17,Medium,Clear,Under Construction,5,27.569,-111.9617
4161,Jacksonville,2023-05-28,15:01,Medium,Snow,Dry,2,32.9182,-116.8464
4162,Phoenix,2021-06-01,11:39,Low,Rain,Dry,1,35.9997,-119.6038
4163,San Jose,2023-12-09,05:13,Medium,Snow,Wet,2,29.7955,-81.9191
4164,Indianapolis,2022-09-06,08:53,Medium,Fog,Icy,3,39.3409,-116.9212
4165,San Diego,2021-01-08,06:24,Medium,Cloudy,Wet,1,39.8318,-112.9237
4166,New York,2022-09-08,12:16,Low,Clear,Dry,4,47.8504,-74.9046
4167,San Antonio,2022-06-23,12:22,Low,Clear,Dry,2,44.0072,-92.7301
4168,Indianapolis,2021-05-02,23:38,High,Rain,Wet,3,28.5462,-92.1542
4169,San Diego,2022-08-18,19:35,Medium,Clear,Slippery,3,45.3921,-94.4451
4170,Dallas,2022-09-07,12:30,Low,Rain,Wet,3,26.2353,-109.3307
4171,Austin,2022-01-03,20:30,Medium,Clear,Dry,2,43.7225,-101.1464
4172,Chicago,2023-01-03,04:53,Low,Clear,Wet,2,31.3922,-78.2212
4173,Phoenix,2022-09-18,17:44,Medium,Clear,Under Construction,4,42.5328,-96.6544
4174,San Diego,2022-05-08,18:56,Medium,Clear,Wet,2,44.6657,-71.6888
4175,Phoenix,2023-06-26,07:31,Medium,Rain,Slippery,1,26.1962,-121.0634
4176,San Jose,2023-02-17,17:54,Medium,Snow,Under Construction,4,32.2104,-78.5878
4177,Phoenix,2022-07-31,06:20,Low,Rain,Dry,3,25.4643,-117.9704
4178,Philadelphia,2021-01-17,13:06,Low,Fog,Dry,2,35.497,-70.6043
4179,Phoenix,2022-01-04,12:28,Low,Rain,Dry,3,32.3106,-117.8947
4180,New York,2022-03-06,11:57,Low,Cloudy,Wet,5,31.9493,-101.4253
4181,Austin,2022-04-07,22:05,Medium,Rain,Wet,1,47.7033,-85.9612
4182,Columbus,2022-07-18,15:05,Medium,Clear,Dry,4,47.9753,-121.6458
4183,Indianapolis,2021-08-01,17:44,High,Clear,Dry,2,44.1778,-96.9841
4184,Columbus,2021-04-01,06:56,Low,Cloudy,Dry,2,34.5158,-118.009
4185,Charlotte,2021-11-20,21:10,Medium,Clear,Under Construction,4,26.7789,-94.7407
4186,San Antonio,2022-11-17,09:44,High,Clear,Slippery,3,44.669,-71.2558
4187,Dallas,2022-07-09,09:34,High,Snow,Dry,5,41.3581,-120.3912
4188,New York,2021-03-08,22:21,High,Fog,Slippery,1,38.16,-104.9451
4189,Phoenix,2023-04-13,05:09,Medium,Clear,Slippery,3,43.3239,-70.9792
4190,Houston,2023-10-10,23:38,Low,Clear,Slippery,3,33.6486,-105.5251
4191,Los Angeles,2022-12-18,00:17,Low,Snow,Icy,4,38.5852,-108.3005
4192,San Jose,2023-10-22,12:07,Medium,Clear,Dry,1,41.9908,-113.7133
4193,Chicago,2023-10-19,06:07,Medium,Fog,Dry,3,47.1837,-120.9048
4194,San Jose,2021-06-04,15:42,Low,Cloudy,Dry,2,34.2344,-83.6231
4195,Columbus,2023-02-21,20:20,Low,Fog,Dry,3,45.8411,-107.4924
4196,Los Angeles,2021-10-09,16:59,Low,Clear,Icy,1,37.1908,-118.8496
4197,Chicago,2022-12-11,20:04,Low,Clear,Wet,4,47.5273,-76.1367
4198,San Antonio,2023-04-22,14:56,High,Clear,Dry,1,34.4526,-92.7011
4199,Columbus,2023-11-01,06:09,High,Clear,Dry,5,26.8077,-88.0242
4200,Columbus,2021-04-01,12:04,Low,Clear,Dry,2,38.7073,-88.171
4201,New York,2023-08-16,12:47,Low,Clear,Slippery,1,32.4163,-120.4766
4202,Dallas,2023-10-10,12:05,High,Clear,Under Construction,5,45.2533,-121.7169
4203,Los Angeles,2023-07-09,21:35,Medium,Hail,Dry,4,27.3609,-89.4931
4204,Houston,2023-09-17,13:02,Medium,Rain,Wet,2,43.3628,-112.8024
4205,New York,2022-04-22,10:55,Low,Hail,Wet,2,27.5471,-113.7611
4206,Phoenix,2021-12-28,18:39,Low,Clear,Icy,3,43.0583,-119.172
4207,Los Angeles,2023-12-09,17:06,Medium,Clear,Wet,3,43.5871,-86.2202
4208,Philadelphia,2023-03-12,16:54,High,Clear,Dry,2,32.8716,-100.9398
4209,Houston,2021-09-22,05:13,Medium,Snow,Wet,2,33.2266,-79.1623
4210,Houston,2021-03-20,19:54,Medium,Fog,Wet,4,41.5202,-98.2007
4211,Chicago,2022-04-09,20:59,Low,Cloudy,Dry,1,34.0028,-75.2514
4212,Los Angeles,2021-06-07,12:26,Medium,Snow,Under Construction,5,44.772,-73.968
4213,New York,2022-01-30,12:03,Low,Windy,Dry,4,29.3242,-114.4967
4214,Chicago,2021-05-05,16:11,Low,Clear,Wet,1,33.9058,-108.0519
4215,Houston,2023-06-19,15:59,Low,Hail,Wet,5,36.4544,-116.9612
4216,Columbus,2022-02-14,16:18,Medium,Windy,Wet,4,33.9587,-93.9245
4217,Jacksonville,2023-11-22,10:15,Medium,Fog,Dry,1,42.3988,-107.614
4218,Chicago,2021-05-07,08:51,Medium,Clear,Wet,5,41.0152,-72.51
4219,Los Angeles,2023-10-14,20:24,High,Rain,Dry,5,43.3265,-107.1993
4220,San Diego,2023-08-16,20:03,High,Fog,Icy,1,31.0445,-121.2327
4221,New York,2023-09-28,17:36,High,Clear,Dry,2,25.1008,-72.9094
4222,Austin,2021-04-08,10:40,High,Clear,Wet,3,46.0578,-104.923
4223,Phoenix,2023-09-15,08:34,Low,Clear,Dry,1,33.8046,-95.4529
4224,Houston,2023-10-24,10:00,Low,Clear,Dry,2,47.1273,-103.2421
4225,New York,2022-10-17,19:57,Low,Clear,Dry,1,43.4224,-93.2514
4226,Chicago,2023-08-29,17:49,Medium,Clear,Under Construction,5,42.162,-115.7411
4227,Phoenix,2023-12-23,16:05,Low,Clear,Dry,2,25.5075,-84.9144
4228,Charlotte,2021-01-07,13:40,High,Fog,Dry,3,34.8399,-90.6072
4229,Los Angeles,2022-03-12,08:49,Medium,Rain,Icy,4,37.9204,-75.5489
4230,Houston,2022-06-28,13:32,Medium,Clear,Slippery,3,29.0979,-111.4099
4231,Chicago,2021-04-10,11:03,Low,Snow,Dry,2,31.9384,-79.7231
4232,San Antonio,2021-09-10,08:13,Low,Clear,Wet,5,47.7347,-118.385
4233,Philadelphia,2022-03-31,20:24,High,Clear,Dry,4,33.0487,-85.9462
4234,Dallas,2021-06-22,17:57,Low,Hail,Under Construction,3,33.5752,-100.1229
4235,Philadelphia,2021-08-29,11:48,Low,Clear,Dry,2,43.1648,-73.6875
4236,Philadelphia,2021-08-09,14:39,Medium,Clear,Dry,1,27.9607,-121.5926
4237,Los Angeles,2021-11-15,19:13,Low,Rain,Wet,2,27.3838,-92.3601
4238,New York,2021-01-09,18:20,Medium,Rain,Dry,3,25.1327,-81.533
4239,Charlotte,2022-05-18,18:34,High,Clear,Dry,1,43.671,-88.0795
4240,Houston,2023-03-08,03:10,Medium,Rain,Dry,4,29.6584,-95.8198
4241,Los Angeles,2023-01-01,08:31,Low,Rain,Wet,2,29.6287,-76.0878
4242,New York,2021-03-30,15:01,Medium,Rain,Dry,4,36.4997,-89.193
4243,Dallas,2023-08-14,11:33,Low,Clear,Wet,4,44.3084,-101.0042
4244,Los Angeles,2023-12-17,21:43,Medium,Clear,Dry,5,33.9058,-121.2839
4245,Dallas,2023-03-29,20:32,Medium,Snow,Dry,5,26.0798,-84.2006
4246,San Diego,2021-12-01,11:34,Low,Rain,Dry,5,42.8536,-86.764
4247,New York,2021-10-02,07:18,Medium,Fog,Under Construction,4,25.1929,-115.5878
4248,Philadelphia,2021-05-08,14:16,Low,Rain,Slippery,3,30.9205,-94.4032
4249,Charlotte,2023-07-23,15:02,Medium,Clear,Slippery,2,29.4251,-100.3432
4250,Dallas,2022-10-14,14:58,High,Rain,Dry,2,27.2991,-118.3473
4251,Dallas,2023-10-30,17:27,Medium,Clear,Dry,5,45.3353,-97.2202
4252,Philadelphia,2022-09-14,08:01,Medium,Clear,Wet,4,37.0529,-74.038
4253,Los Angeles,2022-11-16,17:53,Low,Clear,Slippery,5,37.1326,-120.7975
4254,Phoenix,2021-06-14,11:20,High,Clear,Wet,4,29.6066,-117.953
4255,Jacksonville,2021-12-09,22:07,Medium,Clear,Dry,4,38.6666,-107.6718
4256,New York,2022-06-01,09:53,High,Clear,Dry,1,33.0927,-77.0709
4257,New York,2023-09-06,12:08,Low,Clear,Slippery,5,31.3076,-74.3942
4258,New York,2022-06-03,20:48,Medium,Clear,Under Construction,2,27.6874,-90.0481
4259,Jacksonville,2023-09-22,14:20,Low,Clear,Slippery,3,28.4428,-104.6268
4260,San Antonio,2023-05-15,12:11,Medium,Clear,Dry,2,47.6016,-100.1588
4261,New York,2022-07-10,04:42,Low,Fog,Dry,5,28.7637,-84.702
4262,Philadelphia,2022-04-23,15:42,Low,Clear,Dry,2,44.1893,-87.3467
4263,Chicago,2023-12-11,12:09,High,Clear,Wet,4,29.2945,-100.5614
4264,Los Angeles,2023-06-02,23:03,Medium,Rain,Wet,1,37.8699,-105.7679
4265,Dallas,2023-10-02,17:05,High,Rain,Dry,4,30.3317,-102.9871
4266,New York,2023-03-28,02:46,High,Clear,Dry,4,39.644,-120.1085
4267,San Jose,2023-06-08,05:38,Medium,Snow,Dry,5,27.4467,-101.6042
4268,Charlotte,2022-10-24,10:19,Low,Clear,Dry,5,44.9936,-77.581
4269,Phoenix,2021-09-24,17:55,Low,Fog,Wet,1,45.9607,-105.6309
4270,Philadelphia,2021-09-25,11:43,Medium,Cloudy,Wet,2,26.2995,-81.7661
4271,Indianapolis,2022-02-11,07:26,Low,Fog,Dry,1,26.0545,-98.7334
4272,San Jose,2023-12-26,17:25,Low,Clear,Dry,2,40.3857,-108.853
4273,Houston,2021-10-28,11:01,Low,Hail,Under Construction,3,30.6396,-78.7335
4274,Chicago,2022-09-20,18:26,High,Rain,Slippery,1,44.4894,-71.3959
4275,San Diego,2022-08-06,13:31,Low,Clear,Dry,2,36.6919,-85.5418
4276,Indianapolis,2022-12-23,08:53,High,Rain,Dry,3,38.7886,-75.1864
4277,Charlotte,2023-10-08,21:36,Low,Clear,Dry,3,45.2769,-113.4902
4278,Charlotte,2023-12-21,18:53,Medium,Clear,Slippery,4,46.2435,-107.7635
4279,Los Angeles,2022-04-19,01:42,High,Clear,Under Construction,4,41.2129,-106.6646
4280,Dallas,2022-08-12,08:49,Low,Fog,Dry,4,37.0819,-72.6676
4281,Los Angeles,2023-10-19,17:46,Medium,Clear,Slippery,4,46.6911,-115.2671
4282,San Antonio,2023-03-17,18:58,Low,Snow,Wet,5,29.8551,-81.7752
4283,Houston,2021-07-30,15:00,Medium,Fog,Slippery,1,25.7404,-92.2401
4284,San Antonio,2022-08-21,10:11,Low,Rain,Dry,3,28.0161,-115.3088
4285,Chicago,2021-09-17,12:32,Medium,Hail,Dry,2,31.5363,-91.2087
4286,Houston,2021-01-04,11:23,Medium,Clear,Icy,5,42.0977,-110.1131
4287,Indianapolis,2022-12-20,20:22,Medium,Windy,Dry,2,46.1399,-107.6879
4288,San Jose,2023-08-16,17:32,Medium,Rain,Dry,2,38.5912,-90.2617
4289,Houston,2022-08-22,08:59,Medium,Rain,Dry,3,39.2457,-83.3938
4290,Jacksonville,2022-03-05,23:46,Low,Clear,Wet,1,29.1972,-105.9545
4291,Phoenix,2021-11-08,06:42,Low,Clear,Dry,5,36.6201,-110.6947
4292,New York,2023-08-10,16:29,Low,Snow,Dry,5,33.5336,-88.4436
4293,New York,2021-02-10,16:59,Medium,Clear,Dry,3,41.4173,-76.5768
4294,Houston,2022-02-19,07:21,Low,Fog,Wet,1,30.8727,-96.4634
4295,Dallas,2023-09-13,14:50,Medium,Clear,Slippery,4,36.3765,-104.9018
4296,Houston,2022-01-26,16:39,High,Clear,Icy,5,31.9125,-107.5902
4297,San Antonio,2021-08-09,20:51,Medium,Windy,Slippery,4,47.3812,-75.7046
4298,Austin,2021-11-11,14:25,Medium,Clear,Dry,3,27.4072,-90.6296
4299,Los Angeles,2022-10-05,07:59,High,Rain,Wet,4,47.0281,-103.2219
4300,Indianapolis,2022-11-10,18:12,Low,Rain,Wet,2,26.6384,-87.4126
4301,Columbus,2022-09-04,19:21,High,Rain,Dry,1,44.7655,-102.2681
4302,New York,2021-04-14,07:51,Low,Clear,Dry,4,32.0769,-90.2381
4303,Phoenix,2023-01-01,20:52,High,Snow,Dry,1,33.0738,-88.902
4304,San Diego,2022-10-29,08:57,High,Fog,Dry,5,41.1041,-104.7929
4305,Columbus,2022-03-18,20:53,High,Clear,Wet,4,39.575,-74.8431
4306,Indianapolis,2021-12-10,18:59,Low,Snow,Dry,2,29.1167,-74.6369
4307,New York,2023-09-02,10:05,High,Clear,Dry,2,37.3984,-115.0321
4308,San Antonio,2021-02-23,12:28,Medium,Clear,Wet,3,40.0452,-108.0819
4309,Chicago,2021-08-24,16:36,Low,Hail,Wet,4,29.0436,-108.3396
4310,Indianapolis,2022-02-19,15:00,High,Fog,Dry,4,35.2754,-87.4287
4311,Los Angeles,2022-12-28,13:59,Medium,Rain,Dry,4,26.3522,-86.9569
4312,Columbus,2021-11-16,11:41,Medium,Cloudy,Dry,5,34.9949,-115.2098
4313,New York,2021-02-08,13:37,Low,Fog,Dry,1,39.2425,-80.087
4314,New York,2023-07-30,17:50,Low,Clear,Wet,2,31.2585,-121.9236
4315,Houston,2021-06-16,00:11,Low,Rain,Wet,4,33.5133,-78.1038
4316,Columbus,2023-03-20,11:29,Medium,Rain,Dry,3,26.9225,-118.9498
4317,San Antonio,2021-01-06,12:20,Medium,Snow,Dry,2,26.2539,-81.2621
4318,New York,2023-05-23,18:11,Medium,Rain,Slippery,1,44.267,-72.5598
4319,Columbus,2022-11-16,08:53,Low,Snow,Dry,2,42.8487,-76.5652
4320,Indianapolis,2021-12-04,14:00,Medium,Clear,Slippery,4,28.4255,-111.4756
4321,New York,2023-02-13,06:55,Low,Snow,Dry,1,34.1381,-119.1617
4322,New York,2023-06-07,19:29,Medium,Clear,Dry,5,39.7151,-86.5854
4323,Los Angeles,2023-06-27,16:43,Medium,Hail,Dry,1,38.0574,-89.6597
4324,San Antonio,2021-04-10,15:17,High,Snow,Dry,5,30.0367,-95.318
4325,Dallas,2023-10-01,14:19,Medium,Rain,Wet,5,28.522,-81.5604
4326,Indianapolis,2023-07-22,11:25,Medium,Rain,Dry,2,35.2808,-108.8109
4327,Los Angeles,2023-10-26,08:44,High,Cloudy,Wet,4,26.4905,-105.1284
4328,Indianapolis,2023-09-27,19:37,Low,Snow,Dry,2,33.8468,-77.3894
4329,Chicago,2021-06-29,05:20,Medium,Rain,Dry,1,37.3211,-74.8727
4330,Jacksonville,2022-01-09,22:48,Low,Rain,Icy,1,39.7364,-98.6322
4331,Philadelphia,2023-05-11,19:03,Medium,Clear,Icy,2,40.1952,-102.5676
4332,Indianapolis,2023-04-17,16:30,Low,Clear,Slippery,5,26.4429,-116.4772
4333,Austin,2021-06-02,18:24,High,Clear,Slippery,5,26.1077,-99.5251
4334,New York,2022-09-18,09:16,Low,Snow,Dry,1,38.9115,-110.4176
4335,Philadelphia,2022-06-07,21:31,High,Windy,Wet,1,39.3117,-86.3444
4336,San Antonio,2023-06-08,19:34,Low,Rain,Under Construction,1,39.7313,-79.003
4337,Chicago,2023-12-07,05:53,High,Clear,Wet,4,27.2084,-97.2008
4338,San Antonio,2023-08-14,17:53,Low,Clear,Slippery,4,26.1535,-71.6083
4339,Indianapolis,2022-12-03,18:47,Medium,Clear,Wet,3,39.3308,-97.0598
4340,Los Angeles,2022-10-23,17:11,Low,Clear,Dry,3,26.4835,-81.1084
4341,San Antonio,2023-04-28,06:22,Medium,Clear,Dry,3,39.0478,-89.0493
4342,Indianapolis,2023-08-17,12:41,Medium,Rain,Icy,5,46.4407,-112.5802
4343,New York,2023-01-14,05:36,Low,Snow,Icy,2,29.8818,-73.5222
4344,Charlotte,2021-10-02,23:28,Medium,Fog,Dry,3,38.2769,-77.7826
4345,Los Angeles,2021-12-05,12:11,Medium,Clear,Dry,2,40.9649,-108.6845
4346,San Diego,2022-01-08,06:33,Low,Clear,Slippery,4,34.3242,-107.6239
4347,Columbus,2021-07-24,17:23,Low,Rain,Icy,3,47.6014,-80.0888
4348,Los Angeles,2022-05-24,07:59,Low,Rain,Dry,4,30.5709,-97.932
4349,Dallas,2021-12-08,19:09,Medium,Clear,Dry,2,27.2081,-111.3652
4350,Austin,2022-12-17,19:30,High,Clear,Dry,5,25.1492,-111.7415
4351,Houston,2022-04-02,11:00,Low,Rain,Icy,5,26.0189,-75.5508
4352,Chicago,2023-11-28,07:57,Medium,Rain,Dry,4,29.3052,-83.7971
4353,Philadelphia,2023-12-05,12:11,High,Fog,Dry,4,45.1629,-113.8242
4354,Dallas,2023-01-10,20:29,Low,Rain,Dry,5,28.0585,-86.8252
4355,Charlotte,2023-05-07,07:12,Medium,Hail,Under Construction,3,44.5314,-118.6972
4356,San Diego,2023-01-28,08:08,Medium,Clear,Icy,3,42.6405,-78.8696
4357,Phoenix,2022-08-08,21:28,Low,Clear,Wet,5,41.0217,-100.0857
4358,Indianapolis,2023-09-26,06:28,Medium,Rain,Wet,3,30.708,-112.4158
4359,Los Angeles,2021-06-04,19:45,Medium,Clear,Wet,5,33.978,-78.9627
4360,Jacksonville,2023-07-17,17:23,Medium,Rain,Icy,3,43.548,-104.7269
4361,Chicago,2021-11-21,16:59,High,Clear,Wet,2,43.0533,-81.8763
4362,Indianapolis,2022-06-10,17:51,Medium,Rain,Dry,2,36.9096,-98.7265
4363,Houston,2023-02-10,04:46,Medium,Rain,Wet,3,32.817,-120.0792
4364,Los Angeles,2023-02-27,17:33,Medium,Rain,Dry,2,47.4102,-95.1526
4365,Los Angeles,2023-02-13,01:44,Medium,Fog,Icy,1,42.2546,-109.2357
4366,Chicago,2022-01-26,16:23,Low,Hail,Icy,2,32.2675,-120.2028
4367,New York,2023-02-25,16:04,Low,Rain,Wet,5,40.5276,-79.2069
4368,Charlotte,2023-11-20,18:33,Medium,Rain,Dry,1,35.589,-107.3181
4369,Dallas,2021-12-24,21:13,Low,Fog,Dry,1,36.6746,-104.6479
4370,San Jose,2023-11-02,10:50,Low,Snow,Dry,1,44.3295,-112.9631
4371,Houston,2023-10-10,23:54,High,Fog,Dry,1,41.4474,-118.052
4372,Los Angeles,2023-10-30,05:19,High,Rain,Dry,5,47.6176,-92.3603
4373,Chicago,2023-09-27,11:49,Medium,Clear,Dry,1,37.7912,-72.0403
4374,Dallas,2021-05-15,19:54,Low,Clear,Dry,2,27.4103,-113.7066
4375,Houston,2023-03-03,11:44,Low,Clear,Dry,2,27.4584,-118.2473
4376,San Jose,2023-12-17,06:50,Low,Fog,Slippery,4,44.6884,-94.6541
4377,Chicago,2021-07-08,20:34,High,Clear,Dry,3,27.676,-104.1084
4378,New York,2023-07-18,07:25,High,Clear,Wet,2,27.2279,-119.7888
4379,Jacksonville,2021-05-23,13:42,Medium,Clear,Dry,2,28.5903,-93.7526
4380,Houston,2021-02-06,05:42,Low,Clear,Wet,5,45.4161,-117.2694
4381,Charlotte,2022-10-01,00:55,Low,Rain,Dry,2,43.7671,-120.1356
4382,Phoenix,2023-08-12,13:57,Low,Fog,Dry,5,46.9863,-121.6256
4383,Columbus,2022-02-24,17:56,Low,Hail,Dry,1,46.9585,-85.0666
4384,New York,2023-05-13,07:04,High,Rain,Dry,1,36.163,-120.1542
4385,Dallas,2023-01-14,17:51,Low,Clear,Wet,1,38.6087,-98.9572
4386,San Antonio,2021-04-23,20:59,High,Fog,Dry,1,35.9885,-117.1451
4387,Dallas,2022-02-17,11:40,Medium,Clear,Wet,2,43.2932,-110.285
4388,Phoenix,2023-11-26,22:23,Low,Rain,Wet,5,25.447,-121.3935
4389,Dallas,2022-09-04,06:09,Medium,Clear,Wet,4,36.9488,-88.284
4390,Indianapolis,2022-07-03,12:00,Medium,Clear,Dry,3,44.9467,-103.2408
4391,Los Angeles,2022-08-18,12:47,Low,Clear,Dry,5,25.4889,-110.8923
4392,New York,2021-01-05,06:22,Medium,Cloudy,Dry,1,44.3907,-116.1713
4393,Houston,2023-09-24,18:02,Low,Cloudy,Wet,2,33.9673,-75.0125
4394,New York,2023-08-28,16:51,Medium,Cloudy,Wet,2,40.4937,-74.8112
4395,San Antonio,2022-08-05,23:46,Medium,Clear,Slippery,5,44.1274,-88.7728
4396,New York,2021-12-04,00:56,High,Cloudy,Under Construction,1,45.4646,-78.9229
4397,Los Angeles,2023-02-25,19:21,Medium,Fog,Dry,3,43.0595,-84.4257
4398,San Antonio,2023-08-19,06:58,Medium,Clear,Dry,3,33.3565,-102.8534
4399,New York,2021-02-01,22:03,Medium,Cloudy,Under Construction,5,33.0521,-97.5355
4400,Los Angeles,2022-10-08,12:58,High,Rain,Wet,2,34.4951,-117.1725
4401,Los Angeles,2021-02-20,15:10,Low,Rain,Dry,4,40.2953,-99.0184
4402,New York,2021-11-05,19:26,Low,Rain,Icy,1,28.8504,-103.1237
4403,Los Angeles,2022-11-19,10:58,Medium,Clear,Wet,4,34.689,-70.3143
4404,Chicago,2021-02-27,21:22,Low,Clear,Wet,1,33.9325,-71.1718
4405,San Jose,2023-07-09,16:22,Low,Clear,Dry,2,39.112,-111.0131
4406,New York,2023-04-12,16:57,Medium,Hail,Slippery,5,28.7636,-91.5778
4407,New York,2022-12-26,12:06,Low,Snow,Dry,4,31.3889,-100.7428
4408,Philadelphia,2023-09-10,11:29,Low,Clear,Slippery,5,31.0141,-103.6444
4409,Charlotte,2021-06-09,17:56,Low,Windy,Under Construction,5,37.9901,-103.4785
4410,Columbus,2021-02-01,20:37,Medium,Clear,Dry,3,39.4588,-82.2351
4411,San Diego,2021-08-08,09:33,Low,Rain,Dry,2,29.2701,-73.874
4412,New York,2023-04-19,11:36,Medium,Clear,Icy,5,25.8124,-103.8578
4413,San Antonio,2023-12-22,20:51,High,Clear,Slippery,2,25.3476,-99.4807
4414,San Diego,2022-03-26,20:46,Low,Clear,Wet,5,31.6587,-116.5606
4415,Austin,2023-06-02,16:29,Medium,Rain,Slippery,5,44.8965,-115.603
4416,Phoenix,2021-02-05,11:54,Low,Rain,Wet,4,31.7445,-74.6125
4417,Los Angeles,2022-09-20,11:45,High,Rain,Under Construction,1,45.4614,-109.1438
4418,Los Angeles,2023-07-21,19:30,Medium,Clear,Icy,3,42.1375,-102.6218
4419,San Antonio,2023-10-12,12:20,Medium,Clear,Dry,4,30.2114,-84.7682
4420,Charlotte,2022-03-24,07:16,Medium,Clear,Wet,5,26.8135,-87.3276
4421,San Jose,2021-03-24,11:25,Medium,Hail,Slippery,3,26.4465,-109.8542
4422,Houston,2022-01-27,01:28,Medium,Clear,Slippery,5,35.211,-79.8457
4423,Houston,2021-06-25,16:47,High,Snow,Wet,5,27.3753,-80.7931
4424,Jacksonville,2021-11-24,17:11,Medium,Clear,Dry,2,35.6374,-94.2261
4425,Phoenix,2021-05-18,08:04,Low,Clear,Dry,4,41.4622,-80.1508
4426,New York,2021-10-20,12:04,High,Rain,Slippery,2,25.579,-111.3414
4427,Austin,2023-08-03,14:56,Low,Clear,Dry,3,46.43,-80.7379
4428,Columbus,2023-05-06,20:28,High,Clear,Dry,4,36.7727,-105.0056
4429,Phoenix,2021-12-27,12:14,Medium,Clear,Slippery,5,45.4242,-108.0362
4430,Philadelphia,2022-02-03,04:19,Low,Rain,Under Construction,1,34.3058,-75.0974
4431,Columbus,2021-01-21,14:03,Medium,Clear,Dry,5,25.8682,-72.6066
4432,Austin,2021-09-23,09:25,Low,Rain,Dry,1,35.7476,-108.3603
4433,Philadelphia,2023-02-13,03:51,Low,Snow,Icy,1,31.0239,-111.8524
4434,Houston,2021-07-11,14:12,Low,Clear,Wet,5,42.1218,-121.6405
4435,New York,2022-11-27,00:14,High,Rain,Wet,3,38.0568,-87.9643
4436,Los Angeles,2023-04-03,10:26,Low,Rain,Wet,4,37.7646,-117.0205
4437,San Diego,2022-04-24,21:30,High,Clear,Dry,5,27.3751,-118.09
4438,Philadelphia,2022-12-09,20:42,Low,Rain,Dry,2,27.0326,-101.3287
4439,Los Angeles,2021-05-10,12:41,Medium,Clear,Wet,5,35.4668,-121.3064
4440,Indianapolis,2023-11-13,13:38,Medium,Clear,Wet,3,37.2073,-118.3103
4441,San Antonio,2022-11-25,17:15,Medium,Rain,Dry,5,40.3916,-98.9001
4442,Chicago,2022-03-30,16:34,Medium,Clear,Icy,1,42.8732,-75.5765
4443,Indianapolis,2022-01-12,19:41,Low,Clear,Dry,5,32.2841,-78.9682
4444,New York,2023-05-14,16:46,High,Fog,Dry,2,39.5438,-79.6606
4445,New York,2023-04-29,06:43,Medium,Cloudy,Icy,2,30.3176,-119.2967
4446,New York,2023-03-08,13:01,Medium,Clear,Dry,1,31.3699,-70.8515
4447,Los Angeles,2021-11-05,15:00,Medium,Windy,Slippery,2,25.8544,-92.7843
4448,Houston,2023-05-10,07:35,Medium,Clear,Dry,4,37.5244,-71.2917
4449,Charlotte,2023-05-22,17:30,High,Clear,Dry,4,25.5827,-100.3672
4450,Dallas,2022-01-21,16:41,Medium,Fog,Dry,5,44.7757,-119.4397
4451,New York,2023-01-07,18:18,Medium,Rain,Wet,4,34.3073,-85.165
4452,Jacksonville,2022-05-21,13:53,Medium,Clear,Slippery,3,33.1315,-104.182
4453,Columbus,2023-07-17,13:31,Low,Clear,Wet,3,36.6173,-100.4721
4454,Houston,2023-11-17,21:12,Low,Snow,Slippery,2,42.4474,-75.8922
4455,Los Angeles,2023-02-12,03:08,Low,Clear,Icy,4,36.4202,-118.7636
4456,Phoenix,2021-09-04,23:51,Medium,Fog,Wet,5,45.9987,-74.5168
4457,Houston,2021-08-11,18:14,Medium,Fog,Wet,1,30.1242,-80.8008
4458,Los Angeles,2021-03-05,10:31,Medium,Clear,Slippery,5,46.5697,-95.3496
4459,New York,2023-02-08,10:54,Medium,Fog,Dry,5,35.6379,-71.0064
4460,Phoenix,2023-10-13,20:47,Medium,Clear,Dry,2,39.3171,-120.3215
4461,Chicago,2023-08-23,19:37,Low,Clear,Slippery,4,33.59,-103.0491
4462,Chicago,2022-10-17,13:33,Medium,Rain,Under Construction,4,40.4017,-82.7672
4463,Columbus,2022-11-30,12:55,High,Rain,Wet,3,27.6633,-92.2433
4464,Houston,2021-01-14,18:47,Low,Clear,Slippery,1,40.1798,-111.9287
4465,New York,2021-06-12,12:25,Medium,Clear,Wet,4,38.819,-85.4762
4466,Los Angeles,2021-07-07,14:18,Medium,Cloudy,Icy,5,47.4277,-104.9367
4467,Los Angeles,2022-11-12,19:23,Medium,Clear,Dry,2,34.6122,-102.6185
4468,Los Angeles,2022-04-28,20:34,Medium,Rain,Wet,4,38.5329,-102.3873
4469,Jacksonville,2021-04-13,15:50,Medium,Rain,Wet,3,36.9032,-120.1177
4470,Los Angeles,2021-08-10,10:01,High,Cloudy,Wet,3,32.6738,-114.8181
4471,Columbus,2023-03-11,07:36,High,Rain,Slippery,2,40.064,-75.52
4472,San Diego,2022-03-03,20:38,Low,Clear,Slippery,2,26.9496,-111.7405
4473,San Antonio,2022-10-25,11:28,Medium,Cloudy,Dry,3,34.2247,-81.3546
4474,New York,2023-09-21,07:15,Medium,Cloudy,Dry,5,47.4297,-99.0129
4475,New York,2021-05-31,17:23,Medium,Clear,Dry,4,35.4749,-72.3715
4476,San Antonio,2023-09-24,16:51,Medium,Clear,Dry,2,31.2401,-90.7232
4477,San Antonio,2023-09-09,08:05,Medium,Clear,Dry,1,43.6083,-120.4344
4478,New York,2022-09-19,11:42,Low,Fog,Slippery,3,45.7496,-111.4244
4479,San Antonio,2023-12-19,07:53,Medium,Clear,Dry,4,33.8983,-107.9841
4480,San Antonio,2023-12-03,12:32,Medium,Rain,Dry,4,36.919,-109.9389
4481,New York,2021-06-11,23:19,Medium,Clear,Dry,5,31.562,-119.2472
4482,Houston,2022-07-31,19:16,Low,Clear,Dry,3,31.272,-84.2302
4483,New York,2023-09-11,15:04,Low,Rain,Wet,5,35.9308,-74.9488
4484,Columbus,2023-07-24,10:05,Low,Clear,Dry,1,30.5024,-93.6008
4485,Phoenix,2021-03-05,08:26,Medium,Rain,Wet,1,37.8761,-88.3701
4486,Columbus,2023-10-11,13:00,Medium,Clear,Dry,5,29.9563,-80.2615
4487,Indianapolis,2021-12-22,23:25,Medium,Rain,Under Construction,4,40.9071,-106.167
4488,San Jose,2023-03-19,19:05,Medium,Rain,Wet,2,34.3456,-83.9818
4489,Columbus,2023-12-17,12:25,Medium,Fog,Dry,5,27.7457,-121.4618
4490,Houston,2022-02-10,07:51,Low,Snow,Wet,3,25.6262,-108.851
4491,Los Angeles,2023-03-24,11:52,Medium,Clear,Dry,4,31.8297,-71.8833
4492,San Diego,2022-05-24,19:36,Low,Clear,Wet,4,28.9189,-74.9372
4493,Los Angeles,2021-03-06,20:44,Medium,Clear,Dry,5,28.761,-121.5241
4494,Los Angeles,2021-02-18,19:37,Low,Clear,Dry,1,31.6432,-103.5455
4495,San Antonio,2023-12-11,12:26,Low,Clear,Dry,2,29.3273,-81.147
4496,New York,2022-10-10,07:19,Low,Hail,Slippery,4,32.5222,-86.1454
4497,Houston,2021-10-25,13:33,High,Rain,Dry,4,43.726,-84.132
4498,Los Angeles,2022-02-09,19:14,Low,Cloudy,Wet,2,25.4582,-93.3266
4499,Houston,2022-06-10,19:28,Low,Clear,Icy,2,45.3374,-78.2559
4500,Los Angeles,2023-01-16,04:26,Low,Clear,Dry,4,45.4181,-87.245
4501,Los Angeles,2023-04-16,11:08,Medium,Clear,Wet,3,31.4732,-83.116
4502,New York,2021-09-19,19:51,Medium,Rain,Wet,4,35.4641,-112.9768
4503,New York,2022-06-18,10:03,Medium,Snow,Wet,2,41.2233,-95.473
4504,Los Angeles,2021-08-23,20:43,Low,Clear,Slippery,3,43.9877,-104.1717
4505,San Diego,2023-05-31,07:34,Medium,Fog,Dry,5,26.9471,-82.5522
4506,Houston,2023-11-04,10:45,Low,Clear,Wet,3,42.8162,-97.9137
4507,Jacksonville,2022-07-14,16:32,Low,Clear,Slippery,2,40.4072,-119.3069
4508,San Jose,2022-12-10,17:20,Medium,Clear,Dry,4,39.1869,-87.5826
4509,Charlotte,2023-06-02,06:39,Medium,Fog,Dry,4,28.5773,-109.6031
4510,Philadelphia,2021-01-03,08:20,Low,Clear,Icy,3,31.2437,-78.6359
4511,Chicago,2021-09-19,15:44,Medium,Clear,Under Construction,2,27.4717,-103.5441
4512,Phoenix,2021-04-08,22:35,Low,Snow,Wet,5,25.6204,-120.0268
4513,San Diego,2022-07-11,16:48,High,Fog,Dry,4,28.2703,-75.5325
4514,Dallas,2023-01-17,18:23,High,Fog,Dry,2,45.4266,-106.3203
4515,Chicago,2023-10-17,11:50,High,Rain,Dry,2,38.6689,-90.6772
4516,Philadelphia,2022-08-16,08:01,Low,Hail,Wet,3,42.5228,-93.5588
4517,Columbus,2023-12-23,21:50,High,Clear,Icy,3,36.0928,-84.2458
4518,Phoenix,2023-11-10,09:28,Low,Snow,Wet,5,34.9398,-103.209
4519,Austin,2023-12-07,10:48,Medium,Clear,Dry,3,32.8539,-100.1831
4520,San Diego,2022-10-17,17:24,Low,Clear,Dry,1,46.6038,-80.0239
4521,Houston,2023-11-06,13:33,Low,Fog,Wet,1,40.2842,-120.2031
4522,Columbus,2022-12-01,20:42,Low,Clear,Slippery,1,45.3934,-70.9946
4523,Houston,2022-03-03,15:40,Low,Rain,Dry,4,29.3733,-113.2772
4524,Los Angeles,2021-11-02,10:50,High,Clear,Wet,2,39.6154,-92.1438
4525,San Antonio,2021-06-15,21:41,Medium,Clear,Dry,2,42.4182,-96.6085
4526,New York,2022-01-04,16:41,Low,Snow,Dry,2,45.5438,-117.7072
4527,Los Angeles,2023-03-15,12:26,Low,Clear,Wet,2,32.9711,-98.9657
4528,Dallas,2023-05-11,11:44,Medium,Clear,Wet,2,25.263,-121.7314
4529,Phoenix,2023-03-03,06:55,Low,Clear,Under Construction,1,26.3665,-72.3527
4530,Chicago,2022-08-28,05:47,Low,Rain,Dry,1,37.6463,-120.7416
4531,San Diego,2022-08-31,07:54,Low,Rain,Dry,3,33.7857,-83.5468
4532,Chicago,2022-07-30,13:02,Medium,Clear,Dry,2,36.3032,-98.4373
4533,New York,2023-12-25,20:10,Low,Clear,Dry,2,43.5453,-120.6779
4534,Charlotte,2022-06-11,13:51,Medium,Clear,Dry,1,35.4903,-83.7878
4535,Jacksonville,2023-03-12,09:40,Medium,Clear,Wet,4,42.396,-98.6072
4536,Dallas,2021-02-13,20:51,Low,Rain,Wet,5,42.2582,-74.0899
4537,Jacksonville,2023-09-29,21:05,Low,Rain,Wet,5,38.4314,-89.4576
4538,Dallas,2023-09-17,14:34,Medium,Clear,Icy,5,25.1026,-105.5775
4539,Los Angeles,2022-03-15,08:56,Low,Snow,Dry,4,44.5191,-121.8885
4540,Houston,2021-11-12,12:49,Low,Clear,Dry,5,34.9858,-106.8881
4541,Phoenix,2021-07-03,22:13,Low,Clear,Slippery,2,43.8645,-88.9979
4542,Chicago,2021-04-18,08:51,Low,Rain,Under Construction,4,47.0031,-86.3718
4543,New York,2021-03-01,15:58,High,Cloudy,Wet,1,37.3111,-86.0485
4544,New York,2023-05-30,20:05,Medium,Rain,Dry,2,26.3818,-70.9582
4545,New York,2023-08-10,21:08,Low,Clear,Dry,1,25.0182,-94.3983
4546,San Diego,2021-07-14,22:54,Medium,Clear,Dry,2,45.9958,-115.3078
4547,Phoenix,2022-11-15,07:26,High,Rain,Dry,4,42.5911,-73.3283
4548,Houston,2023-12-30,12:41,Medium,Fog,Dry,3,35.8712,-109.7681
4549,Chicago,2022-09-29,12:36,Medium,Clear,Dry,2,32.3027,-98.8986
4550,Philadelphia,2023-02-17,14:53,Medium,Fog,Icy,2,40.6518,-92.2278
4551,Chicago,2021-07-01,12:57,Low,Clear,Wet,2,40.1015,-83.5409
4552,Dallas,2021-03-03,06:43,High,Clear,Wet,1,40.6144,-80.6069
4553,New York,2021-06-07,11:49,Medium,Clear,Wet,2,28.2392,-118.9864
4554,Los Angeles,2022-09-21,13:31,Medium,Clear,Wet,3,39.6886,-88.593
4555,Jacksonville,2022-12-07,17:40,Low,Fog,Icy,1,34.0516,-73.9484
4556,Dallas,2021-02-05,12:35,Medium,Clear,Wet,4,34.1449,-87.5947
4557,Philadelphia,2022-01-31,02:59,Low,Cloudy,Wet,2,31.0503,-111.5982
4558,Houston,2022-02-24,12:20,Low,Windy,Wet,4,39.1574,-74.2048
4559,Chicago,2022-05-25,10:09,Medium,Clear,Dry,4,28.3177,-80.3616
4560,New York,2023-10-03,18:15,Medium,Rain,Dry,2,28.2214,-94.5301
4561,San Antonio,2022-09-11,14:01,High,Clear,Icy,1,34.6744,-113.2229
4562,Los Angeles,2021-03-24,15:22,Medium,Clear,Dry,2,30.1346,-77.1993
4563,New York,2022-01-19,11:06,Medium,Snow,Slippery,4,47.6045,-110.4071
4564,San Antonio,2021-01-15,09:06,High,Fog,Dry,4,34.7825,-84.8186
4565,San Antonio,2021-09-22,10:54,Medium,Clear,Icy,4,38.6325,-118.5404
4566,Los Angeles,2023-01-30,05:06,Medium,Clear,Wet,3,30.9927,-98.3775
4567,Chicago,2022-11-01,00:01,High,Clear,Dry,5,46.9649,-96.7958
4568,Phoenix,2023-05-10,10:29,Low,Rain,Dry,2,35.4912,-119.5839
4569,Los Angeles,2022-04-27,08:38,Low,Cloudy,Icy,3,33.3331,-107.0792
4570,San Diego,2021-09-01,12:00,High,Snow,Dry,4,34.7501,-78.8544
4571,Los Angeles,2022-09-30,12:51,Low,Fog,Wet,1,40.0448,-106.7691
4572,San Diego,2023-08-06,20:36,Medium,Clear,Dry,5,36.6482,-88.0817
4573,Philadelphia,2022-10-04,14:18,High,Clear,Dry,4,35.921,-114.9559
4574,New York,2023-06-26,23:44,Low,Rain,Under Construction,2,44.0344,-90.7181
4575,Los Angeles,2021-07-16,17:18,Medium,Cloudy,Dry,5,25.0458,-112.0004
4576,New York,2021-11-24,07:40,Medium,Snow,Wet,4,32.4932,-83.0598
4577,Los Angeles,2021-03-09,07:36,Medium,Clear,Icy,3,37.7672,-71.759
4578,Los Angeles,2023-12-11,01:10,High,Clear,Dry,4,26.0062,-121.3043
4579,New York,2021-01-17,11:34,High,Snow,Icy,5,25.3107,-85.6518
4580,Los Angeles,2021-01-01,00:59,Medium,Rain,Dry,5,41.9318,-89.2593
4581,Indianapolis,2021-11-13,04:48,Low,Clear,Under Construction,5,26.438,-82.2931
4582,Columbus,2021-12-15,21:13,Medium,Clear,Wet,2,27.5955,-108.0061
4583,New York,2022-12-15,20:44,Medium,Rain,Dry,2,35.4499,-115.0273
4584,San Antonio,2021-12-08,19:44,High,Cloudy,Wet,4,29.9832,-94.0272
4585,Dallas,2022-05-02,10:10,Low,Rain,Icy,5,36.2085,-87.9395
4586,New York,2022-10-26,11:05,Low,Fog,Dry,2,33.2675,-77.8426
4587,Indianapolis,2023-10-30,11:54,High,Rain,Dry,2,39.8957,-79.5659
4588,San Diego,2021-07-19,20:05,Low,Clear,Slippery,4,33.4106,-121.0354
4589,Los Angeles,2021-11-03,16:05,Medium,Rain,Dry,5,31.8461,-99.713
4590,San Diego,2022-11-03,16:10,Low,Rain,Slippery,5,40.6913,-86.1344
4591,Charlotte,2022-07-17,11:16,Low,Clear,Under Construction,1,35.8837,-113.5897
4592,Chicago,2022-07-27,11:33,Medium,Clear,Dry,1,38.2553,-112.9359
4593,Phoenix,2022-01-12,15:49,Low,Fog,Icy,4,40.1061,-70.6609
4594,New York,2021-04-25,15:42,Medium,Clear,Wet,4,31.5602,-111.0633
4595,New York,2022-10-22,13:43,High,Clear,Dry,3,45.0846,-100.0733
4596,Los Angeles,2021-02-20,17:35,High,Fog,Dry,3,40.9749,-92.7695
4597,Jacksonville,2021-09-19,18:24,Low,Clear,Wet,3,43.0486,-86.724
4598,Chicago,2021-01-10,07:58,Medium,Clear,Slippery,4,45.7954,-105.9702
4599,San Antonio,2022-07-06,18:03,Low,Hail,Wet,2,44.2657,-94.3018
4600,Los Angeles,2023-09-20,10:24,High,Clear,Wet,2,32.6659,-115.1344
4601,Jacksonville,2021-03-02,21:06,Medium,Clear,Wet,4,30.7465,-88.6709
4602,New York,2022-09-22,16:43,Low,Clear,Icy,1,40.593,-113.8418
4603,Philadelphia,2021-02-01,10:55,High,Rain,Dry,4,47.8311,-81.7191
4604,Phoenix,2022-01-19,21:54,Low,Clear,Wet,3,28.192,-95.536
4605,Philadelphia,2022-10-26,21:56,Low,Hail,Icy,3,47.6725,-95.9499
4606,Chicago,2023-12-12,07:25,High,Rain,Dry,1,26.2363,-104.143
4607,Chicago,2022-06-19,12:16,Low,Clear,Wet,3,28.1333,-108.1937
4608,New York,2023-11-08,10:29,High,Rain,Dry,1,32.5656,-83.2502
4609,New York,2022-03-11,18:30,Medium,Clear,Dry,1,37.0192,-91.292
4610,Houston,2021-09-05,08:41,High,Rain,Dry,5,31.4264,-112.7355
4611,Los Angeles,2023-12-11,21:42,High,Rain,Dry,5,40.3579,-98.0662
4612,Phoenix,2023-08-05,18:05,High,Fog,Dry,4,31.7738,-79.468
4613,Philadelphia,2023-02-16,04:16,High,Snow,Wet,5,28.5708,-116.8332
4614,Philadelphia,2022-06-13,08:26,Low,Clear,Wet,3,42.8376,-101.6973
4615,Dallas,2023-11-25,14:13,Medium,Clear,Wet,5,40.302,-80.131
4616,Chicago,2023-02-24,10:46,Medium,Rain,Dry,5,34.528,-105.4605
4617,Jacksonville,2021-05-18,21:28,Medium,Rain,Dry,3,29.4555,-118.6311
4618,Dallas,2023-05-10,01:20,Medium,Clear,Slippery,5,42.3075,-106.2964
4619,San Jose,2022-11-20,16:34,High,Clear,Dry,5,45.0323,-117.1083
4620,Los Angeles,2021-12-16,12:05,Medium,Clear,Slippery,1,42.9697,-85.864
4621,Chicago,2022-05-11,11:58,Low,Clear,Wet,3,32.539,-84.7263
4622,Dallas,2022-02-18,07:23,Low,Fog,Dry,3,44.244,-117.9668
4623,Austin,2021-07-28,18:11,Medium,Fog,Dry,3,38.7294,-95.2551
4624,Dallas,2023-04-24,08:31,Low,Clear,Dry,1,27.9834,-83.3323
4625,San Jose,2021-04-02,22:00,High,Clear,Icy,3,29.7803,-107.4486
4626,Indianapolis,2023-05-01,00:41,High,Clear,Under Construction,2,41.6649,-101.2999
4627,Los Angeles,2021-06-01,18:40,High,Rain,Dry,2,32.6078,-117.0788
4628,Indianapolis,2021-06-30,09:40,Low,Clear,Slippery,4,28.0062,-111.7045
4629,New York,2023-02-20,21:23,Medium,Fog,Dry,3,28.8979,-119.3328
4630,Chicago,2021-10-18,19:15,Medium,Clear,Dry,1,45.5064,-73.7648
4631,Los Angeles,2023-01-08,19:57,Medium,Cloudy,Under Construction,2,39.0946,-121.7781
4632,San Antonio,2023-01-19,17:58,Medium,Snow,Dry,3,26.1846,-96.4256
4633,Columbus,2023-02-06,12:50,High,Clear,Dry,3,34.2424,-95.5258
4634,Philadelphia,2021-05-10,14:09,High,Rain,Icy,3,37.1871,-101.7435
4635,Dallas,2021-03-28,04:22,Medium,Hail,Icy,2,45.8711,-121.8285
4636,New York,2021-09-15,12:24,Medium,Clear,Dry,3,25.6032,-98.341
4637,San Diego,2022-10-07,01:26,Low,Fog,Wet,5,39.5782,-83.1247
4638,Houston,2023-03-26,10:59,Medium,Snow,Wet,2,28.7675,-113.1995
4639,New York,2022-01-08,03:15,Low,Rain,Wet,1,44.0122,-77.666
4640,Dallas,2023-08-20,19:06,Low,Fog,Dry,1,42.5208,-80.5576
4641,New York,2021-07-06,19:45,Low,Snow,Wet,1,28.0723,-114.4905
4642,Jacksonville,2021-11-20,15:43,High,Clear,Dry,2,39.6284,-73.6456
4643,Dallas,2022-09-03,07:16,Low,Clear,Dry,2,40.901,-81.7521
4644,Los Angeles,2021-04-25,01:06,Medium,Cloudy,Dry,2,31.0894,-109.7387
4645,Phoenix,2021-05-06,16:53,Low,Cloudy,Dry,2,38.8958,-71.3948
4646,Indianapolis,2021-08-27,16:31,Low,Clear,Wet,5,31.3203,-83.7669
4647,San Jose,2023-02-09,10:57,Medium,Cloudy,Wet,4,35.5426,-73.4351
4648,Los Angeles,2022-03-18,11:57,Medium,Clear,Dry,5,26.2363,-109.2088
4649,Phoenix,2022-05-02,11:08,Low,Clear,Under Construction,4,35.8073,-84.3502
4650,Charlotte,2023-05-14,05:47,Medium,Clear,Wet,3,32.3888,-90.8927
4651,Houston,2023-08-22,18:55,Medium,Fog,Wet,2,46.7659,-113.8776
4652,Los Angeles,2022-07-27,12:38,Low,Clear,Wet,2,29.5262,-84.5225
4653,Chicago,2021-06-19,08:59,Medium,Clear,Wet,1,33.85,-96.762
4654,Dallas,2021-02-26,18:55,High,Snow,Dry,1,47.9694,-106.4367
4655,Los Angeles,2021-12-18,10:59,Medium,Clear,Icy,4,35.1838,-120.6333
4656,Columbus,2022-03-28,15:14,Medium,Clear,Dry,2,40.9652,-90.0924
4657,Los Angeles,2022-01-23,08:29,Low,Clear,Dry,2,29.7661,-94.841
4658,Chicago,2023-11-08,17:37,Medium,Fog,Icy,5,25.4975,-109.3999
4659,Los Angeles,2021-03-08,15:47,Medium,Clear,Dry,5,41.0842,-112.3714
4660,Dallas,2023-09-04,07:11,Medium,Clear,Dry,5,34.6915,-75.799
4661,Phoenix,2023-06-12,16:19,Low,Rain,Dry,3,28.8683,-89.7719
4662,Chicago,2022-07-05,15:47,Medium,Snow,Dry,4,38.1417,-87.4423
4663,Charlotte,2021-10-13,13:55,Low,Clear,Icy,3,43.4655,-88.9727
4664,Austin,2022-06-26,20:06,Medium,Clear,Icy,3,33.167,-100.6551
4665,Houston,2022-09-14,23:09,Medium,Clear,Wet,1,43.0769,-73.4531
4666,Chicago,2022-06-28,22:47,Medium,Rain,Dry,4,43.8944,-113.1327
4667,San Jose,2022-08-15,19:20,High,Clear,Dry,3,44.558,-83.9098
4668,New York,2021-10-15,23:40,High,Clear,Dry,2,36.0045,-104.048
4669,New York,2022-06-30,08:07,Low,Rain,Slippery,5,30.6915,-74.6618
4670,Dallas,2023-01-18,09:04,Low,Windy,Dry,4,31.3396,-98.9008
4671,Houston,2023-06-17,15:03,Medium,Rain,Dry,2,36.644,-89.3827
4672,Dallas,2022-04-22,03:42,Medium,Clear,Dry,1,41.8627,-116.3249
4673,Phoenix,2022-08-26,23:18,Low,Clear,Wet,2,27.4101,-83.5777
4674,San Diego,2023-09-15,10:37,Low,Clear,Dry,1,40.1316,-81.4778
4675,Los Angeles,2021-05-07,12:44,Low,Snow,Dry,5,28.9787,-120.4001
4676,Los Angeles,2022-03-02,01:26,High,Clear,Dry,4,25.9223,-77.9348
4677,Chicago,2022-02-28,05:51,Medium,Clear,Dry,5,36.812,-93.419
4678,San Jose,2021-03-21,12:00,Medium,Snow,Wet,3,27.6684,-94.8359
4679,Houston,2022-12-09,21:21,Medium,Clear,Wet,4,35.905,-86.3644
4680,Philadelphia,2021-05-14,11:14,Low,Hail,Dry,1,45.8659,-99.4098
4681,Los Angeles,2023-08-23,19:16,Low,Clear,Dry,4,27.4159,-77.4356
4682,Indianapolis,2022-10-29,00:16,High,Clear,Dry,2,27.7942,-85.6642
4683,New York,2023-10-15,08:57,Low,Clear,Dry,1,37.552,-70.6004
4684,Los Angeles,2022-10-20,19:47,High,Rain,Dry,1,42.0129,-99.7173
4685,Austin,2021-09-20,10:14,Medium,Clear,Dry,5,41.9138,-90.1188
4686,Columbus,2022-05-02,18:53,High,Cloudy,Wet,3,42.7696,-120.6615
4687,Dallas,2023-11-01,06:53,Medium,Cloudy,Dry,5,28.1215,-85.5581
4688,Jacksonville,2022-01-14,14:28,Low,Clear,Wet,3,39.3203,-80.3729
4689,Dallas,2022-06-27,16:19,High,Clear,Dry,2,36.0217,-94.3076
4690,Houston,2023-06-07,16:54,Medium,Clear,Dry,1,25.8631,-118.3564
4691,New York,2021-12-17,15:46,High,Clear,Dry,1,41.9263,-96.3791
4692,San Diego,2023-10-17,16:14,Medium,Rain,Dry,1,36.7457,-75.6801
4693,San Antonio,2022-05-30,22:32,Low,Clear,Wet,2,29.3929,-82.3774
4694,New York,2022-12-29,13:11,Low,Clear,Dry,1,44.0585,-101.8565
4695,Austin,2021-12-02,01:28,High,Rain,Under Construction,1,40.6218,-102.1695
4696,Philadelphia,2023-04-02,05:43,High,Hail,Dry,1,47.4837,-77.7555
4697,San Diego,2021-02-10,15:00,Medium,Fog,Dry,4,33.9948,-96.8628
4698,Houston,2023-04-24,01:33,High,Clear,Icy,5,39.9079,-103.9853
4699,San Diego,2023-03-13,12:25,Medium,Clear,Wet,3,25.4554,-88.4292
4700,New York,2021-03-17,11:58,Medium,Rain,Dry,5,29.2968,-119.5063
4701,Indianapolis,2023-11-01,19:22,High,Cloudy,Slippery,3,43.3997,-91.578
4702,New York,2022-08-13,18:54,Low,Clear,Dry,1,41.0808,-90.9963
4703,San Antonio,2021-03-28,12:05,Medium,Rain,Wet,3,39.0599,-94.0968
4704,San Antonio,2023-04-26,13:16,Low,Snow,Dry,4,31.4189,-78.6568
4705,Phoenix,2021-07-11,22:49,Medium,Clear,Under Construction,1,31.4188,-79.0621
4706,Dallas,2022-11-26,17:12,Low,Snow,Dry,2,45.5421,-89.7187
4707,Austin,2021-04-18,18:15,Low,Cloudy,Slippery,1,29.8969,-96.2235
4708,Columbus,2023-05-30,12:23,Medium,Clear,Dry,3,46.6775,-75.7925
4709,Indianapolis,2022-05-24,09:44,Medium,Clear,Slippery,4,25.0239,-116.558
4710,San Jose,2021-04-27,13:02,Medium,Clear,Wet,1,27.6606,-109.0479
4711,Phoenix,2021-10-21,19:00,High,Clear,Dry,4,25.2215,-86.3613
4712,Phoenix,2021-02-20,15:22,Medium,Snow,Dry,4,34.1675,-92.7496
4713,Chicago,2023-10-19,20:16,High,Clear,Dry,5,31.6454,-87.0875
4714,Indianapolis,2023-03-28,18:27,Low,Rain,Under Construction,4,28.0414,-116.558
4715,Austin,2022-11-29,09:41,High,Clear,Dry,2,37.0341,-106.2817
4716,San Antonio,2023-04-25,11:21,High,Fog,Wet,4,37.4414,-79.9683
4717,Philadelphia,2022-05-28,20:39,Low,Clear,Wet,3,33.1024,-76.4052
4718,Los Angeles,2021-05-10,14:11,Low,Clear,Dry,3,31.9842,-110.3594
4719,Houston,2022-04-05,17:49,Low,Fog,Wet,5,47.2907,-118.7793
4720,San Jose,2022-11-06,12:14,Medium,Clear,Dry,2,27.4078,-84.803
4721,New York,2022-06-07,07:36,Low,Cloudy,Dry,4,37.3561,-80.5991
4722,Houston,2021-11-18,19:18,High,Clear,Dry,2,27.5613,-79.6587
4723,Austin,2023-10-05,12:00,High,Clear,Dry,4,46.7448,-99.7857
4724,Houston,2022-10-12,14:39,Medium,Fog,Dry,3,44.4932,-103.2523
4725,Philadelphia,2021-09-25,18:13,Low,Fog,Slippery,3,41.6037,-89.4476
4726,Philadelphia,2021-02-06,17:56,Low,Rain,Slippery,3,33.6712,-72.6794
4727,Phoenix,2023-03-10,16:01,High,Clear,Wet,1,28.1613,-85.0208
4728,Dallas,2022-11-09,23:11,Medium,Clear,Dry,2,25.5097,-121.134
4729,Chicago,2021-08-02,16:50,Medium,Rain,Dry,1,26.7412,-118.77
4730,Charlotte,2022-04-08,21:15,Low,Clear,Dry,5,28.4263,-70.4272
4731,New York,2022-05-31,11:48,Low,Fog,Wet,1,31.9993,-96.4444
4732,New York,2022-09-22,07:22,High,Clear,Wet,2,26.0539,-111.6
4733,San Diego,2022-12-30,19:03,High,Clear,Dry,4,44.9448,-104.6295
4734,Indianapolis,2021-03-12,18:12,Low,Fog,Slippery,4,41.3985,-88.0799
4735,Los Angeles,2023-03-15,20:13,Low,Clear,Under Construction,4,31.4593,-70.2552
4736,Los Angeles,2021-07-10,19:47,Medium,Clear,Wet,3,36.691,-81.9941
4737,San Diego,2021-11-17,22:16,Medium,Rain,Dry,5,28.7252,-98.6207
4738,Los Angeles,2023-01-11,18:30,Medium,Clear,Slippery,4,25.6781,-96.3848
4739,Chicago,2022-06-07,18:38,Low,Fog,Dry,5,28.5669,-100.5594
4740,Jacksonville,2023-11-13,19:57,Low,Rain,Slippery,2,35.2605,-109.0309
4741,Chicago,2023-08-29,13:24,Low,Clear,Slippery,4,42.5239,-107.2778
4742,Los Angeles,2021-08-23,20:28,High,Fog,Wet,2,34.6175,-103.484
4743,Philadelphia,2023-06-03,22:11,High,Clear,Dry,2,35.4483,-82.3946
4744,New York,2022-11-30,17:16,Medium,Rain,Under Construction,5,30.6764,-98.6551
4745,San Diego,2023-01-04,11:25,Medium,Clear,Wet,5,31.0261,-120.2514
4746,Jacksonville,2022-06-11,20:31,Low,Snow,Wet,5,40.2161,-82.1063
4747,Dallas,2021-01-23,05:35,Medium,Fog,Slippery,2,44.2009,-118.7533
4748,Columbus,2022-05-07,14:21,Low,Snow,Dry,3,42.6941,-95.0793
4749,San Jose,2022-07-10,17:41,Low,Clear,Wet,4,45.6675,-109.5168
4750,Jacksonville,2022-10-14,10:55,High,Clear,Wet,3,43.863,-94.1479
4751,Phoenix,2021-01-16,10:27,Low,Fog,Wet,5,39.6342,-119.5684
4752,Columbus,2023-07-14,12:56,Low,Rain,Dry,3,35.1015,-97.8018
4753,Houston,2021-08-17,11:35,Medium,Cloudy,Dry,4,27.8197,-76.0716
4754,Los Angeles,2021-11-18,05:31,High,Snow,Dry,5,41.6174,-111.7306
4755,Indianapolis,2022-08-21,01:40,High,Rain,Icy,4,34.7787,-76.9091
4756,Dallas,2021-09-04,12:19,Medium,Rain,Wet,5,39.7901,-99.5578
4757,New York,2023-03-17,07:47,Low,Clear,Wet,2,27.8971,-96.3102
4758,Houston,2023-05-18,12:43,Low,Clear,Wet,5,40.3086,-103.316
4759,Chicago,2021-10-16,11:34,Low,Hail,Under Construction,5,36.5634,-70.9835
4760,Chicago,2021-02-23,19:12,Low,Fog,Dry,3,31.1959,-70.2274
4761,San Jose,2023-09-07,19:52,High,Clear,Dry,2,44.7224,-72.6712
4762,New York,2021-08-20,19:21,Low,Rain,Dry,1,35.0001,-97.448
4763,Los Angeles,2023-05-26,22:38,High,Clear,Icy,4,45.7401,-106.5177
4764,Houston,2022-05-15,15:12,Low,Clear,Under Construction,2,47.1029,-109.269
4765,New York,2021-12-25,19:05,Low,Cloudy,Wet,4,32.5326,-77.4972
4766,San Diego,2021-05-22,10:37,Low,Rain,Slippery,4,35.8382,-109.9114
4767,Philadelphia,2023-09-11,00:27,Medium,Clear,Dry,1,26.5404,-108.1808
4768,Chicago,2022-03-20,11:23,High,Clear,Dry,4,39.1698,-95.1879
4769,Los Angeles,2022-04-17,12:27,Medium,Snow,Under Construction,3,41.5452,-75.3166
4770,San Diego,2023-11-06,20:01,High,Clear,Dry,4,44.767,-82.4094
4771,Austin,2021-10-13,16:24,Medium,Clear,Slippery,5,31.7741,-89.9685
4772,San Antonio,2021-10-15,18:05,Low,Clear,Under Construction,3,26.1531,-90.6933
4773,New York,2023-09-17,14:10,Medium,Clear,Dry,1,27.1712,-73.5853
4774,San Antonio,2022-03-18,14:46,Medium,Rain,Icy,5,45.2473,-74.3283
4775,San Jose,2021-08-03,11:00,High,Rain,Dry,3,46.6254,-96.5163
4776,Indianapolis,2023-05-23,06:35,Low,Rain,Dry,1,46.8505,-120.0177
4777,Dallas,2021-03-05,00:20,Medium,Snow,Wet,1,43.4886,-82.0229
4778,Los Angeles,2021-08-31,19:57,High,Clear,Slippery,4,31.0258,-112.3402
4779,Los Angeles,2021-08-09,07:22,Low,Rain,Wet,5,27.9912,-117.7359
4780,San Antonio,2023-08-29,16:06,High,Windy,Wet,1,38.8522,-118.5441
4781,San Diego,2023-02-16,10:31,Low,Rain,Dry,3,47.5002,-106.2633
4782,Columbus,2022-02-22,19:01,High,Cloudy,Under Construction,4,43.9635,-121.2932
4783,San Diego,2021-06-18,11:52,High,Clear,Wet,3,29.8349,-106.432
4784,San Antonio,2022-02-05,17:57,Low,Clear,Slippery,4,25.7676,-115.94
4785,San Diego,2022-02-07,11:51,High,Clear,Dry,3,47.2003,-83.259
4786,Philadelphia,2022-09-24,17:35,High,Rain,Wet,5,25.4011,-80.4281
4787,Los Angeles,2023-10-12,03:26,High,Clear,Dry,1,40.7126,-92.3511
4788,New York,2022-03-07,07:18,Low,Fog,Slippery,3,27.2941,-74.5937
4789,New York,2022-02-24,11:36,Low,Rain,Icy,1,40.9531,-79.6552
4790,New York,2023-03-31,13:43,High,Windy,Dry,5,46.019,-104.722
4791,Philadelphia,2023-10-30,20:24,Medium,Clear,Under Construction,5,30.9899,-91.3244
4792,San Diego,2021-03-08,23:32,Medium,Windy,Dry,5,44.0541,-105.1282
4793,Dallas,2023-11-19,19:38,High,Clear,Dry,2,35.4005,-111.2802
4794,Indianapolis,2021-06-19,07:23,Medium,Clear,Wet,3,36.9453,-111.3269
4795,Houston,2021-05-07,13:33,Medium,Snow,Dry,1,41.6245,-103.8481
4796,Chicago,2021-08-29,21:00,Medium,Rain,Dry,4,26.7242,-76.3107
4797,Phoenix,2021-01-05,03:17,Low,Fog,Dry,2,40.6864,-87.3971
4798,Columbus,2023-11-03,21:00,Medium,Rain,Dry,3,45.334,-85.6146
4799,Chicago,2023-02-28,07:53,Low,Clear,Slippery,5,37.4677,-118.8152
4800,New York,2021-04-30,16:42,Low,Rain,Dry,4,27.5206,-116.9956
4801,Los Angeles,2022-09-23,14:14,Medium,Clear,Dry,3,46.3458,-114.9527
4802,New York,2023-04-23,19:08,High,Clear,Wet,3,36.8741,-74.3228
4803,Los Angeles,2021-05-04,00:04,Low,Hail,Dry,4,35.4594,-79.0692
4804,Indianapolis,2022-11-22,23:40,Medium,Cloudy,Dry,5,41.7205,-80.4616
4805,New York,2022-01-29,12:19,Low,Clear,Slippery,2,43.4449,-120.8235
4806,San Diego,2023-09-24,09:38,Low,Clear,Wet,5,42.9101,-121.2922
4807,Columbus,2023-01-23,00:48,Medium,Clear,Wet,1,35.0278,-109.9655
4808,Phoenix,2021-11-09,11:28,Low,Fog,Dry,4,31.5938,-73.935
4809,San Antonio,2021-04-14,19:23,High,Cloudy,Wet,5,36.7055,-78.4604
4810,New York,2021-06-22,11:21,Low,Clear,Under Construction,3,28.8517,-99.9429
4811,New York,2022-05-21,16:08,Medium,Clear,Dry,3,42.8684,-97.0636
4812,San Diego,2021-12-18,15:03,Low,Clear,Dry,4,47.7467,-102.0342
4813,Dallas,2021-08-06,17:15,Low,Clear,Dry,4,36.861,-116.2169
4814,Indianapolis,2022-05-16,06:23,High,Clear,Dry,1,30.0296,-76.047
4815,New York,2022-07-29,20:14,Low,Clear,Dry,3,44.1553,-112.3845
4816,Phoenix,2022-08-01,09:41,Medium,Rain,Under Construction,3,32.7238,-74.766
4817,Phoenix,2021-10-10,18:57,Medium,Cloudy,Dry,1,42.0312,-92.7051
4818,Phoenix,2023-03-30,16:41,Medium,Hail,Slippery,2,33.0853,-87.0635
4819,New York,2023-06-13,17:19,Low,Clear,Dry,4,43.084,-89.8574
4820,Houston,2023-02-18,13:44,Medium,Clear,Dry,1,46.7481,-98.9696
4821,Phoenix,2021-08-06,16:18,Low,Cloudy,Dry,2,27.9471,-117.0522
4822,Jacksonville,2021-10-22,20:50,High,Hail,Wet,2,27.9575,-85.616
4823,Columbus,2022-04-03,08:45,Low,Rain,Icy,2,29.8805,-100.8734
4824,Dallas,2021-06-02,12:25,Medium,Rain,Dry,3,45.958,-100.5075
4825,New York,2023-09-24,03:07,High,Snow,Wet,1,43.2116,-115.8794
4826,New York,2023-10-09,15:29,Medium,Cloudy,Dry,3,39.8852,-73.3394
4827,Houston,2023-11-23,12:11,Low,Clear,Dry,3,32.7951,-95.5069
4828,San Antonio,2022-08-08,18:47,Low,Clear,Dry,5,36.4279,-77.0556
4829,San Diego,2023-11-30,17:22,Medium,Clear,Slippery,4,37.1582,-89.1291
4830,Dallas,2022-07-26,04:09,High,Fog,Wet,2,31.3522,-73.2662
4831,Houston,2023-06-24,16:13,Medium,Clear,Dry,4,43.0738,-83.7997
4832,New York,2021-08-28,06:33,Low,Clear,Dry,4,39.8262,-106.6159
4833,Houston,2023-07-02,13:37,High,Fog,Dry,2,35.6447,-109.777
4834,New York,2022-05-12,17:40,Medium,Snow,Wet,3,34.5541,-104.9912
4835,Austin,2022-08-07,07:13,Low,Fog,Wet,3,40.2231,-90.947
4836,San Jose,2021-03-03,18:38,Low,Cloudy,Wet,3,39.511,-102.5894
4837,New York,2022-03-08,02:01,Low,Fog,Dry,2,35.8274,-72.0
4838,Philadelphia,2021-12-26,06:11,Medium,Clear,Wet,3,26.2021,-102.9666
4839,New York,2021-11-29,11:53,Medium,Rain,Dry,3,28.5883,-88.1957
4840,Columbus,2022-09-23,21:48,Low,Clear,Dry,2,42.9885,-120.7691
4841,New York,2021-09-18,04:04,Low,Rain,Dry,2,33.6478,-113.868
4842,Dallas,2021-05-07,22:56,Medium,Rain,Dry,5,34.4575,-72.569
4843,New York,2023-06-19,07:02,Low,Clear,Dry,5,32.8768,-84.525
4844,Chicago,2022-02-04,19:03,Low,Fog,Dry,5,33.9302,-89.325
4845,Los Angeles,2022-11-19,21:33,Medium,Clear,Dry,5,45.8603,-118.2461
4846,Columbus,2021-02-25,19:50,Low,Rain,Dry,4,42.175,-106.5313
4847,New York,2023-04-24,07:11,Low,Rain,Icy,3,27.866,-102.432
4848,New York,2022-01-02,20:26,Medium,Clear,Dry,3,40.6111,-110.9866
4849,Austin,2021-12-31,07:31,High,Clear,Icy,1,46.4307,-98.2145
4850,Los Angeles,2021-12-06,07:29,High,Rain,Dry,5,38.0275,-83.8386
4851,Philadelphia,2023-09-24,21:10,Low,Clear,Icy,4,40.3566,-94.451
4852,Columbus,2022-03-14,21:48,Low,Clear,Icy,1,40.0171,-113.0495
4853,Los Angeles,2021-11-05,21:33,High,Clear,Dry,4,32.7148,-107.9725
4854,San Diego,2023-12-10,19:25,Medium,Clear,Wet,5,34.1798,-108.982
4855,Charlotte,2021-03-12,09:07,Medium,Clear,Dry,3,32.4723,-105.8284
4856,San Diego,2023-08-15,15:12,Medium,Clear,Dry,3,40.4178,-117.9752
4857,San Jose,2023-03-01,16:47,Low,Rain,Dry,2,47.1986,-77.4203
4858,San Antonio,2023-01-22,09:05,Low,Fog,Dry,4,44.9381,-113.3182
4859,New York,2023-04-29,13:56,Low,Clear,Icy,2,30.4663,-98.5426
4860,Houston,2022-01-18,23:17,Low,Clear,Under Construction,4,25.221,-94.0608
4861,San Antonio,2023-01-02,20:05,Low,Clear,Icy,2,29.0467,-112.321
4862,San Jose,2023-04-08,13:04,Low,Rain,Dry,2,32.9957,-85.006
4863,New York,2023-07-20,07:37,Medium,Cloudy,Icy,2,45.2478,-90.4398
4864,New York,2022-12-15,09:16,Medium,Fog,Dry,4,26.9927,-100.9289
4865,Los Angeles,2023-09-20,07:42,High,Clear,Wet,5,47.4678,-76.4173
4866,San Antonio,2023-06-12,12:31,Low,Windy,Dry,5,29.6235,-79.6906
4867,Houston,2022-02-03,13:13,Medium,Clear,Wet,2,44.5937,-100.4383
4868,New York,2023-04-12,12:33,High,Rain,Dry,3,30.4874,-120.6873
4869,Indianapolis,2022-01-17,19:31,Low,Clear,Dry,1,31.461,-76.5663
4870,Columbus,2021-11-15,15:15,Medium,Clear,Dry,1,29.9662,-97.4419
4871,Austin,2023-07-10,19:31,Low,Clear,Dry,4,47.7553,-85.4241
4872,Los Angeles,2022-07-25,20:20,Medium,Clear,Slippery,5,30.6667,-84.097
4873,Philadelphia,2022-05-20,21:46,High,Clear,Icy,1,40.6181,-112.9592
4874,Austin,2023-11-21,06:39,Medium,Clear,Slippery,4,46.1639,-87.4307
4875,Austin,2021-02-22,16:32,Low,Rain,Wet,3,25.4465,-111.1915
4876,New York,2023-03-18,18:28,Low,Clear,Icy,2,36.1298,-90.6807
4877,Austin,2021-10-06,12:14,Medium,Fog,Dry,2,45.6,-116.7007
4878,New York,2022-10-08,23:15,Low,Clear,Wet,5,29.3147,-76.5647
4879,New York,2023-06-26,09:06,Medium,Clear,Wet,1,34.7079,-93.5744
4880,Jacksonville,2021-12-22,18:18,Medium,Snow,Dry,5,34.7803,-79.706
4881,Austin,2021-01-10,22:21,Low,Clear,Wet,4,42.109,-74.8485
4882,New York,2023-09-08,05:43,Low,Cloudy,Dry,1,35.4299,-111.948
4883,Philadelphia,2021-09-01,15:05,High,Clear,Dry,1,42.8314,-73.2624
4884,Jacksonville,2023-06-06,15:42,Low,Cloudy,Dry,4,35.5369,-83.6545
4885,Chicago,2023-05-12,17:23,Medium,Fog,Dry,5,33.7191,-79.1135
4886,Los Angeles,2023-06-26,12:47,Low,Clear,Dry,5,43.2383,-103.9321
4887,Houston,2021-08-02,19:15,Low,Clear,Slippery,3,47.3982,-106.5686
4888,Houston,2021-08-01,20:09,Low,Rain,Icy,3,28.402,-114.4535
4889,Indianapolis,2022-01-16,17:08,Low,Fog,Wet,4,29.4114,-95.3129
4890,Houston,2021-02-27,21:16,Low,Clear,Dry,2,38.5912,-103.0016
4891,New York,2022-04-30,18:20,Medium,Clear,Dry,1,31.8637,-111.2219
4892,Chicago,2022-10-23,06:13,Medium,Clear,Wet,3,47.9132,-118.5972
4893,San Diego,2023-06-20,22:38,Medium,Clear,Under Construction,2,46.3846,-111.829
4894,New York,2022-12-15,09:40,Low,Clear,Under Construction,2,46.5461,-89.0445
4895,Phoenix,2021-12-07,10:06,Medium,Rain,Dry,2,25.7499,-74.0016
4896,San Antonio,2021-09-30,15:41,Medium,Clear,Wet,1,28.9957,-95.3645
4897,San Diego,2022-09-14,11:07,Medium,Hail,Under Construction,5,40.2676,-95.2602
4898,Chicago,2021-06-24,12:11,Low,Rain,Dry,3,32.4116,-84.0582
4899,Charlotte,2022-11-25,06:13,High,Clear,Dry,4,40.9236,-77.8674
4900,Austin,2021-06-17,12:27,Low,Clear,Dry,1,36.1343,-87.2541
4901,New York,2022-05-01,12:05,Medium,Rain,Dry,3,47.155,-80.1614
4902,Phoenix,2021-12-23,06:50,Medium,Clear,Dry,4,39.3012,-98.5453
4903,Jacksonville,2023-05-23,13:09,Low,Rain,Dry,2,26.4992,-82.6926
4904,Houston,2021-08-05,17:56,High,Rain,Dry,5,33.8579,-108.592
4905,Columbus,2022-06-14,01:49,Medium,Clear,Dry,2,45.1715,-98.4413
4906,Los Angeles,2022-11-17,11:00,High,Clear,Dry,2,37.4545,-83.8746
4907,Columbus,2022-07-11,04:38,Low,Clear,Dry,3,35.1202,-79.4367
4908,Los Angeles,2021-04-28,15:05,Low,Rain,Dry,3,34.0233,-100.7484
4909,San Diego,2021-04-26,08:21,Low,Fog,Dry,1,46.6326,-114.2744
4910,Columbus,2023-05-26,13:13,High,Clear,Dry,3,39.2046,-116.3803
4911,Houston,2023-08-07,20:29,Medium,Rain,Dry,5,28.4047,-104.6266
4912,Houston,2022-07-07,08:44,Medium,Clear,Dry,1,35.6136,-115.9745
4913,Indianapolis,2023-06-15,11:13,Low,Fog,Dry,2,38.9264,-73.8872
4914,Phoenix,2021-04-08,12:36,Low,Fog,Dry,3,37.3767,-109.7555
4915,Houston,2021-05-06,16:46,Low,Clear,Wet,3,27.7922,-91.8199
4916,Chicago,2022-09-05,21:05,Medium,Clear,Dry,1,33.1931,-105.8789
4917,Jacksonville,2021-03-09,15:29,Low,Cloudy,Wet,3,36.3763,-120.2843
4918,Los Angeles,2021-02-16,22:23,Medium,Rain,Wet,1,29.6244,-108.9226
4919,Austin,2023-08-04,12:59,High,Clear,Dry,4,38.1178,-90.4017
4920,New York,2022-10-19,06:41,Low,Fog,Dry,1,39.2936,-107.2868
4921,Indianapolis,2023-09-26,07:51,Low,Snow,Dry,1,31.2548,-84.9686
4922,Los Angeles,2021-05-09,13:32,Low,Clear,Dry,3,27.0249,-85.6003
4923,Dallas,2021-02-28,00:37,Low,Fog,Dry,4,30.9044,-86.929
4924,New York,2023-07-02,07:36,Low,Clear,Dry,4,36.5924,-85.9003
4925,Phoenix,2021-02-27,09:58,Medium,Fog,Dry,5,31.5136,-114.9071
4926,Austin,2023-02-22,08:13,Low,Cloudy,Wet,5,45.5074,-76.0156
4927,Charlotte,2023-04-29,11:36,Low,Clear,Dry,1,37.8605,-106.6814
4928,Austin,2022-03-03,03:27,Medium,Fog,Dry,3,43.5045,-119.8669
4929,Los Angeles,2023-01-20,16:36,High,Cloudy,Dry,4,40.7055,-83.5571
4930,Dallas,2022-02-03,08:45,Low,Fog,Wet,4,27.5537,-84.575
4931,San Antonio,2021-11-08,19:06,Medium,Clear,Dry,1,45.3451,-87.4121
4932,Phoenix,2021-12-04,22:04,Low,Windy,Wet,1,40.5287,-87.6063
4933,New York,2021-02-25,15:59,High,Clear,Wet,2,45.4084,-70.1443
4934,San Diego,2023-09-10,21:49,Medium,Rain,Dry,5,45.3033,-109.5319
4935,San Diego,2023-01-03,12:17,High,Rain,Wet,3,31.7156,-81.4255
4936,San Antonio,2022-01-14,14:15,Medium,Clear,Dry,1,40.2619,-109.9598
4937,New York,2022-06-22,22:09,Low,Rain,Wet,3,32.3779,-90.4254
4938,San Diego,2021-02-18,17:39,Medium,Clear,Slippery,5,30.5552,-104.3205
4939,Dallas,2021-07-03,02:54,Low,Clear,Wet,4,33.832,-70.7082
4940,Philadelphia,2022-03-20,22:18,Low,Clear,Dry,4,33.9978,-89.9818
4941,Chicago,2021-12-17,08:35,Low,Clear,Dry,1,25.0371,-74.0129
4942,San Jose,2023-01-16,17:19,Medium,Clear,Wet,1,35.2714,-119.039
4943,Dallas,2021-08-03,19:52,High,Rain,Under Construction,2,28.9114,-84.4261
4944,San Antonio,2023-07-15,13:39,Low,Fog,Wet,5,46.5787,-94.4599
4945,Los Angeles,2021-06-02,02:13,Medium,Clear,Dry,4,28.0185,-82.3792
4946,San Jose,2021-04-23,23:58,Medium,Clear,Dry,4,32.5148,-103.4257
4947,Houston,2021-08-23,07:13,Medium,Rain,Wet,2,29.7805,-120.799
4948,Houston,2022-01-06,07:06,Medium,Snow,Wet,2,27.7158,-113.4599
4949,Jacksonville,2022-08-09,12:06,Low,Clear,Slippery,3,37.9195,-88.7727
4950,Chicago,2023-01-23,22:59,Low,Rain,Dry,3,44.4345,-120.2904
4951,San Jose,2022-09-15,20:04,Medium,Cloudy,Icy,4,44.4573,-82.7251
4952,Charlotte,2021-12-26,11:26,Medium,Clear,Dry,3,47.8883,-99.2777
4953,San Diego,2023-01-04,20:20,Medium,Clear,Dry,4,44.8161,-73.0648
4954,Dallas,2021-04-18,12:38,Medium,Cloudy,Slippery,1,27.287,-91.5333
4955,Columbus,2021-01-11,10:08,High,Clear,Dry,3,45.0694,-99.9129
4956,San Antonio,2023-02-13,22:31,Low,Fog,Dry,3,40.8388,-100.8239
4957,Chicago,2021-01-14,17:40,Medium,Fog,Icy,5,33.5395,-84.7667
4958,Houston,2021-07-29,12:48,Low,Fog,Wet,1,39.7062,-113.7891
4959,San Jose,2022-11-17,07:11,High,Rain,Dry,3,31.1055,-79.3543
4960,Los Angeles,2021-10-03,20:24,High,Clear,Slippery,5,35.6728,-91.3142
4961,San Diego,2023-08-24,16:20,Low,Rain,Dry,3,42.3372,-92.8641
4962,Chicago,2022-05-08,18:34,High,Windy,Dry,5,44.865,-106.7488
4963,Los Angeles,2021-05-17,12:22,Low,Fog,Wet,3,28.2925,-93.3935
4964,New York,2023-08-28,17:20,High,Rain,Dry,5,27.0657,-87.2969
4965,New York,2023-07-26,09:04,Low,Rain,Dry,4,44.564,-92.6444
4966,Chicago,2021-07-17,21:03,Low,Rain,Icy,5,42.2941,-88.9742
4967,Columbus,2021-07-28,16:28,High,Clear,Icy,3,39.1912,-102.9147
4968,San Diego,2023-12-01,08:58,Low,Rain,Dry,1,25.379,-106.4162
4969,Chicago,2021-02-04,17:57,Low,Rain,Wet,4,32.3724,-92.3458
4970,Chicago,2023-08-11,15:11,Low,Clear,Dry,1,38.943,-92.1642
4971,San Jose,2023-07-27,11:28,High,Windy,Slippery,5,47.8921,-87.8168
4972,Houston,2021-03-02,23:43,High,Clear,Dry,2,42.4901,-79.5538
4973,San Jose,2021-12-18,19:16,Medium,Clear,Wet,3,38.5233,-103.0465
4974,New York,2021-11-24,13:47,Medium,Rain,Dry,2,34.5647,-78.3822
4975,Philadelphia,2021-08-15,19:24,Medium,Clear,Dry,1,44.5712,-88.4598
4976,New York,2023-10-16,12:01,Medium,Clear,Dry,2,25.6239,-89.5567
4977,Dallas,2022-06-15,11:37,Low,Clear,Under Construction,4,29.7264,-108.4321
4978,Chicago,2022-06-20,20:35,Medium,Clear,Dry,3,38.043,-95.3804
4979,Los Angeles,2022-07-05,16:05,Medium,Rain,Wet,4,45.0263,-116.1241
4980,San Diego,2023-11-23,06:50,High,Rain,Dry,2,30.3739,-97.3909
4981,Los Angeles,2022-10-30,20:59,Low,Clear,Dry,1,39.4785,-99.007
4982,New York,2023-08-11,20:48,Medium,Rain,Wet,2,30.6508,-95.4857
4983,New York,2021-03-25,19:46,Medium,Clear,Wet,5,46.5794,-112.5854
4984,Chicago,2021-04-21,10:33,High,Clear,Dry,5,36.2886,-81.632
4985,San Antonio,2021-07-20,12:16,Medium,Snow,Dry,3,47.365,-87.232
4986,New York,2022-11-29,23:37,Medium,Snow,Dry,3,28.7734,-107.7003
4987,New York,2021-07-19,13:45,High,Rain,Slippery,2,44.5925,-81.1663
4988,Los Angeles,2022-05-04,13:43,Low,Clear,Slippery,1,44.3114,-83.5793
4989,Dallas,2023-08-27,15:21,Medium,Rain,Dry,3,36.9728,-109.9026
4990,New York,2023-10-23,07:10,Medium,Clear,Dry,4,39.1742,-93.2422
4991,New York,2022-08-13,12:05,High,Clear,Dry,2,26.0018,-114.881
4992,New York,2021-08-05,19:17,High,Rain,Dry,3,40.3598,-110.9196
4993,New York,2021-11-09,19:08,Medium,Cloudy,Dry,1,27.4121,-107.9151
4994,Indianapolis,2023-02-12,14:44,High,Rain,Dry,2,43.8566,-117.7038
4995,Charlotte,2023-12-15,10:37,Low,Clear,Slippery,5,31.3941,-91.1224
4996,Jacksonville,2021-10-16,11:29,Medium,Fog,Dry,3,43.0983,-106.055
4997,Jacksonville,2021-09-15,17:28,Medium,Rain,Wet,3,43.7061,-105.0708
4998,Houston,2022-08-04,10:19,High,Rain,Wet,3,42.0026,-113.6773
4999,San Jose,2021-10-03,17:32,Medium,Fog,Dry,3,44.8856,-75.9915
5000,Los Angeles,2022-04-15,20:16,Low,Cloudy,Dry,1,30.4647,-91.0105
5001,San Antonio,2022-04-04,18:44,High,Clear,Wet,5,29.9371,-96.7855
5002,Dallas,2021-09-29,18:28,High,Clear,Dry,3,27.6585,-70.2322
5003,Phoenix,2021-01-04,18:54,Low,Fog,Dry,4,28.1612,-110.0617
5004,Houston,2023-07-22,21:02,High,Rain,Dry,4,26.1338,-86.9109
5005,San Antonio,2023-05-30,08:15,High,Rain,Wet,4,46.5741,-111.0937
5006,Philadelphia,2023-02-03,07:00,High,Clear,Wet,3,33.1967,-73.6998
5007,Los Angeles,2022-01-03,22:14,Low,Rain,Icy,3,45.2175,-84.1824
5008,Philadelphia,2023-12-08,11:32,Medium,Rain,Wet,1,37.1387,-74.5799
5009,Phoenix,2022-07-08,07:07,High,Rain,Dry,1,34.47,-112.1356
5010,Chicago,2022-10-16,11:51,Low,Rain,Dry,1,42.679,-98.8698
5011,Charlotte,2021-01-26,09:53,Medium,Cloudy,Dry,2,31.3717,-111.8093
5012,San Diego,2021-03-07,20:39,Medium,Hail,Dry,1,33.6521,-110.4794
5013,San Diego,2022-08-24,17:00,Medium,Rain,Icy,2,32.033,-97.0337
5014,New York,2022-05-05,19:47,Medium,Cloudy,Dry,2,33.4135,-89.79
5015,New York,2023-06-04,21:04,Low,Clear,Under Construction,2,35.8275,-113.5326
5016,Chicago,2022-07-30,10:39,High,Clear,Wet,1,33.1802,-79.5619
5017,San Jose,2022-03-08,06:59,Medium,Rain,Dry,4,34.3309,-77.5675
5018,Philadelphia,2021-04-26,21:56,Low,Clear,Under Construction,2,35.7357,-101.7277
5019,Los Angeles,2021-08-28,17:08,Low,Clear,Dry,1,25.5636,-120.2512
5020,San Jose,2022-03-18,12:26,Low,Snow,Dry,4,47.8557,-109.6877
5021,Indianapolis,2022-07-08,20:28,High,Clear,Wet,3,43.4444,-102.9627
5022,Jacksonville,2021-06-02,20:14,High,Clear,Wet,1,37.327,-112.016
5023,Indianapolis,2022-02-01,23:30,Low,Clear,Dry,5,46.4873,-83.3153
5024,New York,2022-02-26,22:46,Low,Clear,Dry,3,25.8523,-81.3189
5025,Los Angeles,2022-08-27,15:59,Low,Snow,Dry,2,32.4982,-77.8593
5026,San Jose,2023-03-17,11:52,Medium,Rain,Dry,1,34.9474,-117.2034
5027,Indianapolis,2023-01-29,11:38,Low,Clear,Dry,3,28.6468,-73.5723
5028,Houston,2023-06-23,07:16,Medium,Clear,Icy,2,34.4149,-85.7062
5029,San Diego,2023-03-10,05:19,Medium,Clear,Dry,3,46.6129,-82.6813
5030,Dallas,2022-08-26,18:10,Low,Fog,Dry,2,33.4231,-90.577
5031,Los Angeles,2023-12-27,04:17,Low,Snow,Under Construction,4,25.92,-88.3659
5032,Phoenix,2022-08-18,20:51,Medium,Cloudy,Dry,4,26.0669,-103.9052
5033,Philadelphia,2022-12-04,08:56,Low,Cloudy,Dry,3,31.4391,-112.4549
5034,San Diego,2021-01-10,06:01,Low,Snow,Dry,1,41.1862,-100.3736
5035,Los Angeles,2021-02-24,14:32,Medium,Fog,Slippery,5,39.8325,-72.6215
5036,San Diego,2023-05-25,09:16,Medium,Fog,Dry,5,42.7548,-85.0115
5037,Chicago,2022-06-17,07:46,Low,Rain,Under Construction,3,29.8989,-94.4298
5038,Los Angeles,2023-09-05,11:32,High,Cloudy,Wet,1,43.5564,-75.7288
5039,Columbus,2023-07-17,14:41,High,Rain,Dry,3,30.3491,-82.5127
5040,Philadelphia,2021-08-08,11:00,Medium,Clear,Wet,5,31.0154,-116.368
5041,Los Angeles,2022-04-01,17:54,Low,Rain,Wet,5,39.1889,-113.9763
5042,Columbus,2022-11-20,07:28,Low,Clear,Dry,5,47.1109,-102.8561
5043,Austin,2023-03-01,08:04,Medium,Rain,Dry,3,29.6899,-112.5811
5044,Dallas,2022-05-19,11:14,Low,Clear,Icy,3,43.179,-116.3658
5045,Jacksonville,2023-09-15,07:36,Medium,Clear,Dry,4,36.3405,-94.4095
5046,Dallas,2021-01-30,12:49,Low,Fog,Icy,5,45.5266,-108.1592
5047,New York,2021-05-26,22:29,Low,Clear,Dry,4,25.643,-98.0849
5048,Houston,2023-12-20,09:53,Low,Rain,Icy,2,35.9434,-71.5029
5049,Philadelphia,2021-08-05,22:51,Low,Clear,Dry,3,34.5169,-119.5399
5050,San Diego,2021-03-30,01:25,High,Snow,Dry,1,25.0372,-86.1699
5051,New York,2021-04-23,05:13,Medium,Rain,Dry,1,37.5161,-102.3478
5052,San Jose,2021-01-07,14:21,High,Clear,Dry,1,27.3054,-74.2007
5053,Los Angeles,2021-10-15,07:07,Low,Snow,Slippery,5,25.9623,-117.0185
5054,New York,2021-03-15,07:53,High,Rain,Dry,4,38.0247,-80.9353
5055,Charlotte,2021-08-18,00:24,Medium,Rain,Dry,1,25.9123,-71.0019
5056,New York,2022-07-31,16:05,High,Fog,Dry,2,37.8488,-83.3284
5057,Los Angeles,2023-01-14,06:24,Low,Hail,Wet,3,36.658,-101.9204
5058,New York,2023-06-06,13:06,High,Clear,Icy,3,30.8233,-106.326
5059,Indianapolis,2023-03-11,10:02,Medium,Cloudy,Dry,1,44.4232,-87.5045
5060,Austin,2021-10-18,21:53,Medium,Clear,Wet,3,39.2068,-71.5131
5061,Chicago,2021-01-05,23:10,High,Rain,Dry,2,30.6375,-102.5104
5062,San Antonio,2022-04-11,06:29,Low,Clear,Slippery,2,28.5336,-113.9623
5063,San Antonio,2023-04-01,06:13,Medium,Clear,Dry,5,34.5524,-99.8838
5064,Columbus,2023-08-05,09:33,Low,Fog,Wet,4,45.9765,-90.0231
5065,Chicago,2021-03-31,21:57,Medium,Clear,Wet,4,34.6006,-76.9179
5066,New York,2023-06-14,07:24,Low,Fog,Wet,4,46.7459,-105.7819
5067,New York,2021-05-24,21:40,Medium,Rain,Under Construction,3,43.9,-91.0416
5068,San Diego,2022-06-11,23:20,High,Fog,Slippery,3,35.7588,-84.7177
5069,Columbus,2021-08-30,09:52,Medium,Clear,Dry,4,36.5457,-91.7353
5070,Houston,2021-12-24,14:54,Low,Cloudy,Icy,4,42.6527,-99.835
5071,Philadelphia,2022-10-19,09:46,Low,Rain,Dry,5,42.7202,-106.9386
5072,San Antonio,2023-05-28,17:21,Medium,Clear,Wet,1,28.5724,-116.7935
5073,Chicago,2022-09-07,08:26,High,Hail,Dry,2,37.7449,-93.2371
5074,Chicago,2022-03-17,07:15,High,Fog,Dry,4,34.5964,-79.929
5075,San Antonio,2021-09-29,18:33,Medium,Clear,Dry,4,40.4294,-106.2302
5076,Indianapolis,2021-11-01,17:50,High,Rain,Dry,2,30.3535,-88.9509
5077,New York,2023-03-24,05:39,Low,Rain,Under Construction,1,46.0272,-76.4143
5078,Dallas,2021-08-24,21:22,Medium,Rain,Icy,2,26.5901,-109.3458
5079,New York,2022-07-14,07:04,Medium,Snow,Slippery,3,25.8982,-81.6593
5080,Houston,2023-02-10,08:38,Medium,Clear,Slippery,5,42.3237,-82.4948
5081,New York,2021-09-05,20:23,Medium,Rain,Icy,1,25.6998,-91.9311
5082,New York,2022-06-27,10:00,Medium,Clear,Icy,4,32.7257,-92.5753
5083,San Antonio,2021-10-27,13:26,Medium,Snow,Wet,4,44.8607,-73.4196
5084,Dallas,2023-03-18,19:26,Medium,Clear,Dry,1,42.1719,-98.1427
5085,Jacksonville,2022-04-14,20:32,High,Rain,Dry,1,31.1211,-71.2081
5086,Chicago,2022-01-16,12:57,Medium,Clear,Dry,3,41.8023,-75.7923
5087,Dallas,2022-07-31,21:32,High,Fog,Slippery,1,34.4997,-106.3759
5088,San Antonio,2021-10-03,17:46,Low,Clear,Dry,5,31.5409,-97.3221
5089,Chicago,2022-05-20,15:37,High,Clear,Wet,5,36.1394,-79.173
5090,Houston,2022-09-18,11:38,Medium,Cloudy,Wet,2,46.2927,-107.0378
5091,Dallas,2022-12-08,17:01,High,Clear,Dry,1,31.9048,-91.2393
5092,Austin,2023-03-30,06:48,Medium,Rain,Icy,3,29.8011,-83.5767
5093,Dallas,2021-03-06,18:28,Medium,Clear,Dry,4,38.6748,-77.8215
5094,Austin,2022-03-17,08:21,High,Fog,Dry,2,40.0501,-83.6119
5095,San Diego,2022-02-05,16:55,High,Clear,Wet,4,44.3814,-96.6506
5096,Chicago,2022-03-23,06:52,Low,Rain,Icy,1,27.8293,-70.0097
5097,New York,2021-08-28,05:22,Low,Clear,Wet,4,28.2676,-106.7128
5098,Chicago,2021-12-28,07:05,Medium,Clear,Wet,5,35.9387,-98.2043
5099,Columbus,2021-05-21,08:43,Low,Cloudy,Wet,5,26.928,-119.0669
5100,Philadelphia,2022-12-18,19:17,Medium,Windy,Dry,2,41.5964,-96.8367
5101,San Diego,2023-05-20,19:12,Low,Clear,Dry,2,25.0045,-90.8278
5102,San Diego,2021-10-17,21:26,Medium,Fog,Wet,2,40.3328,-97.45
5103,Houston,2022-11-08,06:14,Medium,Clear,Wet,4,44.8104,-83.0712
5104,Chicago,2022-12-26,03:24,Medium,Rain,Wet,5,32.2158,-77.5263
5105,Jacksonville,2023-03-22,14:36,Low,Clear,Icy,2,29.7256,-82.1755
5106,San Jose,2021-06-21,06:24,Medium,Clear,Under Construction,2,33.8973,-78.1624
5107,Dallas,2021-07-23,14:25,Medium,Clear,Dry,4,30.7459,-109.9934
5108,Chicago,2023-01-27,18:35,Low,Rain,Dry,3,34.1765,-111.638
5109,Austin,2021-05-07,19:47,Medium,Rain,Dry,3,36.7569,-86.556
5110,Los Angeles,2022-07-09,10:55,Low,Rain,Icy,4,41.976,-97.6184
5111,Chicago,2022-08-19,07:56,Medium,Snow,Icy,3,44.9598,-95.9258
5112,San Jose,2021-07-18,12:12,High,Clear,Icy,2,41.2332,-111.7636
5113,Houston,2022-11-12,13:22,Medium,Clear,Slippery,4,47.9914,-112.2844
5114,Indianapolis,2022-11-21,02:46,Medium,Clear,Dry,3,25.4435,-73.3022
5115,Houston,2021-10-31,12:03,Medium,Clear,Slippery,2,28.1267,-82.3113
5116,New York,2022-06-06,13:55,Medium,Clear,Wet,1,40.5105,-78.4326
5117,Los Angeles,2022-02-05,15:33,High,Clear,Icy,4,26.1519,-121.722
5118,Los Angeles,2021-05-18,15:43,High,Rain,Dry,2,37.2167,-93.3272
5119,San Diego,2022-03-18,18:37,Low,Clear,Dry,5,38.2411,-110.5399
5120,Phoenix,2021-08-05,22:34,Medium,Clear,Dry,1,44.4962,-72.3349
5121,Houston,2023-08-12,18:29,Low,Rain,Under Construction,4,41.3943,-86.4489
5122,Houston,2022-10-17,18:08,Low,Fog,Dry,5,39.1375,-113.2611
5123,Houston,2021-08-08,21:53,Medium,Fog,Dry,4,29.6211,-111.2762
5124,Los Angeles,2023-08-02,20:36,Low,Clear,Under Construction,4,40.5564,-99.8102
5125,Chicago,2022-01-09,19:22,Low,Rain,Wet,1,27.135,-95.0289
5126,Columbus,2021-09-19,10:48,Medium,Clear,Dry,5,27.5234,-113.1856
5127,Philadelphia,2021-07-15,18:16,Low,Clear,Dry,2,31.6085,-109.8178
5128,Los Angeles,2022-11-15,02:12,Low,Rain,Under Construction,4,44.4478,-72.0174
5129,San Diego,2023-06-23,10:19,Low,Rain,Dry,3,37.3935,-116.0252
5130,San Diego,2023-09-28,08:35,Low,Clear,Dry,3,36.7324,-73.1495
5131,Columbus,2023-08-23,09:02,Low,Clear,Dry,1,29.7839,-82.2643
5132,Dallas,2023-02-16,11:34,Medium,Rain,Wet,4,40.8639,-110.6046
5133,Phoenix,2023-10-02,19:18,Medium,Clear,Dry,3,42.1181,-88.6572
5134,Columbus,2023-11-29,19:59,Medium,Clear,Icy,1,34.7505,-81.6202
5135,Indianapolis,2021-10-05,16:46,Medium,Clear,Icy,3,34.7015,-113.836
5136,Phoenix,2021-03-29,20:52,Low,Clear,Wet,2,47.5161,-99.0888
5137,Jacksonville,2023-09-25,13:19,Low,Fog,Under Construction,5,30.7943,-91.5587
5138,New York,2021-09-07,18:48,Low,Fog,Slippery,2,40.4391,-74.4414
5139,Chicago,2021-03-14,16:15,Medium,Clear,Wet,1,46.1487,-96.7473
5140,New York,2021-10-04,19:58,Low,Clear,Dry,3,45.7262,-85.4792
5141,Charlotte,2021-07-17,19:32,Medium,Fog,Dry,5,35.7411,-93.4464
5142,San Antonio,2022-09-16,11:32,Medium,Rain,Slippery,4,41.1131,-97.1913
5143,New York,2021-07-22,10:38,High,Rain,Dry,1,39.888,-90.169
5144,Charlotte,2023-02-09,16:58,Medium,Rain,Wet,3,27.218,-93.9767
5145,Phoenix,2022-02-23,22:48,Medium,Clear,Wet,4,37.466,-87.6654
5146,New York,2023-12-12,10:01,Low,Clear,Icy,1,39.754,-70.206
5147,New York,2022-10-11,21:16,Low,Clear,Wet,4,33.6001,-117.0502
5148,Jacksonville,2022-04-02,08:11,Low,Clear,Dry,2,41.3759,-89.217
5149,Indianapolis,2023-05-06,20:04,Medium,Fog,Slippery,5,28.7855,-84.638
5150,Chicago,2023-09-06,04:49,Medium,Clear,Dry,1,28.3,-82.9454
5151,Los Angeles,2023-07-08,12:24,High,Cloudy,Dry,3,39.5135,-100.9906
5152,Los Angeles,2021-05-20,23:46,High,Clear,Dry,5,39.4194,-86.4343
5153,San Diego,2022-09-15,15:53,High,Fog,Dry,1,29.0998,-70.7914
5154,Chicago,2021-04-14,02:49,High,Clear,Under Construction,1,44.9559,-107.4573
5155,Dallas,2023-07-13,02:25,Low,Clear,Dry,2,30.0078,-111.363
5156,Columbus,2021-11-02,10:18,Medium,Snow,Wet,4,45.0358,-101.5365
5157,Columbus,2021-06-03,18:50,Medium,Cloudy,Icy,3,41.7343,-71.9854
5158,New York,2021-12-30,06:52,Low,Cloudy,Wet,2,26.8609,-104.2861
5159,Chicago,2021-06-27,21:49,Low,Cloudy,Wet,4,30.4267,-110.3046
5160,Jacksonville,2022-07-15,17:42,High,Rain,Icy,5,45.7077,-85.647
5161,Houston,2022-10-16,06:25,Medium,Clear,Dry,4,32.2775,-86.1138
5162,Los Angeles,2023-06-07,18:27,Medium,Snow,Dry,3,41.0148,-98.6751
5163,New York,2021-07-17,17:29,Low,Rain,Under Construction,5,43.1178,-96.382
5164,San Jose,2023-09-07,00:55,Medium,Clear,Dry,4,38.2807,-99.9575
5165,Chicago,2021-11-26,18:19,Medium,Windy,Dry,2,25.0018,-71.5936
5166,Phoenix,2022-03-26,16:31,Medium,Clear,Icy,3,34.7436,-72.5235
5167,San Diego,2022-09-22,18:05,High,Clear,Wet,3,38.8242,-95.4175
5168,Dallas,2022-07-11,16:12,Low,Fog,Dry,4,37.7169,-73.5631
5169,Dallas,2023-10-24,13:41,Medium,Clear,Under Construction,4,37.2198,-81.1212
5170,Dallas,2022-08-11,11:45,Low,Clear,Dry,2,30.9952,-72.4275
5171,Phoenix,2022-08-13,08:58,Low,Clear,Dry,4,33.5248,-108.5484
5172,Chicago,2021-10-10,07:25,Low,Fog,Wet,1,38.1559,-78.4084
5173,San Diego,2022-10-08,11:47,Medium,Clear,Icy,2,40.1684,-99.9547
5174,Los Angeles,2021-12-30,07:42,Medium,Clear,Under Construction,2,43.5257,-71.7273
5175,New York,2021-05-02,13:04,Low,Clear,Icy,5,40.5705,-99.7141
5176,San Antonio,2021-08-20,16:41,Medium,Snow,Wet,5,30.6261,-76.5846
5177,San Jose,2022-04-04,18:39,Low,Clear,Dry,4,43.8355,-93.1964
5178,Houston,2022-03-07,15:50,Medium,Rain,Dry,1,47.0706,-111.0595
5179,Charlotte,2023-06-08,22:06,Low,Clear,Dry,3,25.8543,-79.97
5180,Los Angeles,2022-04-28,13:31,Medium,Clear,Wet,5,25.5765,-73.0163
5181,Houston,2022-06-08,21:38,Medium,Cloudy,Slippery,2,38.6679,-78.4384
5182,Houston,2022-12-20,05:25,High,Clear,Wet,4,29.2573,-117.4148
5183,Houston,2021-04-26,13:28,High,Snow,Wet,4,47.122,-87.1242
5184,New York,2022-04-14,17:30,High,Windy,Dry,5,35.0705,-74.8163
5185,Columbus,2023-10-24,22:36,Low,Clear,Dry,4,31.4545,-87.2311
5186,Chicago,2021-11-20,22:08,Low,Clear,Dry,5,40.9372,-96.0989
5187,Philadelphia,2023-03-09,11:33,Medium,Clear,Wet,4,42.3487,-117.7848
5188,Houston,2021-10-17,15:01,High,Hail,Dry,4,34.268,-111.3975
5189,Austin,2022-12-15,13:09,Medium,Rain,Dry,4,28.217,-73.7051
5190,San Diego,2022-09-05,19:32,Medium,Rain,Slippery,1,25.6214,-89.6604
5191,Dallas,2023-11-13,12:57,Medium,Clear,Wet,3,39.8321,-76.4219
5192,Chicago,2022-10-04,17:59,High,Rain,Dry,4,42.1957,-104.0735
5193,Jacksonville,2023-09-26,11:14,High,Clear,Under Construction,3,39.2283,-101.6289
5194,Charlotte,2021-05-06,13:46,Medium,Clear,Dry,2,28.2519,-99.6774
5195,San Jose,2023-02-15,18:05,Low,Clear,Slippery,1,28.3985,-121.4224
5196,New York,2023-08-01,18:47,High,Snow,Icy,5,35.8185,-75.5715
5197,Jacksonville,2023-06-14,17:15,Medium,Cloudy,Dry,3,30.5274,-93.1874
5198,Phoenix,2021-01-21,06:27,High,Clear,Under Construction,1,36.4531,-76.6376
5199,Jacksonville,2021-04-22,02:39,High,Rain,Under Construction,3,37.1841,-73.7787
5200,San Diego,2022-03-25,20:57,High,Snow,Dry,3,46.7087,-104.3866
5201,Chicago,2022-03-11,07:06,High,Windy,Dry,1,29.3593,-80.3118
5202,Houston,2023-02-05,17:58,Medium,Clear,Slippery,2,37.6875,-105.5248
5203,Phoenix,2022-11-01,16:02,Low,Rain,Icy,5,33.4947,-118.6114
5204,Houston,2023-06-03,19:13,Low,Fog,Icy,5,44.5867,-106.854
5205,Houston,2023-10-27,17:04,Low,Clear,Dry,5,30.2716,-94.4209
5206,Philadelphia,2021-05-22,09:08,High,Snow,Wet,5,45.4423,-101.3808
5207,New York,2023-11-01,15:15,Medium,Rain,Dry,2,26.7185,-103.323
5208,Philadelphia,2022-10-19,12:03,Low,Clear,Dry,4,26.2276,-85.5119
5209,Philadelphia,2022-12-26,18:33,Low,Rain,Wet,5,47.3853,-107.8383
5210,Philadelphia,2021-02-01,16:15,High,Clear,Under Construction,4,26.5958,-81.92
5211,Dallas,2023-10-21,17:03,Low,Rain,Dry,4,25.8495,-101.2462
5212,San Jose,2021-11-10,08:54,Medium,Snow,Dry,1,38.4415,-70.0379
5213,New York,2022-07-12,16:55,Low,Clear,Icy,2,46.0904,-119.263
5214,Chicago,2023-03-20,16:55,High,Snow,Icy,1,47.6438,-89.8861
5215,Chicago,2023-11-14,20:41,Medium,Clear,Wet,5,29.8935,-80.1698
5216,San Antonio,2022-05-25,15:59,Medium,Clear,Dry,5,44.3966,-119.8333
5217,New York,2022-01-26,10:09,Medium,Fog,Wet,4,43.5846,-121.0495
5218,Houston,2021-09-13,02:29,Medium,Rain,Slippery,3,29.3077,-86.87
5219,New York,2022-04-12,07:06,Medium,Clear,Dry,4,42.524,-115.0498
5220,Charlotte,2023-09-21,13:40,Low,Clear,Slippery,2,25.171,-74.8754
5221,Chicago,2022-05-14,06:16,Low,Rain,Slippery,1,29.7676,-101.9344
5222,Phoenix,2022-02-06,18:11,Low,Clear,Dry,3,34.2785,-75.2582
5223,New York,2023-03-16,12:34,Medium,Clear,Wet,1,26.1413,-103.264
5224,San Jose,2022-12-18,21:44,Medium,Clear,Icy,1,45.9959,-77.6315
5225,Indianapolis,2022-07-07,08:34,Medium,Hail,Dry,1,37.8758,-119.4352
5226,Dallas,2023-09-12,13:58,Low,Cloudy,Slippery,3,45.238,-71.0467
5227,Jacksonville,2021-08-23,11:48,High,Snow,Under Construction,3,34.8368,-117.1818
5228,New York,2022-11-30,09:29,Low,Snow,Slippery,4,44.3985,-74.6436
5229,Chicago,2023-03-12,12:35,High,Clear,Dry,4,30.0561,-73.5796
5230,San Antonio,2023-10-14,12:23,High,Rain,Dry,2,31.3372,-74.0168
5231,Philadelphia,2021-09-29,08:51,High,Clear,Dry,3,36.7386,-105.8943
5232,New York,2021-08-09,14:25,Low,Clear,Wet,4,30.0122,-104.5721
5233,Los Angeles,2021-05-03,17:48,Low,Clear,Wet,1,40.5838,-111.7573
5234,Charlotte,2023-06-02,06:06,High,Clear,Wet,4,29.3162,-106.0507
5235,Los Angeles,2022-01-28,12:47,Medium,Cloudy,Wet,4,42.5641,-118.0406
5236,Los Angeles,2023-04-15,15:56,Medium,Clear,Slippery,3,40.2151,-115.7538
5237,Phoenix,2022-10-06,17:43,Low,Clear,Dry,1,44.9009,-111.8441
5238,Houston,2023-09-04,07:40,Medium,Clear,Dry,4,38.5647,-79.8794
5239,Columbus,2021-04-24,12:32,Medium,Clear,Dry,1,36.6389,-90.9393
5240,San Antonio,2022-06-18,11:04,High,Clear,Dry,2,36.8191,-99.5365
5241,New York,2022-09-30,15:00,Medium,Fog,Wet,1,45.4873,-88.1956
5242,New York,2023-02-19,09:58,Low,Clear,Dry,3,44.3924,-120.9563
5243,Los Angeles,2023-01-07,12:06,High,Clear,Wet,3,47.8558,-103.7634
5244,Houston,2023-08-29,08:30,High,Clear,Wet,1,29.637,-118.2715
5245,San Antonio,2023-10-04,14:00,Medium,Rain,Dry,1,40.1107,-106.4472
5246,Chicago,2022-12-08,06:37,Low,Snow,Wet,3,37.241,-112.1499
5247,Philadelphia,2023-09-24,20:24,High,Rain,Wet,4,41.7089,-78.065
5248,Los Angeles,2023-11-26,04:16,Medium,Cloudy,Dry,5,32.1515,-114.7241
5249,San Diego,2023-08-18,18:12,Low,Rain,Dry,1,43.1158,-84.3799
5250,New York,2023-02-28,09:21,Low,Clear,Wet,3,33.2252,-84.3664
5251,Phoenix,2021-04-08,14:53,Low,Clear,Dry,4,30.5007,-70.2763
5252,San Jose,2023-07-25,07:13,Low,Clear,Slippery,1,31.0196,-111.2079
5253,San Antonio,2023-03-02,20:21,Low,Clear,Dry,2,28.779,-82.6037
5254,New York,2023-01-20,09:13,Medium,Fog,Slippery,5,35.7695,-112.1286
5255,Los Angeles,2022-09-18,19:06,Medium,Snow,Wet,3,28.3365,-118.9197
5256,New York,2023-02-17,19:45,Medium,Fog,Dry,3,45.2972,-85.5658
5257,Los Angeles,2021-07-03,09:44,High,Clear,Dry,1,38.9842,-77.5597
5258,Chicago,2022-02-14,12:26,Low,Rain,Icy,3,46.2568,-75.9686
5259,Houston,2021-12-21,12:02,Medium,Rain,Wet,2,29.3548,-108.4929
5260,Charlotte,2023-01-08,20:38,Low,Rain,Dry,5,31.9141,-76.4476
5261,San Diego,2021-12-09,07:04,Low,Rain,Dry,3,39.3214,-98.1621
5262,Los Angeles,2023-03-27,11:06,High,Snow,Wet,5,40.4394,-70.2475
5263,Phoenix,2022-02-18,14:27,Medium,Fog,Dry,1,41.9095,-117.9296
5264,Los Angeles,2021-09-19,16:15,Medium,Rain,Wet,3,43.0786,-88.6677
5265,Los Angeles,2022-06-21,07:19,Medium,Snow,Dry,3,42.354,-98.3884
5266,Los Angeles,2023-11-04,14:40,Medium,Rain,Dry,2,33.3264,-102.6743
5267,Jacksonville,2022-08-10,08:39,High,Rain,Slippery,3,28.9762,-118.6686
5268,Indianapolis,2021-05-10,13:43,Medium,Clear,Icy,4,46.9157,-84.3646
5269,Phoenix,2021-11-07,22:16,High,Rain,Dry,1,25.3953,-119.5859
5270,Austin,2021-06-07,03:13,Low,Cloudy,Wet,2,38.3889,-72.0188
5271,Austin,2021-08-07,07:55,Medium,Clear,Dry,5,33.1671,-108.5131
5272,Los Angeles,2022-06-21,22:59,High,Rain,Dry,2,27.6172,-108.2677
5273,Chicago,2022-02-20,21:06,Low,Clear,Icy,4,36.2355,-77.1826
5274,New York,2023-10-09,15:51,High,Clear,Dry,3,42.5158,-116.7782
5275,Los Angeles,2022-01-01,12:19,High,Fog,Dry,3,33.1726,-108.0267
5276,Chicago,2021-03-25,08:45,Medium,Fog,Dry,3,35.2219,-92.4862
5277,Philadelphia,2022-05-22,07:45,Low,Clear,Dry,5,41.7803,-99.2739
5278,Columbus,2021-11-28,16:00,High,Clear,Dry,5,30.3526,-89.6282
5279,Indianapolis,2023-12-30,12:38,Medium,Clear,Dry,5,35.0424,-73.2244
5280,Philadelphia,2023-03-14,15:38,Medium,Hail,Under Construction,1,45.3991,-89.3615
5281,Charlotte,2022-08-18,15:52,Medium,Clear,Dry,1,38.7684,-87.5687
5282,Chicago,2021-03-15,07:05,Low,Snow,Dry,4,45.8387,-75.2703
5283,Los Angeles,2023-07-17,08:13,High,Clear,Wet,5,38.9043,-100.7632
5284,Columbus,2023-06-09,14:51,Medium,Snow,Icy,3,29.8882,-117.3775
5285,Dallas,2021-11-27,21:03,Medium,Clear,Icy,1,32.008,-89.9809
5286,Charlotte,2023-08-04,08:39,Medium,Rain,Dry,2,26.798,-104.3245
5287,New York,2023-06-18,13:42,Low,Clear,Wet,2,35.6018,-92.1899
5288,Philadelphia,2021-03-26,15:40,Medium,Clear,Dry,4,38.9818,-70.5898
5289,Columbus,2023-12-04,10:16,Low,Clear,Dry,3,28.8426,-116.7261
5290,Philadelphia,2022-12-09,18:59,Low,Clear,Under Construction,1,42.4017,-75.4402
5291,Los Angeles,2021-08-09,15:43,Medium,Snow,Wet,5,38.4492,-105.5178
5292,New York,2022-09-11,18:18,Medium,Rain,Dry,1,41.1928,-86.926
5293,Los Angeles,2023-09-09,16:45,Medium,Clear,Dry,4,30.8571,-75.7714
5294,Houston,2021-12-18,19:19,Low,Clear,Dry,5,42.0154,-112.7281
5295,Dallas,2022-11-29,08:59,Low,Clear,Dry,5,46.9502,-98.4154
5296,Los Angeles,2022-07-21,07:43,Medium,Fog,Wet,4,37.1422,-104.4541
5297,Charlotte,2022-01-16,13:52,Medium,Snow,Dry,1,37.6059,-93.4558
5298,Indianapolis,2021-12-05,07:50,Low,Clear,Dry,2,42.9249,-94.0814
5299,San Antonio,2023-09-27,00:00,High,Rain,Dry,4,40.5038,-103.3867
5300,Chicago,2021-07-27,19:43,Low,Rain,Wet,2,27.6979,-119.1465
5301,Phoenix,2022-12-19,20:15,Medium,Rain,Dry,2,35.7574,-97.1129
5302,San Jose,2022-12-09,15:11,Low,Clear,Dry,1,32.4366,-109.5134
5303,Jacksonville,2021-02-20,00:59,Low,Clear,Slippery,4,31.247,-82.2983
5304,Los Angeles,2021-05-18,08:57,High,Clear,Wet,5,30.2165,-106.8846
5305,San Diego,2022-09-09,07:26,Low,Clear,Slippery,1,38.6392,-78.6482
5306,Indianapolis,2021-03-02,23:41,High,Rain,Dry,1,33.183,-102.189
5307,Dallas,2022-12-03,08:52,Medium,Clear,Dry,4,45.2784,-85.296
5308,Chicago,2022-11-05,06:59,Low,Rain,Wet,2,28.2017,-105.0931
5309,San Diego,2022-03-20,19:32,Medium,Snow,Wet,5,38.0669,-84.9743
5310,Houston,2023-04-13,11:28,Medium,Windy,Dry,2,27.7436,-90.4139
5311,Chicago,2021-01-01,23:24,High,Clear,Dry,1,32.4397,-119.8727
5312,Phoenix,2022-09-24,09:29,Low,Cloudy,Slippery,1,27.4622,-111.7651
5313,San Diego,2023-10-16,16:12,Medium,Clear,Slippery,3,27.8835,-72.6757
5314,Houston,2023-03-24,08:59,Low,Rain,Dry,1,29.3124,-76.566
5315,Los Angeles,2022-06-20,17:18,Medium,Rain,Slippery,4,39.0576,-99.458
5316,Jacksonville,2022-09-19,12:40,Low,Rain,Dry,2,25.1096,-81.0269
5317,Phoenix,2022-04-22,08:08,Medium,Fog,Slippery,5,46.8316,-79.7873
5318,Charlotte,2023-07-16,00:41,Medium,Rain,Wet,4,26.6218,-77.4503
5319,Philadelphia,2022-08-03,16:54,Low,Fog,Dry,1,47.4175,-83.5711
5320,Charlotte,2022-03-04,15:37,High,Clear,Dry,4,36.855,-112.4359
5321,Philadelphia,2021-11-19,22:29,Medium,Clear,Icy,1,38.009,-102.2211
5322,San Antonio,2021-05-24,17:23,Medium,Clear,Wet,4,37.14,-119.6094
5323,New York,2023-10-31,11:56,Medium,Clear,Icy,2,31.5689,-83.0811
5324,Dallas,2023-09-16,18:52,Medium,Clear,Dry,2,35.7813,-120.7251
5325,Phoenix,2021-10-12,21:55,High,Clear,Wet,3,41.1513,-79.3176
5326,Indianapolis,2021-10-13,16:09,Low,Clear,Dry,2,30.578,-83.7293
5327,Philadelphia,2021-11-04,08:36,Medium,Clear,Wet,2,39.4089,-70.4222
5328,Charlotte,2023-10-16,18:30,Low,Snow,Dry,2,35.0971,-70.4541
5329,Austin,2023-03-10,23:34,Low,Clear,Wet,3,29.1939,-91.1559
5330,Jacksonville,2023-02-24,19:48,Medium,Clear,Dry,3,43.3137,-102.4063
5331,Columbus,2023-07-31,09:01,Low,Clear,Wet,3,40.5466,-71.3728
5332,San Antonio,2022-09-04,19:39,Medium,Fog,Dry,2,44.3882,-95.2755
5333,New York,2021-05-09,08:48,Low,Cloudy,Dry,1,47.9926,-75.2817
5334,Dallas,2021-08-26,18:04,Medium,Rain,Dry,2,25.4863,-104.4444
5335,Indianapolis,2021-01-03,23:48,Medium,Clear,Slippery,3,30.4981,-76.5872
5336,San Antonio,2023-06-23,06:53,Medium,Cloudy,Under Construction,2,41.2417,-107.3896
5337,Austin,2022-06-25,18:07,Medium,Rain,Wet,4,43.6049,-107.8036
5338,San Jose,2021-04-30,14:33,High,Clear,Slippery,4,30.3508,-109.4926
5339,Indianapolis,2021-08-01,08:00,Medium,Rain,Wet,1,25.8662,-97.2568
5340,Dallas,2021-11-22,07:54,Medium,Clear,Dry,3,46.4157,-80.604
5341,Austin,2022-03-07,14:05,Low,Rain,Dry,1,34.4615,-81.0566
5342,Austin,2022-07-24,18:26,Low,Rain,Icy,2,40.7464,-89.7719
5343,Los Angeles,2021-07-25,18:56,Medium,Clear,Dry,3,40.7583,-78.369
5344,New York,2023-01-23,14:58,High,Clear,Dry,2,29.4004,-83.2317
5345,San Jose,2022-05-27,20:40,High,Rain,Wet,1,27.2396,-107.9245
5346,New York,2021-04-09,14:54,Low,Clear,Icy,4,36.3891,-102.1076
5347,Houston,2021-04-11,07:06,Medium,Rain,Slippery,5,37.7879,-76.7173
5348,Houston,2023-11-16,18:50,Low,Clear,Wet,5,30.2796,-96.0703
5349,Indianapolis,2023-06-28,18:22,Low,Snow,Wet,3,35.9094,-70.4485
5350,Los Angeles,2021-03-04,07:33,Low,Clear,Dry,3,44.2874,-113.0196
5351,Dallas,2021-07-09,19:19,Low,Fog,Dry,5,35.6822,-89.4072
5352,Philadelphia,2022-08-31,07:20,Low,Rain,Icy,1,42.4968,-73.651
5353,Dallas,2023-07-14,12:46,Low,Clear,Dry,3,27.3918,-103.0704
5354,Los Angeles,2021-06-27,08:02,Medium,Clear,Dry,4,25.0956,-85.4523
5355,Houston,2021-08-06,12:46,Medium,Snow,Dry,5,40.5112,-114.9548
5356,Phoenix,2021-03-05,21:33,Medium,Fog,Slippery,1,36.7734,-94.2032
5357,San Jose,2023-03-17,16:14,Low,Clear,Dry,4,28.2702,-73.9568
5358,New York,2023-10-18,18:10,Low,Rain,Slippery,4,28.5125,-85.2274
5359,Indianapolis,2021-06-02,12:42,Medium,Cloudy,Under Construction,4,41.919,-113.8063
5360,New York,2022-02-01,05:39,Medium,Rain,Dry,5,46.1985,-109.3752
5361,Philadelphia,2023-06-16,07:44,Low,Rain,Dry,3,36.8127,-108.9901
5362,Phoenix,2021-04-15,19:19,Medium,Cloudy,Wet,1,44.0201,-80.1905
5363,Chicago,2023-05-04,10:22,High,Clear,Wet,3,34.086,-100.1812
5364,Austin,2021-07-14,11:49,Low,Clear,Dry,1,46.5555,-121.0667
5365,Dallas,2023-12-06,17:01,Medium,Fog,Dry,3,38.1026,-96.4923
5366,Houston,2022-01-16,19:56,Low,Snow,Dry,4,34.6837,-103.8292
5367,Austin,2022-05-02,08:55,Medium,Rain,Dry,1,44.331,-100.2749
5368,San Diego,2023-10-30,12:48,Medium,Fog,Dry,1,43.8399,-111.384
5369,Columbus,2021-10-25,07:38,High,Rain,Dry,1,40.8916,-121.826
5370,Philadelphia,2022-05-08,08:37,High,Clear,Dry,1,26.0911,-96.5206
5371,Jacksonville,2023-05-11,11:19,High,Rain,Wet,1,27.4388,-106.19
5372,New York,2022-11-26,12:47,High,Rain,Dry,5,26.0682,-105.1049
5373,Houston,2021-04-26,07:58,Medium,Clear,Dry,4,38.9066,-118.464
5374,San Jose,2021-08-17,14:12,Medium,Clear,Icy,2,33.749,-100.7544
5375,Los Angeles,2023-04-30,06:44,High,Rain,Dry,1,35.4746,-85.1129
5376,Dallas,2022-10-14,08:26,Medium,Fog,Slippery,2,40.8455,-89.6153
5377,Philadelphia,2023-01-03,20:45,Medium,Cloudy,Wet,1,40.4471,-108.2313
5378,Los Angeles,2021-10-11,09:53,Medium,Snow,Dry,1,43.2296,-80.1588
5379,New York,2023-08-26,11:21,Medium,Clear,Icy,5,26.848,-83.3744
5380,Chicago,2023-12-28,17:58,Medium,Rain,Dry,1,27.3327,-75.8684
5381,Phoenix,2021-08-20,21:12,Low,Cloudy,Icy,1,31.8725,-113.2515
5382,San Antonio,2021-07-27,09:53,Medium,Rain,Dry,5,47.6525,-83.1484
5383,New York,2021-06-03,21:19,Low,Clear,Wet,2,43.2946,-78.2844
5384,Los Angeles,2022-01-14,08:42,High,Clear,Wet,5,25.2647,-106.0979
5385,Phoenix,2022-08-31,10:41,High,Clear,Icy,1,47.4603,-73.0343
5386,Chicago,2021-03-28,20:38,High,Clear,Dry,4,35.5914,-84.6665
5387,Phoenix,2022-01-21,05:57,High,Rain,Dry,5,39.0492,-73.7629
5388,Charlotte,2023-10-23,19:52,Low,Clear,Dry,1,38.724,-102.6443
5389,Dallas,2021-07-09,18:13,Low,Fog,Dry,4,40.9417,-115.0843
5390,San Antonio,2021-04-27,23:46,Low,Rain,Dry,5,47.4007,-104.1416
5391,San Jose,2021-02-17,02:03,Low,Clear,Dry,4,40.6381,-119.8543
5392,Los Angeles,2023-02-06,18:57,Low,Clear,Slippery,2,25.5001,-116.0921
5393,Austin,2022-10-16,14:11,Medium,Rain,Dry,2,35.5681,-115.8885
5394,Houston,2022-04-10,17:45,Medium,Hail,Wet,2,25.1106,-78.6608
5395,Phoenix,2021-11-09,20:17,Medium,Snow,Dry,4,45.4969,-96.9554
5396,San Antonio,2023-01-19,12:30,Low,Clear,Slippery,3,29.7036,-112.3157
5397,Phoenix,2021-08-28,22:18,Low,Rain,Wet,5,47.3686,-84.1356
5398,Jacksonville,2023-09-24,12:30,High,Clear,Dry,3,40.5652,-99.1726
5399,Chicago,2023-02-01,12:19,Medium,Rain,Dry,4,38.0599,-108.201
5400,San Diego,2021-09-18,19:39,High,Clear,Dry,2,40.3416,-96.4922
5401,Philadelphia,2022-03-02,11:05,Medium,Clear,Dry,1,31.296,-92.8909
5402,Chicago,2023-09-07,17:28,High,Fog,Wet,1,46.9424,-70.1217
5403,Houston,2022-01-31,05:34,Medium,Windy,Icy,4,36.1884,-92.4367
5404,Houston,2023-05-07,22:55,Medium,Fog,Wet,4,40.3552,-81.2973
5405,Dallas,2021-12-24,22:21,Low,Snow,Dry,5,47.2618,-101.0211
5406,Los Angeles,2021-10-23,19:25,Medium,Clear,Wet,4,44.7238,-81.8613
5407,New York,2022-12-10,08:08,High,Rain,Dry,5,27.8832,-89.9807
5408,Dallas,2023-09-19,16:34,Medium,Rain,Dry,1,46.1767,-108.8198
5409,San Jose,2023-04-20,19:50,Medium,Fog,Wet,5,30.4493,-100.4313
5410,Austin,2021-03-17,06:57,Low,Rain,Dry,4,32.0896,-83.6258
5411,Chicago,2022-06-23,23:57,Low,Rain,Wet,3,41.52,-92.8158
5412,Chicago,2022-02-05,21:07,Low,Clear,Icy,2,43.3566,-97.9175
5413,New York,2021-09-12,06:41,Low,Clear,Wet,5,36.9333,-120.3425
5414,Chicago,2023-12-29,09:43,High,Clear,Wet,2,31.6726,-88.4499
5415,Columbus,2021-11-03,15:14,Low,Clear,Wet,1,37.6453,-79.1879
5416,Austin,2022-05-09,12:37,High,Rain,Dry,5,36.7982,-121.4835
5417,Austin,2022-07-11,12:33,Medium,Clear,Under Construction,4,45.5287,-95.4553
5418,New York,2022-11-17,12:30,Medium,Rain,Wet,3,46.0396,-101.5966
5419,Philadelphia,2023-12-12,09:36,Medium,Clear,Dry,4,46.3899,-120.539
5420,Indianapolis,2022-09-01,13:12,High,Clear,Icy,3,34.3261,-70.7918
5421,Philadelphia,2023-10-26,20:59,Medium,Clear,Dry,3,33.9433,-72.1401
5422,Phoenix,2022-05-12,06:46,Low,Clear,Slippery,5,46.7775,-98.1563
5423,New York,2022-05-19,17:52,Medium,Rain,Dry,1,29.1784,-82.9015
5424,San Diego,2022-11-30,17:08,Medium,Clear,Dry,3,25.7371,-106.8859
5425,Chicago,2021-08-10,18:42,High,Rain,Dry,5,44.7711,-98.4948
5426,New York,2023-09-03,11:39,Low,Clear,Under Construction,4,25.6114,-109.4201
5427,Los Angeles,2023-08-09,14:18,Medium,Hail,Slippery,3,34.7109,-70.1799
5428,Austin,2022-03-25,06:03,High,Clear,Under Construction,5,46.4289,-79.982
5429,Houston,2022-06-12,09:45,High,Clear,Wet,5,32.8856,-112.9508
5430,San Jose,2023-05-16,20:17,Medium,Rain,Wet,2,31.243,-117.1549
5431,New York,2021-10-06,17:56,Low,Windy,Slippery,5,39.1092,-111.8366
5432,Phoenix,2021-12-11,17:01,Low,Clear,Slippery,3,35.7495,-87.525
5433,Phoenix,2023-07-12,21:29,Medium,Rain,Under Construction,2,44.3579,-106.3933
5434,Charlotte,2022-12-05,10:52,Low,Rain,Dry,1,30.3028,-116.2709
5435,Phoenix,2023-05-01,19:53,Low,Clear,Dry,4,43.4995,-105.5008
5436,Charlotte,2023-05-30,20:36,High,Rain,Dry,2,41.3011,-80.0123
5437,Philadelphia,2021-01-30,08:22,Low,Fog,Dry,2,40.669,-85.8571
5438,Los Angeles,2023-08-28,11:53,Medium,Rain,Dry,2,27.5402,-121.6518
5439,Austin,2022-04-27,15:28,High,Rain,Icy,1,36.2381,-99.3956
5440,San Jose,2023-04-29,21:57,Medium,Rain,Dry,4,39.9191,-79.135
5441,San Diego,2021-01-06,18:43,Medium,Clear,Wet,3,30.0745,-87.5713
5442,Los Angeles,2022-05-06,11:09,Low,Clear,Dry,1,44.827,-76.1011
5443,New York,2023-11-08,13:43,Low,Rain,Dry,2,47.7273,-103.3349
5444,Philadelphia,2021-09-26,18:02,Low,Fog,Dry,1,37.1702,-94.5264
5445,Jacksonville,2022-08-20,12:04,Low,Snow,Slippery,3,35.8138,-94.0999
5446,Chicago,2022-06-24,19:52,Medium,Fog,Icy,4,29.4034,-119.713
5447,Dallas,2023-03-15,12:03,Medium,Rain,Wet,4,41.4903,-81.5002
5448,Los Angeles,2022-01-10,13:58,Medium,Clear,Under Construction,1,28.5358,-106.1206
5449,Indianapolis,2022-11-28,01:52,Low,Fog,Icy,1,46.463,-85.8602
5450,Los Angeles,2022-12-17,07:58,Low,Hail,Dry,3,42.8923,-88.9431
5451,Chicago,2022-10-05,12:19,Medium,Rain,Icy,3,34.4699,-77.4403
5452,Phoenix,2021-09-03,09:45,Low,Clear,Slippery,1,44.2485,-116.2935
5453,Phoenix,2023-06-28,09:28,Medium,Clear,Icy,2,36.6757,-112.7288
5454,Dallas,2022-01-05,07:54,Medium,Rain,Dry,4,34.8325,-81.9285
5455,Columbus,2021-12-03,17:09,Low,Clear,Dry,1,32.8732,-115.8324
5456,Philadelphia,2023-10-09,12:29,Medium,Snow,Dry,1,25.822,-75.8663
5457,Phoenix,2021-06-26,20:07,Low,Rain,Dry,5,42.2996,-89.5962
5458,San Diego,2022-02-27,22:32,Low,Clear,Dry,5,39.7694,-101.7766
5459,Indianapolis,2022-04-07,06:20,Low,Clear,Wet,1,36.5776,-102.7321
5460,Charlotte,2022-11-25,13:06,Low,Rain,Icy,5,28.1237,-111.9858
5461,Los Angeles,2021-04-22,17:34,Low,Rain,Wet,1,27.4243,-111.7019
5462,Dallas,2021-06-29,09:23,High,Clear,Dry,3,29.0702,-110.2599
5463,Houston,2023-04-06,18:20,Low,Snow,Under Construction,4,30.7409,-78.2696
5464,New York,2023-09-25,17:04,Low,Clear,Dry,5,36.187,-112.4402
5465,Philadelphia,2022-04-23,06:02,High,Clear,Wet,4,32.2117,-77.8356
5466,Chicago,2021-01-01,12:01,Medium,Rain,Dry,5,47.3017,-102.0204
5467,Jacksonville,2021-07-25,06:47,Low,Rain,Slippery,1,47.7011,-105.713
5468,Philadelphia,2023-06-02,10:23,Low,Rain,Dry,2,40.8946,-111.6921
5469,Phoenix,2022-06-21,15:08,Medium,Windy,Dry,4,27.7618,-97.307
5470,Los Angeles,2023-03-20,15:13,Low,Clear,Wet,4,46.5347,-87.2898
5471,Austin,2021-12-14,07:26,Medium,Cloudy,Wet,2,32.7816,-104.1574
5472,Austin,2022-05-08,05:12,Low,Clear,Wet,5,42.8732,-102.8516
5473,San Antonio,2022-05-19,09:18,Medium,Snow,Wet,3,44.3847,-106.9064
5474,San Antonio,2022-05-07,21:57,Medium,Clear,Wet,2,46.523,-78.0255
5475,Los Angeles,2023-06-26,14:13,Medium,Snow,Wet,2,28.1668,-72.2196
5476,Chicago,2021-06-11,21:05,Medium,Cloudy,Dry,1,27.7417,-110.2528
5477,Phoenix,2021-03-31,07:58,Low,Clear,Dry,4,42.4077,-108.391
5478,Phoenix,2023-08-29,16:04,Medium,Clear,Icy,1,42.2883,-76.4233
5479,Jacksonville,2021-07-04,08:03,Medium,Clear,Dry,5,38.5417,-108.7262
5480,Austin,2021-01-17,06:46,Low,Fog,Wet,2,27.5057,-87.6539
5481,San Jose,2021-06-09,15:29,High,Clear,Dry,4,41.3456,-72.5702
5482,Dallas,2022-10-23,11:33,Medium,Cloudy,Dry,5,45.4582,-102.5882
5483,Charlotte,2022-02-06,08:25,Medium,Clear,Dry,1,46.4009,-89.2643
5484,Dallas,2021-08-02,10:29,Medium,Rain,Wet,5,42.3392,-76.9832
5485,Columbus,2022-04-05,08:33,High,Clear,Dry,5,35.8124,-88.9771
5486,New York,2023-02-15,14:04,Medium,Rain,Wet,4,41.7821,-92.1486
5487,Jacksonville,2021-11-20,18:29,Medium,Rain,Wet,4,41.0087,-102.4049
5488,Chicago,2023-07-23,21:50,Medium,Clear,Icy,4,35.1733,-72.4181
5489,Los Angeles,2023-08-09,13:30,Medium,Snow,Wet,1,45.7563,-105.4586
5490,San Diego,2023-04-23,14:12,Low,Rain,Icy,2,38.0164,-107.4896
5491,San Diego,2022-08-02,17:59,Low,Rain,Wet,3,35.3223,-98.7686
5492,New York,2023-01-24,09:25,Medium,Clear,Dry,4,47.8848,-73.1796
5493,New York,2021-10-05,05:13,Low,Fog,Wet,5,28.8514,-89.3122
5494,Indianapolis,2023-12-12,20:10,Medium,Cloudy,Wet,3,32.6744,-82.9045
5495,Los Angeles,2023-10-21,12:48,Medium,Rain,Dry,1,35.0887,-83.9402
5496,San Antonio,2021-05-21,19:43,Medium,Clear,Dry,1,32.9533,-107.3341
5497,Philadelphia,2022-09-20,10:05,Medium,Cloudy,Dry,5,47.3462,-107.166
5498,Dallas,2023-03-25,13:07,Medium,Clear,Wet,3,44.0607,-102.3892
5499,Jacksonville,2022-06-09,08:23,High,Snow,Under Construction,3,27.4005,-73.4589
5500,Los Angeles,2023-03-14,22:11,Medium,Clear,Wet,4,26.3065,-75.6988
5501,Chicago,2022-05-21,07:06,High,Clear,Dry,5,26.7623,-97.8152
5502,San Jose,2023-08-10,06:17,Medium,Rain,Wet,1,35.9555,-117.9175
5503,Charlotte,2023-11-23,20:35,High,Clear,Dry,1,47.8247,-91.7036
5504,Los Angeles,2023-03-26,02:02,Low,Clear,Slippery,1,35.8947,-106.6411
5505,Charlotte,2023-09-16,20:16,Low,Snow,Dry,3,32.5362,-80.0584
5506,Los Angeles,2022-01-11,22:55,High,Clear,Dry,3,42.1579,-117.4695
5507,Dallas,2023-04-22,12:01,Low,Clear,Dry,3,36.7063,-104.6958
5508,Los Angeles,2021-04-22,13:18,Low,Cloudy,Dry,1,26.4789,-92.5338
5509,Los Angeles,2023-04-27,11:25,Low,Clear,Dry,4,44.416,-89.4834
5510,New York,2023-09-10,13:40,High,Clear,Dry,3,28.4432,-72.6924
5511,Los Angeles,2022-07-19,15:27,Medium,Rain,Dry,3,46.0996,-92.3215
5512,Dallas,2022-06-28,08:22,Low,Rain,Dry,4,46.5792,-90.8742
5513,Chicago,2022-06-12,16:25,Medium,Clear,Slippery,1,26.1308,-106.4401
5514,San Jose,2021-08-01,20:27,High,Fog,Under Construction,2,47.2174,-108.2054
5515,San Antonio,2023-08-25,18:46,Low,Snow,Wet,3,26.1201,-90.5047
5516,Philadelphia,2023-02-24,20:15,Medium,Clear,Dry,4,27.9227,-91.7083
5517,Houston,2022-03-27,07:35,Medium,Fog,Dry,5,28.8831,-106.7599
5518,Dallas,2021-08-10,07:49,Medium,Clear,Dry,2,45.0322,-82.576
5519,Charlotte,2021-08-19,14:58,Medium,Clear,Dry,4,36.359,-117.3574
5520,Dallas,2023-07-11,12:43,Medium,Rain,Icy,1,35.864,-90.1271
5521,Chicago,2021-11-02,08:45,Low,Fog,Dry,1,45.8323,-109.1437
5522,Philadelphia,2023-06-04,07:48,Medium,Clear,Dry,3,41.0553,-89.0486
5523,Dallas,2022-07-13,18:58,Medium,Clear,Icy,4,27.0713,-78.704
5524,Philadelphia,2021-12-06,14:39,Low,Rain,Dry,4,37.5902,-79.7363
5525,New York,2021-07-18,12:24,Medium,Clear,Dry,3,39.8087,-85.7862
5526,Indianapolis,2023-06-19,20:09,Low,Cloudy,Under Construction,3,28.6505,-99.4946
5527,Dallas,2023-07-17,23:35,Low,Fog,Dry,3,27.3926,-104.1975
5528,Phoenix,2021-10-07,21:49,High,Clear,Dry,1,31.3831,-97.789
5529,Los Angeles,2021-07-04,12:19,Low,Clear,Dry,3,40.3578,-120.2512
5530,Los Angeles,2022-10-21,07:22,Medium,Rain,Dry,3,40.2434,-82.7508
5531,Philadelphia,2022-07-23,18:07,Medium,Clear,Dry,5,39.9981,-90.609
5532,Los Angeles,2023-09-16,10:51,Low,Rain,Dry,3,40.3825,-120.5654
5533,Austin,2023-05-27,12:22,Low,Fog,Slippery,2,25.6044,-111.8502
5534,Los Angeles,2023-07-08,12:07,High,Rain,Dry,3,36.9139,-91.6078
5535,Los Angeles,2021-09-22,12:22,Medium,Fog,Under Construction,2,25.1335,-82.9232
5536,Indianapolis,2021-10-01,18:55,High,Rain,Dry,4,39.7515,-77.6079
5537,Los Angeles,2023-10-25,14:11,Low,Snow,Dry,1,25.09,-85.4231
5538,San Diego,2022-07-15,18:12,Medium,Rain,Dry,1,41.7844,-96.5254
5539,New York,2021-09-25,16:37,Low,Clear,Icy,2,28.8956,-90.9204
5540,Houston,2021-10-06,19:53,High,Rain,Wet,5,30.6956,-80.9811
5541,Houston,2022-05-29,21:10,Low,Clear,Dry,1,37.6718,-77.5047
5542,New York,2023-08-17,13:02,Medium,Rain,Dry,3,26.1321,-102.251
5543,New York,2022-11-03,07:24,Medium,Windy,Icy,3,43.9023,-113.5942
5544,Charlotte,2021-04-13,14:07,Low,Clear,Wet,5,34.5829,-102.0742
5545,San Antonio,2021-04-04,01:36,Medium,Hail,Dry,3,46.1215,-116.6544
5546,Columbus,2023-06-25,06:37,Low,Clear,Slippery,4,30.7064,-115.4567
5547,San Diego,2022-12-06,16:51,Low,Clear,Dry,5,34.7997,-107.4772
5548,Dallas,2022-02-22,09:14,High,Cloudy,Wet,5,46.1852,-99.8278
5549,Indianapolis,2023-10-02,05:19,High,Snow,Icy,5,40.8674,-75.3387
5550,San Jose,2022-10-26,19:05,Low,Rain,Wet,1,26.0227,-70.786
5551,Dallas,2021-06-20,18:45,Low,Clear,Dry,2,45.7629,-89.5483
5552,Los Angeles,2021-08-23,16:30,Low,Hail,Icy,1,33.5756,-94.2798
5553,Charlotte,2023-06-08,12:52,High,Rain,Wet,5,35.7244,-102.4801
5554,Jacksonville,2021-05-12,11:09,High,Clear,Slippery,5,42.4765,-89.7251
5555,Dallas,2022-11-24,16:38,Low,Clear,Wet,3,40.4425,-104.5383
5556,San Diego,2023-09-02,08:25,Medium,Rain,Dry,1,30.0141,-98.5713
5557,Dallas,2022-06-25,02:48,Medium,Rain,Dry,1,43.9929,-121.7504
5558,Los Angeles,2023-04-20,09:10,High,Clear,Dry,3,47.2025,-92.435
5559,San Antonio,2022-10-06,06:32,Medium,Clear,Wet,5,40.0403,-104.8224
5560,San Antonio,2022-10-30,05:28,Low,Snow,Dry,5,45.7689,-119.8783
5561,Dallas,2022-03-14,09:38,Medium,Rain,Dry,3,39.1914,-119.4308
5562,New York,2021-04-06,16:04,Low,Rain,Dry,5,27.1479,-94.1393
5563,Los Angeles,2022-03-19,08:57,Low,Rain,Icy,4,43.3823,-107.0207
5564,Chicago,2022-05-02,18:28,Low,Snow,Wet,4,31.3961,-95.1736
5565,New York,2021-05-04,11:07,Low,Rain,Dry,1,43.5036,-70.3749
5566,Philadelphia,2021-11-29,19:01,Low,Fog,Dry,3,33.1389,-103.4167
5567,New York,2023-12-28,08:12,Low,Snow,Dry,3,30.89,-92.6356
5568,Indianapolis,2022-05-19,09:29,Low,Clear,Under Construction,5,37.611,-83.9318
5569,Austin,2021-01-15,13:59,Medium,Snow,Under Construction,2,29.0442,-117.7919
5570,Los Angeles,2023-08-09,03:52,Medium,Fog,Dry,4,27.9573,-71.8294
5571,Philadelphia,2021-12-20,11:58,Low,Rain,Wet,5,39.9564,-113.3984
5572,Columbus,2023-06-20,13:06,High,Rain,Dry,5,44.7722,-105.825
5573,San Jose,2022-06-24,12:27,Medium,Clear,Dry,2,43.5029,-104.049
5574,Phoenix,2023-06-28,20:20,Low,Clear,Slippery,5,31.9306,-70.7945
5575,New York,2022-12-24,06:25,Medium,Cloudy,Dry,1,47.6863,-87.7188
5576,San Antonio,2022-06-26,02:56,Low,Clear,Wet,3,44.6882,-100.0155
5577,Houston,2023-02-06,07:07,Low,Cloudy,Wet,2,43.2656,-71.2399
5578,Houston,2021-04-09,13:25,Medium,Clear,Dry,3,39.8181,-112.5497
5579,Chicago,2022-05-08,06:49,Medium,Rain,Dry,3,43.0227,-118.5836
5580,New York,2021-09-26,09:48,Medium,Rain,Dry,3,25.9803,-80.5336
5581,Columbus,2023-05-14,18:03,Medium,Windy,Dry,4,34.5479,-111.2715
5582,Houston,2022-04-14,11:57,Low,Windy,Under Construction,2,44.7607,-104.1478
5583,Los Angeles,2023-11-01,05:57,Medium,Clear,Dry,3,46.5684,-79.0961
5584,Philadelphia,2021-01-12,06:53,Low,Rain,Icy,1,26.1852,-105.1366
5585,Indianapolis,2022-04-02,03:53,Medium,Rain,Dry,4,27.1595,-73.9471
5586,San Jose,2023-02-02,08:07,Low,Clear,Wet,3,44.5531,-112.7593
5587,New York,2023-08-02,11:43,Medium,Rain,Slippery,2,30.4683,-107.0402
5588,Austin,2021-11-05,06:09,High,Rain,Dry,5,35.7368,-118.7172
5589,Los Angeles,2023-02-26,08:39,Low,Windy,Dry,4,42.4376,-93.2918
5590,New York,2023-11-18,04:00,Low,Windy,Icy,3,32.733,-108.3314
5591,San Jose,2021-06-29,20:51,Low,Clear,Wet,2,31.6784,-77.5463
5592,New York,2021-06-09,13:45,High,Clear,Wet,3,39.4785,-76.0955
5593,San Antonio,2023-06-14,18:59,Medium,Clear,Dry,4,44.1656,-116.6743
5594,Los Angeles,2021-09-09,18:02,High,Rain,Dry,3,27.8092,-71.0654
5595,Indianapolis,2023-06-30,11:22,High,Fog,Dry,1,26.0881,-115.2157
5596,Los Angeles,2022-08-23,22:08,High,Clear,Under Construction,3,30.2438,-110.7053
5597,Indianapolis,2022-01-30,18:54,Low,Clear,Wet,5,35.3882,-83.3276
5598,New York,2021-05-15,05:20,High,Clear,Icy,1,44.284,-71.3875
5599,Austin,2022-03-11,18:26,Medium,Clear,Dry,1,41.737,-117.1415
5600,New York,2022-05-18,05:04,High,Clear,Wet,3,34.0243,-119.5014
5601,New York,2022-11-11,08:59,Medium,Snow,Slippery,5,43.6476,-85.0765
5602,Jacksonville,2021-07-02,01:35,Low,Rain,Wet,2,35.5656,-85.2869
5603,Columbus,2023-12-21,08:36,Medium,Clear,Dry,2,29.1718,-108.0714
5604,San Antonio,2021-02-15,13:26,Medium,Clear,Dry,4,32.2325,-110.9064
5605,Philadelphia,2022-12-23,22:10,Low,Clear,Icy,2,45.0915,-81.8973
5606,Houston,2022-12-03,17:16,Medium,Rain,Slippery,1,46.8301,-100.8771
5607,Houston,2023-11-10,09:51,Medium,Clear,Dry,2,29.9101,-84.8892
5608,Los Angeles,2022-07-10,16:51,Medium,Snow,Icy,5,31.9866,-103.5347
5609,Columbus,2023-03-21,18:50,Low,Hail,Dry,3,29.0738,-89.2753
5610,San Antonio,2023-08-08,07:47,Low,Clear,Dry,1,30.0466,-80.9564
5611,Philadelphia,2021-06-24,09:57,Medium,Fog,Wet,1,46.662,-115.1201
5612,Dallas,2022-12-22,10:23,High,Cloudy,Slippery,5,42.9004,-78.5298
5613,Austin,2023-06-24,07:00,Medium,Clear,Slippery,2,26.3863,-89.7492
5614,Jacksonville,2023-08-02,15:15,Medium,Clear,Dry,4,28.7007,-84.8501
5615,Philadelphia,2022-12-05,22:13,High,Clear,Wet,5,46.8926,-93.4517
5616,Philadelphia,2021-11-20,14:43,Low,Snow,Dry,3,25.3026,-109.716
5617,Charlotte,2023-10-22,10:40,Low,Clear,Dry,1,32.9515,-86.3963
5618,Indianapolis,2022-06-27,12:29,Low,Fog,Wet,2,26.6422,-73.3933
5619,Houston,2023-03-16,21:43,Medium,Clear,Icy,1,47.0427,-106.1389
5620,Indianapolis,2023-01-13,12:52,Low,Snow,Dry,5,35.405,-111.4127
5621,Chicago,2021-03-13,05:16,Low,Rain,Dry,3,32.6738,-121.8282
5622,New York,2021-09-14,17:08,Medium,Rain,Wet,5,31.8292,-116.7931
5623,Indianapolis,2021-06-11,07:03,High,Clear,Wet,5,39.2056,-109.8214
5624,Los Angeles,2021-11-08,17:11,Low,Fog,Slippery,1,43.6165,-99.8104
5625,Charlotte,2023-06-18,04:51,Medium,Snow,Dry,5,28.6548,-113.439
5626,Dallas,2023-04-18,13:03,Low,Clear,Slippery,4,36.218,-104.9574
5627,Los Angeles,2022-08-25,15:26,Medium,Rain,Wet,1,28.2458,-110.6959
5628,New York,2022-11-12,21:03,Low,Clear,Under Construction,4,41.7638,-101.7804
5629,Phoenix,2022-04-01,13:27,Low,Clear,Dry,2,39.4862,-108.0705
5630,San Antonio,2021-12-26,07:04,Low,Snow,Under Construction,4,29.1525,-75.7336
5631,Los Angeles,2022-12-12,11:14,Low,Hail,Wet,5,44.3159,-76.2802
5632,Chicago,2022-12-22,10:09,High,Clear,Dry,3,47.241,-79.5474
5633,New York,2023-03-14,04:10,Medium,Clear,Wet,2,47.0996,-91.8416
5634,Dallas,2023-12-26,16:35,Medium,Snow,Wet,5,25.3344,-120.3806
5635,Columbus,2022-11-29,21:56,Low,Clear,Under Construction,2,25.7357,-112.9166
5636,New York,2022-03-09,18:27,Low,Cloudy,Dry,2,40.01,-121.0712
5637,Dallas,2021-11-28,13:16,High,Clear,Under Construction,3,26.2177,-88.2087
5638,Columbus,2022-08-25,19:00,Medium,Rain,Dry,4,35.8948,-92.8307
5639,Phoenix,2021-06-20,04:16,Medium,Cloudy,Icy,1,42.0467,-77.0574
5640,Philadelphia,2021-12-16,20:18,Medium,Clear,Dry,1,42.6574,-96.0294
5641,Phoenix,2021-08-02,09:43,Medium,Fog,Dry,5,42.4662,-77.9507
5642,San Antonio,2021-06-08,10:25,High,Clear,Dry,2,35.4904,-82.0691
5643,Philadelphia,2021-03-11,16:25,Low,Clear,Wet,4,40.8613,-110.0526
5644,San Antonio,2022-09-27,13:41,Low,Cloudy,Wet,5,29.2774,-72.3636
5645,Columbus,2023-10-24,10:29,High,Rain,Icy,3,27.3567,-104.5214
5646,Dallas,2023-06-30,09:26,Medium,Clear,Dry,4,29.7374,-98.9496
5647,New York,2023-02-13,10:25,High,Clear,Under Construction,5,33.4882,-79.8351
5648,Phoenix,2021-10-11,10:57,Medium,Rain,Dry,2,32.2337,-88.8188
5649,Los Angeles,2022-07-13,18:13,Low,Clear,Dry,2,40.1346,-80.1986
5650,San Jose,2023-12-08,08:07,Medium,Fog,Dry,1,26.9513,-83.4406
5651,Houston,2021-04-04,19:41,Low,Clear,Wet,3,40.7905,-92.4295
5652,Austin,2021-07-17,23:55,High,Clear,Wet,2,41.9953,-113.0137
5653,Los Angeles,2022-10-22,19:34,High,Rain,Dry,1,42.2368,-119.7536
5654,San Jose,2022-01-05,13:41,Medium,Fog,Dry,3,28.7624,-107.7254
5655,Charlotte,2022-09-27,17:03,Low,Snow,Wet,3,34.1651,-99.3086
5656,Phoenix,2021-09-27,21:00,Medium,Rain,Dry,2,41.1182,-84.5512
5657,Phoenix,2023-12-08,17:01,Medium,Rain,Dry,3,42.3628,-107.6146
5658,Columbus,2022-04-18,15:23,Low,Clear,Slippery,1,40.8287,-72.3707
5659,San Antonio,2022-10-22,12:54,Low,Clear,Dry,1,46.4674,-114.011
5660,New York,2023-11-26,08:44,Low,Hail,Wet,3,39.2128,-106.6039
5661,San Antonio,2022-08-24,19:29,Low,Rain,Dry,2,45.6007,-89.085
5662,New York,2021-12-08,12:40,Medium,Clear,Wet,2,30.7299,-95.0861
5663,New York,2021-01-24,22:01,Medium,Rain,Wet,4,39.6709,-84.0011
5664,Chicago,2021-10-12,16:27,Low,Clear,Dry,2,46.9096,-115.711
5665,San Antonio,2023-11-19,15:25,Low,Hail,Icy,2,42.7925,-74.934
5666,New York,2021-11-03,08:31,Low,Clear,Dry,4,44.5422,-95.181
5667,New York,2023-12-12,21:42,Medium,Rain,Wet,5,46.5652,-113.3289
5668,New York,2021-12-03,08:12,Medium,Fog,Dry,4,27.7476,-91.6475
5669,Dallas,2023-06-30,06:32,Medium,Clear,Dry,1,30.5174,-110.2076
5670,Jacksonville,2022-10-14,18:43,Low,Clear,Wet,3,30.9192,-115.1762
5671,Columbus,2023-09-07,02:03,High,Cloudy,Slippery,5,47.7913,-80.2888
5672,San Diego,2022-06-05,07:11,Medium,Snow,Dry,2,36.3072,-95.2143
5673,Los Angeles,2023-01-17,17:33,High,Snow,Icy,2,41.887,-82.9085
5674,Jacksonville,2021-04-17,12:00,Medium,Clear,Wet,4,36.2128,-72.3439
5675,Indianapolis,2023-02-21,13:23,Low,Rain,Slippery,1,41.7254,-74.5912
5676,Los Angeles,2022-10-12,13:14,Low,Clear,Dry,5,47.2294,-112.4139
5677,San Antonio,2023-12-30,18:47,High,Fog,Dry,4,38.6653,-106.9489
5678,Indianapolis,2023-07-29,11:06,Low,Cloudy,Slippery,1,28.5279,-86.8203
5679,Houston,2021-03-31,13:40,Low,Clear,Wet,5,33.123,-113.6854
5680,Houston,2021-09-30,18:20,High,Fog,Slippery,4,28.4782,-117.8987
5681,Chicago,2021-02-16,05:28,Low,Rain,Dry,3,36.0381,-102.8446
5682,Dallas,2021-03-30,20:29,High,Clear,Wet,5,43.1744,-92.69
5683,Charlotte,2021-03-28,19:31,Medium,Rain,Dry,5,26.2032,-121.0563
5684,Philadelphia,2021-12-06,22:48,Low,Rain,Wet,1,37.8814,-110.3335
5685,Austin,2021-09-05,20:30,Low,Clear,Dry,1,47.8295,-111.8094
5686,Los Angeles,2022-02-02,05:53,High,Cloudy,Dry,3,31.1979,-116.5176
5687,New York,2022-05-26,12:14,High,Rain,Icy,1,43.2792,-107.9306
5688,Dallas,2023-11-21,16:58,Low,Rain,Dry,3,37.9985,-70.5734
5689,Los Angeles,2023-08-06,08:44,Medium,Snow,Dry,1,39.3045,-114.551
5690,Dallas,2023-12-05,08:51,Medium,Rain,Dry,5,27.1653,-119.9723
5691,Jacksonville,2022-01-01,02:27,Medium,Cloudy,Slippery,2,37.4854,-77.7167
5692,Los Angeles,2021-05-19,21:48,Low,Clear,Wet,5,46.8265,-83.0113
5693,San Antonio,2022-06-10,09:17,Low,Clear,Dry,3,31.0426,-113.3432
5694,Houston,2021-12-25,10:56,Low,Clear,Wet,1,37.0849,-114.9503
5695,Los Angeles,2023-10-28,10:54,Low,Rain,Dry,2,36.1503,-74.8711
5696,Chicago,2023-02-02,07:43,High,Rain,Under Construction,2,30.5518,-77.0054
5697,Dallas,2022-06-30,08:04,Low,Snow,Wet,4,35.6263,-82.6312
5698,Houston,2023-06-19,07:28,Medium,Rain,Dry,1,33.1084,-85.4723
5699,Dallas,2022-09-09,22:58,Medium,Clear,Slippery,1,39.1164,-80.7955
5700,Philadelphia,2022-04-21,09:41,Medium,Rain,Wet,1,34.8233,-106.905
5701,New York,2023-04-01,19:39,Low,Rain,Icy,4,42.6761,-105.0668
5702,Columbus,2021-01-05,21:34,Low,Clear,Dry,4,37.4298,-71.4196
5703,Jacksonville,2021-08-28,23:33,Low,Clear,Dry,3,26.6261,-93.9203
5704,Los Angeles,2021-04-08,08:11,Low,Rain,Wet,2,39.3747,-114.1954
5705,San Diego,2023-08-31,22:16,High,Clear,Wet,3,42.6806,-74.5665
5706,Phoenix,2021-11-25,12:58,Medium,Clear,Dry,4,43.7783,-84.0972
5707,Houston,2023-07-31,21:04,Low,Cloudy,Wet,4,38.0744,-91.9514
5708,Dallas,2022-06-19,07:00,Low,Clear,Dry,5,44.9772,-112.0643
5709,New York,2023-02-09,06:35,High,Rain,Slippery,2,45.9754,-93.6805
5710,Philadelphia,2023-11-27,20:31,Medium,Clear,Under Construction,2,46.7686,-72.9861
5711,Charlotte,2023-04-12,08:51,Medium,Rain,Dry,4,26.7242,-113.0048
5712,Chicago,2023-03-08,07:45,High,Clear,Dry,3,34.6437,-80.5566
5713,Los Angeles,2023-11-06,20:18,Medium,Fog,Dry,5,30.8453,-84.3558
5714,Columbus,2021-07-23,20:22,Low,Clear,Dry,1,37.9378,-118.3825
5715,New York,2021-11-17,14:41,Low,Cloudy,Dry,4,34.914,-80.4704
5716,Los Angeles,2023-08-14,14:01,Low,Clear,Wet,1,39.1457,-110.7654
5717,Phoenix,2023-09-01,11:13,High,Rain,Slippery,3,37.2003,-106.2401
5718,Chicago,2021-07-28,18:47,Medium,Snow,Under Construction,5,31.6831,-105.0303
5719,Indianapolis,2021-11-11,00:46,High,Fog,Dry,5,32.7275,-74.8566
5720,Houston,2022-06-22,03:59,Low,Rain,Wet,5,44.492,-85.9115
5721,New York,2021-04-22,21:06,Medium,Snow,Wet,5,39.1955,-113.4412
5722,San Diego,2022-11-27,13:46,Low,Clear,Dry,5,30.7154,-84.6707
5723,San Jose,2021-08-29,17:56,High,Clear,Dry,3,40.5813,-92.3548
5724,New York,2023-01-20,21:40,Medium,Rain,Dry,2,32.5967,-81.3562
5725,Los Angeles,2023-08-20,22:09,Low,Rain,Wet,5,25.2515,-98.9221
5726,New York,2021-06-14,12:34,Medium,Clear,Dry,3,25.2995,-85.8843
5727,Dallas,2021-03-20,13:29,Low,Hail,Dry,4,31.3071,-121.2192
5728,San Diego,2023-03-31,05:40,Low,Clear,Wet,2,38.6872,-74.5311
5729,San Diego,2023-01-12,12:01,Low,Rain,Wet,1,47.5606,-107.893
5730,Los Angeles,2022-01-03,19:34,Low,Clear,Wet,2,44.2603,-109.8268
5731,San Diego,2023-01-01,21:05,Medium,Snow,Under Construction,4,29.3558,-89.6744
5732,Houston,2021-04-05,11:16,Low,Clear,Slippery,3,30.2638,-87.1305
5733,Los Angeles,2021-08-03,13:38,Medium,Clear,Slippery,1,37.4457,-79.1559
5734,San Diego,2022-10-31,12:59,Medium,Clear,Wet,4,27.3917,-112.6635
5735,Dallas,2022-11-19,04:34,Medium,Clear,Dry,3,29.4739,-97.4173
5736,Phoenix,2023-09-04,23:59,Low,Fog,Wet,1,39.3494,-104.8384
5737,Columbus,2021-08-03,15:48,Medium,Clear,Dry,4,29.4652,-112.6041
5738,San Jose,2023-08-31,16:32,Low,Rain,Slippery,4,25.537,-119.9378
5739,Dallas,2022-12-02,18:35,Medium,Clear,Icy,4,31.5223,-72.907
5740,Houston,2022-04-20,21:54,Low,Clear,Under Construction,3,34.7931,-114.1825
5741,Charlotte,2023-07-19,04:05,Low,Cloudy,Dry,4,34.2219,-82.6665
5742,Chicago,2021-06-16,14:52,Medium,Snow,Dry,1,37.84,-108.7482
5743,Dallas,2022-05-03,19:27,Medium,Cloudy,Slippery,1,34.1937,-86.3161
5744,Jacksonville,2022-09-25,15:12,Low,Clear,Wet,5,29.8437,-94.9229
5745,Los Angeles,2022-04-06,08:05,Low,Clear,Slippery,5,32.468,-91.9459
5746,Indianapolis,2021-12-04,14:59,Low,Clear,Slippery,4,34.8816,-105.2627
5747,Charlotte,2022-06-14,13:28,Medium,Clear,Dry,2,44.4177,-73.4955
5748,Columbus,2021-01-01,03:13,Medium,Clear,Icy,4,37.8967,-95.5773
5749,Los Angeles,2023-11-14,19:50,Medium,Cloudy,Wet,1,34.004,-71.358
5750,Houston,2023-10-10,17:49,Low,Snow,Wet,3,46.478,-113.5861
5751,New York,2021-05-08,18:09,High,Clear,Under Construction,3,29.6635,-104.9598
5752,Indianapolis,2021-11-17,22:04,Medium,Clear,Dry,1,33.6472,-106.9913
5753,New York,2022-01-24,08:01,Medium,Fog,Dry,1,27.6583,-98.0297
5754,Philadelphia,2022-08-25,10:01,Low,Rain,Dry,5,27.6929,-83.345
5755,Jacksonville,2021-01-20,13:48,Low,Cloudy,Under Construction,2,27.6518,-105.4195
5756,Chicago,2022-04-09,09:31,Low,Rain,Dry,1,44.3132,-71.7313
5757,Chicago,2022-03-30,13:06,Low,Rain,Wet,4,37.1499,-91.9598
5758,San Antonio,2022-01-18,21:12,Medium,Snow,Dry,2,35.2408,-101.5575
5759,Dallas,2021-11-23,19:18,High,Fog,Dry,3,33.4266,-103.4984
5760,San Diego,2021-02-04,05:04,Medium,Rain,Dry,5,41.4424,-103.9032
5761,Chicago,2022-10-21,08:57,Low,Cloudy,Dry,5,33.9156,-107.878
5762,Indianapolis,2023-09-27,05:50,High,Hail,Dry,5,38.0548,-108.4909
5763,New York,2021-10-30,18:04,Low,Fog,Wet,4,25.0378,-98.4939
5764,Houston,2022-05-21,19:40,High,Cloudy,Dry,1,43.5033,-121.6799
5765,San Antonio,2022-08-10,12:31,Low,Clear,Slippery,5,31.5415,-99.5562
5766,Charlotte,2022-09-06,07:43,Medium,Cloudy,Wet,2,29.2047,-89.8988
5767,Austin,2022-10-22,19:18,Medium,Clear,Under Construction,4,36.4512,-90.771
5768,Jacksonville,2021-10-22,16:44,Medium,Fog,Icy,4,47.7555,-78.6732
5769,Phoenix,2022-05-30,17:41,Medium,Clear,Wet,2,46.7807,-89.0991
5770,Chicago,2022-11-15,06:56,Low,Clear,Dry,1,32.0419,-111.8401
5771,Houston,2021-01-15,17:28,Medium,Clear,Dry,3,29.9054,-113.8038
5772,Los Angeles,2022-09-21,08:14,High,Fog,Dry,2,32.7579,-99.8674
5773,Houston,2022-03-03,10:13,High,Rain,Dry,2,44.7073,-118.2919
5774,Chicago,2023-04-22,09:30,Medium,Clear,Wet,5,47.4906,-83.5385
5775,Los Angeles,2021-06-24,14:44,Low,Rain,Icy,1,40.9193,-120.9801
5776,Chicago,2022-07-08,08:02,Low,Rain,Icy,5,45.5846,-109.4467
5777,Jacksonville,2022-06-05,03:37,Medium,Clear,Wet,4,45.1744,-100.9828
5778,Chicago,2022-08-21,17:25,Medium,Clear,Dry,2,44.5391,-99.1281
5779,Chicago,2023-12-07,11:21,Medium,Fog,Dry,2,38.3703,-96.2984
5780,Los Angeles,2022-11-30,02:38,High,Clear,Dry,4,32.1791,-107.4754
5781,New York,2022-01-19,18:11,Low,Rain,Slippery,2,29.3907,-80.8145
5782,New York,2022-07-17,16:28,Low,Fog,Wet,2,40.2846,-98.2598
5783,New York,2023-10-19,13:14,Low,Clear,Dry,4,41.3576,-110.9165
5784,Charlotte,2021-10-28,18:04,Low,Clear,Dry,4,29.6023,-106.5274
5785,Houston,2023-09-17,23:41,Low,Fog,Under Construction,3,47.4591,-103.486
5786,Houston,2021-10-20,13:51,Low,Cloudy,Wet,4,44.6981,-74.7572
5787,Columbus,2021-05-19,11:40,Medium,Clear,Dry,2,41.3864,-82.8335
5788,New York,2022-10-19,23:59,Low,Fog,Wet,3,39.6636,-115.402
5789,Houston,2023-12-10,20:12,Medium,Clear,Dry,3,25.5424,-101.4169
5790,Charlotte,2021-07-23,21:22,Low,Snow,Dry,3,43.5517,-89.4694
5791,Austin,2021-09-09,15:25,Medium,Clear,Dry,3,37.7606,-90.3749
5792,Phoenix,2021-05-12,13:46,High,Rain,Slippery,1,41.7723,-76.1251
5793,Chicago,2023-11-05,08:07,Medium,Rain,Dry,1,33.978,-102.5373
5794,San Antonio,2021-05-22,18:25,High,Clear,Dry,3,30.6757,-82.2809
5795,New York,2023-04-11,20:50,High,Clear,Icy,3,41.3373,-117.6548
5796,Los Angeles,2021-01-03,17:42,Medium,Clear,Slippery,4,42.9786,-115.4476
5797,New York,2023-07-15,11:53,High,Clear,Dry,2,44.7938,-95.5468
5798,Los Angeles,2021-05-06,10:45,Medium,Windy,Slippery,4,28.1665,-72.8446
5799,Jacksonville,2021-04-28,17:17,Low,Fog,Dry,1,37.0754,-101.9134
5800,New York,2023-07-21,20:41,Medium,Rain,Slippery,3,25.4599,-105.388
5801,New York,2022-08-28,11:12,Low,Hail,Dry,3,45.7478,-121.8148
5802,New York,2023-10-21,08:52,Low,Snow,Dry,3,31.4009,-121.6723
5803,Phoenix,2023-04-24,09:56,Medium,Snow,Dry,2,39.4886,-107.959
5804,Los Angeles,2023-04-18,15:07,Low,Clear,Slippery,2,42.3348,-107.3644
5805,New York,2021-01-18,18:53,Low,Snow,Icy,3,41.7765,-103.9701
5806,Chicago,2023-11-27,09:34,Low,Clear,Wet,4,40.7763,-115.2593
5807,Columbus,2021-04-22,12:27,Low,Clear,Wet,3,30.852,-107.9078
5808,New York,2021-09-09,18:37,Medium,Clear,Dry,1,44.5669,-71.7432
5809,Dallas,2022-01-29,01:13,Low,Snow,Dry,1,40.7065,-95.0208
5810,Dallas,2021-12-09,11:56,Low,Clear,Icy,4,47.6196,-104.4442
5811,New York,2022-06-13,15:29,Low,Rain,Wet,5,44.3021,-88.1638
5812,Chicago,2022-02-01,07:57,High,Fog,Dry,2,47.0137,-112.5387
5813,San Diego,2023-07-03,09:25,Low,Clear,Dry,1,30.0537,-97.2059
5814,Phoenix,2021-01-20,11:56,Medium,Rain,Dry,2,29.1958,-117.7096
5815,New York,2021-11-25,23:58,Medium,Clear,Dry,3,28.0558,-73.677
5816,Austin,2021-04-07,08:43,Medium,Clear,Dry,2,33.255,-120.2902
5817,San Diego,2021-04-22,07:20,Medium,Rain,Dry,4,38.0142,-88.7239
5818,Phoenix,2022-01-22,12:21,Medium,Cloudy,Wet,5,38.2711,-93.8157
5819,Jacksonville,2022-10-20,20:07,Medium,Cloudy,Dry,3,41.6923,-109.1233
5820,Phoenix,2021-11-27,16:31,Medium,Clear,Dry,2,37.4574,-117.3855
5821,Houston,2023-12-12,17:06,Medium,Clear,Icy,2,43.2378,-79.856
5822,Dallas,2021-06-17,06:16,Low,Clear,Wet,4,35.495,-82.6789
5823,New York,2022-06-15,17:07,Medium,Rain,Slippery,4,33.5386,-107.9462
5824,Indianapolis,2023-10-09,12:06,High,Clear,Wet,3,47.4507,-75.6549
5825,Chicago,2023-07-28,11:14,Low,Clear,Slippery,4,28.7781,-92.606
5826,Chicago,2022-03-29,10:38,High,Clear,Wet,2,28.5618,-72.4629
5827,Austin,2022-03-14,19:38,Low,Clear,Dry,4,35.2918,-71.0157
5828,New York,2023-01-16,17:27,Low,Cloudy,Wet,2,42.7952,-106.4764
5829,Austin,2021-07-19,10:31,High,Rain,Wet,2,36.7127,-114.2141
5830,Austin,2021-12-04,19:06,Medium,Clear,Dry,2,42.3314,-88.7629
5831,Charlotte,2021-11-23,16:33,Low,Fog,Wet,5,34.7016,-86.129
5832,Phoenix,2022-06-24,18:28,Medium,Rain,Dry,2,25.0747,-118.7079
5833,San Antonio,2021-06-27,22:25,Low,Clear,Wet,2,34.0595,-90.6532
5834,Houston,2021-06-18,14:48,Low,Clear,Dry,5,37.7904,-97.9603
5835,New York,2021-02-12,11:17,Low,Snow,Icy,5,31.8823,-75.8423
5836,San Jose,2023-12-31,16:42,High,Cloudy,Dry,4,26.8376,-115.1861
5837,Chicago,2023-06-29,10:18,High,Snow,Wet,3,44.6002,-77.9744
5838,Columbus,2023-10-24,15:49,Medium,Clear,Dry,2,32.9502,-86.4585
5839,Philadelphia,2022-04-04,21:35,Low,Clear,Wet,5,46.3638,-108.7287
5840,Columbus,2021-03-16,19:07,High,Rain,Dry,5,38.2232,-80.5613
5841,San Jose,2023-07-27,20:25,Low,Rain,Dry,1,25.1812,-99.3895
5842,Charlotte,2023-06-25,19:17,Medium,Fog,Dry,4,38.7717,-71.4265
5843,Jacksonville,2022-10-22,09:02,Low,Clear,Wet,2,30.1109,-103.2847
5844,Phoenix,2023-10-23,09:34,Medium,Cloudy,Wet,5,41.5154,-100.2289
5845,New York,2023-11-28,17:18,Low,Clear,Dry,4,25.8035,-90.6827
5846,Dallas,2022-02-23,18:02,Low,Clear,Dry,4,31.2183,-71.8868
5847,Los Angeles,2022-03-06,12:07,High,Rain,Slippery,4,26.3289,-105.3432
5848,Los Angeles,2021-07-30,20:27,Medium,Clear,Wet,3,36.5868,-71.8772
5849,Houston,2021-04-18,15:16,Low,Rain,Dry,2,47.6313,-80.8348
5850,New York,2022-12-23,12:02,High,Rain,Wet,4,35.454,-81.1753
5851,Dallas,2023-12-15,16:14,Low,Rain,Dry,2,39.1026,-119.8576
5852,San Antonio,2023-03-12,21:55,Medium,Clear,Wet,2,43.0467,-73.8764
5853,Chicago,2023-03-25,23:40,Medium,Rain,Under Construction,2,44.9506,-78.3371
5854,Los Angeles,2022-01-23,20:34,Medium,Clear,Dry,1,35.7481,-93.408
5855,New York,2022-10-22,14:34,Low,Clear,Dry,2,25.9041,-78.4897
5856,Chicago,2022-11-23,10:24,Low,Rain,Wet,2,33.9872,-71.2817
5857,New York,2021-08-21,08:39,Medium,Clear,Dry,1,45.8221,-71.6604
5858,Phoenix,2022-01-10,06:14,Medium,Hail,Wet,2,45.7857,-106.2835
5859,Dallas,2023-07-03,15:45,Medium,Clear,Icy,2,30.3302,-104.572
5860,Austin,2023-07-06,19:36,Medium,Fog,Wet,3,38.7323,-117.798
5861,San Antonio,2021-09-23,16:43,Medium,Cloudy,Dry,2,35.2106,-83.3021
5862,Los Angeles,2022-10-20,20:56,Low,Rain,Dry,4,41.2358,-90.6998
5863,Indianapolis,2021-06-10,21:05,Medium,Rain,Dry,4,38.3359,-83.0705
5864,San Jose,2022-05-06,15:09,Medium,Clear,Wet,1,41.4279,-110.6586
5865,Los Angeles,2022-05-27,15:53,Medium,Rain,Icy,2,46.719,-100.9615
5866,Los Angeles,2022-09-05,18:03,Medium,Clear,Dry,3,45.4413,-100.1285
5867,New York,2022-10-17,14:32,Low,Clear,Under Construction,5,31.6345,-75.298
5868,New York,2022-01-13,07:15,Medium,Fog,Wet,3,41.4181,-94.8236
5869,New York,2022-03-07,17:09,High,Clear,Wet,5,43.2487,-86.2018
5870,New York,2021-01-15,13:14,Medium,Rain,Slippery,4,31.9,-83.5007
5871,New York,2023-11-29,08:02,High,Clear,Dry,5,46.7698,-111.4205
5872,Los Angeles,2022-07-06,09:21,Low,Clear,Icy,1,43.5697,-95.9392
5873,New York,2022-06-23,13:31,Low,Clear,Wet,2,26.8767,-90.6444
5874,San Antonio,2023-02-06,12:04,Low,Clear,Dry,5,35.2266,-91.9385
5875,Indianapolis,2021-12-25,21:15,High,Clear,Wet,2,47.611,-106.3577
5876,Dallas,2022-12-15,04:38,Low,Clear,Dry,2,34.7473,-92.8617
5877,Houston,2022-07-31,20:35,Medium,Fog,Icy,5,39.0526,-117.4547
5878,Philadelphia,2023-08-19,21:40,Medium,Rain,Dry,1,31.9319,-82.0435
5879,Philadelphia,2023-10-06,11:45,Low,Cloudy,Wet,3,26.4574,-84.4351
5880,Chicago,2023-12-16,18:09,Medium,Clear,Dry,3,27.2236,-97.105
5881,Columbus,2021-11-26,19:20,Low,Clear,Icy,5,36.8175,-70.7675
5882,Charlotte,2022-09-27,16:26,High,Clear,Wet,3,44.3905,-95.6887
5883,Phoenix,2022-11-16,17:05,High,Cloudy,Dry,1,42.4731,-97.0729
5884,Houston,2021-02-14,20:53,Medium,Clear,Slippery,4,30.1601,-113.399
5885,New York,2023-12-06,20:18,Low,Clear,Wet,1,44.8191,-86.4669
5886,Dallas,2021-06-01,05:30,Low,Clear,Icy,3,37.4824,-111.688
5887,Chicago,2021-02-18,12:29,Low,Snow,Icy,4,45.6396,-75.5182
5888,Indianapolis,2023-12-24,08:32,High,Clear,Dry,3,30.1693,-78.3603
5889,San Antonio,2022-03-27,19:19,Low,Fog,Wet,5,28.4783,-106.0155
5890,Dallas,2022-12-10,17:28,Medium,Rain,Wet,2,47.7594,-119.0643
5891,New York,2021-02-02,08:56,Medium,Cloudy,Dry,1,36.5203,-103.2633
5892,Chicago,2023-11-18,23:15,High,Clear,Wet,3,46.8738,-94.1603
5893,Austin,2021-03-10,18:38,Low,Clear,Wet,3,42.7934,-98.9523
5894,Los Angeles,2022-02-06,08:04,High,Rain,Dry,5,33.7636,-77.2859
5895,Philadelphia,2022-12-24,11:49,High,Clear,Dry,2,25.2244,-94.368
5896,Chicago,2023-02-06,08:45,Medium,Snow,Wet,2,35.3479,-102.7821
5897,Dallas,2022-03-11,20:49,Low,Clear,Dry,3,45.2044,-91.103
5898,Los Angeles,2022-06-07,12:40,Low,Clear,Wet,5,45.8054,-73.6911
5899,Austin,2022-07-17,01:28,Medium,Snow,Wet,1,27.2999,-120.3789
5900,Charlotte,2022-03-28,18:54,High,Clear,Wet,5,34.8995,-112.8947
5901,San Jose,2023-01-24,11:41,High,Fog,Slippery,3,29.647,-96.2957
5902,Austin,2022-11-02,07:59,Low,Fog,Slippery,2,30.8736,-120.8027
5903,Philadelphia,2021-04-07,03:20,Medium,Fog,Slippery,1,37.26,-104.1298
5904,Phoenix,2021-04-03,08:35,Medium,Clear,Wet,5,36.2936,-70.9942
5905,Dallas,2023-09-27,23:33,High,Cloudy,Dry,5,46.5544,-120.022
5906,Los Angeles,2021-11-24,19:19,Medium,Rain,Slippery,5,31.8299,-101.8419
5907,Los Angeles,2022-04-22,21:45,Low,Rain,Wet,2,36.1531,-89.679
5908,Austin,2022-02-12,16:54,Low,Clear,Dry,3,42.0385,-97.8042
5909,Dallas,2022-05-30,19:55,Medium,Clear,Dry,3,39.3405,-93.1267
5910,Charlotte,2023-01-11,21:35,High,Rain,Wet,3,31.6957,-109.5696
5911,New York,2023-10-06,21:13,Low,Cloudy,Dry,1,30.2278,-120.9541
5912,New York,2021-08-06,19:50,Medium,Clear,Wet,1,36.3062,-102.5672
5913,Los Angeles,2023-08-17,14:27,High,Cloudy,Dry,3,42.0081,-72.8789
5914,Los Angeles,2022-04-25,21:21,High,Cloudy,Wet,4,47.3665,-75.5907
5915,Columbus,2021-02-13,19:09,Medium,Rain,Wet,1,46.2574,-117.8305
5916,Columbus,2023-07-26,17:37,Medium,Rain,Icy,4,30.1919,-78.8247
5917,Chicago,2021-10-21,21:07,Low,Clear,Dry,3,35.0002,-94.9721
5918,San Diego,2023-04-29,08:58,High,Snow,Dry,1,29.8134,-76.9524
5919,Los Angeles,2022-02-13,14:48,Low,Clear,Wet,2,45.1624,-114.6884
5920,Chicago,2022-08-23,02:24,Medium,Rain,Dry,5,46.3196,-113.3941
5921,New York,2022-05-23,07:32,Low,Clear,Wet,1,43.8084,-83.1933
5922,Phoenix,2021-07-10,09:42,Medium,Rain,Dry,3,45.7813,-119.6011
5923,Indianapolis,2022-06-15,17:31,Medium,Cloudy,Wet,1,41.6057,-79.0076
5924,Houston,2021-10-23,10:02,High,Fog,Under Construction,1,30.3443,-103.743
5925,Los Angeles,2023-06-16,08:46,Low,Snow,Dry,3,42.3634,-82.9938
5926,Philadelphia,2023-03-12,08:40,High,Clear,Slippery,3,35.6571,-98.3705
5927,Dallas,2021-08-15,23:03,High,Rain,Dry,2,39.2376,-99.7035
5928,Chicago,2023-01-09,07:40,Low,Clear,Wet,5,42.4206,-74.1421
5929,Houston,2023-07-07,09:42,Low,Clear,Slippery,5,28.4537,-102.6854
5930,Indianapolis,2023-09-27,12:12,Medium,Rain,Dry,3,44.4775,-111.5375
5931,New York,2022-04-18,13:11,Low,Clear,Dry,1,38.9785,-104.9106
5932,Los Angeles,2022-02-27,19:16,Medium,Rain,Slippery,2,28.4317,-118.5555
5933,Chicago,2021-12-29,12:44,High,Clear,Dry,3,38.8734,-101.4179
5934,New York,2023-10-02,08:09,Low,Clear,Dry,5,38.6196,-80.1542
5935,Jacksonville,2021-01-08,16:48,Medium,Clear,Slippery,4,31.4315,-80.1333
5936,Dallas,2022-02-07,11:39,High,Snow,Dry,1,42.063,-106.8651
5937,Houston,2023-05-04,07:26,Low,Rain,Wet,2,46.3854,-83.8001
5938,New York,2021-05-06,06:27,Low,Clear,Dry,2,27.7679,-83.707
5939,Houston,2023-07-27,17:58,Low,Clear,Dry,3,36.1904,-83.6739
5940,Los Angeles,2021-02-19,18:21,Low,Hail,Wet,4,38.5422,-72.7405
5941,Houston,2021-07-27,17:08,Low,Snow,Dry,4,40.1458,-119.3998
5942,Indianapolis,2023-04-02,08:02,Medium,Cloudy,Dry,2,39.7096,-79.1626
5943,San Jose,2021-06-06,13:31,Medium,Clear,Dry,5,29.2575,-116.3609
5944,New York,2023-07-19,15:48,Low,Clear,Under Construction,5,37.0968,-99.2352
5945,Charlotte,2022-11-04,18:07,Low,Rain,Icy,5,35.632,-106.458
5946,Indianapolis,2023-04-24,14:51,Low,Clear,Wet,3,35.5024,-87.3796
5947,San Diego,2021-12-02,15:54,Medium,Cloudy,Wet,4,44.6667,-77.0517
5948,Columbus,2021-03-25,15:36,Low,Clear,Under Construction,4,30.3435,-80.0557
5949,Houston,2023-05-25,18:31,Medium,Rain,Dry,3,27.946,-109.5885
5950,Houston,2021-01-24,01:51,Low,Clear,Wet,3,27.6275,-111.8211
5951,Philadelphia,2023-11-12,08:32,Low,Rain,Slippery,5,39.8504,-121.7675
5952,Phoenix,2023-08-19,16:31,Medium,Rain,Wet,5,40.652,-115.5716
5953,Dallas,2023-11-24,07:26,Medium,Clear,Slippery,5,39.7383,-115.1826
5954,Indianapolis,2021-02-23,07:57,Medium,Clear,Dry,1,47.3658,-100.512
5955,Chicago,2021-07-09,13:52,Medium,Clear,Dry,4,33.1619,-96.1108
5956,Philadelphia,2021-04-18,10:13,Medium,Clear,Wet,2,47.6689,-86.9755
5957,Philadelphia,2023-12-06,09:39,Low,Fog,Slippery,1,35.4692,-82.1569
5958,Chicago,2023-01-19,13:56,Medium,Snow,Wet,3,46.8774,-86.6875
5959,Charlotte,2023-07-25,02:52,Low,Clear,Icy,2,34.9668,-77.8992
5960,New York,2023-03-07,17:51,High,Rain,Wet,3,45.7498,-116.2398
5961,Philadelphia,2021-06-09,17:26,Medium,Snow,Dry,1,25.6609,-117.8822
5962,Houston,2023-07-07,15:30,High,Clear,Dry,1,25.5725,-74.1844
5963,Los Angeles,2023-05-31,10:08,Low,Clear,Dry,2,25.6809,-105.8386
5964,San Diego,2021-12-05,23:21,Medium,Rain,Dry,1,28.8952,-108.5931
5965,New York,2021-02-23,15:06,Low,Fog,Dry,3,28.6634,-85.8839
5966,Chicago,2021-07-19,12:24,Medium,Rain,Dry,5,46.6197,-120.6419
5967,Charlotte,2021-12-28,12:32,High,Clear,Under Construction,2,26.3659,-84.0755
5968,Los Angeles,2022-01-28,18:06,Low,Clear,Dry,2,43.6697,-95.4696
5969,San Antonio,2023-01-20,21:36,Medium,Rain,Wet,1,34.5345,-92.0842
5970,Los Angeles,2021-08-21,15:08,High,Clear,Dry,5,26.3533,-116.9994
5971,Los Angeles,2021-08-03,08:27,Medium,Rain,Slippery,4,41.335,-75.232
5972,Charlotte,2023-08-15,14:34,Low,Clear,Wet,4,43.3082,-96.8348
5973,Philadelphia,2021-03-18,11:42,Medium,Clear,Wet,5,32.84,-84.0302
5974,Philadelphia,2022-05-31,22:53,Medium,Clear,Wet,4,41.8351,-81.1658
5975,New York,2022-02-20,08:32,Low,Cloudy,Dry,2,28.7947,-74.7991
5976,Charlotte,2023-05-06,18:41,High,Rain,Dry,1,43.9163,-82.1866
5977,New York,2022-02-25,19:59,High,Rain,Wet,4,33.3782,-102.4924
5978,Philadelphia,2022-01-25,21:16,Medium,Rain,Dry,2,45.6366,-118.6926
5979,Houston,2022-08-07,12:18,Low,Cloudy,Dry,3,26.9455,-89.3403
5980,New York,2021-08-12,11:26,High,Snow,Dry,2,28.4416,-84.077
5981,Los Angeles,2023-07-28,15:09,Medium,Rain,Dry,1,35.6364,-119.4775
5982,Dallas,2022-11-02,16:13,Low,Clear,Dry,3,27.847,-98.6547
5983,Houston,2023-09-30,08:03,High,Rain,Dry,1,30.2251,-81.7771
5984,New York,2023-02-26,08:45,High,Rain,Dry,3,46.351,-74.6355
5985,Los Angeles,2021-09-27,07:32,Medium,Clear,Icy,2,45.2044,-120.4123
5986,Los Angeles,2022-10-22,19:02,High,Clear,Dry,2,39.2466,-111.9195
5987,Los Angeles,2023-04-21,07:29,Low,Clear,Wet,1,39.1401,-86.9552
5988,Chicago,2021-10-26,14:21,Low,Rain,Dry,4,45.7958,-119.9405
5989,Los Angeles,2021-11-13,13:27,Medium,Clear,Slippery,4,42.898,-103.1977
5990,New York,2023-03-14,22:47,Medium,Clear,Under Construction,4,38.9415,-75.5342
5991,Columbus,2022-10-14,19:10,Low,Rain,Wet,3,29.8771,-101.319
5992,Houston,2021-08-14,11:51,Medium,Rain,Wet,1,29.8519,-118.2217
5993,Philadelphia,2021-09-25,16:40,High,Clear,Dry,2,37.672,-87.1418
5994,Houston,2022-01-06,09:39,Medium,Clear,Under Construction,1,43.5391,-105.1761
5995,Chicago,2022-06-19,14:56,Medium,Snow,Slippery,1,33.9007,-119.3843
5996,Phoenix,2022-05-08,15:35,Medium,Hail,Wet,3,39.2961,-78.7004
5997,New York,2022-09-16,18:54,Low,Fog,Wet,1,38.135,-102.979
5998,San Diego,2022-09-22,04:43,Low,Rain,Wet,1,29.3085,-121.9537
5999,New York,2023-10-15,13:12,High,Rain,Dry,2,25.4598,-71.5744
6000,Austin,2022-03-28,08:24,Medium,Clear,Dry,4,38.3002,-103.6222
6001,New York,2022-09-22,06:49,High,Clear,Wet,2,28.2992,-110.5416
6002,Phoenix,2022-05-25,07:22,Medium,Fog,Icy,1,31.9881,-117.8931
6003,New York,2021-12-20,13:11,Low,Snow,Dry,3,31.9249,-107.879
6004,New York,2023-11-20,18:00,Low,Clear,Dry,1,33.9441,-94.2294
6005,Columbus,2021-01-08,13:15,Medium,Rain,Wet,2,25.34,-89.7686
6006,Chicago,2022-11-17,21:45,High,Clear,Dry,4,28.9546,-106.0019
6007,San Jose,2022-05-14,16:43,Low,Clear,Dry,2,26.7324,-93.1006
6008,Columbus,2023-05-20,22:40,Low,Rain,Dry,4,26.5951,-104.47
6009,New York,2021-03-08,06:38,Low,Cloudy,Wet,4,37.3313,-99.9081
6010,Chicago,2023-07-26,12:24,High,Hail,Icy,2,33.8044,-111.2727
6011,Phoenix,2021-11-05,03:18,Low,Rain,Dry,1,45.3307,-75.2719
6012,Charlotte,2021-01-04,17:30,High,Clear,Dry,1,46.3449,-97.5799
6013,Los Angeles,2021-04-27,19:45,Medium,Clear,Wet,3,43.3816,-97.9989
6014,San Jose,2022-04-19,06:44,Low,Clear,Dry,5,41.8811,-109.6368
6015,Houston,2022-06-27,16:39,Medium,Snow,Wet,4,40.59,-96.4874
6016,Los Angeles,2021-11-01,09:10,High,Fog,Dry,2,39.933,-109.1584
6017,Charlotte,2021-10-11,10:00,Low,Clear,Wet,3,34.2966,-103.4059
6018,Charlotte,2021-11-03,21:16,Low,Clear,Wet,5,33.246,-94.7602
6019,Columbus,2023-02-23,06:54,Medium,Clear,Dry,2,39.4585,-94.8386
6020,Philadelphia,2021-05-25,07:21,Low,Clear,Dry,1,38.7898,-107.9516
6021,Chicago,2023-06-12,04:46,Low,Clear,Dry,4,32.2473,-113.9414
6022,Los Angeles,2021-05-25,20:03,Low,Clear,Wet,4,28.6847,-97.9221
6023,New York,2023-03-17,20:44,High,Fog,Dry,2,39.1847,-97.0056
6024,Phoenix,2023-12-20,08:18,Low,Fog,Icy,4,35.8653,-96.9614
6025,Los Angeles,2022-01-15,10:47,Low,Rain,Dry,1,29.0518,-93.9818
6026,Charlotte,2023-10-04,16:49,Medium,Clear,Wet,2,34.8132,-116.5083
6027,San Antonio,2022-07-27,19:37,High,Rain,Wet,5,44.4086,-87.7465
6028,Dallas,2023-11-01,05:19,Low,Fog,Dry,4,32.9807,-71.8851
6029,Philadelphia,2021-01-22,10:02,Medium,Windy,Dry,5,46.5459,-95.8278
6030,Chicago,2022-06-30,14:01,Low,Rain,Slippery,4,32.9905,-101.6349
6031,Dallas,2022-02-02,16:48,Medium,Fog,Slippery,1,46.388,-120.6681
6032,New York,2022-06-23,06:50,Low,Rain,Dry,3,35.6851,-96.86
6033,Chicago,2021-08-21,12:37,Low,Clear,Wet,2,29.4414,-115.4738
6034,Los Angeles,2021-03-04,12:49,Medium,Clear,Dry,5,32.6142,-101.8698
6035,Chicago,2021-10-09,21:20,Low,Rain,Dry,5,47.5819,-105.8064
6036,Chicago,2023-05-02,08:35,Medium,Clear,Dry,1,32.8095,-119.9668
6037,New York,2022-07-23,19:50,Medium,Clear,Dry,4,42.5746,-121.3405
6038,Philadelphia,2023-11-18,04:20,Medium,Clear,Wet,5,26.9601,-70.288
6039,Charlotte,2023-11-14,09:09,High,Clear,Dry,4,37.4866,-101.695
6040,San Antonio,2021-03-30,07:34,High,Clear,Slippery,1,30.9181,-95.6937
6041,Houston,2023-03-18,21:56,Medium,Rain,Dry,4,37.6944,-72.3568
6042,San Jose,2023-01-20,23:43,Medium,Hail,Icy,1,32.2664,-92.9985
6043,San Jose,2022-04-01,22:24,High,Clear,Wet,3,35.7255,-107.3371
6044,New York,2021-04-18,08:41,High,Rain,Wet,3,43.6823,-80.3317
6045,New York,2023-06-09,18:55,Medium,Cloudy,Dry,1,45.5618,-74.1588
6046,Chicago,2023-02-24,10:03,Medium,Snow,Dry,1,35.8332,-93.6661
6047,Jacksonville,2023-02-20,20:55,Medium,Rain,Dry,3,46.1818,-84.5906
6048,Dallas,2021-11-03,13:31,Medium,Cloudy,Slippery,2,25.2882,-79.1632
6049,San Antonio,2023-05-26,16:55,Low,Clear,Icy,2,27.431,-106.8079
6050,Philadelphia,2023-02-01,17:20,High,Rain,Dry,5,34.7455,-106.6164
6051,Philadelphia,2022-09-14,19:44,Medium,Cloudy,Dry,3,33.5988,-75.6767
6052,Austin,2022-12-26,23:47,Medium,Fog,Dry,1,32.8735,-99.9449
6053,Indianapolis,2023-07-15,15:38,Medium,Rain,Dry,4,26.9288,-88.2564
6054,Los Angeles,2021-09-14,23:40,Low,Rain,Under Construction,2,38.6811,-117.3051
6055,Los Angeles,2022-08-05,18:31,Medium,Rain,Dry,4,40.6351,-102.0641
6056,Phoenix,2023-04-17,10:54,Medium,Snow,Wet,4,33.1972,-110.1969
6057,Indianapolis,2021-03-21,15:06,Medium,Rain,Dry,3,27.6098,-80.2235
6058,Austin,2022-10-10,12:13,Low,Clear,Dry,2,27.7118,-91.407
6059,Los Angeles,2023-02-24,19:55,Medium,Rain,Dry,4,28.7389,-81.6667
6060,Indianapolis,2023-10-30,17:53,Low,Snow,Dry,2,47.4278,-111.6286
6061,Chicago,2023-04-26,19:11,Medium,Rain,Dry,2,45.4143,-119.6765
6062,Houston,2023-08-27,15:39,Medium,Clear,Dry,4,38.4521,-88.8044
6063,New York,2023-08-18,19:00,Medium,Cloudy,Dry,5,42.2091,-108.7121
6064,San Jose,2023-01-01,10:56,Low,Clear,Wet,3,25.97,-99.5607
6065,Philadelphia,2023-03-17,11:10,High,Clear,Dry,3,35.7971,-88.0137
6066,Chicago,2023-03-31,14:51,Low,Clear,Dry,1,25.424,-101.9869
6067,Columbus,2022-12-11,18:39,Medium,Clear,Dry,3,28.1171,-119.0772
6068,Los Angeles,2023-11-06,17:00,Low,Clear,Wet,5,35.7461,-74.0296
6069,Los Angeles,2021-05-19,21:01,Medium,Clear,Under Construction,1,47.0605,-80.2117
6070,Chicago,2021-09-05,19:39,Low,Hail,Dry,2,30.4099,-108.2081
6071,Houston,2022-12-04,14:56,Low,Rain,Dry,1,34.3465,-100.4133
6072,Austin,2021-07-28,19:27,Medium,Clear,Under Construction,1,37.493,-77.0906
6073,Jacksonville,2021-02-26,07:15,Medium,Clear,Slippery,4,44.098,-90.6814
6074,Columbus,2022-06-17,13:12,Medium,Clear,Dry,1,42.4157,-70.8177
6075,Chicago,2021-10-25,09:28,High,Rain,Wet,3,46.2858,-105.8409
6076,Indianapolis,2022-08-07,19:42,High,Clear,Icy,1,44.116,-90.779
6077,Indianapolis,2022-01-16,06:10,Low,Cloudy,Wet,1,27.6343,-86.8633
6078,New York,2023-09-17,19:05,Low,Snow,Dry,5,41.2472,-71.3732
6079,Phoenix,2023-07-31,07:42,Low,Rain,Wet,1,39.2599,-78.0598
6080,San Antonio,2022-03-15,21:03,Low,Rain,Dry,4,44.2654,-90.7491
6081,New York,2021-06-18,16:15,Low,Windy,Dry,5,33.4098,-118.8063
6082,New York,2022-12-18,07:14,Medium,Clear,Dry,4,36.2994,-112.3444
6083,Chicago,2022-07-17,06:32,Low,Clear,Dry,5,32.1816,-119.1602
6084,Indianapolis,2022-12-26,19:37,Medium,Clear,Dry,5,29.0977,-76.4785
6085,New York,2022-06-06,19:16,Medium,Clear,Slippery,1,44.5976,-92.1703
6086,New York,2021-12-29,17:08,Medium,Snow,Wet,3,43.841,-101.8939
6087,Los Angeles,2022-01-21,18:35,High,Clear,Wet,3,30.0457,-80.1348
6088,Los Angeles,2021-08-23,18:10,Low,Clear,Dry,5,29.0223,-94.5871
6089,Austin,2021-03-20,15:07,Medium,Rain,Wet,1,29.5937,-110.3541
6090,Jacksonville,2023-11-28,18:28,Low,Clear,Slippery,3,35.6783,-83.1664
6091,Chicago,2023-06-02,11:49,Low,Rain,Dry,2,43.1581,-97.0671
6092,Los Angeles,2021-11-18,16:44,Medium,Rain,Wet,5,42.3953,-79.9289
6093,Jacksonville,2021-05-28,20:56,Medium,Clear,Dry,2,36.0428,-112.5843
6094,Phoenix,2023-06-02,18:24,Low,Rain,Dry,4,26.2301,-114.4626
6095,Los Angeles,2022-08-22,06:50,Low,Clear,Dry,5,29.7495,-112.2944
6096,San Diego,2021-06-27,10:14,High,Clear,Icy,3,44.395,-81.3334
6097,New York,2022-05-23,23:43,High,Rain,Dry,4,43.907,-117.857
6098,Phoenix,2023-08-06,07:34,High,Rain,Slippery,1,29.8387,-72.994
6099,Los Angeles,2021-03-25,10:54,Medium,Clear,Slippery,5,25.1582,-83.4557
6100,Houston,2023-09-19,19:47,Medium,Clear,Dry,4,41.9541,-90.4713
6101,New York,2023-08-06,14:23,Low,Hail,Wet,1,29.3292,-94.7795
6102,New York,2022-09-24,22:14,Medium,Rain,Dry,5,40.4704,-104.5737
6103,Los Angeles,2021-09-06,19:22,High,Rain,Dry,3,25.9533,-102.6037
6104,Chicago,2023-11-03,22:50,Low,Rain,Wet,1,35.2057,-70.1751
6105,Philadelphia,2023-12-08,17:17,Low,Clear,Icy,5,34.9672,-86.9405
6106,Dallas,2023-03-24,17:35,Medium,Snow,Dry,4,44.8751,-71.3888
6107,San Jose,2022-11-09,08:32,Medium,Fog,Icy,5,30.1682,-112.1264
6108,Austin,2022-07-18,13:05,Medium,Clear,Slippery,1,43.2413,-114.14
6109,Phoenix,2023-12-02,15:50,Medium,Clear,Wet,2,27.0703,-92.8905
6110,Columbus,2021-07-01,19:55,Medium,Rain,Dry,3,39.1653,-84.9085
6111,Los Angeles,2021-02-08,13:40,Low,Clear,Wet,3,44.132,-76.6366
6112,Dallas,2022-05-04,18:24,Medium,Snow,Slippery,1,27.6358,-88.0324
6113,Indianapolis,2023-11-27,22:55,Low,Clear,Dry,4,44.3959,-74.0371
6114,Chicago,2021-09-02,16:03,High,Rain,Dry,4,45.9845,-86.248
6115,Chicago,2021-02-20,18:30,Low,Rain,Wet,2,41.6952,-71.8881
6116,Columbus,2022-11-06,17:59,High,Clear,Slippery,1,30.4216,-110.2257
6117,Columbus,2023-04-17,18:23,Low,Clear,Dry,5,30.0459,-103.4896
6118,Phoenix,2023-05-07,16:35,Low,Cloudy,Icy,4,36.0839,-113.7905
6119,Philadelphia,2021-04-20,10:59,Medium,Clear,Wet,3,28.2595,-78.02
6120,Chicago,2023-02-09,18:27,Low,Clear,Wet,5,44.7538,-113.5589
6121,Charlotte,2022-06-19,01:13,Medium,Cloudy,Dry,3,40.9559,-73.6278
6122,Phoenix,2022-09-20,00:25,Medium,Fog,Dry,2,28.7151,-112.1812
6123,Charlotte,2022-04-21,00:40,Low,Clear,Wet,5,36.2551,-116.1038
6124,Los Angeles,2022-01-24,15:46,Low,Clear,Wet,3,47.2248,-89.3896
6125,Los Angeles,2022-12-01,13:52,Low,Clear,Dry,1,26.7531,-79.2837
6126,Jacksonville,2021-05-24,15:56,High,Fog,Slippery,4,40.5759,-71.2453
6127,New York,2023-04-27,16:34,High,Fog,Dry,3,26.0676,-88.5082
6128,Los Angeles,2023-09-27,09:02,Low,Fog,Dry,4,44.123,-118.6745
6129,Chicago,2022-04-04,07:33,Medium,Cloudy,Dry,2,34.7147,-79.0716
6130,Los Angeles,2021-01-11,22:56,Low,Snow,Wet,1,36.4498,-92.166
6131,New York,2021-10-02,23:06,Medium,Hail,Wet,2,25.6291,-85.5751
6132,New York,2021-06-01,01:29,Low,Cloudy,Wet,3,35.5743,-76.9025
6133,Chicago,2023-05-10,17:45,Low,Hail,Dry,5,30.8784,-92.0118
6134,Phoenix,2023-07-12,12:32,Medium,Clear,Icy,4,43.3689,-78.9189
6135,Chicago,2022-10-28,14:39,Medium,Clear,Slippery,4,29.7785,-110.5802
6136,New York,2021-01-21,03:46,Medium,Clear,Dry,2,30.4181,-70.1281
6137,San Diego,2021-12-28,11:47,Low,Clear,Dry,5,43.5714,-80.2047
6138,New York,2022-08-14,01:00,Low,Clear,Dry,5,27.3485,-96.2578
6139,Chicago,2022-08-22,06:24,High,Rain,Dry,4,25.8561,-108.4429
6140,Los Angeles,2022-04-28,16:30,High,Fog,Dry,2,33.596,-109.5514
6141,Houston,2022-10-20,11:16,Low,Clear,Wet,3,35.5386,-73.9444
6142,Phoenix,2023-03-04,03:39,Medium,Cloudy,Wet,5,46.8449,-74.2726
6143,Los Angeles,2021-11-12,12:38,Medium,Clear,Dry,5,43.0833,-102.7166
6144,Indianapolis,2022-09-01,05:19,High,Snow,Dry,1,37.6978,-101.8951
6145,San Antonio,2023-01-26,09:17,Low,Clear,Wet,5,43.9637,-72.2075
6146,Columbus,2023-01-09,11:58,Low,Clear,Dry,1,42.3603,-104.9515
6147,Chicago,2022-01-02,16:56,Medium,Clear,Dry,2,38.6522,-79.8618
6148,Dallas,2021-12-16,02:09,Medium,Fog,Dry,3,30.1169,-112.949
6149,Chicago,2021-02-20,14:08,High,Clear,Wet,3,35.6541,-84.1721
6150,San Diego,2023-08-31,08:07,Low,Clear,Dry,4,30.1956,-96.3628
6151,Phoenix,2022-03-11,12:04,Medium,Rain,Wet,5,33.276,-83.3079
6152,Chicago,2023-01-15,21:10,Low,Clear,Dry,5,38.1225,-115.764
6153,Los Angeles,2022-07-08,06:18,High,Clear,Wet,2,45.4677,-109.7653
6154,Houston,2023-11-16,10:48,Low,Snow,Wet,3,31.9058,-113.9812
6155,Chicago,2021-04-13,15:43,Low,Fog,Dry,4,38.2014,-119.4646
6156,Phoenix,2022-10-31,22:01,Low,Clear,Wet,5,31.6306,-107.8794
6157,Dallas,2021-01-14,16:57,Medium,Hail,Wet,3,30.4954,-119.6124
6158,Phoenix,2022-06-05,13:46,Low,Rain,Slippery,4,37.6127,-74.6882
6159,Phoenix,2021-04-22,11:52,Low,Windy,Dry,3,33.3441,-89.0078
6160,Los Angeles,2021-04-19,07:17,High,Clear,Dry,2,34.8397,-109.2789
6161,Columbus,2022-04-06,10:09,Low,Clear,Dry,5,36.9497,-89.341
6162,Chicago,2022-08-13,12:25,High,Rain,Dry,5,34.7287,-76.9213
6163,Houston,2022-02-09,10:07,High,Clear,Dry,4,47.1569,-77.8116
6164,San Diego,2021-03-23,09:21,Low,Windy,Icy,2,26.8543,-70.6498
6165,Dallas,2022-03-10,05:09,Medium,Rain,Dry,1,29.9887,-96.567
6166,Philadelphia,2022-01-27,21:58,High,Cloudy,Wet,5,38.832,-79.2679
6167,Houston,2021-07-12,20:44,Medium,Rain,Dry,4,44.8308,-73.0447
6168,Charlotte,2023-11-10,17:19,High,Cloudy,Dry,1,38.7404,-110.8822
6169,Phoenix,2023-12-27,05:11,Medium,Rain,Dry,3,26.2527,-106.146
6170,Phoenix,2022-04-17,09:39,Medium,Rain,Dry,3,30.7072,-105.5389
6171,Indianapolis,2022-03-16,20:11,Medium,Clear,Icy,3,42.7242,-87.3601
6172,Houston,2023-01-26,14:36,High,Clear,Dry,2,25.8118,-121.4326
6173,Indianapolis,2021-10-05,11:34,High,Clear,Dry,2,36.6724,-105.1892
6174,Chicago,2023-01-16,11:03,Medium,Clear,Wet,4,44.5112,-73.8985
6175,Austin,2021-07-07,10:24,Low,Clear,Dry,4,42.5302,-121.8388
6176,New York,2022-06-11,16:44,Low,Clear,Wet,2,39.8174,-101.5625
6177,Charlotte,2022-07-19,16:12,Medium,Rain,Icy,5,38.6307,-72.9139
6178,Phoenix,2022-06-29,07:09,Medium,Clear,Dry,5,46.5019,-121.6525
6179,Houston,2022-04-18,12:22,Low,Cloudy,Dry,3,29.4043,-106.0156
6180,San Jose,2021-06-01,16:01,High,Clear,Dry,3,29.0703,-74.4864
6181,Houston,2021-05-28,19:28,Medium,Clear,Dry,2,33.5845,-91.7264
6182,Chicago,2023-08-23,15:18,Low,Fog,Dry,3,29.0169,-96.8286
6183,Los Angeles,2021-12-26,23:31,High,Rain,Dry,5,30.8928,-87.7127
6184,Philadelphia,2022-08-12,23:30,Medium,Hail,Dry,4,36.0372,-99.2933
6185,San Jose,2023-05-06,14:18,Medium,Rain,Wet,5,38.783,-118.082
6186,Dallas,2021-11-09,12:15,Medium,Clear,Slippery,3,26.992,-103.7791
6187,Los Angeles,2022-12-06,00:29,Medium,Clear,Dry,5,35.9617,-110.4667
6188,Jacksonville,2023-11-19,07:17,High,Rain,Wet,4,26.3685,-90.0184
6189,Chicago,2022-04-19,09:58,High,Snow,Icy,3,33.8077,-96.9904
6190,New York,2023-06-07,20:36,Low,Clear,Slippery,3,27.9235,-113.3988
6191,Philadelphia,2021-06-01,23:40,Low,Fog,Dry,5,37.2485,-113.4747
6192,Philadelphia,2023-05-22,19:46,Medium,Clear,Wet,2,30.3405,-109.6672
6193,San Diego,2023-01-31,06:15,Low,Clear,Dry,3,38.2337,-80.6244
6194,New York,2023-01-11,13:13,Medium,Rain,Dry,1,47.8577,-88.0115
6195,Jacksonville,2021-11-21,09:03,Low,Rain,Dry,3,29.1515,-110.4125
6196,Dallas,2023-01-04,12:17,Medium,Windy,Icy,1,47.9726,-99.0372
6197,New York,2022-04-20,18:12,Medium,Rain,Dry,5,35.4778,-102.8188
6198,Chicago,2023-12-23,06:53,Medium,Clear,Slippery,3,32.7225,-87.0131
6199,San Jose,2021-07-10,19:09,Low,Clear,Icy,4,26.2186,-116.0861
6200,Charlotte,2021-07-10,10:30,Low,Hail,Icy,2,38.9686,-70.7861
6201,Philadelphia,2022-08-05,11:06,Medium,Clear,Dry,3,45.2119,-116.8788
6202,Jacksonville,2021-02-01,18:17,Low,Clear,Dry,1,40.2892,-90.5196
6203,Houston,2021-11-23,01:56,Medium,Rain,Wet,5,25.8578,-89.269
6204,San Antonio,2023-08-07,16:50,Low,Rain,Dry,1,27.4219,-76.0047
6205,Charlotte,2021-02-15,22:42,Medium,Fog,Dry,3,40.964,-73.6102
6206,New York,2021-09-04,12:31,High,Clear,Dry,5,37.0971,-99.6315
6207,Philadelphia,2023-10-06,19:34,Low,Clear,Dry,2,47.2026,-70.3326
6208,Chicago,2023-01-23,07:33,Medium,Snow,Dry,3,46.8019,-107.0006
6209,Houston,2021-06-20,17:01,Medium,Rain,Dry,5,37.7215,-117.2612
6210,Jacksonville,2023-02-19,17:49,High,Rain,Dry,5,47.7308,-92.9062
6211,San Antonio,2022-10-19,06:16,Medium,Clear,Dry,1,41.004,-102.2065
6212,Los Angeles,2022-10-11,10:08,High,Hail,Icy,3,47.1762,-86.3092
6213,San Diego,2022-02-07,16:49,Medium,Clear,Dry,2,43.7029,-88.9759
6214,New York,2022-12-25,13:02,Medium,Clear,Dry,2,28.8722,-107.9129
6215,San Jose,2021-05-08,07:33,High,Rain,Wet,2,26.0175,-94.063
6216,Charlotte,2022-08-29,18:25,Low,Clear,Dry,2,41.9621,-100.0302
6217,Charlotte,2021-11-25,07:49,Medium,Fog,Dry,4,28.8675,-77.4207
6218,Houston,2023-01-07,08:45,Medium,Clear,Under Construction,4,34.1287,-102.8327
6219,New York,2022-07-16,20:41,High,Rain,Under Construction,2,35.5067,-87.3608
6220,Indianapolis,2023-08-26,18:23,High,Cloudy,Slippery,5,29.6862,-84.6628
6221,New York,2021-10-12,15:33,Medium,Cloudy,Dry,5,40.8493,-96.6181
6222,San Antonio,2022-09-04,07:46,Low,Rain,Dry,2,35.3956,-89.9791
6223,Charlotte,2021-03-01,03:48,Low,Clear,Wet,5,37.8037,-113.2249
6224,Charlotte,2022-03-14,15:36,Medium,Clear,Wet,4,35.9501,-77.195
6225,Dallas,2022-10-10,17:57,Medium,Windy,Dry,1,26.0219,-72.3405
6226,New York,2022-03-21,19:06,Low,Clear,Wet,3,43.7876,-120.1521
6227,Austin,2022-01-13,23:21,Medium,Clear,Dry,5,36.8433,-116.3912
6228,New York,2023-11-19,20:34,Medium,Clear,Slippery,1,31.9407,-93.8561
6229,Chicago,2022-03-21,20:59,High,Clear,Icy,5,28.0364,-96.3083
6230,Philadelphia,2023-01-04,17:38,Medium,Rain,Under Construction,1,38.683,-96.3522
6231,San Jose,2023-11-03,15:44,Medium,Clear,Wet,2,28.9267,-113.1086
6232,Los Angeles,2023-03-28,22:16,Low,Clear,Dry,4,27.1526,-85.7796
6233,Chicago,2023-09-22,10:24,High,Rain,Icy,1,47.2565,-100.8233
6234,Chicago,2021-06-23,21:17,Low,Clear,Dry,1,28.6103,-88.8858
6235,New York,2021-08-23,19:06,Medium,Rain,Dry,1,25.5284,-73.2361
6236,Dallas,2023-03-30,16:58,Medium,Clear,Dry,3,35.7864,-83.9804
6237,New York,2021-11-17,04:12,Low,Snow,Slippery,2,31.4685,-110.8533
6238,New York,2023-01-02,18:19,Low,Clear,Wet,4,31.5639,-72.6341
6239,Charlotte,2023-03-18,18:45,Low,Clear,Under Construction,4,45.8712,-114.8496
6240,Phoenix,2023-10-05,17:04,Medium,Rain,Dry,1,32.1,-101.7563
6241,Charlotte,2021-02-05,08:18,Medium,Rain,Wet,1,40.3409,-86.6529
6242,Jacksonville,2022-02-14,09:09,Low,Clear,Dry,3,25.5689,-87.8821
6243,San Diego,2021-06-08,20:27,High,Rain,Icy,1,36.3761,-112.0338
6244,Los Angeles,2022-03-31,20:18,Low,Fog,Wet,2,31.8458,-119.0486
6245,New York,2022-09-01,17:36,High,Clear,Dry,1,34.6867,-76.0539
6246,Jacksonville,2021-04-12,19:17,High,Fog,Dry,2,31.0629,-108.1632
6247,Dallas,2022-07-30,19:57,Medium,Clear,Dry,4,30.0188,-96.9834
6248,New York,2023-10-23,03:05,High,Clear,Dry,4,33.2039,-91.9302
6249,Houston,2023-09-05,16:38,High,Rain,Dry,4,40.1782,-96.2062
6250,Los Angeles,2023-03-24,21:51,Medium,Clear,Dry,5,27.3734,-74.3217
6251,Los Angeles,2022-07-25,21:13,Medium,Clear,Dry,3,42.0868,-111.6207
6252,Dallas,2021-10-06,20:18,Low,Rain,Dry,4,27.187,-121.1512
6253,New York,2023-11-19,08:39,Low,Snow,Dry,5,47.0023,-112.0211
6254,Houston,2023-01-20,05:18,Low,Rain,Dry,2,36.0693,-103.6219
6255,New York,2023-07-26,15:02,Medium,Rain,Icy,1,25.3916,-119.4292
6256,San Antonio,2023-01-04,03:57,Low,Cloudy,Dry,3,31.2649,-71.9583
6257,Indianapolis,2021-08-18,08:27,Low,Fog,Wet,3,29.0309,-84.1412
6258,Chicago,2021-03-31,17:35,Low,Cloudy,Under Construction,1,28.3328,-82.621
6259,Philadelphia,2021-07-18,11:58,Medium,Snow,Wet,5,42.833,-74.5235
6260,New York,2021-05-24,16:28,Low,Clear,Icy,4,43.6328,-115.8598
6261,San Jose,2021-06-26,06:30,Low,Rain,Wet,2,40.959,-111.5432
6262,Los Angeles,2022-02-14,12:56,High,Rain,Wet,4,38.3295,-79.1927
6263,Jacksonville,2023-05-07,11:19,High,Clear,Dry,3,45.6427,-100.7622
6264,New York,2023-10-19,22:24,Medium,Rain,Dry,3,29.8065,-78.7003
6265,Los Angeles,2022-06-12,11:55,Low,Rain,Dry,4,30.1441,-111.6607
6266,Austin,2021-08-08,07:12,High,Clear,Wet,2,32.1371,-108.7323
6267,New York,2023-02-20,11:24,Medium,Hail,Slippery,4,47.3768,-117.93
6268,Los Angeles,2022-04-10,16:55,Medium,Clear,Icy,3,34.6391,-116.1318
6269,Indianapolis,2021-09-26,00:45,Low,Rain,Dry,4,33.5623,-89.8078
6270,Phoenix,2023-05-22,21:01,Medium,Cloudy,Slippery,2,33.4978,-111.0221
6271,San Antonio,2022-05-16,22:58,Low,Clear,Dry,1,40.4936,-98.6854
6272,New York,2022-12-18,12:34,High,Clear,Wet,5,34.7932,-83.2059
6273,Columbus,2023-02-09,06:12,Medium,Fog,Dry,1,46.2177,-121.7643
6274,San Antonio,2022-02-26,03:47,Medium,Clear,Dry,5,32.2165,-71.1293
6275,Houston,2022-05-24,12:25,Low,Cloudy,Icy,4,42.2182,-86.1278
6276,Philadelphia,2023-03-24,09:34,Low,Rain,Dry,1,29.1764,-107.0582
6277,Dallas,2023-01-05,16:51,High,Clear,Dry,4,47.6698,-95.3894
6278,Columbus,2021-11-02,21:34,Low,Clear,Dry,5,42.4702,-102.1393
6279,San Diego,2022-08-25,04:35,Low,Rain,Slippery,4,31.4534,-117.9096
6280,Indianapolis,2022-05-06,11:33,Low,Snow,Icy,3,44.8961,-107.2334
6281,San Jose,2021-09-25,08:20,Medium,Rain,Dry,5,30.6989,-80.4299
6282,New York,2023-03-09,02:44,Medium,Rain,Dry,5,27.5219,-114.8595
6283,Dallas,2022-08-29,13:44,Medium,Rain,Dry,3,43.5077,-100.1793
6284,New York,2021-01-31,20:42,Medium,Cloudy,Dry,4,33.2937,-112.4854
6285,Austin,2022-09-29,21:07,Low,Rain,Dry,3,36.9528,-70.6172
6286,Philadelphia,2021-09-24,13:07,Medium,Rain,Under Construction,1,39.3457,-91.4575
6287,Houston,2021-08-15,19:14,Low,Clear,Dry,1,27.7454,-95.8714
6288,Dallas,2022-08-04,20:02,Low,Clear,Icy,1,37.8016,-71.6679
6289,Chicago,2021-06-30,17:50,Medium,Clear,Wet,5,28.0715,-87.5457
6290,Dallas,2022-06-14,17:58,High,Hail,Wet,5,44.4616,-108.2391
6291,Indianapolis,2022-10-30,16:05,High,Snow,Wet,3,27.6654,-116.322
6292,Charlotte,2023-09-05,21:48,High,Snow,Slippery,4,42.261,-83.3288
6293,Phoenix,2023-03-13,11:54,Medium,Rain,Dry,1,41.3098,-111.972
6294,Dallas,2023-07-18,18:41,Low,Clear,Wet,1,41.8526,-114.8604
6295,Phoenix,2022-03-25,23:23,Medium,Hail,Slippery,4,47.6897,-89.8043
6296,Jacksonville,2022-11-09,06:50,High,Hail,Wet,3,33.6095,-108.239
6297,Houston,2023-01-20,11:36,Low,Fog,Wet,5,47.7181,-89.5224
6298,Charlotte,2023-11-26,22:49,Low,Clear,Dry,4,36.0998,-120.2693
6299,Philadelphia,2023-01-18,16:50,Low,Snow,Slippery,3,28.1292,-78.2415
6300,Dallas,2022-10-21,10:32,Medium,Clear,Icy,5,27.5446,-90.779
6301,San Diego,2023-04-04,13:15,Medium,Rain,Dry,4,42.1666,-114.4018
6302,Houston,2021-04-15,00:04,Medium,Snow,Dry,3,45.1319,-97.1962
6303,Columbus,2023-05-31,08:38,Medium,Clear,Slippery,2,26.623,-103.9075
6304,Phoenix,2023-05-17,16:53,Medium,Fog,Dry,3,43.7813,-119.3529
6305,Los Angeles,2021-02-03,08:25,High,Clear,Wet,2,33.8775,-95.4093
6306,Charlotte,2021-08-27,17:21,Low,Hail,Dry,1,37.2229,-93.3128
6307,Los Angeles,2022-11-11,15:11,Medium,Rain,Wet,4,28.6084,-107.822
6308,Columbus,2023-05-05,05:15,Low,Fog,Slippery,5,28.9694,-94.5368
6309,New York,2021-02-27,19:23,Low,Rain,Wet,5,35.2327,-104.3878
6310,Houston,2021-02-11,16:03,High,Windy,Dry,4,40.1802,-118.2669
6311,Austin,2021-12-22,17:14,High,Clear,Dry,3,39.3968,-112.5161
6312,New York,2022-06-17,16:50,Medium,Snow,Wet,1,27.6116,-93.2719
6313,Columbus,2021-08-23,08:01,High,Cloudy,Wet,2,27.5587,-82.0424
6314,Austin,2022-10-25,16:53,Low,Clear,Slippery,2,31.0466,-80.8089
6315,Philadelphia,2021-04-23,19:35,Low,Fog,Dry,1,45.7957,-77.3274
6316,Chicago,2023-09-27,20:49,High,Clear,Slippery,1,33.833,-121.4818
6317,Columbus,2021-04-19,21:45,Medium,Clear,Dry,1,37.4291,-112.7442
6318,Dallas,2022-07-19,02:44,Medium,Fog,Dry,5,25.4664,-111.4887
6319,San Jose,2023-11-24,23:56,Low,Clear,Dry,2,44.8767,-99.4711
6320,Los Angeles,2022-12-20,21:22,Low,Fog,Dry,3,26.8152,-76.3188
6321,Philadelphia,2021-08-01,07:46,Low,Snow,Dry,2,32.5427,-88.9258
6322,Jacksonville,2023-08-25,09:13,Medium,Hail,Dry,5,37.562,-100.7901
6323,Los Angeles,2023-04-19,22:39,Medium,Rain,Icy,4,26.1877,-90.4303
6324,Chicago,2022-03-17,20:39,Medium,Rain,Dry,1,29.1498,-89.1287
6325,Austin,2022-06-02,20:52,Medium,Hail,Dry,2,25.1138,-88.0869
6326,Jacksonville,2022-09-25,11:54,Low,Rain,Wet,2,43.6087,-109.8392
6327,New York,2023-09-11,19:30,High,Clear,Dry,3,46.1753,-120.3559
6328,Jacksonville,2021-11-03,15:00,High,Rain,Dry,5,47.9935,-120.3581
6329,Philadelphia,2021-05-29,19:57,Medium,Clear,Wet,2,35.8738,-119.1387
6330,New York,2021-08-15,04:29,Medium,Clear,Wet,3,30.8711,-77.4248
6331,San Diego,2022-04-17,18:53,Low,Rain,Dry,1,37.9454,-81.1522
6332,New York,2021-06-05,22:05,Low,Fog,Wet,2,34.2462,-75.2836
6333,New York,2023-12-12,16:08,Low,Clear,Icy,2,40.65,-76.9397
6334,Philadelphia,2021-01-01,00:32,Medium,Hail,Dry,4,31.8626,-81.0639
6335,Houston,2022-09-24,09:57,Low,Rain,Dry,4,43.1479,-71.8401
6336,Los Angeles,2022-01-24,06:48,Low,Clear,Wet,1,41.5853,-96.403
6337,Charlotte,2021-10-21,13:55,Medium,Clear,Wet,5,41.612,-109.6841
6338,New York,2023-08-24,13:05,Medium,Snow,Dry,2,42.9986,-70.8447
6339,Los Angeles,2022-10-15,20:37,Low,Rain,Dry,3,40.3454,-89.4601
6340,Phoenix,2022-07-16,03:01,High,Clear,Slippery,2,30.2282,-98.1786
6341,New York,2023-12-05,14:05,High,Clear,Icy,1,35.1023,-77.5266
6342,Philadelphia,2021-03-07,10:49,Low,Clear,Wet,4,47.8644,-119.656
6343,Houston,2021-10-23,11:44,Medium,Rain,Under Construction,4,41.4511,-115.1891
6344,Houston,2023-02-04,20:37,Low,Snow,Dry,1,29.0483,-89.0198
6345,Phoenix,2022-03-16,22:50,Low,Rain,Dry,1,47.4441,-115.9748
6346,San Diego,2023-06-12,07:24,Low,Rain,Wet,4,30.2636,-113.2063
6347,Los Angeles,2021-05-01,17:16,Medium,Fog,Dry,4,43.9495,-89.2148
6348,Philadelphia,2023-04-06,23:33,High,Hail,Wet,2,47.6322,-118.3436
6349,Dallas,2021-06-07,17:52,Low,Clear,Dry,2,27.1839,-90.5402
6350,Philadelphia,2022-03-07,10:44,Low,Clear,Dry,1,31.5139,-100.4359
6351,Chicago,2022-06-13,02:49,Medium,Cloudy,Dry,1,34.3087,-110.7821
6352,Dallas,2023-05-20,18:45,Low,Fog,Icy,4,26.2643,-118.7551
6353,Los Angeles,2022-03-25,12:01,High,Clear,Icy,1,28.0517,-74.6933
6354,Houston,2023-05-22,19:43,Low,Rain,Wet,5,42.6455,-100.2234
6355,Philadelphia,2021-01-14,18:46,Medium,Rain,Dry,5,36.5476,-99.1752
6356,Phoenix,2021-10-16,09:03,Low,Hail,Wet,4,45.0388,-114.414
6357,San Jose,2023-02-16,19:27,High,Cloudy,Dry,5,32.2474,-77.2381
6358,Dallas,2023-06-13,22:05,Medium,Clear,Dry,5,32.42,-107.9063
6359,Chicago,2021-05-19,18:44,Low,Cloudy,Icy,5,28.8762,-116.2548
6360,Indianapolis,2023-06-23,05:38,Low,Clear,Dry,5,34.6359,-118.8734
6361,Dallas,2023-06-01,14:54,Medium,Rain,Slippery,1,42.7509,-108.7257
6362,New York,2022-10-08,21:29,Low,Rain,Wet,5,41.2065,-111.1428
6363,New York,2021-07-04,08:53,Medium,Hail,Slippery,2,47.5043,-88.6238
6364,Chicago,2023-03-12,15:42,High,Rain,Wet,2,25.1759,-93.0564
6365,Dallas,2021-06-14,21:31,Low,Clear,Dry,4,33.6931,-120.5586
6366,Charlotte,2021-05-11,03:43,Medium,Rain,Wet,1,43.2382,-117.2386
6367,Dallas,2022-02-20,18:36,Medium,Clear,Dry,4,42.7922,-106.4552
6368,New York,2021-02-05,17:35,Medium,Clear,Dry,2,43.7334,-106.3577
6369,Los Angeles,2022-02-20,12:04,Low,Clear,Wet,4,45.1252,-71.8645
6370,New York,2023-12-13,22:43,Low,Clear,Wet,1,28.5779,-80.6977
6371,Philadelphia,2022-05-07,19:13,Low,Clear,Dry,2,39.9473,-79.5285
6372,San Jose,2023-11-02,16:38,Medium,Cloudy,Dry,4,33.4525,-72.6009
6373,Philadelphia,2022-08-31,17:01,High,Clear,Dry,2,47.274,-104.4497
6374,Phoenix,2022-07-13,18:12,Low,Clear,Dry,2,46.6395,-73.4004
6375,Dallas,2023-11-16,20:16,Low,Fog,Dry,3,32.4458,-72.1571
6376,Phoenix,2022-06-08,19:10,High,Cloudy,Dry,2,42.3047,-83.7066
6377,Phoenix,2021-10-30,11:20,Medium,Clear,Dry,2,46.3378,-110.8949
6378,Columbus,2022-12-14,12:51,High,Clear,Dry,2,36.3309,-73.0195
6379,San Antonio,2023-05-12,13:44,Medium,Fog,Dry,2,42.0493,-102.7375
6380,New York,2021-12-27,18:09,Low,Clear,Wet,5,37.6333,-87.5427
6381,Philadelphia,2021-04-11,14:37,High,Clear,Wet,1,29.3296,-80.1178
6382,Philadelphia,2021-06-18,16:38,High,Clear,Slippery,2,25.4112,-82.5768
6383,Houston,2023-11-11,07:36,High,Fog,Wet,5,27.7417,-109.7165
6384,Austin,2022-10-13,21:41,High,Clear,Under Construction,2,45.3115,-102.7987
6385,Phoenix,2021-01-18,11:34,Medium,Rain,Under Construction,5,35.0197,-120.1176
6386,New York,2023-04-16,15:36,Low,Clear,Dry,2,40.0899,-73.379
6387,Dallas,2023-12-21,18:40,Low,Clear,Wet,5,29.2726,-81.83
6388,New York,2021-03-01,20:36,Medium,Clear,Under Construction,2,46.3101,-88.6956
6389,Chicago,2021-03-17,06:29,Medium,Fog,Icy,4,29.3752,-86.9973
6390,Houston,2021-08-09,11:39,Medium,Clear,Wet,1,31.2825,-81.4282
6391,Columbus,2022-07-10,14:16,High,Clear,Dry,5,43.7878,-78.1744
6392,Los Angeles,2021-12-19,21:12,Low,Clear,Wet,1,26.6486,-97.3546
6393,Indianapolis,2023-02-13,12:05,Low,Rain,Dry,5,40.3508,-73.414
6394,Austin,2021-05-01,14:38,Medium,Rain,Dry,1,33.8354,-117.0125
6395,San Diego,2021-01-30,21:10,High,Clear,Icy,5,34.6093,-102.3953
6396,Chicago,2022-12-20,14:54,Low,Fog,Icy,3,25.5264,-87.0716
6397,Austin,2022-08-15,08:01,Low,Rain,Under Construction,5,40.1285,-84.9153
6398,Philadelphia,2023-03-20,18:04,Medium,Clear,Wet,4,34.2611,-72.4711
6399,Houston,2023-06-05,17:50,Medium,Clear,Dry,5,38.3617,-97.2257
6400,Los Angeles,2022-04-25,17:03,Low,Rain,Slippery,1,35.6986,-107.7016
6401,Los Angeles,2023-06-16,19:16,Low,Clear,Wet,4,26.2348,-104.4259
6402,Austin,2021-03-02,06:43,Low,Snow,Slippery,3,44.8776,-70.0417
6403,Dallas,2021-07-02,23:30,High,Rain,Dry,4,40.9963,-116.9769
6404,Los Angeles,2023-11-04,11:47,Medium,Clear,Dry,1,27.814,-83.2435
6405,Chicago,2022-10-18,22:09,High,Clear,Dry,4,41.1621,-80.8815
6406,Dallas,2022-11-21,13:32,Low,Clear,Dry,3,28.0924,-83.0156
6407,Houston,2021-06-29,06:26,Medium,Rain,Dry,3,26.0627,-81.4159
6408,Austin,2021-07-08,10:28,Medium,Clear,Wet,1,43.8973,-86.1893
6409,Chicago,2021-09-16,13:41,High,Fog,Dry,2,42.2517,-91.3233
6410,Philadelphia,2023-12-13,07:34,Low,Clear,Dry,2,43.2941,-108.3165
6411,New York,2022-04-23,11:46,Medium,Snow,Dry,5,42.4581,-105.4982
6412,Jacksonville,2022-07-28,13:14,Low,Rain,Dry,4,29.2562,-108.2655
6413,New York,2023-07-22,16:12,Medium,Snow,Wet,4,26.7044,-109.1159
6414,Dallas,2023-05-19,12:06,Medium,Clear,Dry,2,44.1073,-99.1754
6415,Charlotte,2023-07-15,13:44,Low,Clear,Icy,3,46.0983,-93.8933
6416,Los Angeles,2023-04-28,06:25,Low,Clear,Icy,1,34.1651,-115.365
6417,San Jose,2023-11-02,13:20,High,Fog,Wet,1,44.3864,-107.2974
6418,Dallas,2021-05-19,19:50,Medium,Rain,Wet,3,35.5595,-85.0809
6419,Dallas,2021-05-22,17:25,High,Hail,Wet,5,29.7066,-91.7643
6420,San Diego,2022-01-19,13:34,Low,Rain,Dry,4,38.3762,-90.9404
6421,Philadelphia,2023-09-25,18:59,Medium,Clear,Dry,5,36.7657,-109.8047
6422,New York,2022-05-14,14:56,High,Clear,Slippery,3,25.1256,-83.3513
6423,San Diego,2021-06-17,16:50,Medium,Fog,Dry,4,36.0814,-76.5087
6424,Los Angeles,2022-10-21,12:56,Medium,Clear,Slippery,3,25.5167,-106.1332
6425,Jacksonville,2023-02-22,13:33,High,Clear,Slippery,1,42.2967,-75.4827
6426,Los Angeles,2022-11-10,09:18,Low,Rain,Wet,2,30.1626,-80.5038
6427,Indianapolis,2022-03-29,17:55,High,Snow,Slippery,3,29.428,-95.8281
6428,Los Angeles,2023-11-19,05:07,Medium,Snow,Dry,3,38.9735,-94.1571
6429,Dallas,2022-08-30,19:50,Medium,Rain,Dry,4,30.1264,-86.2705
6430,Chicago,2022-11-21,08:29,High,Clear,Dry,4,28.1543,-79.1314
6431,Philadelphia,2022-10-13,19:43,High,Clear,Dry,2,28.4531,-96.2074
6432,Charlotte,2021-03-14,08:41,Medium,Clear,Icy,2,35.671,-76.4362
6433,Chicago,2021-02-04,05:34,Medium,Clear,Under Construction,2,38.164,-109.9984
6434,Houston,2023-01-12,11:02,Medium,Clear,Under Construction,1,25.8726,-85.2051
6435,Austin,2023-12-22,07:08,Low,Rain,Wet,1,30.0586,-89.341
6436,Chicago,2021-07-26,00:23,High,Clear,Dry,2,34.3737,-121.9055
6437,Chicago,2023-02-22,09:06,Low,Cloudy,Wet,2,28.9134,-116.1401
6438,Chicago,2021-12-05,18:36,Low,Clear,Dry,2,41.5882,-82.8153
6439,San Diego,2021-09-05,08:36,Low,Fog,Dry,5,45.5626,-107.2777
6440,New York,2022-01-18,13:20,Low,Fog,Icy,5,26.9508,-77.8967
6441,San Antonio,2021-04-18,17:05,High,Clear,Wet,1,25.0015,-90.2444
6442,Austin,2023-10-26,17:42,High,Snow,Wet,1,43.3636,-73.5243
6443,New York,2022-05-21,16:53,Medium,Rain,Wet,1,39.3713,-92.3072
6444,New York,2021-06-27,13:15,Low,Snow,Wet,1,27.4846,-107.6294
6445,Houston,2022-03-05,18:52,Medium,Clear,Wet,1,46.7019,-121.936
6446,Austin,2022-09-10,17:57,Medium,Snow,Dry,3,33.7501,-114.4266
6447,Philadelphia,2021-03-02,16:39,Medium,Fog,Dry,3,28.337,-86.1409
6448,Chicago,2022-02-23,16:08,Medium,Fog,Dry,3,33.7109,-100.575
6449,Columbus,2023-08-09,16:06,Medium,Cloudy,Dry,2,35.6701,-80.0021
6450,New York,2022-09-29,19:45,Low,Clear,Wet,2,32.387,-111.4886
6451,San Antonio,2021-12-05,10:40,High,Rain,Dry,4,37.7914,-76.9353
6452,Jacksonville,2023-11-10,13:35,High,Rain,Slippery,1,41.3678,-72.4353
6453,Philadelphia,2021-10-07,19:09,Low,Clear,Dry,4,42.2562,-99.7146
6454,San Diego,2023-03-11,19:33,Low,Clear,Dry,4,42.2149,-115.24
6455,Phoenix,2022-12-03,19:16,Medium,Clear,Dry,3,44.0588,-83.0813
6456,New York,2022-01-16,17:35,High,Hail,Dry,4,31.9256,-81.6566
6457,San Antonio,2021-07-16,19:09,Low,Rain,Dry,2,30.1248,-72.3681
6458,Chicago,2023-01-06,08:34,Low,Rain,Dry,5,35.4352,-95.4861
6459,Indianapolis,2022-02-08,08:03,Low,Fog,Dry,3,40.8146,-119.7491
6460,San Antonio,2023-01-14,12:21,Low,Clear,Dry,3,37.3536,-103.3758
6461,Chicago,2023-01-01,18:52,Medium,Rain,Dry,2,42.854,-81.932
6462,Chicago,2021-03-13,09:56,Medium,Rain,Wet,5,41.8359,-80.685
6463,Chicago,2021-02-05,16:17,Low,Rain,Dry,5,29.8474,-78.595
6464,Jacksonville,2023-07-17,20:36,High,Rain,Slippery,2,29.2261,-95.2897
6465,Chicago,2021-10-16,16:36,Medium,Rain,Slippery,2,35.081,-71.9899
6466,Jacksonville,2023-04-21,18:00,Medium,Clear,Wet,1,38.0543,-80.8658
6467,San Diego,2022-09-15,22:34,Low,Clear,Slippery,2,37.5656,-78.7429
6468,New York,2023-11-03,17:04,Medium,Clear,Icy,2,32.998,-113.4641
6469,San Antonio,2021-09-04,20:32,High,Clear,Dry,1,47.1175,-99.4286
6470,Jacksonville,2023-02-10,11:57,Low,Cloudy,Dry,2,25.0105,-73.3876
6471,Los Angeles,2022-08-28,19:52,Low,Snow,Dry,3,34.118,-106.6434
6472,Chicago,2023-07-28,17:40,High,Clear,Dry,3,44.5345,-108.2389
6473,Houston,2023-03-10,22:58,Low,Rain,Under Construction,5,29.489,-86.6687
6474,San Jose,2023-02-24,19:23,High,Clear,Dry,4,27.8187,-79.4003
6475,Houston,2023-05-18,21:23,Low,Clear,Dry,3,25.3136,-110.9434
6476,Houston,2023-02-24,11:32,Medium,Clear,Dry,4,35.5704,-101.7125
6477,Los Angeles,2022-04-07,16:11,Medium,Clear,Dry,3,31.5178,-99.9991
6478,New York,2021-12-19,14:20,Medium,Fog,Dry,4,38.7653,-107.2095
6479,Phoenix,2023-07-06,16:04,Low,Rain,Dry,1,27.6628,-72.3098
6480,Dallas,2023-05-21,13:49,Low,Clear,Under Construction,1,29.7129,-73.5939
6481,Austin,2021-07-24,12:47,Medium,Cloudy,Wet,5,39.4367,-88.849
6482,Chicago,2023-03-16,06:54,Low,Fog,Dry,1,47.2074,-87.2382
6483,Houston,2023-01-30,20:57,Medium,Snow,Dry,4,45.1588,-111.4595
6484,Philadelphia,2021-12-13,20:08,Medium,Clear,Dry,5,47.2629,-114.6301
6485,Dallas,2023-07-25,08:24,Low,Clear,Dry,5,26.2851,-74.5274
6486,Los Angeles,2021-04-01,21:57,Medium,Fog,Slippery,2,34.5108,-84.9505
6487,Houston,2023-04-25,05:16,Medium,Clear,Icy,4,39.4607,-100.3329
6488,Houston,2021-02-27,20:10,High,Rain,Under Construction,2,30.8742,-74.4225
6489,Dallas,2022-06-07,19:21,Low,Rain,Wet,1,35.4743,-107.914
6490,Austin,2022-01-12,12:19,Medium,Clear,Wet,3,46.1207,-97.1273
6491,Los Angeles,2021-05-26,22:15,Medium,Clear,Under Construction,2,39.5361,-83.0663
6492,Indianapolis,2022-12-20,12:26,Low,Clear,Dry,1,37.2543,-104.9341
6493,New York,2022-02-13,14:24,Medium,Rain,Dry,5,37.5928,-90.5465
6494,New York,2023-05-04,18:05,High,Clear,Wet,5,35.1404,-103.3592
6495,San Diego,2023-02-28,08:44,Low,Clear,Icy,3,27.2464,-101.7887
6496,Indianapolis,2023-03-23,12:41,Low,Fog,Dry,3,31.5342,-103.8287
6497,San Jose,2023-05-09,06:51,High,Clear,Icy,1,36.8447,-74.2693
6498,Columbus,2022-10-07,19:30,High,Rain,Wet,4,33.285,-85.1624
6499,New York,2022-06-03,18:54,Low,Rain,Wet,1,44.0168,-93.9999
6500,Los Angeles,2021-10-19,13:44,Medium,Fog,Icy,3,32.743,-74.3325
6501,Houston,2021-02-17,11:47,High,Rain,Under Construction,5,42.172,-105.2361
6502,Dallas,2023-03-22,05:17,Medium,Clear,Wet,3,33.4586,-88.7139
6503,New York,2023-05-20,08:13,Low,Rain,Dry,2,44.1074,-89.9003
6504,Indianapolis,2023-06-11,08:05,Low,Fog,Dry,5,44.1946,-101.4083
6505,San Diego,2022-05-27,12:48,Medium,Fog,Wet,1,43.2465,-104.8789
6506,Los Angeles,2021-03-11,19:15,Low,Snow,Dry,2,29.6267,-105.27
6507,Los Angeles,2022-01-13,07:15,Low,Clear,Dry,2,25.3814,-70.7952
6508,Austin,2023-09-26,10:08,Low,Rain,Dry,5,29.2999,-90.2102
6509,Phoenix,2021-09-30,19:42,Low,Windy,Dry,3,43.3622,-104.9784
6510,Jacksonville,2022-04-23,20:43,Medium,Rain,Wet,4,25.6832,-82.1858
6511,Houston,2023-03-01,03:36,Low,Clear,Slippery,5,42.6752,-107.5567
6512,Dallas,2023-10-07,21:26,Low,Snow,Slippery,4,29.7538,-101.7554
6513,New York,2023-04-16,17:05,Medium,Clear,Dry,2,29.9002,-112.6494
6514,Phoenix,2021-02-14,08:25,Medium,Clear,Dry,1,37.4772,-100.6242
6515,Los Angeles,2021-03-28,08:01,Medium,Hail,Dry,2,36.6752,-90.2701
6516,New York,2023-12-16,18:17,High,Rain,Icy,1,39.4551,-87.7207
6517,Los Angeles,2023-12-13,18:47,Low,Snow,Slippery,2,39.5621,-96.2308
6518,Los Angeles,2022-12-10,14:14,High,Rain,Dry,4,46.5427,-71.4954
6519,Philadelphia,2023-05-28,21:25,Medium,Clear,Dry,4,29.8017,-121.2397
6520,Phoenix,2023-11-01,22:50,High,Snow,Dry,5,40.2646,-121.1233
6521,San Diego,2023-11-28,20:23,Low,Clear,Wet,3,42.9575,-108.8066
6522,Philadelphia,2022-05-19,11:32,Medium,Clear,Dry,5,31.1296,-77.4154
6523,Dallas,2021-04-02,11:18,Medium,Snow,Wet,3,42.1332,-91.3166
6524,Phoenix,2022-04-21,00:07,High,Snow,Slippery,1,42.7454,-97.6257
6525,San Diego,2022-03-27,23:14,Medium,Rain,Dry,4,35.383,-82.3419
6526,Jacksonville,2023-05-18,19:01,Medium,Clear,Dry,5,30.5124,-71.022
6527,Jacksonville,2022-11-19,10:52,High,Rain,Slippery,2,40.6835,-110.757
6528,Charlotte,2023-11-19,17:00,Low,Cloudy,Dry,3,35.2055,-74.4158
6529,Chicago,2021-06-12,21:44,Medium,Clear,Icy,4,39.9943,-80.2214
6530,Austin,2021-05-07,11:43,Low,Clear,Dry,2,33.5246,-112.308
6531,Philadelphia,2022-06-21,15:18,Medium,Clear,Wet,1,39.9689,-92.1996
6532,Chicago,2021-07-20,18:02,High,Clear,Wet,5,41.7758,-80.2508
6533,Jacksonville,2021-05-15,15:17,Low,Fog,Dry,1,40.2239,-75.181
6534,San Diego,2023-07-16,18:49,Low,Clear,Dry,2,34.466,-112.7312
6535,Charlotte,2022-07-21,12:59,Low,Fog,Slippery,4,37.4852,-100.4438
6536,Chicago,2022-04-22,11:35,Low,Cloudy,Dry,1,30.0351,-114.4492
6537,Dallas,2021-07-17,06:43,Low,Rain,Dry,3,36.0974,-91.9453
6538,Columbus,2023-11-05,20:19,Medium,Clear,Wet,1,38.755,-100.6241
6539,Dallas,2022-02-21,17:30,High,Fog,Slippery,5,38.537,-118.9713
6540,New York,2021-10-22,21:31,Low,Clear,Under Construction,2,30.195,-90.4306
6541,Indianapolis,2021-02-11,09:45,Low,Rain,Under Construction,2,31.2713,-85.6635
6542,Dallas,2023-09-30,21:34,Medium,Clear,Dry,5,33.9827,-83.2845
6543,Chicago,2023-07-03,21:32,Low,Rain,Under Construction,4,35.7113,-115.8014
6544,San Antonio,2022-02-19,06:20,Low,Clear,Icy,2,39.9659,-75.0623
6545,San Jose,2023-11-14,18:56,Low,Fog,Dry,2,37.8466,-86.3129
6546,Dallas,2022-07-29,18:45,Low,Clear,Wet,1,40.3675,-75.8808
6547,Columbus,2022-04-06,11:35,Medium,Rain,Dry,2,33.6182,-106.1198
6548,Charlotte,2023-11-09,19:49,Low,Snow,Dry,3,39.4562,-73.9732
6549,Charlotte,2022-01-02,14:24,Medium,Clear,Dry,5,34.4146,-92.8516
6550,Indianapolis,2021-06-06,10:21,Low,Rain,Dry,3,43.776,-70.7785
6551,Phoenix,2022-02-14,18:12,Low,Clear,Dry,3,44.3064,-94.9366
6552,Philadelphia,2022-09-05,10:35,Low,Hail,Dry,3,28.2309,-97.6864
6553,Philadelphia,2023-01-01,16:06,Low,Clear,Under Construction,5,34.844,-73.8544
6554,San Jose,2022-07-20,18:52,Medium,Clear,Icy,1,43.1621,-105.7172
6555,New York,2023-11-12,13:02,Low,Clear,Dry,3,28.5004,-70.4294
6556,Houston,2021-09-16,20:22,Low,Clear,Dry,2,44.2823,-72.4682
6557,Chicago,2021-03-19,12:59,Low,Clear,Wet,4,42.9988,-119.1985
6558,Houston,2022-01-24,12:03,Low,Clear,Slippery,3,47.3479,-76.2764
6559,Los Angeles,2023-09-18,18:22,Medium,Rain,Wet,3,42.8302,-98.4383
6560,New York,2022-06-07,17:29,Low,Rain,Dry,5,33.0603,-73.481
6561,New York,2023-04-07,16:44,Medium,Snow,Wet,5,37.8856,-80.3105
6562,Philadelphia,2023-11-01,18:23,Medium,Rain,Slippery,2,30.4245,-111.32
6563,San Diego,2023-11-28,09:32,Low,Clear,Dry,4,47.6955,-76.3562
6564,Austin,2021-08-06,00:03,Low,Rain,Icy,5,42.3647,-119.6829
6565,Chicago,2022-11-04,20:33,Medium,Snow,Dry,4,46.1932,-75.7844
6566,New York,2023-05-04,23:56,High,Clear,Dry,1,26.2437,-80.9053
6567,Los Angeles,2023-07-31,16:11,Medium,Rain,Dry,4,28.171,-109.6759
6568,Indianapolis,2022-07-18,13:05,Low,Clear,Dry,4,45.7903,-85.5135
6569,Houston,2021-11-18,23:08,Medium,Cloudy,Dry,1,47.6643,-70.4267
6570,New York,2022-04-21,10:55,Medium,Snow,Dry,1,28.3863,-91.2084
6571,New York,2023-03-18,23:32,Medium,Clear,Wet,5,37.4947,-112.0112
6572,Charlotte,2021-05-22,08:22,Low,Clear,Dry,3,35.2722,-74.2375
6573,Chicago,2023-12-21,20:19,Medium,Clear,Wet,5,27.5946,-110.7386
6574,Los Angeles,2021-09-04,19:09,Low,Rain,Wet,2,39.2318,-85.4123
6575,San Jose,2023-07-26,10:05,High,Rain,Dry,3,31.5691,-107.3641
6576,Chicago,2022-11-19,17:31,Low,Clear,Dry,2,34.6834,-78.628
6577,Austin,2021-03-25,19:02,Low,Rain,Wet,1,31.3807,-116.5323
6578,Austin,2023-08-21,20:30,Medium,Rain,Dry,3,42.0118,-86.1998
6579,San Jose,2021-01-22,00:53,Low,Windy,Dry,5,31.4852,-96.1956
6580,Houston,2023-01-28,08:13,Low,Clear,Slippery,5,45.0998,-111.5418
6581,Philadelphia,2021-10-29,09:17,Medium,Hail,Dry,2,33.6864,-91.2379
6582,San Diego,2021-05-30,10:56,Low,Rain,Slippery,1,26.383,-116.9873
6583,Austin,2021-10-22,23:45,Low,Snow,Wet,1,28.0916,-96.8077
6584,Chicago,2021-02-04,14:36,Medium,Fog,Wet,1,46.5958,-87.4979
6585,Phoenix,2021-03-13,06:55,Medium,Clear,Dry,2,34.8546,-110.4235
6586,Los Angeles,2023-10-02,11:08,Low,Clear,Slippery,5,39.868,-116.1926
6587,San Jose,2021-02-17,10:19,Medium,Windy,Dry,3,43.0376,-104.6609
6588,San Jose,2022-07-14,16:26,Low,Clear,Wet,2,35.6099,-121.4454
6589,Chicago,2023-02-28,05:42,Low,Fog,Dry,1,47.3865,-89.7547
6590,Philadelphia,2023-01-15,09:09,Low,Rain,Wet,1,37.8339,-92.9957
6591,Chicago,2022-09-30,13:28,Low,Fog,Wet,3,41.9634,-106.8964
6592,Dallas,2021-05-12,12:13,Medium,Rain,Dry,5,30.4027,-78.0984
6593,San Antonio,2023-08-04,22:02,Low,Clear,Icy,5,34.5476,-81.1779
6594,Charlotte,2023-10-03,18:31,Medium,Windy,Wet,2,39.5794,-86.3454
6595,Dallas,2021-04-17,17:21,Low,Rain,Wet,1,33.7296,-77.2933
6596,Los Angeles,2022-06-01,06:51,Low,Fog,Wet,2,28.7743,-100.7945
6597,San Diego,2023-04-03,07:26,Medium,Rain,Wet,4,42.9456,-91.2053
6598,Jacksonville,2022-09-18,18:46,Low,Rain,Wet,2,38.7244,-111.5352
6599,Houston,2023-11-13,17:11,Medium,Snow,Wet,5,26.2544,-118.1245
6600,Los Angeles,2021-08-08,16:10,Medium,Rain,Wet,4,35.643,-91.7586
6601,Los Angeles,2022-01-13,11:33,Low,Clear,Dry,2,25.3991,-86.088
6602,Houston,2021-11-01,19:08,Low,Rain,Wet,1,45.4371,-74.2725
6603,Los Angeles,2022-05-16,21:30,Medium,Snow,Wet,1,46.4903,-118.0241
6604,Los Angeles,2021-10-18,07:08,Low,Fog,Wet,4,33.0539,-115.3627
6605,Houston,2021-07-14,05:02,Medium,Clear,Slippery,1,41.6845,-85.3985
6606,New York,2021-03-12,16:36,Medium,Fog,Dry,5,25.647,-80.2181
6607,New York,2021-09-10,06:44,High,Cloudy,Dry,3,27.4674,-79.0334
6608,New York,2022-12-05,05:04,Low,Rain,Icy,3,26.3793,-94.8926
6609,Los Angeles,2023-03-21,13:02,Low,Rain,Wet,4,39.1789,-117.0756
6610,Indianapolis,2022-05-08,13:57,Medium,Clear,Dry,3,27.8121,-102.1652
6611,San Jose,2023-10-25,19:07,Low,Clear,Dry,3,37.7775,-80.7238
6612,Chicago,2022-08-29,14:15,Medium,Snow,Dry,2,47.0923,-83.2577
6613,San Antonio,2022-09-09,21:30,Medium,Clear,Dry,2,40.7042,-73.0522
6614,Austin,2022-09-23,13:00,Medium,Rain,Dry,4,37.6651,-103.4854
6615,Chicago,2023-05-14,08:41,High,Snow,Under Construction,3,37.1314,-104.8095
6616,Chicago,2021-05-30,06:23,Medium,Rain,Dry,4,33.2994,-99.8363
6617,Houston,2023-06-07,21:58,Low,Snow,Dry,1,31.5564,-81.5377
6618,Los Angeles,2021-03-09,09:30,Medium,Clear,Wet,5,28.3108,-95.9683
6619,Philadelphia,2022-10-22,16:29,Low,Rain,Slippery,5,33.8351,-115.9455
6620,Austin,2023-05-29,16:03,Low,Clear,Dry,3,26.3977,-99.1836
6621,Charlotte,2023-12-11,06:19,Low,Rain,Dry,5,28.8673,-101.2595
6622,Columbus,2023-04-29,18:38,Low,Hail,Wet,2,37.288,-73.9834
6623,Columbus,2022-01-22,09:44,Medium,Cloudy,Dry,3,45.7407,-92.1609
6624,Indianapolis,2021-11-23,13:30,Medium,Clear,Wet,5,47.1693,-88.3493
6625,New York,2021-08-29,21:25,Low,Clear,Dry,4,36.5358,-118.49
6626,Houston,2023-08-24,17:50,Medium,Rain,Wet,5,44.6391,-118.9615
6627,Indianapolis,2021-04-28,21:28,Low,Clear,Dry,1,38.9404,-121.722
6628,Chicago,2023-04-30,21:40,Medium,Fog,Dry,4,40.333,-121.8055
6629,New York,2021-01-04,12:36,High,Clear,Dry,3,41.8851,-77.1941
6630,Houston,2023-12-03,18:38,Medium,Rain,Dry,1,31.051,-116.0178
6631,Austin,2021-02-24,07:17,Medium,Rain,Slippery,4,35.2992,-114.8924
6632,San Jose,2023-10-18,15:28,Low,Snow,Dry,2,43.6271,-111.876
6633,Los Angeles,2021-04-25,06:37,Low,Snow,Under Construction,3,35.3064,-108.5645
6634,New York,2023-02-03,18:20,Low,Clear,Dry,3,41.3163,-78.3815
6635,Chicago,2021-09-04,20:58,Low,Snow,Dry,1,25.2454,-108.6541
6636,New York,2023-11-21,08:32,Medium,Snow,Dry,1,28.3225,-71.0526
6637,New York,2021-08-09,21:51,High,Clear,Dry,4,40.7608,-92.2265
6638,New York,2023-10-06,10:29,Medium,Clear,Wet,4,28.2358,-121.1829
6639,Houston,2021-02-25,12:38,Medium,Cloudy,Wet,5,31.0023,-85.7923
6640,New York,2022-03-08,06:22,Low,Cloudy,Wet,1,43.5491,-95.3466
6641,Jacksonville,2021-06-10,23:21,Low,Rain,Wet,2,40.9263,-100.6878
6642,Chicago,2021-08-15,13:26,High,Clear,Icy,2,43.4796,-78.6293
6643,Dallas,2021-02-14,12:41,Low,Hail,Dry,1,45.5173,-104.1016
6644,New York,2022-06-28,15:39,Medium,Hail,Dry,4,31.1189,-118.9684
6645,Los Angeles,2022-02-08,09:42,Low,Clear,Slippery,5,32.7024,-71.2094
6646,New York,2022-10-03,16:05,Medium,Clear,Dry,4,33.6919,-86.5351
6647,Jacksonville,2022-10-04,13:00,High,Rain,Wet,5,29.6434,-118.8281
6648,Philadelphia,2023-08-16,22:13,Medium,Clear,Dry,4,25.0769,-115.6287
6649,Los Angeles,2023-03-18,19:37,Medium,Rain,Dry,5,46.165,-100.811
6650,Phoenix,2022-03-25,10:34,Medium,Clear,Dry,1,25.5123,-89.5019
6651,Los Angeles,2023-05-27,07:23,High,Cloudy,Icy,1,37.5347,-114.7557
6652,Jacksonville,2023-03-11,11:11,Low,Clear,Wet,4,34.7327,-76.9599
6653,Chicago,2023-06-13,11:26,Low,Clear,Wet,5,26.9291,-118.7673
6654,Los Angeles,2023-06-26,09:28,Low,Clear,Under Construction,2,43.9385,-85.4561
6655,Jacksonville,2022-09-06,16:46,Medium,Cloudy,Dry,3,35.9065,-76.9168
6656,Indianapolis,2021-10-06,07:15,High,Rain,Wet,2,38.401,-102.3179
6657,Dallas,2022-05-11,19:55,Low,Fog,Wet,5,35.3775,-96.7415
6658,Phoenix,2021-12-28,07:01,High,Fog,Wet,2,46.7744,-120.5589
6659,Phoenix,2022-04-11,08:26,High,Clear,Wet,5,28.2376,-92.8522
6660,Chicago,2023-05-24,13:17,Low,Hail,Dry,1,46.8673,-92.2409
6661,Los Angeles,2022-11-08,22:23,Medium,Clear,Dry,2,47.799,-86.2798
6662,Dallas,2021-03-28,09:58,High,Clear,Dry,4,27.0735,-70.9465
6663,San Diego,2022-08-11,09:11,Medium,Rain,Dry,2,31.258,-119.9142
6664,Dallas,2021-01-23,10:37,High,Hail,Slippery,3,47.7985,-97.5908
6665,Houston,2021-08-25,07:02,High,Clear,Wet,5,26.0053,-80.8231
6666,San Antonio,2022-01-07,09:15,Medium,Rain,Dry,4,47.2561,-111.7021
6667,Phoenix,2022-03-31,15:35,High,Rain,Dry,5,37.1769,-73.0484
6668,Houston,2022-09-27,14:17,Low,Cloudy,Icy,1,44.9498,-94.8614
6669,Houston,2022-04-21,18:25,Medium,Clear,Icy,5,29.939,-80.738
6670,New York,2023-10-02,08:04,Medium,Clear,Icy,4,28.8655,-92.7726
6671,Houston,2021-03-16,15:08,Low,Clear,Dry,4,31.5705,-95.6179
6672,New York,2022-11-01,23:39,Low,Clear,Dry,3,26.4083,-70.8547
6673,New York,2021-05-28,13:23,Medium,Clear,Dry,1,31.636,-114.1321
6674,New York,2023-08-25,21:01,Medium,Clear,Dry,5,36.3826,-73.8259
6675,San Antonio,2022-05-04,19:10,High,Snow,Wet,1,41.8764,-117.8227
6676,Austin,2023-10-02,09:41,Low,Rain,Dry,2,33.8933,-94.0971
6677,San Diego,2022-06-02,08:14,Low,Hail,Wet,2,32.3476,-97.3576
6678,Columbus,2021-10-11,16:17,Low,Rain,Slippery,2,45.7646,-107.0989
6679,Los Angeles,2023-09-08,07:55,Low,Clear,Dry,4,26.0119,-75.9344
6680,San Diego,2022-03-21,07:09,Low,Clear,Wet,3,37.1364,-106.1294
6681,Austin,2022-07-12,17:04,Low,Rain,Icy,1,41.8093,-95.1917
6682,Dallas,2021-06-20,18:36,High,Clear,Slippery,2,31.4393,-79.7503
6683,Chicago,2021-12-16,16:14,Medium,Clear,Dry,5,30.2406,-120.3802
6684,Los Angeles,2022-03-28,16:49,Medium,Snow,Icy,5,29.0527,-110.0137
6685,Jacksonville,2023-06-26,12:23,Low,Clear,Dry,5,32.1687,-107.7848
6686,Columbus,2022-09-19,07:38,Medium,Clear,Dry,5,29.3276,-80.809
6687,Philadelphia,2022-02-23,22:16,Low,Rain,Dry,4,39.6719,-77.8231
6688,New York,2022-03-25,13:21,High,Clear,Slippery,1,44.8948,-71.3166
6689,Jacksonville,2022-11-07,08:09,Medium,Clear,Dry,5,33.6983,-74.6595
6690,New York,2023-06-27,03:30,High,Clear,Wet,1,40.0012,-110.3987
6691,Los Angeles,2022-04-17,19:14,Low,Fog,Wet,3,32.7456,-115.6355
6692,New York,2022-11-18,18:19,Medium,Fog,Dry,3,26.9128,-75.4415
6693,New York,2023-06-23,08:42,High,Rain,Dry,1,26.9095,-72.9825
6694,Indianapolis,2022-04-13,22:34,High,Rain,Icy,1,47.1193,-101.3659
6695,Indianapolis,2023-03-18,16:55,Medium,Rain,Dry,1,42.2511,-121.1424
6696,Indianapolis,2023-04-27,19:34,Medium,Clear,Wet,5,36.7212,-98.4437
6697,Philadelphia,2023-05-30,15:06,Medium,Fog,Wet,1,26.9875,-121.0638
6698,Los Angeles,2023-12-13,10:41,High,Clear,Icy,2,28.3669,-98.95
6699,Chicago,2022-01-25,07:46,Low,Rain,Dry,2,26.2692,-73.852
6700,New York,2022-05-12,18:48,Low,Clear,Dry,2,30.4545,-86.0623
6701,New York,2023-03-14,21:38,Low,Rain,Dry,1,47.5585,-104.3744
6702,San Jose,2023-03-01,10:44,High,Cloudy,Icy,5,45.1239,-112.0225
6703,Charlotte,2023-05-01,18:59,Medium,Clear,Wet,1,37.122,-121.8148
6704,Los Angeles,2023-07-22,00:11,Low,Clear,Wet,5,32.0391,-73.3651
6705,Los Angeles,2022-01-24,21:05,High,Rain,Dry,1,47.24,-110.9413
6706,San Antonio,2023-11-27,14:42,Low,Clear,Wet,3,45.0879,-83.7326
6707,Austin,2021-11-27,14:53,Low,Clear,Dry,1,25.4798,-71.5895
6708,Philadelphia,2023-10-05,07:53,Medium,Clear,Wet,1,27.9074,-83.16
6709,San Jose,2021-07-13,03:23,Low,Clear,Dry,5,36.2734,-95.2334
6710,Charlotte,2023-09-15,17:18,Medium,Rain,Wet,4,44.1699,-100.9206
6711,New York,2023-05-24,17:15,Low,Rain,Dry,2,26.7646,-84.181
6712,Los Angeles,2022-07-25,07:58,Low,Snow,Dry,1,30.9465,-77.1244
6713,New York,2022-01-01,17:22,High,Snow,Dry,2,47.4465,-98.1662
6714,Los Angeles,2023-02-02,03:42,Low,Cloudy,Dry,2,26.9129,-73.4334
6715,Jacksonville,2022-08-10,18:56,High,Clear,Under Construction,4,26.8794,-84.8286
6716,Austin,2023-08-30,22:50,Low,Fog,Slippery,2,35.6984,-114.0962
6717,Los Angeles,2022-10-10,13:34,Low,Clear,Dry,1,27.3518,-110.9901
6718,New York,2023-11-18,16:34,Low,Clear,Dry,5,27.9097,-70.5583
6719,San Diego,2022-03-04,21:14,High,Snow,Under Construction,5,34.8756,-110.8545
6720,Austin,2021-10-18,17:14,High,Clear,Dry,1,25.3832,-108.5559
6721,Los Angeles,2022-07-17,22:09,Low,Clear,Dry,3,42.3633,-98.4963
6722,New York,2021-01-26,18:25,Medium,Clear,Dry,3,30.4763,-113.0312
6723,Indianapolis,2021-02-27,14:15,Medium,Rain,Wet,2,41.0558,-92.5104
6724,San Antonio,2022-05-25,17:27,Low,Clear,Wet,2,43.9965,-101.5946
6725,Chicago,2023-09-01,10:35,Medium,Clear,Icy,4,40.2593,-70.3435
6726,Phoenix,2023-05-25,06:17,High,Rain,Slippery,5,32.4978,-86.0797
6727,San Jose,2023-07-24,11:19,Medium,Cloudy,Dry,1,29.2086,-72.3965
6728,Dallas,2023-08-27,19:29,Medium,Hail,Dry,5,29.2154,-84.8755
6729,Chicago,2022-10-04,13:15,High,Rain,Under Construction,1,26.0998,-112.0383
6730,Charlotte,2023-03-03,14:23,High,Hail,Wet,5,26.7786,-96.7767
6731,New York,2022-06-25,07:48,Low,Fog,Dry,3,28.6429,-87.9202
6732,Jacksonville,2021-05-07,23:51,Medium,Clear,Dry,5,37.6643,-75.8595
6733,New York,2021-04-08,07:47,Low,Clear,Dry,4,35.6636,-78.3221
6734,Charlotte,2021-02-27,16:08,High,Cloudy,Dry,5,37.4953,-118.7589
6735,Charlotte,2022-11-25,11:00,Medium,Clear,Dry,1,26.1682,-111.6065
6736,Dallas,2023-12-31,11:17,Low,Clear,Slippery,4,31.2313,-71.6873
6737,Dallas,2021-10-15,16:50,Low,Snow,Icy,4,32.4193,-101.2506
6738,Chicago,2021-06-24,07:25,High,Cloudy,Icy,4,25.8561,-113.4572
6739,Chicago,2021-05-13,19:07,Low,Clear,Slippery,5,36.3342,-118.9079
6740,Chicago,2021-02-25,00:33,High,Clear,Wet,2,43.5304,-89.4743
6741,Phoenix,2023-03-28,09:13,Medium,Clear,Slippery,3,46.7548,-72.7447
6742,Los Angeles,2022-03-15,12:25,Low,Hail,Dry,1,39.4891,-120.3329
6743,Houston,2022-05-20,13:57,High,Clear,Dry,5,39.7828,-99.3592
6744,Los Angeles,2023-07-09,18:00,Low,Clear,Dry,3,38.6098,-109.7038
6745,Philadelphia,2021-05-13,15:17,Low,Clear,Wet,5,26.553,-88.155
6746,Los Angeles,2021-06-24,11:02,Medium,Rain,Wet,2,34.5797,-113.0115
6747,Houston,2022-10-27,11:21,Low,Fog,Wet,3,41.5386,-70.1445
6748,New York,2021-03-31,14:39,Low,Clear,Dry,1,38.3882,-117.4198
6749,Charlotte,2023-02-19,20:05,Medium,Clear,Slippery,2,30.7136,-111.562
6750,Philadelphia,2022-10-24,19:11,Low,Clear,Dry,4,30.9283,-108.1227
6751,Houston,2023-02-06,19:06,Medium,Clear,Slippery,3,45.1409,-88.9531
6752,Indianapolis,2023-04-20,15:20,Medium,Clear,Dry,1,39.4922,-86.0671
6753,San Diego,2022-06-01,15:28,High,Hail,Dry,1,40.3919,-70.3798
6754,Jacksonville,2021-07-23,07:28,Low,Clear,Wet,2,46.8683,-108.1918
6755,New York,2023-06-16,05:30,Medium,Clear,Dry,3,25.7572,-81.3148
6756,New York,2021-02-07,18:42,High,Rain,Wet,5,35.2524,-81.8661
6757,Houston,2023-05-14,10:41,Medium,Rain,Dry,1,26.8875,-104.2533
6758,Houston,2021-05-23,07:27,Low,Windy,Dry,2,44.4578,-118.5441
6759,New York,2021-10-05,14:40,Low,Clear,Icy,3,29.118,-114.0885
6760,Chicago,2023-12-13,21:42,Low,Rain,Wet,1,29.8406,-72.054
6761,San Jose,2021-05-31,16:57,Low,Clear,Wet,2,45.888,-86.3403
6762,San Diego,2021-03-21,19:47,Low,Fog,Under Construction,2,39.0399,-98.7766
6763,New York,2022-07-01,07:08,Low,Clear,Under Construction,5,36.5495,-84.0747
6764,Indianapolis,2022-08-20,05:12,Medium,Fog,Dry,2,27.0887,-110.4769
6765,New York,2022-09-10,15:27,Medium,Fog,Dry,3,46.7145,-73.6635
6766,Los Angeles,2021-08-11,22:42,High,Clear,Dry,5,30.0195,-72.5171
6767,Los Angeles,2022-09-30,21:54,Low,Snow,Dry,5,40.9057,-89.2446
6768,Dallas,2021-01-18,09:39,Medium,Fog,Wet,2,26.7977,-77.1789
6769,New York,2021-12-23,01:42,High,Rain,Slippery,3,30.6234,-85.148
6770,San Diego,2023-11-20,09:53,High,Snow,Wet,5,29.8079,-98.1789
6771,Los Angeles,2023-12-05,21:17,Low,Clear,Slippery,3,47.1474,-94.57
6772,Houston,2023-04-30,19:11,Low,Clear,Dry,1,37.2625,-76.3497
6773,San Diego,2021-05-05,20:26,Medium,Rain,Dry,5,28.3986,-107.8734
6774,Jacksonville,2021-06-13,06:11,High,Clear,Dry,1,46.5542,-97.8549
6775,Austin,2021-12-18,21:06,Medium,Clear,Wet,1,35.4563,-114.1839
6776,San Antonio,2023-10-29,21:35,Low,Clear,Slippery,1,40.2699,-99.8644
6777,Charlotte,2023-01-29,08:57,Low,Clear,Wet,4,26.9,-118.429
6778,Chicago,2021-10-04,19:28,Medium,Snow,Slippery,3,45.1854,-86.6868
6779,Philadelphia,2023-05-27,06:04,Medium,Clear,Dry,2,39.9962,-115.9927
6780,Charlotte,2023-01-28,15:36,Low,Clear,Dry,3,38.9439,-113.8478
6781,Philadelphia,2022-06-30,12:55,Medium,Rain,Dry,4,42.8471,-115.9427
6782,New York,2023-02-02,13:47,High,Snow,Dry,4,30.311,-93.3185
6783,San Diego,2023-06-14,12:22,High,Cloudy,Wet,3,36.0983,-92.516
6784,Los Angeles,2022-01-26,09:41,Medium,Clear,Dry,4,47.4652,-74.7165
6785,Austin,2022-04-17,17:09,Low,Snow,Icy,1,34.1612,-112.0505
6786,New York,2022-03-25,07:49,Low,Rain,Dry,5,38.7649,-90.6075
6787,Phoenix,2021-12-24,16:37,High,Snow,Wet,4,27.1612,-86.4271
6788,Chicago,2021-07-18,00:56,Medium,Rain,Slippery,1,26.3034,-91.3225
6789,Los Angeles,2021-12-07,05:43,Low,Rain,Dry,4,38.9793,-90.3146
6790,Chicago,2023-02-11,08:42,Low,Fog,Slippery,5,46.3548,-89.7662
6791,Columbus,2023-02-26,07:12,Medium,Clear,Dry,4,30.3607,-111.7743
6792,Austin,2022-12-06,13:48,Medium,Clear,Wet,1,46.632,-80.9826
6793,Los Angeles,2023-10-11,20:34,Medium,Rain,Dry,3,40.9331,-84.857
6794,Jacksonville,2023-03-24,09:49,High,Clear,Slippery,1,26.4169,-119.7164
6795,Houston,2021-10-06,23:55,Medium,Fog,Dry,2,35.9112,-98.8872
6796,Indianapolis,2021-05-26,09:38,Low,Clear,Dry,1,40.6239,-104.055
6797,Houston,2023-10-12,15:17,Low,Rain,Wet,3,37.6803,-100.532
6798,Los Angeles,2023-05-05,14:54,Medium,Clear,Icy,3,30.8908,-77.9164
6799,Jacksonville,2021-12-13,20:12,Medium,Snow,Dry,2,29.3314,-71.2427
6800,Indianapolis,2021-05-30,07:56,Medium,Clear,Dry,3,47.6048,-116.4331
6801,Los Angeles,2021-11-01,19:42,Low,Clear,Dry,5,26.2904,-76.402
6802,Austin,2022-09-12,03:28,High,Clear,Wet,1,38.0478,-73.8017
6803,Chicago,2022-02-19,07:36,Low,Clear,Wet,4,25.7095,-80.2539
6804,San Jose,2022-08-30,16:04,Medium,Rain,Icy,4,39.8025,-82.0919
6805,Indianapolis,2023-08-07,12:38,Low,Cloudy,Dry,2,46.0195,-85.8651
6806,San Jose,2023-08-04,07:59,High,Snow,Dry,5,41.1171,-72.9674
6807,Dallas,2023-09-18,16:01,Low,Fog,Wet,4,31.6835,-94.2862
6808,Houston,2022-05-23,10:42,Low,Rain,Dry,4,29.4364,-117.461
6809,San Antonio,2022-03-17,11:46,Low,Clear,Dry,4,43.2469,-74.3236
6810,Los Angeles,2022-10-02,23:07,High,Clear,Wet,4,26.7887,-100.1629
6811,Indianapolis,2022-01-16,08:15,Medium,Rain,Dry,3,47.558,-121.8011
6812,Dallas,2023-11-26,22:24,Medium,Hail,Dry,2,31.6189,-81.6062
6813,Phoenix,2021-04-04,18:06,Medium,Rain,Dry,4,46.3577,-74.2187
6814,Charlotte,2022-06-05,15:20,High,Rain,Wet,1,33.2557,-74.7895
6815,Houston,2023-10-08,10:00,Medium,Clear,Icy,1,44.5797,-79.0033
6816,Austin,2022-01-19,03:03,High,Snow,Icy,2,29.4612,-113.0613
6817,Jacksonville,2023-11-04,23:41,Medium,Rain,Icy,5,39.329,-76.9129
6818,New York,2021-08-02,19:13,Low,Clear,Dry,5,41.1948,-98.2067
6819,Indianapolis,2021-08-13,15:37,Medium,Hail,Dry,1,33.7575,-101.1391
6820,New York,2023-09-30,06:17,Medium,Clear,Wet,3,38.3533,-119.8656
6821,Indianapolis,2023-07-01,08:10,High,Windy,Dry,1,40.359,-74.0491
6822,San Jose,2021-06-24,19:07,High,Cloudy,Under Construction,5,44.4059,-82.7611
6823,Houston,2023-07-29,08:50,Low,Clear,Wet,2,37.7455,-108.5366
6824,Dallas,2023-06-03,13:26,High,Rain,Dry,3,31.9054,-103.8737
6825,New York,2021-08-20,07:26,Medium,Rain,Dry,2,35.8079,-116.4678
6826,Indianapolis,2022-06-30,16:54,Medium,Rain,Slippery,3,37.1063,-77.3667
6827,Indianapolis,2021-09-15,18:58,Medium,Fog,Under Construction,2,40.8102,-91.0124
6828,Dallas,2022-04-24,08:36,Low,Rain,Wet,5,29.9203,-95.9228
6829,New York,2022-06-29,07:20,High,Clear,Icy,1,47.8749,-91.439
6830,Dallas,2021-05-16,18:33,Medium,Clear,Wet,3,29.3956,-92.5261
6831,Dallas,2022-03-12,22:27,Medium,Clear,Icy,4,42.3496,-79.6346
6832,San Jose,2021-11-28,12:26,Medium,Clear,Dry,2,43.8622,-104.3045
6833,San Diego,2021-10-08,13:39,Low,Clear,Slippery,1,41.1008,-75.2115
6834,Phoenix,2023-04-12,07:46,Medium,Rain,Wet,3,36.9999,-120.5362
6835,Los Angeles,2022-10-08,12:07,Medium,Clear,Dry,1,41.6565,-90.1281
6836,Chicago,2023-10-13,07:19,Low,Fog,Slippery,1,38.8229,-119.2905
6837,Houston,2022-06-18,19:00,Low,Cloudy,Wet,5,44.1559,-103.0483
6838,Houston,2021-01-03,22:41,Low,Fog,Dry,2,35.9211,-120.8735
6839,Dallas,2022-08-25,08:11,Low,Clear,Wet,4,46.7153,-74.0653
6840,Columbus,2022-08-04,20:24,Medium,Hail,Icy,5,42.2307,-108.5388
6841,Dallas,2023-01-01,14:54,Medium,Clear,Dry,1,25.9907,-104.9289
6842,Houston,2022-09-19,03:01,High,Clear,Wet,4,39.0402,-86.9847
6843,Philadelphia,2022-08-11,18:40,Medium,Snow,Dry,3,47.745,-121.1181
6844,Los Angeles,2022-11-11,13:26,Medium,Rain,Slippery,5,29.2014,-106.1826
6845,Los Angeles,2021-09-03,15:19,Low,Cloudy,Slippery,2,34.2129,-106.8761
6846,Dallas,2022-10-25,06:04,High,Clear,Wet,2,28.4911,-86.5742
6847,Phoenix,2022-11-09,21:27,Medium,Clear,Dry,3,30.2752,-107.5425
6848,Philadelphia,2021-07-19,20:50,Medium,Snow,Wet,1,37.3554,-85.3476
6849,San Diego,2023-03-09,11:46,Medium,Clear,Dry,2,40.1101,-71.7174
6850,San Antonio,2021-08-27,17:54,High,Clear,Dry,3,36.0149,-70.7036
6851,Phoenix,2021-12-16,21:45,Medium,Clear,Dry,3,46.3184,-80.2441
6852,New York,2023-03-04,15:42,High,Clear,Dry,1,36.6726,-100.7931
6853,Los Angeles,2023-12-03,18:45,Medium,Clear,Dry,3,29.2329,-120.3579
6854,New York,2022-03-23,21:38,Low,Fog,Dry,5,43.7616,-110.0833
6855,Dallas,2022-11-18,08:08,Low,Clear,Dry,4,41.0277,-72.2881
6856,Chicago,2021-04-03,12:57,Medium,Fog,Icy,5,25.0812,-114.0827
6857,New York,2022-11-10,19:04,Low,Clear,Dry,1,33.2514,-113.9553
6858,Jacksonville,2023-02-09,20:55,Low,Fog,Wet,4,47.6113,-86.063
6859,Columbus,2021-07-06,17:04,Low,Clear,Slippery,5,35.8495,-106.9079
6860,New York,2023-06-04,14:32,High,Rain,Wet,3,46.35,-85.9414
6861,Dallas,2021-11-16,12:21,Low,Fog,Wet,3,44.1196,-83.8472
6862,Jacksonville,2023-02-27,09:06,Medium,Snow,Wet,1,27.9353,-111.1376
6863,Houston,2022-09-13,09:34,Low,Clear,Dry,5,32.3054,-108.0677
6864,Dallas,2022-12-05,18:36,Medium,Fog,Slippery,4,32.5726,-79.9458
6865,Columbus,2022-01-13,20:22,Medium,Clear,Dry,4,28.2088,-85.6153
6866,Columbus,2022-08-05,20:12,Medium,Rain,Dry,5,27.0258,-117.155
6867,Indianapolis,2021-03-30,18:38,Low,Rain,Wet,3,41.7442,-76.0161
6868,New York,2023-06-08,06:24,Medium,Clear,Icy,2,36.4006,-89.3641
6869,Indianapolis,2021-10-31,07:09,Medium,Cloudy,Slippery,4,25.8369,-85.9325
6870,Chicago,2023-10-14,13:43,High,Clear,Icy,3,33.8719,-70.2777
6871,Phoenix,2022-01-21,15:18,Low,Clear,Under Construction,5,26.4479,-107.3356
6872,Chicago,2022-11-22,13:50,High,Snow,Wet,1,38.3298,-115.7548
6873,San Antonio,2021-03-01,15:38,High,Clear,Dry,2,43.8928,-101.7329
6874,Dallas,2023-04-12,18:08,Low,Clear,Dry,3,44.6132,-120.6892
6875,Los Angeles,2023-08-17,19:15,High,Clear,Dry,4,34.635,-89.5355
6876,Charlotte,2023-05-11,15:35,Medium,Clear,Slippery,1,26.3025,-119.2204
6877,Los Angeles,2021-05-16,00:41,Medium,Fog,Dry,2,31.5268,-70.5505
6878,Jacksonville,2022-11-25,11:21,Medium,Cloudy,Dry,3,43.2384,-117.1762
6879,Los Angeles,2021-06-07,17:03,Medium,Clear,Dry,1,32.6947,-94.2353
6880,Austin,2022-03-26,22:41,High,Hail,Dry,4,31.5406,-102.5065
6881,Philadelphia,2023-05-30,08:57,Low,Rain,Slippery,2,36.6677,-84.4755
6882,Dallas,2023-02-09,21:41,High,Clear,Wet,1,43.5707,-114.88
6883,San Diego,2023-05-08,09:06,Low,Clear,Slippery,3,29.8642,-110.1734
6884,San Jose,2021-02-22,11:03,Medium,Clear,Dry,5,28.239,-77.5438
6885,Houston,2021-12-28,13:21,High,Snow,Slippery,2,25.849,-91.7733
6886,Los Angeles,2021-10-30,20:09,Medium,Clear,Dry,3,33.0951,-112.0154
6887,Phoenix,2023-10-02,09:45,Low,Clear,Dry,3,28.0407,-82.1672
6888,San Antonio,2021-11-22,19:47,Low,Clear,Wet,1,35.8115,-76.9986
6889,New York,2023-01-30,11:14,Medium,Rain,Wet,4,42.7073,-94.9404
6890,Chicago,2023-05-30,08:38,Low,Clear,Icy,3,33.7129,-98.637
6891,Phoenix,2022-10-03,09:46,Medium,Clear,Dry,3,34.5123,-95.5702
6892,Indianapolis,2023-01-16,05:01,Low,Clear,Wet,1,31.8979,-115.118
6893,Chicago,2022-01-28,14:05,High,Clear,Dry,3,27.3608,-108.7465
6894,Chicago,2022-05-30,07:23,Low,Clear,Dry,5,29.2154,-89.2387
6895,San Diego,2023-08-22,10:05,Low,Rain,Dry,4,36.6897,-112.1643
6896,Los Angeles,2021-09-26,16:56,Low,Clear,Dry,5,42.0063,-74.892
6897,Jacksonville,2023-06-08,12:03,Medium,Cloudy,Slippery,1,41.9744,-93.0199
6898,Dallas,2022-04-07,18:34,Low,Rain,Dry,3,40.9633,-94.2763
6899,Columbus,2022-06-26,17:56,Medium,Fog,Dry,1,26.428,-105.4776
6900,Los Angeles,2022-05-27,17:42,Low,Snow,Dry,2,30.0981,-99.0027
6901,Dallas,2022-09-01,16:49,Medium,Snow,Slippery,2,36.5842,-75.3
6902,Los Angeles,2022-09-16,13:41,Medium,Clear,Wet,2,28.4788,-105.4043
6903,San Jose,2023-08-27,13:18,Low,Clear,Dry,4,31.6212,-108.7126
6904,Charlotte,2022-12-06,07:22,Medium,Clear,Dry,3,32.8843,-95.8316
6905,Philadelphia,2023-01-14,20:22,Low,Rain,Dry,5,38.0224,-74.5047
6906,Houston,2022-03-27,21:30,High,Clear,Wet,3,43.069,-71.6089
6907,San Jose,2022-11-16,08:38,High,Clear,Slippery,1,30.1315,-119.1576
6908,Dallas,2023-12-28,19:09,High,Cloudy,Dry,4,27.3276,-74.2443
6909,Charlotte,2023-07-16,12:22,Medium,Rain,Dry,1,39.7054,-114.3038
6910,Los Angeles,2023-11-26,16:15,Low,Clear,Slippery,2,40.0193,-117.0339
6911,Austin,2021-04-24,21:18,Medium,Rain,Wet,5,36.021,-75.215
6912,New York,2022-12-31,09:18,Medium,Snow,Icy,1,26.317,-73.5147
6913,Indianapolis,2023-04-18,12:33,Low,Snow,Wet,4,28.5801,-76.4452
6914,San Antonio,2022-05-10,18:59,Low,Clear,Dry,3,31.1527,-86.6445
6915,Charlotte,2023-06-02,21:44,Medium,Snow,Dry,3,37.0292,-94.7497
6916,Los Angeles,2021-04-16,13:13,Medium,Clear,Dry,5,40.6847,-76.8214
6917,New York,2023-09-04,07:38,Low,Cloudy,Dry,5,39.9701,-100.2697
6918,New York,2023-07-15,23:56,Medium,Rain,Dry,1,25.2875,-93.4097
6919,Columbus,2021-04-04,13:59,Medium,Clear,Dry,3,36.7898,-91.1784
6920,Phoenix,2022-04-04,20:31,Low,Rain,Icy,4,29.7207,-119.238
6921,Charlotte,2022-12-21,08:25,High,Clear,Dry,1,40.5435,-76.5005
6922,Houston,2022-01-24,12:52,Medium,Clear,Icy,2,34.4013,-76.1935
6923,Chicago,2022-05-29,17:47,Low,Clear,Under Construction,4,37.1047,-72.2167
6924,Indianapolis,2022-02-08,16:17,Medium,Rain,Dry,5,30.0638,-119.4662
6925,Chicago,2021-11-07,11:39,Low,Clear,Dry,5,44.6411,-80.6797
6926,Chicago,2023-06-21,21:18,Medium,Clear,Wet,2,33.7187,-82.6106
6927,Phoenix,2021-01-11,14:52,High,Cloudy,Wet,5,42.4895,-113.3579
6928,Chicago,2023-06-18,16:18,Medium,Snow,Dry,3,46.8704,-103.5438
6929,Dallas,2021-09-23,19:53,Medium,Clear,Dry,3,32.3953,-74.3885
6930,Jacksonville,2021-02-27,20:48,Low,Rain,Icy,2,47.2551,-97.2688
6931,Phoenix,2023-04-19,04:11,Medium,Clear,Dry,2,28.0646,-80.8432
6932,San Jose,2022-11-25,20:32,Medium,Clear,Dry,5,27.8886,-79.1361
6933,Houston,2023-12-11,18:27,Low,Hail,Dry,3,36.5887,-89.7931
6934,New York,2023-12-03,08:25,Medium,Rain,Slippery,4,41.8427,-105.5353
6935,Dallas,2023-06-07,21:02,Low,Hail,Under Construction,1,37.2909,-95.4253
6936,San Diego,2021-01-27,17:24,Medium,Clear,Icy,2,26.938,-115.6679
6937,Houston,2022-07-19,07:26,Low,Clear,Dry,5,41.7328,-83.523
6938,New York,2023-02-13,10:53,High,Fog,Wet,1,28.9513,-98.2415
6939,Houston,2022-06-11,16:30,High,Clear,Wet,5,37.7109,-115.2139
6940,Phoenix,2021-05-14,12:09,Low,Clear,Under Construction,1,37.0009,-82.4077
6941,Los Angeles,2023-01-14,12:08,High,Rain,Slippery,2,27.527,-96.0643
6942,New York,2021-04-07,03:28,High,Clear,Dry,1,41.9974,-91.6007
6943,Indianapolis,2022-06-05,06:39,High,Clear,Dry,3,33.444,-73.2175
6944,Chicago,2021-03-12,16:12,High,Rain,Under Construction,4,39.8716,-76.6165
6945,Austin,2022-02-07,15:08,Low,Clear,Wet,2,26.2425,-95.7486
6946,Jacksonville,2022-04-25,16:04,Medium,Clear,Wet,3,42.9247,-101.058
6947,San Diego,2021-10-28,16:22,Medium,Snow,Wet,1,44.4251,-113.3722
6948,Dallas,2022-01-24,18:07,High,Snow,Dry,5,38.8138,-86.6961
6949,San Diego,2023-02-01,12:57,High,Clear,Dry,2,41.7189,-103.8149
6950,New York,2021-04-13,23:51,Low,Clear,Icy,1,35.7351,-96.5813
6951,Charlotte,2021-07-27,07:44,Medium,Clear,Dry,3,30.9012,-87.6004
6952,Dallas,2022-02-25,17:05,Medium,Rain,Slippery,2,43.3882,-84.1019
6953,San Diego,2021-11-24,13:23,Low,Snow,Dry,2,26.5539,-108.7664
6954,Chicago,2021-09-05,12:55,Medium,Clear,Dry,1,33.6768,-115.7458
6955,Dallas,2022-06-24,20:02,Low,Clear,Dry,5,29.2838,-120.7097
6956,New York,2022-06-06,18:44,Low,Clear,Dry,5,32.067,-100.8073
6957,San Antonio,2022-05-22,19:00,Low,Rain,Dry,5,43.9062,-80.1943
6958,San Jose,2022-01-10,16:10,High,Fog,Under Construction,4,44.3093,-90.9275
6959,Indianapolis,2023-01-30,08:19,Low,Fog,Dry,1,29.4195,-85.188
6960,San Diego,2023-10-23,14:05,Low,Clear,Icy,3,47.9154,-108.2671
6961,San Jose,2022-05-27,20:56,Medium,Clear,Icy,4,27.1094,-93.1009
6962,Austin,2021-02-24,10:48,Low,Windy,Slippery,1,40.1933,-101.9793
6963,San Diego,2021-04-13,16:44,Medium,Clear,Wet,2,41.6865,-81.5695
6964,Jacksonville,2023-03-10,13:26,Medium,Clear,Dry,3,38.1417,-111.8921
6965,San Antonio,2023-06-12,19:46,Low,Snow,Wet,3,33.3553,-105.7763
6966,Chicago,2021-03-02,14:28,High,Clear,Dry,3,32.6902,-106.8267
6967,Los Angeles,2023-02-10,09:09,Low,Clear,Dry,1,43.6297,-73.1218
6968,San Antonio,2021-07-26,10:34,Medium,Rain,Dry,2,33.9228,-108.9207
6969,Los Angeles,2021-04-17,16:27,High,Rain,Dry,1,43.5309,-103.9392
6970,Philadelphia,2021-05-24,13:13,Low,Rain,Icy,4,30.484,-111.3034
6971,New York,2022-01-10,10:30,Medium,Clear,Slippery,5,39.1609,-74.3545
6972,Austin,2023-03-28,18:56,Medium,Clear,Icy,5,35.2482,-112.8326
6973,San Jose,2023-12-02,06:34,Medium,Rain,Wet,1,35.5119,-80.7674
6974,New York,2022-08-16,08:36,High,Rain,Dry,4,41.1097,-107.6402
6975,Dallas,2023-11-23,20:27,Low,Rain,Wet,1,27.141,-104.8541
6976,San Diego,2022-08-11,21:56,High,Rain,Dry,3,33.6081,-98.3269
6977,Columbus,2021-11-17,03:54,Medium,Rain,Dry,5,43.6332,-84.5317
6978,Los Angeles,2021-04-17,15:27,Low,Fog,Slippery,5,29.0535,-116.6784
6979,Dallas,2023-08-19,13:28,Low,Fog,Dry,3,41.7796,-75.6447
6980,Indianapolis,2023-01-29,08:00,Low,Fog,Wet,4,29.4473,-101.9432
6981,San Diego,2022-01-01,04:26,Medium,Clear,Dry,3,35.4477,-121.3891
6982,New York,2023-05-29,13:23,Low,Clear,Wet,3,28.061,-86.842
6983,Houston,2023-01-17,11:40,Low,Clear,Slippery,5,27.821,-113.54
6984,Houston,2021-01-16,03:22,Low,Clear,Slippery,1,42.241,-108.894
6985,Los Angeles,2023-09-15,19:17,High,Clear,Dry,4,44.7335,-97.2787
6986,Los Angeles,2023-01-11,16:13,Medium,Snow,Dry,2,37.847,-108.9666
6987,Philadelphia,2021-09-23,09:09,Low,Fog,Dry,4,29.6303,-94.695
6988,Philadelphia,2021-06-04,17:07,Medium,Rain,Dry,2,38.4356,-85.387
6989,Los Angeles,2022-12-05,18:12,Low,Fog,Wet,1,28.0737,-92.9485
6990,Phoenix,2021-04-24,19:48,Medium,Snow,Wet,5,35.6701,-121.6611
6991,New York,2021-07-09,15:51,Medium,Clear,Dry,2,32.5132,-92.5167
6992,Indianapolis,2022-11-05,04:26,Low,Clear,Dry,3,47.2492,-83.0932
6993,Dallas,2022-05-16,21:35,Medium,Clear,Dry,4,40.6291,-96.6939
6994,New York,2022-04-16,11:33,High,Rain,Wet,5,46.4843,-90.6807
6995,New York,2022-11-27,15:32,High,Rain,Dry,5,32.6885,-103.8004
6996,Chicago,2023-04-21,13:25,High,Snow,Dry,1,25.8555,-109.5375
6997,Austin,2022-08-24,13:17,Medium,Clear,Dry,1,47.2759,-73.8011
6998,Chicago,2021-08-11,16:39,Medium,Clear,Dry,4,36.2378,-90.6738
6999,Los Angeles,2022-05-06,14:59,Medium,Clear,Dry,1,29.582,-98.4082
7000,New York,2021-01-23,21:37,High,Fog,Wet,4,25.4909,-104.7498
7001,Phoenix,2023-07-07,08:01,Medium,Rain,Dry,2,46.8793,-113.3612
7002,Phoenix,2022-01-08,21:23,Low,Windy,Dry,2,27.9525,-118.1453
7003,Phoenix,2022-03-28,19:32,Medium,Cloudy,Dry,4,34.9676,-120.4283
7004,Chicago,2023-08-26,01:50,Medium,Rain,Under Construction,4,28.6679,-108.857
7005,Phoenix,2023-04-22,15:47,Medium,Clear,Wet,2,41.6982,-92.5391
7006,San Antonio,2023-11-08,22:04,High,Clear,Wet,3,25.2149,-110.4562
7007,Los Angeles,2023-10-15,19:36,High,Snow,Slippery,1,40.8053,-118.5678
7008,San Antonio,2021-04-13,13:39,Medium,Clear,Dry,3,26.6451,-110.3322
7009,Los Angeles,2021-02-24,19:42,Medium,Clear,Wet,3,44.4486,-83.9289
7010,Philadelphia,2023-02-08,07:46,Medium,Clear,Wet,1,40.0267,-75.145
7011,Columbus,2023-09-12,06:11,Medium,Rain,Slippery,2,41.8013,-74.6405
7012,Indianapolis,2022-02-13,20:33,Low,Windy,Dry,5,26.4552,-82.6485
7013,San Jose,2022-01-24,11:06,Medium,Clear,Dry,3,39.8083,-105.3246
7014,Philadelphia,2022-01-20,10:41,Low,Clear,Icy,2,45.2596,-88.1157
7015,Houston,2022-11-24,13:50,Low,Clear,Dry,3,35.5278,-92.4124
7016,Chicago,2022-09-13,08:56,Low,Fog,Wet,1,25.2988,-97.7531
7017,New York,2023-06-10,11:59,Low,Snow,Dry,1,25.5867,-94.0587
7018,Los Angeles,2023-04-10,19:41,Low,Clear,Icy,3,28.6736,-75.9463
7019,Los Angeles,2023-08-11,20:00,Medium,Windy,Dry,3,26.1173,-118.0836
7020,Chicago,2023-04-07,13:18,Medium,Clear,Wet,1,37.1414,-75.4658
7021,Columbus,2023-06-26,10:04,Low,Clear,Dry,4,32.0473,-116.851
7022,Columbus,2021-09-15,16:47,Low,Rain,Dry,3,46.1247,-110.8693
7023,Dallas,2023-01-06,13:41,High,Rain,Wet,4,28.1282,-94.9133
7024,Phoenix,2021-12-19,13:36,Low,Rain,Dry,3,36.9518,-96.396
7025,New York,2021-10-16,12:39,Medium,Clear,Dry,3,31.3878,-77.986
7026,Indianapolis,2021-03-08,08:04,High,Snow,Icy,5,27.8188,-98.1986
7027,New York,2023-05-26,12:46,High,Fog,Wet,1,29.0386,-121.0167
7028,San Diego,2021-02-12,22:33,Low,Rain,Wet,3,35.1902,-104.388
7029,Columbus,2022-11-12,10:18,Medium,Rain,Dry,1,29.5349,-96.4905
7030,Los Angeles,2021-05-19,21:36,Low,Clear,Icy,5,40.025,-93.0084
7031,Los Angeles,2023-04-16,01:45,Low,Snow,Wet,2,44.6014,-106.1464
7032,San Jose,2021-10-12,07:23,Low,Hail,Slippery,5,45.2696,-96.7182
7033,New York,2023-10-29,07:22,Low,Clear,Icy,4,32.063,-111.0963
7034,San Antonio,2021-12-17,19:38,High,Snow,Dry,2,43.1479,-94.4801
7035,Chicago,2023-01-13,02:58,High,Clear,Icy,1,47.9294,-97.4846
7036,New York,2022-07-16,20:15,Medium,Clear,Icy,2,45.559,-71.502
7037,Los Angeles,2022-01-16,07:09,Medium,Cloudy,Dry,2,28.5904,-79.6319
7038,San Antonio,2021-10-10,14:34,Medium,Clear,Dry,4,25.6977,-88.9783
7039,San Jose,2021-10-12,05:54,Low,Snow,Dry,1,43.6185,-101.9366
7040,Houston,2023-10-13,13:41,Low,Clear,Wet,2,40.2855,-96.8137
7041,Chicago,2022-02-25,21:46,Low,Rain,Wet,4,28.6904,-113.1976
7042,Dallas,2021-02-09,19:17,Low,Rain,Dry,3,46.9673,-112.2657
7043,San Jose,2022-03-11,15:03,Medium,Clear,Slippery,5,47.7541,-94.8299
7044,Chicago,2021-08-01,21:19,Medium,Fog,Icy,2,36.4036,-121.4922
7045,Charlotte,2021-02-19,09:07,Low,Clear,Icy,2,37.9144,-107.1064
7046,San Antonio,2021-06-11,05:56,Medium,Rain,Dry,5,38.6756,-86.7533
7047,San Diego,2021-05-26,17:44,High,Rain,Wet,2,34.9319,-104.9767
7048,San Antonio,2021-06-04,12:33,Low,Rain,Dry,1,26.7338,-74.4895
7049,New York,2022-12-16,22:17,Medium,Fog,Dry,4,45.0216,-76.1985
7050,New York,2021-06-25,17:31,High,Rain,Wet,1,43.3109,-81.9463
7051,Chicago,2022-01-09,09:33,Low,Rain,Dry,2,25.5682,-104.7986
7052,Charlotte,2023-06-30,12:59,Medium,Fog,Dry,4,46.0424,-79.4451
7053,Dallas,2022-05-12,07:34,Medium,Fog,Dry,1,46.6242,-99.3595
7054,Charlotte,2023-01-27,08:22,Low,Clear,Wet,4,31.4849,-115.0439
7055,New York,2022-02-22,18:37,High,Snow,Icy,2,33.8817,-82.0953
7056,Charlotte,2021-11-17,12:56,Low,Rain,Dry,1,45.8613,-77.9583
7057,Indianapolis,2022-09-24,11:55,Medium,Clear,Dry,2,39.6489,-96.5025
7058,Chicago,2021-12-13,15:31,Medium,Clear,Wet,1,43.1592,-111.8782
7059,Charlotte,2022-11-25,17:47,High,Clear,Dry,5,25.5107,-70.2106
7060,Houston,2022-10-25,19:11,Medium,Clear,Dry,4,40.6605,-80.9194
7061,Houston,2021-04-05,07:58,Low,Rain,Dry,4,42.386,-103.8492
7062,Los Angeles,2021-06-15,17:19,Low,Clear,Slippery,4,44.197,-102.2321
7063,Dallas,2021-12-11,08:45,Low,Rain,Dry,4,27.7529,-71.8431
7064,Indianapolis,2021-01-11,19:22,Medium,Fog,Dry,3,26.3115,-89.784
7065,San Diego,2021-03-04,12:59,Low,Snow,Wet,5,46.5699,-73.5434
7066,Houston,2021-06-27,11:23,High,Snow,Dry,2,35.468,-93.1327
7067,Dallas,2022-01-24,12:16,Low,Fog,Dry,4,46.1435,-110.6242
7068,Chicago,2022-02-12,15:37,Medium,Clear,Slippery,5,33.8875,-87.6009
7069,Los Angeles,2021-11-18,17:24,Medium,Clear,Slippery,2,32.2887,-71.6182
7070,Houston,2022-01-31,17:38,High,Clear,Dry,1,29.0625,-78.1852
7071,New York,2021-05-17,05:37,Medium,Rain,Slippery,5,32.3434,-86.8088
7072,Indianapolis,2023-07-21,21:41,High,Rain,Dry,3,32.8721,-83.8194
7073,Columbus,2023-09-06,18:32,Low,Rain,Dry,1,33.1989,-114.6578
7074,Columbus,2021-12-10,09:42,Medium,Clear,Wet,1,39.1195,-101.7777
7075,Los Angeles,2023-02-20,10:12,Low,Clear,Dry,4,43.9226,-78.9883
7076,New York,2023-06-16,12:12,Medium,Rain,Wet,2,30.4239,-100.7084
7077,New York,2021-06-12,09:19,Medium,Fog,Dry,5,37.3256,-121.2796
7078,San Antonio,2023-07-27,18:03,High,Clear,Dry,3,26.6523,-121.9515
7079,Chicago,2023-12-23,13:53,Low,Fog,Dry,1,25.2411,-97.319
7080,Indianapolis,2023-07-31,03:06,Medium,Rain,Under Construction,4,25.748,-107.7378
7081,Houston,2021-09-04,12:34,Low,Clear,Dry,1,33.544,-104.1574
7082,Indianapolis,2021-10-10,20:28,Low,Snow,Dry,1,36.7026,-100.7921
7083,New York,2022-08-14,06:24,Medium,Snow,Icy,3,31.0456,-107.3578
7084,Philadelphia,2021-03-01,18:31,Low,Rain,Dry,5,29.5485,-105.2265
7085,Columbus,2023-05-01,17:56,Low,Rain,Dry,4,27.8989,-108.0985
7086,San Jose,2022-12-12,06:57,Medium,Clear,Wet,2,35.6466,-102.2393
7087,Dallas,2023-01-20,12:30,Medium,Cloudy,Dry,2,35.6986,-90.9783
7088,Austin,2023-01-13,12:33,Medium,Rain,Wet,5,40.1498,-100.7808
7089,Chicago,2022-12-16,07:59,High,Windy,Wet,3,37.0913,-93.2705
7090,Charlotte,2023-02-15,18:55,Medium,Clear,Dry,1,39.946,-95.7055
7091,Chicago,2021-10-12,17:51,Low,Fog,Dry,1,33.4114,-109.5562
7092,Philadelphia,2022-10-24,16:49,Low,Rain,Dry,4,44.7019,-84.2314
7093,San Diego,2023-07-06,09:58,Medium,Clear,Under Construction,1,35.0353,-85.8869
7094,Indianapolis,2021-03-15,12:23,High,Clear,Wet,5,28.8583,-101.024
7095,Philadelphia,2021-07-21,06:45,High,Rain,Dry,4,41.1693,-81.0692
7096,New York,2022-05-02,18:15,Low,Rain,Slippery,4,41.0085,-86.2883
7097,Indianapolis,2021-04-08,06:36,Medium,Clear,Dry,2,25.5194,-83.9302
7098,Houston,2023-08-09,07:07,High,Rain,Wet,1,39.2224,-77.7239
7099,Los Angeles,2021-09-20,17:15,Low,Snow,Wet,3,37.3981,-109.2907
7100,Los Angeles,2022-08-19,12:11,Low,Fog,Slippery,2,30.9289,-91.763
7101,Austin,2023-05-20,22:24,Medium,Snow,Dry,2,40.2251,-99.9972
7102,San Antonio,2022-03-08,14:40,Low,Rain,Under Construction,1,29.2603,-110.4296
7103,Austin,2023-08-26,05:49,Medium,Snow,Dry,2,26.6405,-118.5493
7104,Chicago,2022-05-18,17:15,Low,Rain,Dry,1,37.6037,-108.6401
7105,San Antonio,2022-07-27,17:57,Medium,Snow,Wet,3,28.6286,-81.8113
7106,Los Angeles,2022-12-01,15:28,Low,Fog,Slippery,4,41.3637,-110.3183
7107,Los Angeles,2021-09-30,20:48,High,Fog,Under Construction,5,25.3715,-109.6127
7108,Chicago,2022-05-07,10:25,High,Rain,Wet,3,40.5468,-110.2038
7109,Indianapolis,2022-11-18,15:53,Low,Clear,Wet,3,25.9001,-90.1063
7110,New York,2021-08-30,07:33,Low,Fog,Wet,4,31.8921,-90.7612
7111,San Diego,2021-05-08,09:54,Medium,Clear,Slippery,5,38.6292,-88.0698
7112,Dallas,2022-02-20,10:35,Low,Fog,Dry,4,26.4853,-116.1649
7113,New York,2023-10-07,19:30,Medium,Clear,Dry,1,47.5748,-93.9493
7114,San Jose,2023-06-20,13:30,Low,Windy,Dry,4,33.9579,-91.0498
7115,Los Angeles,2023-09-23,18:28,Medium,Rain,Dry,5,45.7535,-121.1564
7116,Los Angeles,2023-11-12,16:56,Low,Cloudy,Wet,2,41.5746,-92.0233
7117,Chicago,2023-02-01,09:45,Medium,Cloudy,Dry,4,36.5581,-71.962
7118,Austin,2022-04-05,21:51,Low,Clear,Dry,2,39.2895,-73.0455
7119,Indianapolis,2021-01-16,11:41,Low,Clear,Dry,1,45.5218,-89.4008
7120,New York,2021-02-11,19:21,High,Clear,Wet,5,32.8558,-119.5831
7121,Columbus,2023-08-20,07:17,Low,Clear,Slippery,3,43.4077,-77.9112
7122,San Jose,2023-01-10,15:59,Medium,Snow,Icy,1,33.4922,-96.1383
7123,Los Angeles,2021-11-19,08:31,Low,Rain,Dry,3,37.439,-117.0122
7124,Phoenix,2022-10-09,16:56,Low,Windy,Dry,5,31.8182,-86.574
7125,Dallas,2023-02-06,11:58,Medium,Clear,Dry,5,40.2177,-95.405
7126,Phoenix,2022-06-13,17:36,High,Rain,Dry,4,27.907,-82.2136
7127,New York,2022-12-31,07:35,High,Clear,Wet,2,44.7892,-116.9348
7128,Dallas,2022-01-30,23:55,Medium,Clear,Dry,1,40.0236,-81.6788
7129,Los Angeles,2023-11-25,16:18,Medium,Rain,Dry,4,37.4973,-75.9707
7130,San Diego,2022-04-30,09:31,Medium,Hail,Slippery,5,42.2167,-88.1865
7131,Los Angeles,2023-06-11,05:04,Medium,Cloudy,Dry,5,37.2793,-84.4309
7132,New York,2023-12-02,17:40,Medium,Clear,Slippery,5,36.6841,-108.0359
7133,Columbus,2021-10-14,07:15,High,Cloudy,Wet,3,32.0042,-105.7952
7134,Dallas,2021-05-21,06:36,High,Clear,Wet,4,43.7823,-86.616
7135,Chicago,2021-06-20,12:00,High,Rain,Dry,1,33.3583,-111.9951
7136,New York,2021-09-07,09:54,Medium,Cloudy,Slippery,2,26.704,-78.9229
7137,Phoenix,2021-11-06,06:43,Medium,Snow,Icy,3,43.9938,-116.5952
7138,New York,2023-01-07,12:06,Low,Rain,Dry,4,46.6185,-95.3501
7139,Charlotte,2022-12-22,05:56,High,Cloudy,Dry,4,31.6227,-70.1036
7140,Charlotte,2021-04-16,11:48,High,Clear,Dry,1,41.6329,-115.0158
7141,Indianapolis,2021-12-17,23:50,Medium,Fog,Slippery,5,37.518,-116.2724
7142,Austin,2023-05-16,21:27,Low,Snow,Dry,3,37.0701,-109.1879
7143,Chicago,2021-11-14,10:38,Low,Rain,Wet,2,29.7407,-96.0377
7144,San Jose,2022-02-11,08:23,Low,Hail,Wet,1,36.5487,-116.1871
7145,San Jose,2022-06-02,12:28,Medium,Cloudy,Wet,2,42.2588,-89.3293
7146,Houston,2022-01-08,10:51,Medium,Rain,Dry,5,35.1777,-78.2132
7147,Dallas,2021-05-30,08:20,Medium,Clear,Wet,2,27.3905,-86.3438
7148,Los Angeles,2021-01-26,12:39,Medium,Clear,Dry,2,43.1248,-114.9715
7149,Chicago,2022-12-28,10:31,Medium,Rain,Slippery,3,26.5487,-89.5341
7150,San Diego,2023-12-19,16:15,Medium,Clear,Slippery,2,39.1911,-79.5335
7151,Chicago,2023-06-03,23:04,Low,Clear,Under Construction,5,38.1911,-98.1631
7152,San Antonio,2021-06-04,15:59,Low,Clear,Wet,4,26.8065,-119.9904
7153,New York,2023-07-20,13:19,Medium,Clear,Slippery,4,30.7969,-120.4994
7154,Indianapolis,2022-05-21,22:08,Low,Clear,Under Construction,4,38.5008,-96.7436
7155,Los Angeles,2021-05-01,10:29,Medium,Clear,Icy,2,27.9763,-99.3535
7156,Indianapolis,2023-04-04,16:29,Low,Rain,Wet,5,31.3927,-88.5834
7157,Austin,2021-12-07,13:37,Medium,Clear,Dry,3,44.74,-119.3573
7158,San Jose,2023-05-02,21:53,Medium,Hail,Icy,1,39.3801,-79.8413
7159,Austin,2023-05-05,17:01,Medium,Rain,Dry,4,44.7131,-119.5081
7160,Philadelphia,2023-07-16,12:48,Low,Clear,Wet,5,37.6435,-73.8694
7161,Dallas,2023-04-21,09:01,Medium,Rain,Slippery,3,46.9714,-106.4105
7162,Los Angeles,2023-06-21,13:47,High,Windy,Wet,1,47.105,-75.6496
7163,Charlotte,2023-05-01,20:09,Low,Clear,Wet,2,47.9819,-96.7623
7164,Houston,2021-08-20,18:48,Medium,Snow,Slippery,4,37.3297,-71.2204
7165,Dallas,2022-06-27,08:34,Medium,Clear,Dry,5,42.9719,-107.814
7166,Dallas,2023-02-22,11:03,Medium,Snow,Slippery,3,29.9307,-99.7637
7167,San Antonio,2022-09-02,12:23,Medium,Rain,Wet,4,32.7827,-85.5085
7168,San Antonio,2021-03-15,13:40,Low,Rain,Dry,4,43.962,-95.401
7169,Indianapolis,2022-04-27,07:53,Low,Cloudy,Dry,1,37.6186,-114.5627
7170,Los Angeles,2021-09-03,15:03,Low,Rain,Dry,5,43.2273,-109.1115
7171,Los Angeles,2023-02-26,12:34,Medium,Snow,Dry,5,25.7437,-93.7096
7172,New York,2023-09-27,16:33,Medium,Snow,Dry,2,40.877,-116.5607
7173,Dallas,2021-07-22,16:51,Medium,Clear,Dry,3,40.3279,-83.4819
7174,Chicago,2022-05-26,20:22,Low,Rain,Slippery,2,45.8208,-113.3974
7175,Charlotte,2023-07-04,00:25,High,Rain,Dry,4,36.1716,-120.2748
7176,San Jose,2022-10-02,22:37,Low,Clear,Icy,1,39.636,-110.9626
7177,San Diego,2021-07-02,17:46,High,Fog,Dry,2,28.2536,-121.0081
7178,New York,2022-12-07,19:24,Low,Fog,Icy,1,41.8788,-88.7271
7179,New York,2023-04-30,17:12,Medium,Fog,Icy,5,45.0804,-79.642
7180,Dallas,2021-11-02,17:58,Low,Clear,Wet,5,26.2775,-112.7923
7181,Chicago,2022-01-06,17:05,Medium,Clear,Wet,5,25.3009,-73.321
7182,San Antonio,2021-05-24,07:59,Low,Clear,Wet,3,42.0958,-105.1235
7183,San Jose,2023-08-30,19:00,Medium,Clear,Dry,4,45.2659,-94.976
7184,Philadelphia,2021-07-31,12:21,High,Clear,Dry,3,44.1799,-107.0146
7185,Houston,2021-01-15,18:14,Low,Clear,Dry,3,30.999,-121.5667
7186,Dallas,2023-12-03,22:23,Low,Fog,Dry,5,35.0431,-73.7082
7187,Los Angeles,2022-01-16,08:43,Medium,Rain,Wet,3,34.5892,-87.801
7188,Los Angeles,2022-01-24,07:19,Medium,Clear,Wet,4,35.261,-88.0044
7189,San Diego,2021-01-11,21:06,Medium,Fog,Dry,4,45.9458,-91.5366
7190,Chicago,2023-01-19,08:36,Medium,Clear,Dry,1,37.6503,-108.9333
7191,Los Angeles,2023-08-31,12:44,Low,Rain,Dry,2,40.7839,-82.401
7192,Indianapolis,2021-09-13,14:12,High,Rain,Icy,3,39.5305,-109.5579
7193,Dallas,2021-07-31,05:18,Low,Rain,Dry,5,34.2483,-120.1384
7194,New York,2021-02-23,18:20,Medium,Rain,Dry,2,28.7014,-118.1499
7195,Phoenix,2023-11-04,00:26,High,Snow,Dry,5,47.5305,-121.4115
7196,San Diego,2021-05-18,12:44,Medium,Snow,Wet,3,27.8843,-78.1222
7197,Charlotte,2023-05-20,20:15,Medium,Rain,Wet,2,32.2841,-75.3821
7198,Houston,2023-06-11,11:10,Medium,Snow,Dry,5,43.1557,-108.708
7199,Houston,2021-08-23,18:54,Low,Fog,Dry,1,28.6297,-79.6982
7200,San Antonio,2023-09-28,05:54,Medium,Rain,Dry,4,27.0167,-83.381
7201,Los Angeles,2022-07-25,05:07,Medium,Clear,Wet,5,38.3084,-114.1292
7202,San Jose,2022-04-01,12:12,Low,Clear,Wet,2,38.9553,-90.7514
7203,New York,2023-11-12,00:53,Medium,Rain,Wet,1,46.592,-99.4326
7204,Houston,2022-05-16,14:59,Medium,Clear,Dry,2,35.2031,-101.828
7205,Columbus,2023-07-26,23:15,High,Cloudy,Dry,5,46.971,-117.5374
7206,San Antonio,2022-04-20,21:15,Medium,Clear,Dry,2,25.3199,-73.9438
7207,San Jose,2022-01-29,08:24,High,Clear,Dry,4,47.6077,-78.642
7208,Indianapolis,2021-08-18,11:05,Medium,Rain,Wet,2,45.1808,-119.273
7209,Chicago,2021-11-23,18:10,Medium,Clear,Dry,3,45.416,-98.6443
7210,Houston,2022-12-07,11:41,Medium,Cloudy,Dry,3,25.4098,-117.5738
7211,San Jose,2021-09-24,13:32,Low,Rain,Dry,4,33.4845,-106.2264
7212,Los Angeles,2023-07-15,16:54,Medium,Snow,Dry,5,28.4692,-88.0397
7213,Phoenix,2023-08-07,11:20,Medium,Clear,Dry,1,47.5004,-72.7794
7214,New York,2021-05-27,16:20,Medium,Windy,Dry,1,34.5752,-119.2511
7215,Austin,2021-08-13,13:13,High,Clear,Dry,2,31.6207,-93.3448
7216,Los Angeles,2021-07-30,12:56,Low,Fog,Wet,3,32.8953,-113.5634
7217,San Diego,2023-08-10,07:17,Medium,Fog,Icy,5,35.2971,-88.3202
7218,Los Angeles,2021-09-30,17:05,High,Clear,Slippery,2,29.5741,-96.8731
7219,Dallas,2022-01-04,11:36,Medium,Clear,Dry,3,25.1914,-100.2912
7220,Houston,2021-09-05,20:05,Low,Cloudy,Dry,1,26.876,-71.2815
7221,Chicago,2021-03-01,08:23,Low,Snow,Wet,1,34.568,-87.9731
7222,Indianapolis,2022-12-30,12:43,Medium,Rain,Dry,1,29.3194,-99.3123
7223,Dallas,2021-03-24,14:17,High,Rain,Slippery,4,47.4506,-84.5242
7224,San Jose,2022-04-25,13:08,High,Clear,Wet,1,25.3087,-86.6775
7225,Los Angeles,2023-10-20,17:28,High,Rain,Icy,2,40.4061,-86.2176
7226,Houston,2021-08-14,12:05,Low,Clear,Dry,1,32.5126,-104.816
7227,Chicago,2021-03-07,01:13,Medium,Clear,Slippery,2,25.2275,-87.6657
7228,Chicago,2022-12-21,21:42,Medium,Clear,Wet,5,38.3152,-74.8079
7229,Los Angeles,2021-04-27,17:59,Medium,Clear,Dry,3,32.9619,-108.231
7230,San Antonio,2022-02-18,17:16,Medium,Clear,Wet,1,46.2207,-86.7889
7231,Chicago,2022-02-12,19:09,Medium,Cloudy,Dry,1,30.015,-89.2931
7232,Columbus,2022-05-05,07:31,Medium,Clear,Dry,4,46.8,-108.2905
7233,Los Angeles,2023-10-14,20:55,Medium,Fog,Dry,1,44.3138,-98.8658
7234,Philadelphia,2021-01-28,19:53,Medium,Clear,Wet,3,29.74,-73.7778
7235,Dallas,2022-08-18,16:12,Low,Fog,Wet,2,35.4785,-81.3859
7236,New York,2021-05-31,14:43,Low,Windy,Slippery,2,34.009,-96.9981
7237,Chicago,2022-10-31,02:01,Low,Hail,Slippery,1,45.6619,-81.0879
7238,Indianapolis,2021-08-19,12:51,Medium,Rain,Icy,3,47.5508,-103.5982
7239,Houston,2023-07-13,16:15,High,Clear,Icy,1,30.6353,-87.5699
7240,Jacksonville,2021-09-15,19:50,Low,Snow,Dry,2,34.2335,-89.9178
7241,New York,2021-09-25,21:28,Medium,Clear,Dry,3,42.1356,-121.1547
7242,Columbus,2023-09-29,11:54,Low,Clear,Dry,3,47.628,-92.1122
7243,Jacksonville,2023-04-26,11:29,Medium,Cloudy,Wet,3,45.6432,-103.5426
7244,Jacksonville,2023-12-10,17:48,Low,Snow,Dry,2,45.5322,-114.4565
7245,Los Angeles,2022-08-21,10:46,Low,Clear,Dry,2,27.147,-109.3707
7246,New York,2022-04-17,18:56,Low,Fog,Dry,3,33.6338,-112.1259
7247,New York,2021-09-22,16:43,Low,Rain,Wet,1,28.9053,-81.971
7248,Jacksonville,2022-12-30,07:01,Low,Clear,Wet,1,36.7632,-99.5208
7249,Austin,2023-06-11,17:14,Medium,Clear,Wet,3,31.9385,-96.3409
7250,Indianapolis,2022-05-18,00:14,Medium,Clear,Dry,2,25.3294,-83.7427
7251,Charlotte,2023-10-01,12:14,Medium,Clear,Dry,2,38.966,-74.9936
7252,Philadelphia,2023-09-22,22:16,Low,Cloudy,Dry,2,45.0792,-109.9881
7253,San Antonio,2023-10-19,11:25,Low,Fog,Dry,3,25.6675,-109.8011
7254,Philadelphia,2023-12-18,15:44,Low,Rain,Dry,2,41.5739,-97.9784
7255,Columbus,2023-11-20,21:16,Medium,Rain,Dry,5,41.0534,-94.2811
7256,Los Angeles,2023-11-04,11:43,Low,Rain,Icy,2,26.5873,-82.5128
7257,New York,2021-04-11,19:41,Low,Rain,Icy,3,41.3093,-77.2217
7258,Houston,2023-01-24,11:54,Medium,Rain,Dry,2,46.4205,-95.0783
7259,Dallas,2021-01-31,08:23,Medium,Rain,Slippery,5,36.8856,-113.4377
7260,San Antonio,2022-04-20,17:23,Low,Fog,Dry,5,37.4351,-119.6494
7261,Chicago,2023-05-22,15:14,Low,Rain,Under Construction,2,28.2849,-86.3783
7262,Chicago,2023-06-06,18:27,Medium,Clear,Dry,4,27.9511,-79.8215
7263,Jacksonville,2022-04-15,11:22,High,Clear,Dry,5,31.8204,-73.7355
7264,Chicago,2022-01-16,13:56,Medium,Cloudy,Slippery,4,27.2684,-110.3671
7265,Dallas,2022-04-09,12:26,Low,Clear,Wet,1,34.7115,-85.8024
7266,New York,2022-09-22,00:47,Low,Clear,Wet,4,46.0869,-119.1605
7267,New York,2023-07-06,18:06,High,Rain,Slippery,2,42.8597,-114.4633
7268,Houston,2023-01-01,17:32,Medium,Rain,Wet,1,26.4251,-93.7964
7269,Philadelphia,2021-07-22,10:19,Medium,Clear,Slippery,3,31.0293,-85.6188
7270,Los Angeles,2022-01-05,09:45,Low,Clear,Under Construction,4,42.616,-117.7183
7271,Phoenix,2022-01-07,19:07,Low,Fog,Dry,2,40.8138,-92.9634
7272,New York,2023-06-01,12:54,Medium,Rain,Dry,3,34.8896,-98.3857
7273,Columbus,2023-01-30,15:43,Low,Clear,Dry,5,33.0409,-91.3331
7274,Austin,2023-06-30,21:57,Low,Rain,Slippery,2,31.4915,-95.0277
7275,New York,2021-08-21,14:28,Medium,Clear,Wet,4,31.0195,-98.87
7276,Dallas,2023-04-24,18:28,Low,Clear,Wet,2,34.5894,-104.4895
7277,Phoenix,2022-04-01,12:03,Low,Clear,Under Construction,2,46.7921,-93.9936
7278,Indianapolis,2021-03-01,13:40,High,Clear,Wet,2,42.0436,-107.5098
7279,Los Angeles,2022-05-19,21:09,Medium,Fog,Wet,2,40.581,-118.209
7280,Austin,2021-06-21,09:05,Medium,Clear,Slippery,3,41.9262,-86.3715
7281,Los Angeles,2021-08-29,09:19,High,Clear,Dry,4,46.7795,-90.5842
7282,New York,2021-09-17,22:22,Low,Rain,Dry,5,31.9781,-70.0109
7283,Los Angeles,2021-10-08,18:34,Medium,Clear,Dry,2,35.178,-100.196
7284,San Diego,2023-07-03,13:46,Low,Snow,Dry,2,30.3285,-70.1068
7285,San Diego,2021-08-07,13:53,Low,Snow,Dry,2,30.214,-118.3845
7286,San Antonio,2023-07-31,22:29,Medium,Fog,Icy,1,47.0446,-116.5274
7287,Los Angeles,2021-05-02,03:10,High,Clear,Wet,1,28.6635,-97.4613
7288,New York,2021-09-05,13:53,Medium,Clear,Dry,4,42.829,-88.564
7289,Chicago,2022-07-10,08:05,Low,Fog,Wet,5,44.0584,-115.6203
7290,Los Angeles,2023-12-07,19:46,High,Hail,Wet,1,33.467,-109.4807
7291,Chicago,2023-03-28,09:42,Medium,Rain,Dry,3,33.6403,-101.8683
7292,Phoenix,2023-04-30,21:10,Low,Windy,Icy,4,43.8625,-90.5545
7293,Indianapolis,2021-05-18,14:30,High,Clear,Wet,4,30.3685,-81.9461
7294,Los Angeles,2022-01-27,22:14,Low,Rain,Wet,4,42.1462,-99.2869
7295,Columbus,2022-08-09,10:30,Medium,Cloudy,Slippery,5,42.1478,-92.5283
7296,Phoenix,2021-02-10,09:37,Medium,Clear,Dry,2,30.1911,-97.3167
7297,Chicago,2021-08-25,12:32,Low,Rain,Dry,1,42.9503,-108.6163
7298,New York,2021-01-13,16:48,Medium,Rain,Dry,1,31.6928,-121.3592
7299,Chicago,2021-11-11,12:02,Low,Clear,Dry,4,31.4582,-79.5282
7300,New York,2023-10-29,20:21,Low,Clear,Under Construction,2,47.6451,-94.5931
7301,Los Angeles,2021-09-23,10:41,Low,Rain,Dry,4,30.2456,-111.3076
7302,San Jose,2021-05-01,23:24,Medium,Rain,Wet,1,31.496,-82.4574
7303,New York,2023-12-31,17:58,Low,Clear,Dry,5,39.5433,-79.6298
7304,Houston,2022-12-22,02:50,Low,Rain,Wet,5,35.753,-77.1931
7305,Charlotte,2023-06-08,16:30,Low,Snow,Wet,1,26.3084,-112.5499
7306,Los Angeles,2021-04-05,16:07,Medium,Rain,Dry,4,37.7598,-76.2213
7307,Houston,2023-11-14,19:17,Low,Rain,Wet,4,46.09,-108.6326
7308,Indianapolis,2023-03-12,16:40,Medium,Clear,Dry,2,45.6089,-94.9691
7309,New York,2021-11-14,21:48,High,Rain,Wet,2,30.5129,-110.9813
7310,Indianapolis,2022-10-11,10:31,Medium,Clear,Wet,3,25.6471,-118.6384
7311,San Antonio,2023-06-29,07:26,Low,Fog,Icy,4,34.3419,-72.986
7312,Phoenix,2023-08-11,15:50,Low,Snow,Wet,3,43.7955,-95.8626
7313,New York,2023-10-14,07:58,Medium,Clear,Wet,4,36.6869,-93.8765
7314,Phoenix,2023-02-09,11:19,Medium,Fog,Under Construction,4,35.7029,-79.6773
7315,Philadelphia,2021-02-07,12:04,High,Rain,Dry,1,30.0066,-118.0035
7316,Los Angeles,2022-09-04,17:16,Medium,Clear,Dry,2,26.6127,-71.8691
7317,Dallas,2021-01-13,00:23,Low,Rain,Dry,5,32.3787,-75.6221
7318,Chicago,2022-08-24,19:21,Low,Cloudy,Slippery,4,46.7692,-106.3159
7319,San Jose,2023-07-14,12:06,Medium,Clear,Icy,4,40.6234,-95.4023
7320,San Antonio,2021-08-29,22:24,Medium,Fog,Wet,3,28.4372,-86.9398
7321,Los Angeles,2023-04-14,18:37,Medium,Clear,Icy,2,32.5455,-73.4874
7322,Dallas,2021-02-13,09:51,Medium,Clear,Slippery,5,43.2866,-84.2061
7323,Phoenix,2023-11-10,06:47,Low,Fog,Dry,3,45.4643,-103.1729
7324,San Diego,2022-09-29,19:19,Low,Clear,Dry,2,37.8099,-82.5491
7325,Dallas,2022-11-15,07:48,High,Fog,Slippery,5,28.6905,-71.3494
7326,Philadelphia,2023-06-11,07:24,Low,Clear,Dry,4,30.1532,-90.9792
7327,Austin,2021-06-06,08:46,Low,Cloudy,Dry,3,31.6019,-77.5249
7328,Los Angeles,2022-06-16,14:09,Low,Windy,Dry,3,39.1328,-95.7757
7329,Chicago,2023-01-17,20:52,Medium,Rain,Dry,4,31.1541,-88.7322
7330,Chicago,2023-03-28,00:22,Low,Rain,Dry,3,43.2258,-91.481
7331,Indianapolis,2021-08-13,09:43,High,Snow,Dry,5,43.8246,-72.7513
7332,New York,2022-10-15,12:53,High,Cloudy,Dry,2,35.0137,-96.7324
7333,Phoenix,2023-10-29,16:13,Low,Cloudy,Dry,3,45.57,-112.4732
7334,Los Angeles,2023-09-17,22:29,Medium,Cloudy,Dry,3,31.3255,-96.2866
7335,New York,2021-02-04,11:36,High,Clear,Wet,1,44.552,-113.2664
7336,Phoenix,2022-10-21,21:29,Low,Rain,Under Construction,2,25.5112,-113.8607
7337,San Jose,2021-03-05,22:28,Low,Rain,Dry,3,39.7225,-111.5482
7338,Austin,2022-06-02,18:00,Low,Clear,Icy,4,37.4913,-103.2206
7339,Charlotte,2021-05-05,19:26,Medium,Fog,Dry,1,39.2689,-102.2135
7340,New York,2023-11-02,21:04,Medium,Rain,Under Construction,1,43.707,-106.9778
7341,New York,2022-10-23,09:57,High,Rain,Dry,2,45.1022,-120.8502
7342,Chicago,2023-03-13,21:04,Medium,Snow,Dry,1,35.0661,-90.6989
7343,Chicago,2023-11-11,18:36,High,Clear,Wet,1,25.2631,-70.3828
7344,Jacksonville,2022-01-11,07:52,Low,Cloudy,Icy,3,39.0597,-97.8272
7345,San Antonio,2022-08-01,19:41,High,Cloudy,Dry,5,43.0705,-110.5053
7346,Los Angeles,2021-02-05,17:41,Low,Hail,Icy,1,34.6474,-119.3388
7347,Columbus,2023-01-05,13:24,Low,Clear,Icy,5,30.6658,-118.3289
7348,Chicago,2021-07-15,07:54,Medium,Clear,Slippery,1,36.8543,-90.9151
7349,Houston,2023-07-09,19:07,Low,Clear,Dry,3,26.622,-90.3687
7350,New York,2023-04-23,06:31,Low,Snow,Wet,5,35.9229,-105.1928
7351,Austin,2021-09-07,10:02,Low,Hail,Dry,3,30.5672,-109.3208
7352,Dallas,2021-08-26,20:06,Low,Clear,Wet,5,25.5474,-115.0012
7353,San Jose,2022-10-10,19:47,Medium,Rain,Wet,4,26.3674,-113.8363
7354,San Antonio,2021-05-05,19:57,Low,Windy,Wet,1,28.414,-79.8134
7355,Chicago,2022-01-16,19:00,Medium,Hail,Dry,2,37.7809,-111.2576
7356,Austin,2023-08-18,14:52,High,Snow,Icy,2,28.3307,-102.4197
7357,New York,2021-03-08,08:09,Medium,Clear,Icy,1,40.4553,-102.6528
7358,Columbus,2022-10-16,05:03,Medium,Rain,Dry,2,39.0061,-112.6367
7359,Phoenix,2023-04-15,10:39,Medium,Rain,Dry,3,33.6908,-118.2427
7360,Columbus,2023-01-06,11:31,Low,Snow,Dry,1,38.4359,-103.4497
7361,San Jose,2023-09-21,11:36,Low,Rain,Wet,3,32.4233,-78.0848
7362,Dallas,2021-04-11,12:19,Medium,Fog,Dry,2,31.9167,-87.9204
7363,Houston,2023-10-25,14:51,Low,Snow,Dry,5,44.9748,-98.909
7364,Los Angeles,2021-04-28,19:28,Medium,Rain,Icy,1,34.5576,-93.379
7365,Los Angeles,2021-11-10,20:58,Low,Clear,Dry,3,29.2694,-70.8277
7366,Austin,2023-04-22,08:39,Low,Clear,Dry,3,45.7708,-120.5017
7367,Houston,2023-06-09,23:19,High,Rain,Dry,3,43.24,-89.5781
7368,Charlotte,2023-08-13,13:23,Medium,Rain,Slippery,2,32.3397,-84.6813
7369,New York,2021-02-13,13:18,Low,Clear,Dry,4,42.0966,-80.4993
7370,Chicago,2021-01-25,01:19,High,Clear,Dry,5,27.5107,-107.0157
7371,Phoenix,2021-03-11,09:06,Low,Rain,Dry,3,29.4207,-76.3768
7372,Houston,2021-05-25,17:19,Low,Clear,Wet,1,39.9305,-90.9372
7373,Indianapolis,2022-03-03,08:14,Low,Clear,Dry,1,45.8696,-103.5021
7374,New York,2023-08-28,07:48,Medium,Clear,Dry,4,36.2613,-71.6689
7375,Jacksonville,2021-12-25,21:32,Low,Clear,Dry,1,43.1239,-85.2021
7376,New York,2021-06-08,14:12,Medium,Clear,Dry,5,42.516,-107.7258
7377,Los Angeles,2023-03-26,08:59,Medium,Clear,Dry,3,26.6732,-78.385
7378,Indianapolis,2023-04-04,16:14,Low,Rain,Wet,5,45.5313,-113.5283
7379,Austin,2021-01-15,16:04,Medium,Clear,Dry,1,26.8428,-78.1442
7380,Houston,2023-12-14,08:31,High,Clear,Wet,4,36.4157,-104.8645
7381,New York,2023-06-16,19:27,Low,Rain,Wet,3,47.8517,-108.5729
7382,Chicago,2021-08-10,11:24,Low,Cloudy,Icy,4,45.5246,-104.5332
7383,New York,2023-12-18,07:34,Low,Rain,Slippery,5,47.1591,-81.257
7384,Chicago,2022-01-06,16:23,Low,Clear,Dry,2,32.4689,-101.6925
7385,Dallas,2021-03-13,19:06,High,Snow,Slippery,1,29.5455,-119.8415
7386,New York,2023-06-03,21:23,Low,Hail,Dry,4,30.7809,-107.4493
7387,Philadelphia,2022-03-09,05:11,Low,Snow,Dry,1,28.5211,-91.4858
7388,New York,2023-07-13,08:37,Medium,Clear,Dry,1,38.7783,-115.6956
7389,Jacksonville,2022-03-24,19:38,High,Clear,Icy,2,28.5905,-84.569
7390,Los Angeles,2023-06-07,06:35,Low,Rain,Dry,5,42.2775,-97.3547
7391,Los Angeles,2022-08-30,21:10,Medium,Rain,Under Construction,2,28.9404,-96.9061
7392,Charlotte,2023-10-03,02:18,Low,Clear,Dry,5,27.1494,-79.0121
7393,New York,2023-01-27,10:25,Medium,Hail,Dry,1,37.9086,-112.1437
7394,San Jose,2023-09-08,18:55,Low,Rain,Dry,5,30.8225,-77.2092
7395,San Antonio,2023-03-11,15:07,Medium,Rain,Slippery,3,40.7824,-79.6987
7396,Houston,2023-03-28,19:09,Medium,Clear,Wet,1,30.1634,-77.7685
7397,Phoenix,2023-03-15,07:08,Low,Clear,Dry,1,31.9007,-106.9353
7398,Indianapolis,2023-10-14,15:42,Medium,Rain,Wet,3,28.1206,-84.2724
7399,New York,2023-08-07,18:08,High,Rain,Dry,1,39.4542,-100.3556
7400,New York,2022-04-11,22:27,Low,Cloudy,Slippery,4,36.0102,-91.7452
7401,Dallas,2023-10-13,12:55,Low,Rain,Dry,1,34.3177,-93.496
7402,San Jose,2023-12-09,14:18,High,Clear,Dry,3,26.3395,-107.8265
7403,Jacksonville,2023-11-05,14:18,Low,Clear,Under Construction,3,32.272,-113.0488
7404,Columbus,2022-11-07,20:31,Medium,Hail,Slippery,2,46.8103,-104.1604
7405,New York,2021-12-19,10:17,Medium,Rain,Dry,2,27.0383,-114.1318
7406,Chicago,2021-08-12,15:33,High,Clear,Dry,5,40.5371,-100.3306
7407,New York,2023-10-04,21:04,Low,Hail,Wet,5,29.2225,-74.3123
7408,Chicago,2022-04-29,10:52,Low,Rain,Wet,5,39.6891,-121.3982
7409,New York,2021-02-03,11:22,Low,Clear,Slippery,2,32.5324,-72.8813
7410,New York,2023-04-06,06:11,Medium,Clear,Wet,5,35.7465,-113.9423
7411,Chicago,2021-08-21,11:50,Low,Clear,Icy,4,46.5969,-97.4453
7412,Columbus,2023-07-21,16:15,Low,Clear,Dry,1,44.902,-86.8581
7413,Chicago,2022-04-03,12:39,Low,Rain,Icy,3,47.5602,-81.4926
7414,Los Angeles,2021-01-21,07:45,Medium,Clear,Dry,5,39.4897,-86.5567
7415,Los Angeles,2023-06-07,08:35,Medium,Rain,Dry,4,31.6334,-71.5172
7416,Phoenix,2023-03-17,18:39,Low,Clear,Dry,2,43.2105,-99.7196
7417,Phoenix,2021-04-16,19:19,Low,Fog,Slippery,1,31.6768,-108.0248
7418,Los Angeles,2021-10-08,10:35,Low,Cloudy,Wet,2,30.6176,-80.436
7419,Houston,2023-09-04,06:59,Medium,Clear,Wet,3,38.5768,-80.6929
7420,Los Angeles,2021-02-15,14:55,Medium,Hail,Dry,4,28.5446,-120.7372
7421,Dallas,2021-10-12,13:29,Low,Clear,Dry,3,43.2614,-74.0031
7422,Philadelphia,2021-04-18,14:38,High,Clear,Dry,5,32.7531,-83.1147
7423,Los Angeles,2021-11-01,09:23,Low,Clear,Dry,1,40.9316,-71.6735
7424,Phoenix,2021-08-16,18:03,Medium,Snow,Wet,3,39.4995,-73.1349
7425,Charlotte,2022-10-15,07:46,Low,Clear,Under Construction,3,38.2605,-105.8194
7426,Philadelphia,2023-05-16,09:15,Medium,Fog,Under Construction,5,30.8048,-99.2339
7427,New York,2023-05-11,21:58,Medium,Clear,Dry,1,40.8802,-104.8566
7428,New York,2022-04-14,21:29,Low,Rain,Dry,5,42.6397,-90.2625
7429,New York,2023-04-13,18:58,Low,Cloudy,Slippery,4,30.7684,-112.4401
7430,New York,2023-02-20,18:36,Low,Clear,Dry,1,42.9942,-113.3499
7431,Philadelphia,2023-08-30,07:20,High,Clear,Dry,4,34.539,-118.9699
7432,Houston,2022-05-22,19:01,Low,Clear,Dry,4,38.3688,-85.3325
7433,Phoenix,2021-05-02,16:58,High,Rain,Icy,3,30.9404,-82.6707
7434,Indianapolis,2021-11-08,10:21,Low,Clear,Slippery,4,38.0594,-105.9675
7435,Indianapolis,2021-05-04,00:11,Medium,Clear,Dry,3,29.6313,-85.1813
7436,Dallas,2023-10-17,20:23,Medium,Rain,Dry,4,31.076,-79.1263
7437,New York,2022-04-20,10:42,High,Rain,Dry,2,39.6463,-97.5277
7438,Houston,2022-05-09,13:11,Medium,Clear,Dry,3,30.2464,-90.9504
7439,Los Angeles,2023-02-23,17:06,Low,Rain,Wet,2,27.9336,-101.649
7440,San Antonio,2021-06-30,11:13,Low,Clear,Dry,2,42.7711,-114.2641
7441,Phoenix,2021-08-29,07:20,Medium,Snow,Icy,2,32.076,-89.0368
7442,Phoenix,2023-02-12,20:38,Medium,Clear,Dry,3,28.9542,-81.7539
7443,Dallas,2021-01-05,16:38,Medium,Rain,Dry,1,41.2243,-93.5189
7444,Los Angeles,2022-06-13,15:48,Medium,Clear,Dry,4,35.4222,-73.1298
7445,Chicago,2023-11-13,07:29,Low,Clear,Icy,3,47.5534,-91.2628
7446,New York,2021-08-19,01:11,Low,Clear,Dry,2,37.8609,-105.4027
7447,Los Angeles,2022-10-22,18:19,Low,Clear,Dry,3,25.2171,-121.7783
7448,Los Angeles,2022-08-15,00:19,Medium,Snow,Dry,5,33.6113,-97.712
7449,Columbus,2022-04-05,12:03,Medium,Snow,Dry,1,33.5357,-80.0191
7450,New York,2021-06-12,20:02,Medium,Clear,Dry,2,35.4004,-92.6078
7451,Austin,2023-11-06,07:14,Medium,Clear,Under Construction,5,45.2142,-100.4117
7452,Chicago,2021-05-15,17:49,Medium,Clear,Dry,2,39.9436,-109.1991
7453,Los Angeles,2022-12-06,19:58,Low,Clear,Dry,2,31.9216,-79.9428
7454,Charlotte,2023-10-13,10:25,Medium,Cloudy,Under Construction,2,46.9165,-117.5487
7455,Los Angeles,2022-12-19,11:04,Low,Fog,Wet,5,35.3909,-77.9656
7456,Indianapolis,2023-07-26,20:34,High,Rain,Wet,3,27.3028,-95.3751
7457,San Antonio,2023-05-07,23:30,Medium,Rain,Slippery,4,38.7102,-92.305
7458,New York,2022-11-06,19:11,Low,Cloudy,Dry,1,31.9535,-71.9929
7459,Los Angeles,2021-07-17,06:52,Medium,Rain,Dry,5,44.4998,-80.6004
7460,Phoenix,2022-04-11,09:13,Low,Hail,Under Construction,5,28.1202,-80.7914
7461,Los Angeles,2021-10-03,18:38,Medium,Clear,Slippery,1,35.691,-112.305
7462,Charlotte,2022-11-12,19:57,Low,Clear,Wet,1,34.4708,-78.368
7463,Dallas,2022-07-02,02:39,Medium,Rain,Dry,1,37.1507,-93.0982
7464,Los Angeles,2023-06-14,16:17,High,Rain,Dry,5,28.383,-90.3571
7465,New York,2021-08-18,07:24,High,Cloudy,Dry,3,42.2664,-118.4032
7466,Chicago,2023-05-04,18:46,Medium,Clear,Under Construction,5,39.0876,-72.9629
7467,New York,2022-11-08,12:52,Medium,Clear,Dry,2,44.1672,-90.7429
7468,San Antonio,2021-07-12,09:14,High,Rain,Dry,2,29.78,-85.3864
7469,Dallas,2023-04-03,09:57,High,Clear,Icy,2,41.7981,-78.4729
7470,Dallas,2021-08-02,20:48,Medium,Clear,Slippery,2,35.2081,-75.4778
7471,Los Angeles,2023-06-25,20:59,Medium,Fog,Wet,1,30.3764,-107.0853
7472,Los Angeles,2021-03-24,01:44,High,Snow,Wet,1,34.9244,-108.0035
7473,Houston,2023-02-21,17:29,High,Rain,Dry,4,46.0465,-105.7029
7474,Indianapolis,2022-03-26,07:07,Low,Clear,Wet,4,31.7318,-116.3586
7475,Dallas,2022-02-06,00:04,Low,Clear,Slippery,2,30.8414,-121.3516
7476,Indianapolis,2021-04-07,15:08,Medium,Fog,Dry,3,47.1636,-102.7858
7477,Austin,2023-05-20,08:37,High,Clear,Dry,3,37.6359,-73.5373
7478,New York,2022-08-11,18:17,Low,Clear,Slippery,3,34.3847,-102.8221
7479,San Diego,2022-11-10,13:31,Low,Clear,Dry,2,37.092,-111.4617
7480,New York,2022-07-23,15:42,Medium,Snow,Dry,1,35.9321,-78.2555
7481,Phoenix,2021-12-18,19:43,High,Clear,Wet,5,40.7388,-108.0641
7482,Columbus,2021-04-18,00:00,Low,Rain,Slippery,4,35.9038,-119.3794
7483,Charlotte,2023-06-05,19:57,Low,Clear,Under Construction,2,44.207,-116.02
7484,Dallas,2023-04-05,15:53,Medium,Clear,Wet,5,36.1926,-79.8893
7485,Jacksonville,2022-04-25,19:32,Low,Clear,Slippery,3,35.8951,-115.3147
7486,New York,2022-02-13,18:20,High,Clear,Dry,4,38.6525,-93.5592
7487,New York,2022-10-04,13:33,Low,Clear,Dry,3,35.5674,-118.6984
7488,Los Angeles,2022-06-19,23:31,Medium,Rain,Dry,1,41.1917,-114.3725
7489,Los Angeles,2021-01-09,19:14,High,Rain,Wet,1,35.1619,-94.8337
7490,Phoenix,2023-02-27,18:30,High,Clear,Dry,2,33.5806,-118.9825
7491,Austin,2021-08-02,19:46,Medium,Clear,Slippery,2,30.5772,-114.9839
7492,Chicago,2021-03-17,06:57,Low,Rain,Wet,5,36.974,-72.335
7493,San Antonio,2021-12-09,05:57,High,Clear,Dry,2,32.15,-112.2043
7494,Dallas,2021-03-19,18:05,Low,Clear,Wet,4,28.3044,-95.4273
7495,Dallas,2023-09-10,08:08,Medium,Rain,Wet,3,37.8246,-97.0364
7496,Phoenix,2023-06-25,06:25,Low,Rain,Wet,5,28.5399,-109.3754
7497,Los Angeles,2023-06-26,03:33,Low,Clear,Slippery,2,47.4284,-99.2769
7498,Phoenix,2022-08-15,16:47,Low,Clear,Wet,1,47.0644,-82.8525
7499,San Diego,2023-07-04,17:53,High,Snow,Under Construction,3,45.7675,-114.6032
7500,Charlotte,2023-11-14,12:16,Medium,Clear,Wet,1,33.3937,-97.284
